#include <cuda.h>
#include <stdint.h>

static CUmodule g_module = NULL;
static CUfunction g_function = NULL;
static const char *kFuncSymbol = "kernel_kernel";

static const unsigned char kCubinData[] = {
    0x7f, 0x45, 0x4c, 0x46, 0x02, 0x01, 0x01, 0x41, 0x08, 0x00, 0x00, 0x00, 0x00, 0x00, 0x00, 0x00,
    0x02, 0x00, 0xbe, 0x00, 0x01, 0x00, 0x00, 0x00, 0x00, 0x00, 0x00, 0x00, 0x00, 0x00, 0x00, 0x00,
    0xc8, 0x97, 0x00, 0x00, 0x00, 0x00, 0x00, 0x00, 0x48, 0x90, 0x00, 0x00, 0x00, 0x00, 0x00, 0x00,
    0x02, 0x78, 0x00, 0x06, 0x40, 0x00, 0x38, 0x00, 0x06, 0x00, 0x40, 0x00, 0x1e, 0x00, 0x01, 0x00,
    0x00, 0x2e, 0x73, 0x68, 0x73, 0x74, 0x72, 0x74, 0x61, 0x62, 0x00, 0x2e, 0x73, 0x74, 0x72, 0x74,
    0x61, 0x62, 0x00, 0x2e, 0x73, 0x79, 0x6d, 0x74, 0x61, 0x62, 0x00, 0x2e, 0x73, 0x79, 0x6d, 0x74,
    0x61, 0x62, 0x5f, 0x73, 0x68, 0x6e, 0x64, 0x78, 0x00, 0x2e, 0x6e, 0x6f, 0x74, 0x65, 0x2e, 0x6e,
    0x76, 0x2e, 0x74, 0x6b, 0x69, 0x6e, 0x66, 0x6f, 0x00, 0x2e, 0x6e, 0x6f, 0x74, 0x65, 0x2e, 0x6e,
    0x76, 0x2e, 0x63, 0x75, 0x76, 0x65, 0x72, 0x00, 0x2e, 0x6e, 0x76, 0x2e, 0x69, 0x6e, 0x66, 0x6f,
    0x00, 0x2e, 0x74, 0x65, 0x78, 0x74, 0x2e, 0x6b, 0x65, 0x72, 0x6e, 0x65, 0x6c, 0x5f, 0x6b, 0x65,
    0x72, 0x6e, 0x65, 0x6c, 0x00, 0x2e, 0x6e, 0x76, 0x2e, 0x69, 0x6e, 0x66, 0x6f, 0x2e, 0x6b, 0x65,
    0x72, 0x6e, 0x65, 0x6c, 0x5f, 0x6b, 0x65, 0x72, 0x6e, 0x65, 0x6c, 0x00, 0x2e, 0x6e, 0x76, 0x2e,
    0x73, 0x68, 0x61, 0x72, 0x65, 0x64, 0x2e, 0x6b, 0x65, 0x72, 0x6e, 0x65, 0x6c, 0x5f, 0x6b, 0x65,
    0x72, 0x6e, 0x65, 0x6c, 0x00, 0x2e, 0x6e, 0x76, 0x2e, 0x73, 0x68, 0x61, 0x72, 0x65, 0x64, 0x2e,
    0x72, 0x65, 0x73, 0x65, 0x72, 0x76, 0x65, 0x64, 0x2e, 0x30, 0x00, 0x2e, 0x6e, 0x76, 0x2e, 0x67,
    0x6c, 0x6f, 0x62, 0x61, 0x6c, 0x00, 0x2e, 0x6e, 0x76, 0x2e, 0x63, 0x6f, 0x6e, 0x73, 0x74, 0x61,
    0x6e, 0x74, 0x34, 0x00, 0x00, 0x00, 0x00, 0x2e, 0x6e, 0x76, 0x2e, 0x63, 0x6f, 0x6d, 0x70, 0x61,
    0x74, 0x00, 0x2e, 0x72, 0x65, 0x6c, 0x2e, 0x74, 0x65, 0x78, 0x74, 0x2e, 0x6b, 0x65, 0x72, 0x6e,
    0x65, 0x6c, 0x5f, 0x6b, 0x65, 0x72, 0x6e, 0x65, 0x6c, 0x00, 0x2e, 0x72, 0x65, 0x6c, 0x61, 0x2e,
    0x74, 0x65, 0x78, 0x74, 0x2e, 0x6b, 0x65, 0x72, 0x6e, 0x65, 0x6c, 0x5f, 0x6b, 0x65, 0x72, 0x6e,
    0x65, 0x6c, 0x00, 0x2e, 0x64, 0x65, 0x62, 0x75, 0x67, 0x5f, 0x66, 0x72, 0x61, 0x6d, 0x65, 0x00,
    0x2e, 0x72, 0x65, 0x6c, 0x2e, 0x6e, 0x76, 0x2e, 0x63, 0x6f, 0x6e, 0x73, 0x74, 0x61, 0x6e, 0x74,
    0x2e, 0x70, 0x69, 0x63, 0x00, 0x2e, 0x72, 0x65, 0x6c, 0x61, 0x2e, 0x6e, 0x76, 0x2e, 0x63, 0x6f,
    0x6e, 0x73, 0x74, 0x61, 0x6e, 0x74, 0x34, 0x00, 0x00, 0x00, 0x00, 0x2e, 0x72, 0x65, 0x6c, 0x2e,
    0x64, 0x65, 0x62, 0x75, 0x67, 0x5f, 0x66, 0x72, 0x61, 0x6d, 0x65, 0x00, 0x2e, 0x72, 0x65, 0x6c,
    0x61, 0x2e, 0x64, 0x65, 0x62, 0x75, 0x67, 0x5f, 0x66, 0x72, 0x61, 0x6d, 0x65, 0x00, 0x2e, 0x6e,
    0x76, 0x2e, 0x63, 0x61, 0x6c, 0x6c, 0x67, 0x72, 0x61, 0x70, 0x68, 0x00, 0x2e, 0x6e, 0x76, 0x2e,
    0x70, 0x72, 0x6f, 0x74, 0x6f, 0x74, 0x79, 0x70, 0x65, 0x00, 0x2e, 0x6e, 0x76, 0x2e, 0x63, 0x6f,
    0x6e, 0x73, 0x74, 0x61, 0x6e, 0x74, 0x30, 0x2e, 0x6b, 0x65, 0x72, 0x6e, 0x65, 0x6c, 0x5f, 0x6b,
    0x65, 0x72, 0x6e, 0x65, 0x6c, 0x00, 0x2e, 0x6e, 0x76, 0x2e, 0x63, 0x61, 0x70, 0x6d, 0x65, 0x72,
    0x63, 0x2e, 0x74, 0x65, 0x78, 0x74, 0x2e, 0x6b, 0x65, 0x72, 0x6e, 0x65, 0x6c, 0x5f, 0x6b, 0x65,
    0x72, 0x6e, 0x65, 0x6c, 0x00, 0x2e, 0x6e, 0x76, 0x2e, 0x6d, 0x65, 0x72, 0x63, 0x2e, 0x64, 0x65,
    0x62, 0x75, 0x67, 0x5f, 0x66, 0x72, 0x61, 0x6d, 0x65, 0x00, 0x2e, 0x6e, 0x76, 0x2e, 0x6d, 0x65,
    0x72, 0x63, 0x2e, 0x6e, 0x76, 0x2e, 0x69, 0x6e, 0x66, 0x6f, 0x00, 0x2e, 0x6e, 0x76, 0x2e, 0x6d,
    0x65, 0x72, 0x63, 0x2e, 0x6e, 0x76, 0x2e, 0x69, 0x6e, 0x66, 0x6f, 0x2e, 0x6b, 0x65, 0x72, 0x6e,
    0x65, 0x6c, 0x5f, 0x6b, 0x65, 0x72, 0x6e, 0x65, 0x6c, 0x00, 0x2e, 0x6e, 0x76, 0x2e, 0x6d, 0x65,
    0x72, 0x63, 0x2e, 0x72, 0x65, 0x6c, 0x61, 0x2e, 0x74, 0x65, 0x78, 0x74, 0x2e, 0x6b, 0x65, 0x72,
    0x6e, 0x65, 0x6c, 0x5f, 0x6b, 0x65, 0x72, 0x6e, 0x65, 0x6c, 0x00, 0x2e, 0x6e, 0x76, 0x2e, 0x6d,
    0x65, 0x72, 0x63, 0x2e, 0x72, 0x65, 0x6c, 0x61, 0x2e, 0x6e, 0x76, 0x2e, 0x63, 0x6f, 0x6e, 0x73,
    0x74, 0x61, 0x6e, 0x74, 0x2e, 0x70, 0x69, 0x63, 0x00, 0x2e, 0x6e, 0x76, 0x2e, 0x6d, 0x65, 0x72,
    0x63, 0x2e, 0x72, 0x65, 0x6c, 0x61, 0x2e, 0x64, 0x65, 0x62, 0x75, 0x67, 0x5f, 0x66, 0x72, 0x61,
    0x6d, 0x65, 0x00, 0x2e, 0x6e, 0x76, 0x2e, 0x6d, 0x65, 0x72, 0x63, 0x2e, 0x6e, 0x76, 0x2e, 0x63,
    0x6f, 0x6e, 0x73, 0x74, 0x61, 0x6e, 0x74, 0x2e, 0x70, 0x69, 0x63, 0x00, 0x2e, 0x6e, 0x76, 0x2e,
    0x6d, 0x65, 0x72, 0x63, 0x2e, 0x6e, 0x76, 0x2e, 0x73, 0x68, 0x61, 0x72, 0x65, 0x64, 0x2e, 0x72,
    0x65, 0x73, 0x65, 0x72, 0x76, 0x65, 0x64, 0x2e, 0x30, 0x00, 0x2e, 0x6e, 0x76, 0x2e, 0x6d, 0x65,
    0x72, 0x63, 0x2e, 0x73, 0x79, 0x6d, 0x74, 0x61, 0x62, 0x00, 0x00, 0x00, 0x00, 0x00, 0x00, 0x00,
    0x00, 0x00, 0x00, 0x00, 0x00, 0x00, 0x00, 0x00, 0x00, 0x00, 0x00, 0x00, 0x00, 0x00, 0x00, 0x00,
    0x00, 0x00, 0x00, 0x00, 0x00, 0x00, 0x00, 0x00, 0x00, 0x00, 0x00, 0x00, 0x00, 0x00, 0x00, 0x2e,
    0x73, 0x68, 0x73, 0x74, 0x72, 0x74, 0x61, 0x62, 0x00, 0x2e, 0x73, 0x74, 0x72, 0x74, 0x61, 0x62,
    0x00, 0x2e, 0x73, 0x79, 0x6d, 0x74, 0x61, 0x62, 0x00, 0x2e, 0x73, 0x79, 0x6d, 0x74, 0x61, 0x62,
    0x5f, 0x73, 0x68, 0x6e, 0x64, 0x78, 0x00, 0x2e, 0x6e, 0x6f, 0x74, 0x65, 0x2e, 0x6e, 0x76, 0x2e,
    0x74, 0x6b, 0x69, 0x6e, 0x66, 0x6f, 0x00, 0x2e, 0x6e, 0x6f, 0x74, 0x65, 0x2e, 0x6e, 0x76, 0x2e,
    0x63, 0x75, 0x76, 0x65, 0x72, 0x00, 0x2e, 0x6e, 0x76, 0x2e, 0x69, 0x6e, 0x66, 0x6f, 0x00, 0x2e,
    0x74, 0x65, 0x78, 0x74, 0x2e, 0x6b, 0x65, 0x72, 0x6e, 0x65, 0x6c, 0x5f, 0x6b, 0x65, 0x72, 0x6e,
    0x65, 0x6c, 0x00, 0x2e, 0x6e, 0x76, 0x2e, 0x69, 0x6e, 0x66, 0x6f, 0x2e, 0x6b, 0x65, 0x72, 0x6e,
    0x65, 0x6c, 0x5f, 0x6b, 0x65, 0x72, 0x6e, 0x65, 0x6c, 0x00, 0x2e, 0x6e, 0x76, 0x2e, 0x73, 0x68,
    0x61, 0x72, 0x65, 0x64, 0x2e, 0x6b, 0x65, 0x72, 0x6e, 0x65, 0x6c, 0x5f, 0x6b, 0x65, 0x72, 0x6e,
    0x65, 0x6c, 0x00, 0x2e, 0x6e, 0x76, 0x2e, 0x72, 0x65, 0x73, 0x65, 0x72, 0x76, 0x65, 0x64, 0x53,
    0x6d, 0x65, 0x6d, 0x2e, 0x6f, 0x66, 0x66, 0x73, 0x65, 0x74, 0x30, 0x00, 0x2e, 0x6e, 0x76, 0x2e,
    0x73, 0x68, 0x61, 0x72, 0x65, 0x64, 0x2e, 0x72, 0x65, 0x73, 0x65, 0x72, 0x76, 0x65, 0x64, 0x2e,
    0x30, 0x00, 0x5f, 0x5f, 0x6e, 0x76, 0x5f, 0x72, 0x65, 0x73, 0x65, 0x72, 0x76, 0x65, 0x64, 0x53,
    0x4d, 0x45, 0x4d, 0x5f, 0x6f, 0x66, 0x66, 0x73, 0x65, 0x74, 0x5f, 0x30, 0x5f, 0x61, 0x6c, 0x69,
    0x61, 0x73, 0x00, 0x2e, 0x6e, 0x76, 0x2e, 0x67, 0x6c, 0x6f, 0x62, 0x61, 0x6c, 0x00, 0x5f, 0x5a,
    0x4e, 0x39, 0x31, 0x5f, 0x49, 0x4e, 0x54, 0x45, 0x52, 0x4e, 0x41, 0x4c, 0x5f, 0x37, 0x35, 0x31,
    0x35, 0x33, 0x62, 0x36, 0x38, 0x5f, 0x36, 0x30, 0x5f, 0x74, 0x69, 0x6c, 0x65, 0x6c, 0x61, 0x6e,
    0x67, 0x5f, 0x67, 0x61, 0x74, 0x65, 0x64, 0x5f, 0x64, 0x65, 0x6c, 0x74, 0x61, 0x5f, 0x72, 0x75,
    0x6c, 0x65, 0x5f, 0x63, 0x68, 0x75, 0x6e, 0x6b, 0x5f, 0x73, 0x74, 0x61, 0x74, 0x65, 0x5f, 0x73,
    0x6d, 0x31, 0x32, 0x30, 0x5f, 0x64, 0x65, 0x76, 0x69, 0x63, 0x65, 0x5f, 0x6b, 0x65, 0x72, 0x6e,
    0x65, 0x6c, 0x5f, 0x63, 0x75, 0x5f, 0x31, 0x62, 0x36, 0x33, 0x65, 0x30, 0x38, 0x35, 0x34, 0x63,
    0x75, 0x64, 0x61, 0x33, 0x73, 0x74, 0x64, 0x33, 0x5f, 0x5f, 0x34, 0x35, 0x5f, 0x5f, 0x63, 0x70,
    0x6f, 0x35, 0x62, 0x65, 0x67, 0x69, 0x6e, 0x45, 0x00, 0x2e, 0x6e, 0x76, 0x2e, 0x63, 0x6f, 0x6e,
    0x73, 0x74, 0x61, 0x6e, 0x74, 0x2e, 0x70, 0x69, 0x63, 0x00, 0x5f, 0x5a, 0x4e, 0x39, 0x31, 0x5f,
    0x49, 0x4e, 0x54, 0x45, 0x52, 0x4e, 0x41, 0x4c, 0x5f, 0x37, 0x35, 0x31, 0x35, 0x33, 0x62, 0x36,
    0x38, 0x5f, 0x36, 0x30, 0x5f, 0x74, 0x69, 0x6c, 0x65, 0x6c, 0x61, 0x6e, 0x67, 0x5f, 0x67, 0x61,
    0x74, 0x65, 0x64, 0x5f, 0x64, 0x65, 0x6c, 0x74, 0x61, 0x5f, 0x72, 0x75, 0x6c, 0x65, 0x5f, 0x63,
    0x68, 0x75, 0x6e, 0x6b, 0x5f, 0x73, 0x74, 0x61, 0x74, 0x65, 0x5f, 0x73, 0x6d, 0x31, 0x32, 0x30,
    0x5f, 0x64, 0x65, 0x76, 0x69, 0x63, 0x65, 0x5f, 0x6b, 0x65, 0x72, 0x6e, 0x65, 0x6c, 0x5f, 0x63,
    0x75, 0x5f, 0x31, 0x62, 0x36, 0x33, 0x65, 0x30, 0x38, 0x35, 0x34, 0x63, 0x75, 0x64, 0x61, 0x33,
    0x73, 0x74, 0x64, 0x33, 0x5f, 0x5f, 0x34, 0x35, 0x5f, 0x5f, 0x63, 0x70, 0x6f, 0x33, 0x65, 0x6e,
    0x64, 0x45, 0x00, 0x5f, 0x5a, 0x4e, 0x39, 0x31, 0x5f, 0x49, 0x4e, 0x54, 0x45, 0x52, 0x4e, 0x41,
    0x4c, 0x5f, 0x37, 0x35, 0x31, 0x35, 0x33, 0x62, 0x36, 0x38, 0x5f, 0x36, 0x30, 0x5f, 0x74, 0x69,
    0x6c, 0x65, 0x6c, 0x61, 0x6e, 0x67, 0x5f, 0x67, 0x61, 0x74, 0x65, 0x64, 0x5f, 0x64, 0x65, 0x6c,
    0x74, 0x61, 0x5f, 0x72, 0x75, 0x6c, 0x65, 0x5f, 0x63, 0x68, 0x75, 0x6e, 0x6b, 0x5f, 0x73, 0x74,
    0x61, 0x74, 0x65, 0x5f, 0x73, 0x6d, 0x31, 0x32, 0x30, 0x5f, 0x64, 0x65, 0x76, 0x69, 0x63, 0x65,
    0x5f, 0x6b, 0x65, 0x72, 0x6e, 0x65, 0x6c, 0x5f, 0x63, 0x75, 0x5f, 0x31, 0x62, 0x36, 0x33, 0x65,
    0x30, 0x38, 0x35, 0x34, 0x63, 0x75, 0x64, 0x61, 0x33, 0x73, 0x74, 0x64, 0x33, 0x5f, 0x5f, 0x34,
    0x35, 0x5f, 0x5f, 0x63, 0x70, 0x6f, 0x36, 0x63, 0x62, 0x65, 0x67, 0x69, 0x6e, 0x45, 0x00, 0x5f,
    0x5a, 0x4e, 0x39, 0x31, 0x5f, 0x49, 0x4e, 0x54, 0x45, 0x52, 0x4e, 0x41, 0x4c, 0x5f, 0x37, 0x35,
    0x31, 0x35, 0x33, 0x62, 0x36, 0x38, 0x5f, 0x36, 0x30, 0x5f, 0x74, 0x69, 0x6c, 0x65, 0x6c, 0x61,
    0x6e, 0x67, 0x5f, 0x67, 0x61, 0x74, 0x65, 0x64, 0x5f, 0x64, 0x65, 0x6c, 0x74, 0x61, 0x5f, 0x72,
    0x75, 0x6c, 0x65, 0x5f, 0x63, 0x68, 0x75, 0x6e, 0x6b, 0x5f, 0x73, 0x74, 0x61, 0x74, 0x65, 0x5f,
    0x73, 0x6d, 0x31, 0x32, 0x30, 0x5f, 0x64, 0x65, 0x76, 0x69, 0x63, 0x65, 0x5f, 0x6b, 0x65, 0x72,
    0x6e, 0x65, 0x6c, 0x5f, 0x63, 0x75, 0x5f, 0x31, 0x62, 0x36, 0x33, 0x65, 0x30, 0x38, 0x35, 0x34,
    0x63, 0x75, 0x64, 0x61, 0x33, 0x73, 0x74, 0x64, 0x33, 0x5f, 0x5f, 0x34, 0x35, 0x5f, 0x5f, 0x63,
    0x70, 0x6f, 0x34, 0x63, 0x65, 0x6e, 0x64, 0x45, 0x00, 0x5f, 0x5a, 0x4e, 0x39, 0x31, 0x5f, 0x49,
    0x4e, 0x54, 0x45, 0x52, 0x4e, 0x41, 0x4c, 0x5f, 0x37, 0x35, 0x31, 0x35, 0x33, 0x62, 0x36, 0x38,
    0x5f, 0x36, 0x30, 0x5f, 0x74, 0x69, 0x6c, 0x65, 0x6c, 0x61, 0x6e, 0x67, 0x5f, 0x67, 0x61, 0x74,
    0x65, 0x64, 0x5f, 0x64, 0x65, 0x6c, 0x74, 0x61, 0x5f, 0x72, 0x75, 0x6c, 0x65, 0x5f, 0x63, 0x68,
    0x75, 0x6e, 0x6b, 0x5f, 0x73, 0x74, 0x61, 0x74, 0x65, 0x5f, 0x73, 0x6d, 0x31, 0x32, 0x30, 0x5f,
    0x64, 0x65, 0x76, 0x69, 0x63, 0x65, 0x5f, 0x6b, 0x65, 0x72, 0x6e, 0x65, 0x6c, 0x5f, 0x63, 0x75,
    0x5f, 0x31, 0x62, 0x36, 0x33, 0x65, 0x30, 0x38, 0x35, 0x34, 0x63, 0x75, 0x64, 0x61, 0x33, 0x73,
    0x74, 0x64, 0x33, 0x5f, 0x5f, 0x34, 0x31, 0x39, 0x70, 0x69, 0x65, 0x63, 0x65, 0x77, 0x69, 0x73,
    0x65, 0x5f, 0x63, 0x6f, 0x6e, 0x73, 0x74, 0x72, 0x75, 0x63, 0x74, 0x45, 0x00, 0x5f, 0x5a, 0x4e,
    0x39, 0x31, 0x5f, 0x49, 0x4e, 0x54, 0x45, 0x52, 0x4e, 0x41, 0x4c, 0x5f, 0x37, 0x35, 0x31, 0x35,
    0x33, 0x62, 0x36, 0x38, 0x5f, 0x36, 0x30, 0x5f, 0x74, 0x69, 0x6c, 0x65, 0x6c, 0x61, 0x6e, 0x67,
    0x5f, 0x67, 0x61, 0x74, 0x65, 0x64, 0x5f, 0x64, 0x65, 0x6c, 0x74, 0x61, 0x5f, 0x72, 0x75, 0x6c,
    0x65, 0x5f, 0x63, 0x68, 0x75, 0x6e, 0x6b, 0x5f, 0x73, 0x74, 0x61, 0x74, 0x65, 0x5f, 0x73, 0x6d,
    0x31, 0x32, 0x30, 0x5f, 0x64, 0x65, 0x76, 0x69, 0x63, 0x65, 0x5f, 0x6b, 0x65, 0x72, 0x6e, 0x65,
    0x6c, 0x5f, 0x63, 0x75, 0x5f, 0x31, 0x62, 0x36, 0x33, 0x65, 0x30, 0x38, 0x35, 0x34, 0x63, 0x75,
    0x64, 0x61, 0x33, 0x73, 0x74, 0x64, 0x33, 0x5f, 0x5f, 0x34, 0x38, 0x69, 0x6e, 0x5f, 0x70, 0x6c,
    0x61, 0x63, 0x65, 0x45, 0x00, 0x5f, 0x5a, 0x4e, 0x39, 0x31, 0x5f, 0x49, 0x4e, 0x54, 0x45, 0x52,
    0x4e, 0x41, 0x4c, 0x5f, 0x37, 0x35, 0x31, 0x35, 0x33, 0x62, 0x36, 0x38, 0x5f, 0x36, 0x30, 0x5f,
    0x74, 0x69, 0x6c, 0x65, 0x6c, 0x61, 0x6e, 0x67, 0x5f, 0x67, 0x61, 0x74, 0x65, 0x64, 0x5f, 0x64,
    0x65, 0x6c, 0x74, 0x61, 0x5f, 0x72, 0x75, 0x6c, 0x65, 0x5f, 0x63, 0x68, 0x75, 0x6e, 0x6b, 0x5f,
    0x73, 0x74, 0x61, 0x74, 0x65, 0x5f, 0x73, 0x6d, 0x31, 0x32, 0x30, 0x5f, 0x64, 0x65, 0x76, 0x69,
    0x63, 0x65, 0x5f, 0x6b, 0x65, 0x72, 0x6e, 0x65, 0x6c, 0x5f, 0x63, 0x75, 0x5f, 0x31, 0x62, 0x36,
    0x33, 0x65, 0x30, 0x38, 0x35, 0x34, 0x63, 0x75, 0x64, 0x61, 0x33, 0x73, 0x74, 0x64, 0x36, 0x72,
    0x61, 0x6e, 0x67, 0x65, 0x73, 0x33, 0x5f, 0x5f, 0x34, 0x35, 0x5f, 0x5f, 0x63, 0x70, 0x6f, 0x34,
    0x73, 0x77, 0x61, 0x70, 0x45, 0x00, 0x5f, 0x5a, 0x4e, 0x39, 0x31, 0x5f, 0x49, 0x4e, 0x54, 0x45,
    0x52, 0x4e, 0x41, 0x4c, 0x5f, 0x37, 0x35, 0x31, 0x35, 0x33, 0x62, 0x36, 0x38, 0x5f, 0x36, 0x30,
    0x5f, 0x74, 0x69, 0x6c, 0x65, 0x6c, 0x61, 0x6e, 0x67, 0x5f, 0x67, 0x61, 0x74, 0x65, 0x64, 0x5f,
    0x64, 0x65, 0x6c, 0x74, 0x61, 0x5f, 0x72, 0x75, 0x6c, 0x65, 0x5f, 0x63, 0x68, 0x75, 0x6e, 0x6b,
    0x5f, 0x73, 0x74, 0x61, 0x74, 0x65, 0x5f, 0x73, 0x6d, 0x31, 0x32, 0x30, 0x5f, 0x64, 0x65, 0x76,
    0x69, 0x63, 0x65, 0x5f, 0x6b, 0x65, 0x72, 0x6e, 0x65, 0x6c, 0x5f, 0x63, 0x75, 0x5f, 0x31, 0x62,
    0x36, 0x33, 0x65, 0x30, 0x38, 0x35, 0x34, 0x63, 0x75, 0x64, 0x61, 0x33, 0x73, 0x74, 0x64, 0x36,
    0x72, 0x61, 0x6e, 0x67, 0x65, 0x73, 0x33, 0x5f, 0x5f, 0x34, 0x35, 0x5f, 0x5f, 0x63, 0x70, 0x6f,
    0x39, 0x69, 0x74, 0x65, 0x72, 0x5f, 0x6d, 0x6f, 0x76, 0x65, 0x45, 0x00, 0x5f, 0x5a, 0x4e, 0x39,
    0x31, 0x5f, 0x49, 0x4e, 0x54, 0x45, 0x52, 0x4e, 0x41, 0x4c, 0x5f, 0x37, 0x35, 0x31, 0x35, 0x33,
    0x62, 0x36, 0x38, 0x5f, 0x36, 0x30, 0x5f, 0x74, 0x69, 0x6c, 0x65, 0x6c, 0x61, 0x6e, 0x67, 0x5f,
    0x67, 0x61, 0x74, 0x65, 0x64, 0x5f, 0x64, 0x65, 0x6c, 0x74, 0x61, 0x5f, 0x72, 0x75, 0x6c, 0x65,
    0x5f, 0x63, 0x68, 0x75, 0x6e, 0x6b, 0x5f, 0x73, 0x74, 0x61, 0x74, 0x65, 0x5f, 0x73, 0x6d, 0x31,
    0x32, 0x30, 0x5f, 0x64, 0x65, 0x76, 0x69, 0x63, 0x65, 0x5f, 0x6b, 0x65, 0x72, 0x6e, 0x65, 0x6c,
    0x5f, 0x63, 0x75, 0x5f, 0x31, 0x62, 0x36, 0x33, 0x65, 0x30, 0x38, 0x35, 0x34, 0x63, 0x75, 0x74,
    0x65, 0x37, 0x70, 0x72, 0x6f, 0x64, 0x75, 0x63, 0x74, 0x45, 0x00, 0x5f, 0x5a, 0x4e, 0x39, 0x31,
    0x5f, 0x49, 0x4e, 0x54, 0x45, 0x52, 0x4e, 0x41, 0x4c, 0x5f, 0x37, 0x35, 0x31, 0x35, 0x33, 0x62,
    0x36, 0x38, 0x5f, 0x36, 0x30, 0x5f, 0x74, 0x69, 0x6c, 0x65, 0x6c, 0x61, 0x6e, 0x67, 0x5f, 0x67,
    0x61, 0x74, 0x65, 0x64, 0x5f, 0x64, 0x65, 0x6c, 0x74, 0x61, 0x5f, 0x72, 0x75, 0x6c, 0x65, 0x5f,
    0x63, 0x68, 0x75, 0x6e, 0x6b, 0x5f, 0x73, 0x74, 0x61, 0x74, 0x65, 0x5f, 0x73, 0x6d, 0x31, 0x32,
    0x30, 0x5f, 0x64, 0x65, 0x76, 0x69, 0x63, 0x65, 0x5f, 0x6b, 0x65, 0x72, 0x6e, 0x65, 0x6c, 0x5f,
    0x63, 0x75, 0x5f, 0x31, 0x62, 0x36, 0x33, 0x65, 0x30, 0x38, 0x35, 0x34, 0x63, 0x75, 0x74, 0x65,
    0x31, 0x5f, 0x45, 0x00, 0x2e, 0x6e, 0x76, 0x2e, 0x72, 0x65, 0x73, 0x65, 0x72, 0x76, 0x65, 0x64,
    0x53, 0x6d, 0x65, 0x6d, 0x2e, 0x63, 0x61, 0x70, 0x00, 0x2e, 0x6e, 0x76, 0x2e, 0x63, 0x6f, 0x6d,
    0x70, 0x61, 0x74, 0x00, 0x2e, 0x72, 0x65, 0x6c, 0x2e, 0x74, 0x65, 0x78, 0x74, 0x2e, 0x6b, 0x65,
    0x72, 0x6e, 0x65, 0x6c, 0x5f, 0x6b, 0x65, 0x72, 0x6e, 0x65, 0x6c, 0x00, 0x2e, 0x72, 0x65, 0x6c,
    0x61, 0x2e, 0x74, 0x65, 0x78, 0x74, 0x2e, 0x6b, 0x65, 0x72, 0x6e, 0x65, 0x6c, 0x5f, 0x6b, 0x65,
    0x72, 0x6e, 0x65, 0x6c, 0x00, 0x2e, 0x64, 0x65, 0x62, 0x75, 0x67, 0x5f, 0x66, 0x72, 0x61, 0x6d,
    0x65, 0x00, 0x2e, 0x72, 0x65, 0x6c, 0x2e, 0x6e, 0x76, 0x2e, 0x63, 0x6f, 0x6e, 0x73, 0x74, 0x61,
    0x6e, 0x74, 0x2e, 0x70, 0x69, 0x63, 0x00, 0x2e, 0x72, 0x65, 0x6c, 0x61, 0x2e, 0x6e, 0x76, 0x2e,
    0x63, 0x6f, 0x6e, 0x73, 0x74, 0x61, 0x6e, 0x74, 0x2e, 0x70, 0x69, 0x63, 0x00, 0x2e, 0x72, 0x65,
    0x6c, 0x2e, 0x64, 0x65, 0x62, 0x75, 0x67, 0x5f, 0x66, 0x72, 0x61, 0x6d, 0x65, 0x00, 0x2e, 0x72,
    0x65, 0x6c, 0x61, 0x2e, 0x64, 0x65, 0x62, 0x75, 0x67, 0x5f, 0x66, 0x72, 0x61, 0x6d, 0x65, 0x00,
    0x2e, 0x6e, 0x76, 0x2e, 0x63, 0x61, 0x6c, 0x6c, 0x67, 0x72, 0x61, 0x70, 0x68, 0x00, 0x2e, 0x6e,
    0x76, 0x2e, 0x70, 0x72, 0x6f, 0x74, 0x6f, 0x74, 0x79, 0x70, 0x65, 0x00, 0x6b, 0x65, 0x72, 0x6e,
    0x65, 0x6c, 0x5f, 0x6b, 0x65, 0x72, 0x6e, 0x65, 0x6c, 0x00, 0x2e, 0x6e, 0x76, 0x2e, 0x63, 0x6f,
    0x6e, 0x73, 0x74, 0x61, 0x6e, 0x74, 0x34, 0x00, 0x2e, 0x6e, 0x76, 0x2e, 0x63, 0x6f, 0x6e, 0x73,
    0x74, 0x61, 0x6e, 0x74, 0x30, 0x2e, 0x6b, 0x65, 0x72, 0x6e, 0x65, 0x6c, 0x5f, 0x6b, 0x65, 0x72,
    0x6e, 0x65, 0x6c, 0x00, 0x00, 0x00, 0x00, 0x00, 0x00, 0x00, 0x00, 0x00, 0x00, 0x00, 0x00, 0x00,
    0x00, 0x00, 0x00, 0x00, 0x00, 0x00, 0x00, 0x00, 0x00, 0x00, 0x00, 0x00, 0x00, 0x00, 0x00, 0x00,
    0x00, 0x00, 0x00, 0x00, 0x00, 0x00, 0x00, 0x00, 0x00, 0x00, 0x00, 0x00, 0x00, 0x00, 0x00, 0x00,
    0x00, 0x00, 0x00, 0x00, 0x00, 0x00, 0x00, 0x00, 0x51, 0x00, 0x00, 0x00, 0x03, 0x00, 0x0f, 0x00,
    0x00, 0x00, 0x00, 0x00, 0x00, 0x00, 0x00, 0x00, 0x00, 0x00, 0x00, 0x00, 0x00, 0x00, 0x00, 0x00,
    0x95, 0x00, 0x00, 0x00, 0x21, 0x00, 0x00, 0x00, 0x40, 0x00, 0x00, 0x00, 0x00, 0x00, 0x00, 0x00,
    0x04, 0x00, 0x00, 0x00, 0x00, 0x00, 0x00, 0x00, 0xc4, 0x00, 0x00, 0x00, 0x20, 0xa0, 0x11, 0x00,
    0x40, 0x00, 0x00, 0x00, 0x00, 0x00, 0x00, 0x00, 0x00, 0x00, 0x00, 0x00, 0x00, 0x00, 0x00, 0x00,
    0xe5, 0x00, 0x00, 0x00, 0x03, 0x00, 0x12, 0x00, 0x00, 0x00, 0x00, 0x00, 0x00, 0x00, 0x00, 0x00,
    0x00, 0x00, 0x00, 0x00, 0x00, 0x00, 0x00, 0x00, 0xf0, 0x00, 0x00, 0x00, 0x01, 0x00, 0x12, 0x00,
    0x01, 0x00, 0x00, 0x00, 0x00, 0x00, 0x00, 0x00, 0x01, 0x00, 0x00, 0x00, 0x00, 0x00, 0x00, 0x00,
    0x9c, 0x06, 0x00, 0x00, 0x03, 0x00, 0x0e, 0x00, 0x00, 0x00, 0x00, 0x00, 0x00, 0x00, 0x00, 0x00,
    0x00, 0x00, 0x00, 0x00, 0x00, 0x00, 0x00, 0x00, 0x7c, 0x01, 0x00, 0x00, 0x01, 0x00, 0x12, 0x00,
    0x06, 0x00, 0x00, 0x00, 0x00, 0x00, 0x00, 0x00, 0x01, 0x00, 0x00, 0x00, 0x00, 0x00, 0x00, 0x00,
    0xf5, 0x01, 0x00, 0x00, 0x01, 0x00, 0x12, 0x00, 0x03, 0x00, 0x00, 0x00, 0x00, 0x00, 0x00, 0x00,
    0x01, 0x00, 0x00, 0x00, 0x00, 0x00, 0x00, 0x00, 0x71, 0x02, 0x00, 0x00, 0x01, 0x00, 0x12, 0x00,
    0x08, 0x00, 0x00, 0x00, 0x00, 0x00, 0x00, 0x00, 0x01, 0x00, 0x00, 0x00, 0x00, 0x00, 0x00, 0x00,
    0xeb, 0x02, 0x00, 0x00, 0x01, 0x00, 0x12, 0x00, 0x02, 0x00, 0x00, 0x00, 0x00, 0x00, 0x00, 0x00,
    0x01, 0x00, 0x00, 0x00, 0x00, 0x00, 0x00, 0x00, 0x6f, 0x03, 0x00, 0x00, 0x01, 0x00, 0x12, 0x00,
    0x07, 0x00, 0x00, 0x00, 0x00, 0x00, 0x00, 0x00, 0x01, 0x00, 0x00, 0x00, 0x00, 0x00, 0x00, 0x00,
    0xe7, 0x03, 0x00, 0x00, 0x01, 0x00, 0x12, 0x00, 0x04, 0x00, 0x00, 0x00, 0x00, 0x00, 0x00, 0x00,
    0x01, 0x00, 0x00, 0x00, 0x00, 0x00, 0x00, 0x00, 0x68, 0x04, 0x00, 0x00, 0x01, 0x00, 0x12, 0x00,
    0x09, 0x00, 0x00, 0x00, 0x00, 0x00, 0x00, 0x00, 0x01, 0x00, 0x00, 0x00, 0x00, 0x00, 0x00, 0x00,
    0xee, 0x04, 0x00, 0x00, 0x01, 0x00, 0x12, 0x00, 0x00, 0x00, 0x00, 0x00, 0x00, 0x00, 0x00, 0x00,
    0x01, 0x00, 0x00, 0x00, 0x00, 0x00, 0x00, 0x00, 0x5d, 0x05, 0x00, 0x00, 0x01, 0x00, 0x12, 0x00,
    0x05, 0x00, 0x00, 0x00, 0x00, 0x00, 0x00, 0x00, 0x01, 0x00, 0x00, 0x00, 0x00, 0x00, 0x00, 0x00,
    0xc6, 0x05, 0x00, 0x00, 0x21, 0x00, 0x00, 0x00, 0x00, 0x04, 0x00, 0x00, 0x00, 0x00, 0x00, 0x00,
    0x04, 0x00, 0x00, 0x00, 0x00, 0x00, 0x00, 0x00, 0x17, 0x06, 0x00, 0x00, 0x03, 0x00, 0x04, 0x00,
    0x00, 0x00, 0x00, 0x00, 0x00, 0x00, 0x00, 0x00, 0x00, 0x00, 0x00, 0x00, 0x00, 0x00, 0x00, 0x00,
    0x72, 0x06, 0x00, 0x00, 0x03, 0x00, 0x0a, 0x00, 0x00, 0x00, 0x00, 0x00, 0x00, 0x00, 0x00, 0x00,
    0x00, 0x00, 0x00, 0x00, 0x00, 0x00, 0x00, 0x00, 0x8e, 0x06, 0x00, 0x00, 0x12, 0x10, 0x0f, 0x00,
    0x00, 0x00, 0x00, 0x00, 0x00, 0x00, 0x00, 0x00, 0x00, 0x59, 0x00, 0x00, 0x00, 0x00, 0x00, 0x00,
    0xaa, 0x06, 0x00, 0x00, 0x03, 0x00, 0x13, 0x00, 0x00, 0x00, 0x00, 0x00, 0x00, 0x00, 0x00, 0x00,
    0x00, 0x00, 0x00, 0x00, 0x00, 0x00, 0x00, 0x00, 0xff, 0xff, 0xff, 0xff, 0x24, 0x00, 0x00, 0x00,
    0x00, 0x00, 0x00, 0x00, 0xff, 0xff, 0xff, 0xff, 0xff, 0xff, 0xff, 0xff, 0x03, 0x00, 0x04, 0x7c,
    0xff, 0xff, 0xff, 0xff, 0x0f, 0x0c, 0x81, 0x80, 0x80, 0x28, 0x00, 0x08, 0xff, 0x81, 0x80, 0x28,
    0x08, 0x81, 0x80, 0x80, 0x28, 0x00, 0x00, 0x00, 0xff, 0xff, 0xff, 0xff, 0x2c, 0x00, 0x00, 0x00,
    0x00, 0x00, 0x00, 0x00, 0x00, 0x00, 0x00, 0x00, 0x00, 0x00, 0x00, 0x00, 0x00, 0x00, 0x00, 0x00,
    0x00, 0x00, 0x00, 0x00, 0x00, 0x59, 0x00, 0x00, 0x00, 0x00, 0x00, 0x00, 0x04, 0x84, 0x04, 0x00,
    0x00, 0x0c, 0x81, 0x80, 0x80, 0x28, 0x00, 0x04, 0x88, 0x11, 0x00, 0x00, 0x00, 0x00, 0x00, 0x00,
    0x0c, 0x00, 0x00, 0x00, 0x8c, 0x00, 0x00, 0x00, 0xd0, 0x07, 0x00, 0x00, 0x4e, 0x56, 0x49, 0x44,
    0x49, 0x41, 0x20, 0x43, 0x6f, 0x72, 0x70, 0x00, 0x80, 0x00, 0x00, 0x00, 0x00, 0x00, 0x00, 0x00,
    0x01, 0x00, 0x00, 0x00, 0x07, 0x00, 0x00, 0x00, 0x36, 0x00, 0x00, 0x00, 0x60, 0x00, 0x00, 0x00,
    0x00, 0x70, 0x74, 0x78, 0x61, 0x73, 0x00, 0x43, 0x75, 0x64, 0x61, 0x20, 0x63, 0x6f, 0x6d, 0x70,
    0x69, 0x6c, 0x61, 0x74, 0x69, 0x6f, 0x6e, 0x20, 0x74, 0x6f, 0x6f, 0x6c, 0x73, 0x2c, 0x20, 0x72,
    0x65, 0x6c, 0x65, 0x61, 0x73, 0x65, 0x20, 0x31, 0x32, 0x2e, 0x38, 0x2c, 0x20, 0x56, 0x31, 0x32,
    0x2e, 0x38, 0x2e, 0x39, 0x33, 0x00, 0x42, 0x75, 0x69, 0x6c, 0x64, 0x20, 0x63, 0x75, 0x64, 0x61,
    0x5f, 0x31, 0x32, 0x2e, 0x38, 0x2e, 0x72, 0x31, 0x32, 0x2e, 0x38, 0x2f, 0x63, 0x6f, 0x6d, 0x70,
    0x69, 0x6c, 0x65, 0x72, 0x2e, 0x33, 0x35, 0x35, 0x38, 0x33, 0x38, 0x37, 0x30, 0x5f, 0x30, 0x00,
    0x2d, 0x61, 0x72, 0x63, 0x68, 0x20, 0x73, 0x6d, 0x5f, 0x31, 0x32, 0x30, 0x20, 0x2d, 0x6d, 0x20,
    0x36, 0x34, 0x20, 0x00, 0x0c, 0x00, 0x00, 0x00, 0x0c, 0x00, 0x00, 0x00, 0xe8, 0x03, 0x00, 0x00,
    0x4e, 0x56, 0x49, 0x44, 0x49, 0x41, 0x20, 0x43, 0x6f, 0x72, 0x70, 0x00, 0x01, 0x00, 0x78, 0x00,
    0x01, 0x00, 0x00, 0x00, 0x01, 0x00, 0x00, 0x00, 0x04, 0x2f, 0x08, 0x00, 0x13, 0x00, 0x00, 0x00,
    0xa7, 0x00, 0x00, 0x00, 0x04, 0x11, 0x08, 0x00, 0x13, 0x00, 0x00, 0x00, 0x00, 0x00, 0x00, 0x00,
    0x04, 0x12, 0x08, 0x00, 0x13, 0x00, 0x00, 0x00, 0x00, 0x00, 0x00, 0x00, 0x04, 0x37, 0x04, 0x00,
    0x80, 0x00, 0x00, 0x00, 0x04, 0x17, 0x0c, 0x00, 0x00, 0x00, 0x00, 0x00, 0x17, 0x00, 0x7c, 0x00,
    0x00, 0xf0, 0x11, 0x00, 0x04, 0x17, 0x0c, 0x00, 0x00, 0x00, 0x00, 0x00, 0x16, 0x00, 0x78, 0x00,
    0x00, 0xf0, 0x11, 0x00, 0x04, 0x17, 0x0c, 0x00, 0x00, 0x00, 0x00, 0x00, 0x15, 0x00, 0x74, 0x00,
    0x00, 0xf0, 0x11, 0x00, 0x04, 0x17, 0x0c, 0x00, 0x00, 0x00, 0x00, 0x00, 0x14, 0x00, 0x70, 0x00,
    0x00, 0xf0, 0x11, 0x00, 0x04, 0x17, 0x0c, 0x00, 0x00, 0x00, 0x00, 0x00, 0x13, 0x00, 0x6c, 0x00,
    0x00, 0xf0, 0x11, 0x00, 0x04, 0x17, 0x0c, 0x00, 0x00, 0x00, 0x00, 0x00, 0x12, 0x00, 0x68, 0x00,
    0x00, 0xf0, 0x11, 0x00, 0x04, 0x17, 0x0c, 0x00, 0x00, 0x00, 0x00, 0x00, 0x11, 0x00, 0x64, 0x00,
    0x00, 0xf0, 0x11, 0x00, 0x04, 0x17, 0x0c, 0x00, 0x00, 0x00, 0x00, 0x00, 0x10, 0x00, 0x60, 0x00,
    0x00, 0xf0, 0x11, 0x00, 0x04, 0x17, 0x0c, 0x00, 0x00, 0x00, 0x00, 0x00, 0x0f, 0x00, 0x5c, 0x00,
    0x00, 0xf0, 0x11, 0x00, 0x04, 0x17, 0x0c, 0x00, 0x00, 0x00, 0x00, 0x00, 0x0e, 0x00, 0x58, 0x00,
    0x00, 0xf0, 0x11, 0x00, 0x04, 0x17, 0x0c, 0x00, 0x00, 0x00, 0x00, 0x00, 0x0d, 0x00, 0x54, 0x00,
    0x00, 0xf0, 0x11, 0x00, 0x04, 0x17, 0x0c, 0x00, 0x00, 0x00, 0x00, 0x00, 0x0c, 0x00, 0x50, 0x00,
    0x00, 0xf0, 0x11, 0x00, 0x04, 0x17, 0x0c, 0x00, 0x00, 0x00, 0x00, 0x00, 0x0b, 0x00, 0x4c, 0x00,
    0x00, 0xf0, 0x11, 0x00, 0x04, 0x17, 0x0c, 0x00, 0x00, 0x00, 0x00, 0x00, 0x0a, 0x00, 0x48, 0x00,
    0x00, 0xf0, 0x11, 0x00, 0x04, 0x17, 0x0c, 0x00, 0x00, 0x00, 0x00, 0x00, 0x09, 0x00, 0x44, 0x00,
    0x00, 0xf0, 0x11, 0x00, 0x04, 0x17, 0x0c, 0x00, 0x00, 0x00, 0x00, 0x00, 0x08, 0x00, 0x40, 0x00,
    0x00, 0xf0, 0x11, 0x00, 0x04, 0x17, 0x0c, 0x00, 0x00, 0x00, 0x00, 0x00, 0x07, 0x00, 0x38, 0x00,
    0x00, 0xf0, 0x21, 0x00, 0x04, 0x17, 0x0c, 0x00, 0x00, 0x00, 0x00, 0x00, 0x06, 0x00, 0x30, 0x00,
    0x00, 0xf0, 0x21, 0x00, 0x04, 0x17, 0x0c, 0x00, 0x00, 0x00, 0x00, 0x00, 0x05, 0x00, 0x28, 0x00,
    0x00, 0xf0, 0x21, 0x00, 0x04, 0x17, 0x0c, 0x00, 0x00, 0x00, 0x00, 0x00, 0x04, 0x00, 0x20, 0x00,
    0x00, 0xf0, 0x21, 0x00, 0x04, 0x17, 0x0c, 0x00, 0x00, 0x00, 0x00, 0x00, 0x03, 0x00, 0x18, 0x00,
    0x00, 0xf0, 0x21, 0x00, 0x04, 0x17, 0x0c, 0x00, 0x00, 0x00, 0x00, 0x00, 0x02, 0x00, 0x10, 0x00,
    0x00, 0xf0, 0x21, 0x00, 0x04, 0x17, 0x0c, 0x00, 0x00, 0x00, 0x00, 0x00, 0x01, 0x00, 0x08, 0x00,
    0x00, 0xf0, 0x21, 0x00, 0x04, 0x17, 0x0c, 0x00, 0x00, 0x00, 0x00, 0x00, 0x00, 0x00, 0x00, 0x00,
    0x00, 0xf0, 0x21, 0x00, 0x03, 0x50, 0x00, 0x00, 0x03, 0x1b, 0xff, 0x00, 0x02, 0x4c, 0x01, 0x00,
    0x02, 0x4a, 0x00, 0x00, 0x04, 0x1c, 0x08, 0x00, 0xc0, 0x55, 0x00, 0x00, 0x30, 0x58, 0x00, 0x00,
    0x04, 0x05, 0x0c, 0x00, 0x80, 0x00, 0x00, 0x00, 0x01, 0x00, 0x00, 0x00, 0x01, 0x00, 0x00, 0x00,
    0x04, 0x1e, 0x04, 0x00, 0x00, 0x00, 0x00, 0x00, 0x03, 0x19, 0x80, 0x00, 0x04, 0x0a, 0x08, 0x00,
    0x14, 0x00, 0x00, 0x00, 0x80, 0x03, 0x80, 0x00, 0x04, 0x36, 0x04, 0x00, 0x00, 0x00, 0x00, 0x00,
    0x02, 0x02, 0x01, 0x00, 0x02, 0x05, 0x05, 0x00, 0x02, 0x03, 0x00, 0x00, 0x02, 0x06, 0x01, 0x00,
    0x00, 0x00, 0x00, 0x00, 0xff, 0xff, 0xff, 0xff, 0x00, 0x00, 0x00, 0x00, 0xfe, 0xff, 0xff, 0xff,
    0x00, 0x00, 0x00, 0x00, 0xfd, 0xff, 0xff, 0xff, 0x00, 0x00, 0x00, 0x00, 0xfc, 0xff, 0xff, 0xff,
    0x48, 0x00, 0x00, 0x00, 0x00, 0x00, 0x00, 0x00, 0x02, 0x00, 0x00, 0x00, 0x0f, 0x00, 0x00, 0x00,
    0x00, 0x00, 0x00, 0x00, 0x00, 0x00, 0x00, 0x00, 0x40, 0x00, 0x00, 0x00, 0x00, 0x00, 0x00, 0x00,
    0x02, 0x00, 0x00, 0x00, 0x0e, 0x00, 0x00, 0x00, 0x00, 0x00, 0x00, 0x00, 0x00, 0x00, 0x00, 0x00,
    0x38, 0x00, 0x00, 0x00, 0x00, 0x00, 0x00, 0x00, 0x02, 0x00, 0x00, 0x00, 0x0d, 0x00, 0x00, 0x00,
    0x00, 0x00, 0x00, 0x00, 0x00, 0x00, 0x00, 0x00, 0x30, 0x00, 0x00, 0x00, 0x00, 0x00, 0x00, 0x00,
    0x02, 0x00, 0x00, 0x00, 0x0c, 0x00, 0x00, 0x00, 0x00, 0x00, 0x00, 0x00, 0x00, 0x00, 0x00, 0x00,
    0x28, 0x00, 0x00, 0x00, 0x00, 0x00, 0x00, 0x00, 0x02, 0x00, 0x00, 0x00, 0x0b, 0x00, 0x00, 0x00,
    0x00, 0x00, 0x00, 0x00, 0x00, 0x00, 0x00, 0x00, 0x20, 0x00, 0x00, 0x00, 0x00, 0x00, 0x00, 0x00,
    0x02, 0x00, 0x00, 0x00, 0x0a, 0x00, 0x00, 0x00, 0x00, 0x00, 0x00, 0x00, 0x00, 0x00, 0x00, 0x00,
    0x18, 0x00, 0x00, 0x00, 0x00, 0x00, 0x00, 0x00, 0x02, 0x00, 0x00, 0x00, 0x09, 0x00, 0x00, 0x00,
    0x00, 0x00, 0x00, 0x00, 0x00, 0x00, 0x00, 0x00, 0x10, 0x00, 0x00, 0x00, 0x00, 0x00, 0x00, 0x00,
    0x02, 0x00, 0x00, 0x00, 0x08, 0x00, 0x00, 0x00, 0x00, 0x00, 0x00, 0x00, 0x00, 0x00, 0x00, 0x00,
    0x08, 0x00, 0x00, 0x00, 0x00, 0x00, 0x00, 0x00, 0x02, 0x00, 0x00, 0x00, 0x07, 0x00, 0x00, 0x00,
    0x00, 0x00, 0x00, 0x00, 0x00, 0x00, 0x00, 0x00, 0x00, 0x00, 0x00, 0x00, 0x00, 0x00, 0x00, 0x00,
    0x02, 0x00, 0x00, 0x00, 0x05, 0x00, 0x00, 0x00, 0x00, 0x00, 0x00, 0x00, 0x00, 0x00, 0x00, 0x00,
    0x44, 0x00, 0x00, 0x00, 0x00, 0x00, 0x00, 0x00, 0x02, 0x00, 0x00, 0x00, 0x13, 0x00, 0x00, 0x00,
    0x00, 0x00, 0x00, 0x00, 0x00, 0x00, 0x00, 0x00, 0x00, 0x00, 0x00, 0x00, 0x00, 0x00, 0x00, 0x00,
    0x00, 0x00, 0x00, 0x00, 0x00, 0x00, 0x00, 0x00, 0x00, 0x00, 0x00, 0x00, 0x00, 0x00, 0x00, 0x00,
    0x00, 0x00, 0x00, 0x00, 0x00, 0x00, 0x00, 0x00, 0x00, 0x00, 0x00, 0x00, 0x00, 0x00, 0x00, 0x00,
    0x00, 0x00, 0x00, 0x00, 0x00, 0x00, 0x00, 0x00, 0x00, 0x00, 0x00, 0x00, 0x00, 0x00, 0x00, 0x00,
    0x00, 0x00, 0x00, 0x00, 0x00, 0x00, 0x00, 0x00, 0x00, 0x00, 0x00, 0x00, 0x00, 0x00, 0x00, 0x00,
    0x00, 0x00, 0x00, 0x00, 0x00, 0x00, 0x00, 0x00, 0x00, 0x00, 0x00, 0x00, 0x00, 0x00, 0x00, 0x00,
    0x00, 0x00, 0x00, 0x00, 0x00, 0x00, 0x00, 0x00, 0x00, 0x00, 0x00, 0x00, 0x00, 0x00, 0x00, 0x00,
    0x00, 0x00, 0x00, 0x00, 0x00, 0x00, 0x00, 0x00, 0x00, 0x00, 0x00, 0x00, 0x00, 0x00, 0x00, 0x00,
    0x00, 0x00, 0x00, 0x00, 0x00, 0x00, 0x00, 0x00, 0x00, 0x00, 0x00, 0x00, 0x00, 0x00, 0x00, 0x00,
    0x00, 0x00, 0x00, 0x00, 0x00, 0x00, 0x00, 0x00, 0x00, 0x00, 0x00, 0x00, 0x00, 0x00, 0x00, 0x00,
    0x00, 0x00, 0x00, 0x00, 0x00, 0x00, 0x00, 0x00, 0x00, 0x00, 0x00, 0x00, 0x00, 0x00, 0x00, 0x00,
    0x00, 0x00, 0x00, 0x00, 0x00, 0x00, 0x00, 0x00, 0x00, 0x00, 0x00, 0x00, 0x00, 0x00, 0x00, 0x00,
    0x00, 0x00, 0x00, 0x00, 0x00, 0x00, 0x00, 0x00, 0x00, 0x00, 0x00, 0x00, 0x00, 0x00, 0x00, 0x00,
    0x82, 0x7b, 0x01, 0xff, 0x00, 0xdf, 0x00, 0x00, 0x00, 0x08, 0x00, 0x00, 0x00, 0x22, 0x0e, 0x00,
    0x19, 0x79, 0x70, 0x00, 0x00, 0x00, 0x00, 0x00, 0x00, 0x26, 0x00, 0x00, 0x00, 0x62, 0x0e, 0x00,
    0xac, 0x77, 0x04, 0xff, 0x00, 0x78, 0x00, 0x00, 0x00, 0x08, 0x00, 0x08, 0x00, 0x6c, 0x0e, 0x00,
    0x82, 0x7b, 0x7e, 0xff, 0x00, 0xff, 0x00, 0x00, 0x00, 0x08, 0x00, 0x00, 0x00, 0xa2, 0x0e, 0x00,
    0xac, 0x77, 0x12, 0xff, 0x00, 0x6b, 0x00, 0x00, 0x00, 0x0a, 0x00, 0x08, 0x00, 0xe2, 0x0e, 0x00,
    0x0c, 0x7c, 0x00, 0x70, 0x04, 0x00, 0x00, 0x00, 0x70, 0x62, 0xf0, 0x0b, 0x00, 0xe2, 0x2f, 0x04,
    0x0c, 0x7c, 0x00, 0x70, 0x04, 0x00, 0x00, 0x00, 0x70, 0x62, 0xf2, 0x0b, 0x00, 0xd8, 0x0f, 0x00,
    0x19, 0x89, 0x2d, 0x00, 0x00, 0x00, 0x00, 0x00, 0x00, 0x21, 0x00, 0x00, 0x00, 0x62, 0x0e, 0x00,
    0x02, 0x82, 0x3d, 0x00, 0xff, 0x00, 0x00, 0x00, 0x00, 0x0f, 0x00, 0x00, 0x00, 0xe2, 0x0f, 0x00,
    0x02, 0x82, 0x3b, 0x00, 0xff, 0x00, 0x00, 0x00, 0x00, 0x0f, 0x00, 0x00, 0x00, 0xe2, 0x0f, 0x00,
    0x02, 0x82, 0x39, 0x00, 0xff, 0x00, 0x00, 0x00, 0x00, 0x0f, 0x00, 0x00, 0x00, 0xe2, 0x0f, 0x00,
    0x19, 0x89, 0x1c, 0x00, 0x00, 0x00, 0x00, 0x00, 0x00, 0x25, 0x00, 0x00, 0x00, 0x22, 0x0f, 0x00,
    0x82, 0x8b, 0x40, 0xff, 0x00, 0xe6, 0x00, 0x00, 0x00, 0x0a, 0x00, 0x00, 0x00, 0x22, 0x0e, 0x00,
    0x19, 0x89, 0x1f, 0x00, 0x00, 0x00, 0x00, 0x00, 0x00, 0x21, 0x00, 0x00, 0x00, 0xa2, 0x0e, 0x00,
    0x19, 0x89, 0x0c, 0x00, 0x00, 0x00, 0x00, 0x00, 0x00, 0x25, 0x00, 0x00, 0x00, 0xec, 0x0e, 0x00,
    0x82, 0x8b, 0x3e, 0xff, 0x00, 0xe6, 0x00, 0x00, 0x00, 0x0a, 0x00, 0x00, 0x00, 0x22, 0x0e, 0x00,
    0x19, 0x89, 0x32, 0x00, 0x00, 0x00, 0x00, 0x00, 0x00, 0x21, 0x00, 0x00, 0x00, 0xe2, 0x0e, 0x00,
    0x19, 0x89, 0x14, 0x00, 0x00, 0x00, 0x00, 0x00, 0x00, 0x25, 0x00, 0x00, 0x00, 0xe2, 0x0e, 0x00,
    0x19, 0x89, 0x2f, 0x00, 0x00, 0x00, 0x00, 0x00, 0x00, 0x21, 0x00, 0x00, 0x00, 0xe2, 0x0e, 0x00,
    0x19, 0x89, 0x18, 0x00, 0x00, 0x00, 0x00, 0x00, 0x00, 0x25, 0x00, 0x00, 0x00, 0xe2, 0x0e, 0x00,
    0x19, 0x89, 0x33, 0x00, 0x00, 0x00, 0x00, 0x00, 0x00, 0x21, 0x00, 0x00, 0x00, 0x22, 0x0e, 0x00,
    0x10, 0x82, 0x11, 0x2d, 0x2d, 0x00, 0x00, 0x00, 0xff, 0xe0, 0xff, 0x07, 0x00, 0xe2, 0x2f, 0x00,
    0x19, 0x89, 0x12, 0x00, 0x00, 0x00, 0x00, 0x00, 0x00, 0x25, 0x00, 0x00, 0x00, 0x62, 0x0e, 0x00,
    0x25, 0x88, 0x1c, 0x1c, 0x20, 0x00, 0x00, 0x00, 0xff, 0x00, 0x8e, 0x07, 0x00, 0xe2, 0x0f, 0x01,
    0x19, 0x99, 0x22, 0x00, 0x00, 0x00, 0x00, 0x00, 0x00, 0x21, 0x00, 0x00, 0x00, 0x22, 0x0f, 0x00,
    0x10, 0x82, 0x09, 0x1f, 0x1f, 0x00, 0x00, 0x00, 0xff, 0xe0, 0xff, 0x07, 0x00, 0xc4, 0x4f, 0x00,
    0x12, 0x88, 0x1c, 0x1c, 0x06, 0x00, 0x00, 0x00, 0x11, 0xf8, 0x8e, 0x07, 0x00, 0xe2, 0x0f, 0x00,
    0x24, 0x88, 0x28, 0x1f, 0x40, 0x00, 0x00, 0x00, 0xff, 0x00, 0x8e, 0x07, 0x00, 0xe2, 0x0f, 0x04,
    0x19, 0x89, 0x34, 0x00, 0x00, 0x00, 0x00, 0x00, 0x00, 0x21, 0x00, 0x00, 0x00, 0xa2, 0x0e, 0x00,
    0x25, 0x88, 0x0c, 0x0c, 0x20, 0x00, 0x00, 0x00, 0xff, 0x00, 0x8e, 0x07, 0x00, 0xe2, 0x8f, 0x00,
    0x19, 0x89, 0x10, 0x00, 0x00, 0x00, 0x00, 0x00, 0x00, 0x25, 0x00, 0x00, 0x00, 0xe2, 0x0e, 0x00,
    0x10, 0x82, 0x11, 0x32, 0x32, 0x00, 0x00, 0x00, 0xff, 0xe0, 0xff, 0x07, 0x00, 0xe4, 0x0f, 0x00,
    0x12, 0x88, 0x0c, 0x0c, 0x06, 0x00, 0x00, 0x00, 0x09, 0xf8, 0x8e, 0x07, 0x00, 0xe2, 0x0f, 0x00,
    0x24, 0x88, 0x2a, 0x1f, 0x20, 0x00, 0x00, 0x00, 0xff, 0x00, 0x8e, 0x07, 0x00, 0xe2, 0x0f, 0x00,
    0x19, 0x89, 0x1e, 0x00, 0x00, 0x00, 0x00, 0x00, 0x00, 0x21, 0x00, 0x00, 0x00, 0xe2, 0x0e, 0x00,
    0x25, 0x88, 0x14, 0x14, 0x20, 0x00, 0x00, 0x00, 0xff, 0x00, 0x8e, 0x07, 0x00, 0xe2, 0x0f, 0x00,
    0x19, 0x89, 0x00, 0x00, 0x00, 0x00, 0x00, 0x00, 0x00, 0x21, 0x00, 0x00, 0x00, 0xe2, 0x0e, 0x00,
    0x10, 0x82, 0x09, 0x2f, 0x2f, 0x00, 0x00, 0x00, 0xff, 0xe0, 0xff, 0x07, 0x00, 0xc4, 0x0f, 0x00,
    0x12, 0x88, 0x14, 0x14, 0x06, 0x00, 0x00, 0x00, 0x11, 0xf8, 0x8e, 0x07, 0x00, 0xe2, 0x0f, 0x00,
    0x19, 0x89, 0x08, 0x00, 0x00, 0x00, 0x00, 0x00, 0x00, 0x25, 0x00, 0x00, 0x00, 0xe2, 0x0e, 0x00,
    0x25, 0x88, 0x18, 0x18, 0x20, 0x00, 0x00, 0x00, 0xff, 0x00, 0x8e, 0x07, 0x00, 0xe2, 0x0f, 0x00,
    0x12, 0x88, 0x2a, 0x2a, 0x80, 0x03, 0x00, 0x00, 0xff, 0xc0, 0x8e, 0x07, 0x00, 0xe2, 0x0f, 0x00,
    0x19, 0x99, 0x02, 0x00, 0x00, 0x00, 0x00, 0x00, 0x00, 0x25, 0x00, 0x00, 0x00, 0xe2, 0x0e, 0x00,
    0x10, 0x82, 0x27, 0x33, 0x33, 0x00, 0x00, 0x00, 0xff, 0xe0, 0xff, 0x07, 0x00, 0xe4, 0x1f, 0x00,
    0x12, 0x88, 0x18, 0x18, 0x06, 0x00, 0x00, 0x00, 0x09, 0xf8, 0x8e, 0x07, 0x00, 0xe2, 0x0f, 0x00,
    0x19, 0x89, 0x2c, 0x00, 0x00, 0x00, 0x00, 0x00, 0x00, 0x21, 0x00, 0x00, 0x00, 0x22, 0x0e, 0x00,
    0x25, 0x88, 0x12, 0x12, 0x20, 0x00, 0x00, 0x00, 0xff, 0x00, 0x8e, 0x07, 0x00, 0xe2, 0x2f, 0x00,
    0x19, 0x89, 0x06, 0x00, 0x00, 0x00, 0x00, 0x00, 0x00, 0x25, 0x00, 0x00, 0x00, 0x66, 0x0e, 0x00,
    0x24, 0x98, 0x20, 0x22, 0x40, 0x00, 0x00, 0x00, 0xff, 0x00, 0x8e, 0x07, 0x00, 0xe2, 0x0f, 0x05,
    0x10, 0x92, 0x05, 0x22, 0x22, 0x00, 0x00, 0x00, 0xff, 0xe0, 0xff, 0x07, 0x00, 0xc4, 0x0f, 0x00,
    0x12, 0x88, 0x12, 0x12, 0x06, 0x00, 0x00, 0x00, 0x27, 0xf8, 0x8e, 0x07, 0x00, 0xe2, 0x0f, 0x00,
    0x19, 0x89, 0x2e, 0x00, 0x00, 0x00, 0x00, 0x00, 0x00, 0x21, 0x00, 0x00, 0x00, 0x22, 0x0f, 0x00,
    0x10, 0x82, 0x29, 0x34, 0x34, 0x00, 0x00, 0x00, 0xff, 0xe0, 0xff, 0x07, 0x00, 0xe2, 0x4f, 0x00,
    0x24, 0x98, 0x22, 0x22, 0x20, 0x00, 0x00, 0x00, 0xff, 0x00, 0x8e, 0x07, 0x00, 0xe2, 0x0f, 0x00,
    0x12, 0x98, 0x27, 0x20, 0x00, 0x18, 0x00, 0x00, 0xff, 0xc0, 0x8e, 0x07, 0x00, 0xe2, 0x0f, 0x00,
    0x19, 0x89, 0x30, 0x00, 0x00, 0x00, 0x00, 0x00, 0x00, 0x25, 0x00, 0x00, 0x00, 0xa2, 0x0e, 0x00,
    0x25, 0x88, 0x10, 0x10, 0x20, 0x00, 0x00, 0x00, 0xff, 0x00, 0x8e, 0x07, 0x00, 0xe4, 0x8f, 0x00,
    0x12, 0x98, 0x22, 0x22, 0x80, 0x03, 0x00, 0x00, 0xff, 0xc0, 0x8e, 0x07, 0x00, 0xe2, 0x0f, 0x00,
    0x19, 0x89, 0x0e, 0x00, 0x00, 0x00, 0x00, 0x00, 0x00, 0x25, 0x00, 0x00, 0x00, 0xe2, 0x0e, 0x00,
    0x24, 0x88, 0x24, 0x1e, 0x40, 0x00, 0x00, 0x00, 0xff, 0x00, 0x8e, 0x07, 0x00, 0xe2, 0x0f, 0x00,
    0x12, 0x88, 0x10, 0x10, 0x06, 0x00, 0x00, 0x00, 0x29, 0xf8, 0x8e, 0x07, 0x00, 0xe2, 0x0f, 0x00,
    0x24, 0x88, 0x26, 0x1e, 0x20, 0x00, 0x00, 0x00, 0xff, 0x00, 0x8e, 0x07, 0x00, 0xe2, 0x0f, 0x00,
    0x19, 0x89, 0x31, 0x00, 0x00, 0x00, 0x00, 0x00, 0x00, 0x21, 0x00, 0x00, 0x00, 0xe2, 0x0e, 0x00,
    0x10, 0x82, 0x2b, 0x00, 0x00, 0x00, 0x00, 0x00, 0xff, 0xe0, 0xff, 0x07, 0x00, 0xc4, 0x0f, 0x00,
    0x12, 0x88, 0x29, 0x24, 0x00, 0x18, 0x00, 0x00, 0xff, 0xc0, 0x8e, 0x07, 0x00, 0xe2, 0x0f, 0x00,
    0x24, 0x98, 0x27, 0x70, 0x00, 0x40, 0x00, 0x00, 0x27, 0x02, 0x8e, 0x07, 0x00, 0xe2, 0x0f, 0x00,
    0x19, 0x89, 0x16, 0x00, 0x00, 0x00, 0x00, 0x00, 0x00, 0x25, 0x00, 0x00, 0x00, 0xe2, 0x0e, 0x00,
    0x25, 0x88, 0x08, 0x08, 0x20, 0x00, 0x00, 0x00, 0xff, 0x00, 0x8e, 0x07, 0x00, 0xe2, 0x0f, 0x00,
    0x12, 0x88, 0x26, 0x26, 0x80, 0x03, 0x00, 0x00, 0xff, 0xc0, 0x8e, 0x07, 0x00, 0xe4, 0x0f, 0x00,
    0x10, 0x92, 0x20, 0x27, 0x22, 0x00, 0x00, 0x00, 0xff, 0xe0, 0xff, 0x07, 0x00, 0xe2, 0x0f, 0x00,
    0x24, 0x88, 0x29, 0x70, 0x00, 0x40, 0x00, 0x00, 0x29, 0x02, 0x8e, 0x07, 0x00, 0xe2, 0x0f, 0x00,
    0x12, 0x88, 0x08, 0x08, 0x06, 0x00, 0x00, 0x00, 0x2b, 0xf8, 0x8e, 0x07, 0x00, 0xe2, 0x0f, 0x00,
    0x25, 0x98, 0x02, 0x02, 0x20, 0x00, 0x00, 0x00, 0xff, 0x00, 0x8e, 0x07, 0x00, 0xe2, 0x0f, 0x00,
    0x12, 0x88, 0x2b, 0x28, 0x00, 0x18, 0x00, 0x00, 0xff, 0xc0, 0x8e, 0x07, 0x00, 0xe2, 0x0f, 0x00,
    0x19, 0x89, 0x21, 0x00, 0x00, 0x00, 0x00, 0x00, 0x00, 0x21, 0x00, 0x00, 0x00, 0xe2, 0x0e, 0x00,
    0x10, 0x82, 0x22, 0x29, 0x26, 0x00, 0x00, 0x00, 0xff, 0xe0, 0xff, 0x07, 0x00, 0xe2, 0x0f, 0x00,
    0x24, 0x88, 0x26, 0x2c, 0x40, 0x00, 0x00, 0x00, 0xff, 0x00, 0x8e, 0x07, 0x00, 0xe2, 0x1f, 0x00,
    0x12, 0x98, 0x02, 0x02, 0x06, 0x00, 0x00, 0x00, 0x05, 0xf8, 0x8e, 0x07, 0x00, 0xe2, 0x0f, 0x00,
    0x24, 0x88, 0x2b, 0x70, 0x00, 0x40, 0x00, 0x00, 0x2b, 0x02, 0x8e, 0x07, 0x00, 0xe2, 0x0f, 0x00,
    0x19, 0x89, 0x0a, 0x00, 0x00, 0x00, 0x00, 0x00, 0x00, 0x25, 0x00, 0x00, 0x00, 0x22, 0x0e, 0x00,
    0x10, 0x82, 0x05, 0x1e, 0x1e, 0x00, 0x00, 0x00, 0xff, 0xe0, 0xff, 0x07, 0x00, 0xe2, 0x0f, 0x00,
    0x25, 0x88, 0x06, 0x06, 0x20, 0x00, 0x00, 0x00, 0xff, 0x00, 0x8e, 0x07, 0x00, 0xe2, 0x2f, 0x00,
    0x10, 0x82, 0x0b, 0x2c, 0x2c, 0x00, 0x00, 0x00, 0xff, 0xe0, 0xff, 0x07, 0x00, 0xc4, 0x0f, 0x00,
    0x10, 0x88, 0x24, 0x2b, 0x00, 0x04, 0x00, 0x00, 0x2a, 0xe0, 0xff, 0x07, 0x00, 0xe2, 0x0f, 0x00,
    0x19, 0x89, 0x23, 0x00, 0x00, 0x00, 0x00, 0x00, 0x00, 0x21, 0x00, 0x00, 0x00, 0x62, 0x0e, 0x00,
    0x24, 0x88, 0x28, 0x2d, 0x40, 0x00, 0x00, 0x00, 0xff, 0x00, 0x8e, 0x07, 0x00, 0xe2, 0x0f, 0x04,
    0x12, 0x88, 0x27, 0x26, 0x00, 0x18, 0x00, 0x00, 0xff, 0xc0, 0x8e, 0x07, 0x00, 0xe2, 0x0f, 0x00,
    0x24, 0x88, 0x2a, 0x2e, 0x40, 0x00, 0x00, 0x00, 0xff, 0x00, 0x8e, 0x07, 0x00, 0xe2, 0x0f, 0x01,
    0x19, 0x89, 0x25, 0x00, 0x00, 0x00, 0x00, 0x00, 0x00, 0x21, 0x00, 0x00, 0x00, 0x22, 0x0f, 0x00,
    0x25, 0x88, 0x1e, 0x30, 0x20, 0x00, 0x00, 0x00, 0xff, 0x00, 0x8e, 0x07, 0x00, 0xe2, 0x4f, 0x00,
    0x12, 0x88, 0x06, 0x06, 0x06, 0x00, 0x00, 0x00, 0x05, 0xf8, 0x8e, 0x07, 0x00, 0xe4, 0x0f, 0x00,
    0x12, 0x88, 0x29, 0x28, 0x00, 0x18, 0x00, 0x00, 0xff, 0xc0, 0x8e, 0x07, 0x00, 0xe2, 0x0f, 0x00,
    0x24, 0x88, 0x2d, 0x2d, 0x20, 0x00, 0x00, 0x00, 0xff, 0x00, 0x8e, 0x07, 0x00, 0xe2, 0x0f, 0x00,
    0x10, 0x82, 0x05, 0x2e, 0x2e, 0x00, 0x00, 0x00, 0xff, 0xe0, 0xff, 0x07, 0x00, 0xe2, 0x0f, 0x00,
    0x24, 0x88, 0x2c, 0x2c, 0x20, 0x00, 0x00, 0x00, 0xff, 0x00, 0x8e, 0x07, 0x00, 0xe2, 0x0f, 0x00,
    0x12, 0x88, 0x2b, 0x2a, 0x00, 0x18, 0x00, 0x00, 0xff, 0xc0, 0x8e, 0x07, 0x00, 0xe2, 0x0f, 0x00,
    0x24, 0x88, 0x30, 0x2f, 0x40, 0x00, 0x00, 0x00, 0xff, 0x00, 0x8e, 0x07, 0x00, 0xe2, 0x0f, 0x00,
    0x12, 0x88, 0x28, 0x2d, 0x80, 0x03, 0x00, 0x00, 0xff, 0xc0, 0x8e, 0x07, 0x00, 0xe2, 0x0f, 0x00,
    0x24, 0x88, 0x2e, 0x2e, 0x20, 0x00, 0x00, 0x00, 0xff, 0x00, 0x8e, 0x07, 0x00, 0xe2, 0x0f, 0x00,
    0x12, 0x88, 0x2c, 0x2c, 0x80, 0x03, 0x00, 0x00, 0xff, 0xc0, 0x8e, 0x07, 0x00, 0xe2, 0x0f, 0x00,
    0x24, 0x88, 0x27, 0x70, 0x00, 0x40, 0x00, 0x00, 0x27, 0x02, 0x8e, 0x07, 0x00, 0xe2, 0x0f, 0x00,
    0x12, 0x88, 0x2d, 0x30, 0x00, 0x18, 0x00, 0x00, 0xff, 0xc0, 0x8e, 0x07, 0x00, 0xe2, 0x0f, 0x00,
    0x24, 0x88, 0x2f, 0x2f, 0x20, 0x00, 0x00, 0x00, 0xff, 0x00, 0x8e, 0x07, 0x00, 0xe2, 0x0f, 0x00,
    0x12, 0x88, 0x2e, 0x2e, 0x80, 0x03, 0x00, 0x00, 0xff, 0xc0, 0x8e, 0x07, 0x00, 0xe2, 0x0f, 0x00,
    0x24, 0x88, 0x29, 0x70, 0x00, 0x40, 0x00, 0x00, 0x29, 0x02, 0x8e, 0x07, 0x00, 0xe2, 0x0f, 0x04,
    0x10, 0x82, 0x26, 0x27, 0x2c, 0x00, 0x00, 0x00, 0xff, 0xe0, 0xff, 0x07, 0x00, 0xe2, 0x0f, 0x00,
    0x24, 0x88, 0x2b, 0x70, 0x00, 0x40, 0x00, 0x00, 0x2b, 0x02, 0x8e, 0x07, 0x00, 0xe2, 0x0f, 0x00,
    0x12, 0x88, 0x30, 0x2f, 0x80, 0x03, 0x00, 0x00, 0xff, 0xc0, 0x8e, 0x07, 0x00, 0xe2, 0x0f, 0x00,
    0x25, 0x88, 0x0e, 0x0e, 0x20, 0x00, 0x00, 0x00, 0xff, 0x00, 0x8e, 0x07, 0x00, 0xe2, 0x8f, 0x00,
    0x10, 0x82, 0x28, 0x29, 0x28, 0x00, 0x00, 0x00, 0xff, 0xe0, 0xff, 0x07, 0x00, 0xe2, 0x0f, 0x00,
    0x19, 0x89, 0x1a, 0x00, 0x00, 0x00, 0x00, 0x00, 0x00, 0x25, 0x00, 0x00, 0x00, 0xa2, 0x0e, 0x00,
    0x10, 0x88, 0x2a, 0x2b, 0x00, 0x04, 0x00, 0x00, 0x2e, 0xe0, 0xff, 0x07, 0x00, 0xe2, 0x0f, 0x00,
    0x24, 0x88, 0x2d, 0x70, 0x00, 0x40, 0x00, 0x00, 0x2d, 0x02, 0x8e, 0x07, 0x00, 0xe2, 0x0f, 0x00,
    0x12, 0x88, 0x0e, 0x0e, 0x06, 0x00, 0x00, 0x00, 0x0b, 0xf8, 0x8e, 0x07, 0x00, 0xe2, 0x0f, 0x00,
    0x24, 0x88, 0x27, 0x31, 0x40, 0x00, 0x00, 0x00, 0xff, 0x00, 0x8e, 0x07, 0x00, 0xe2, 0x0f, 0x04,
    0x10, 0x82, 0x0b, 0x31, 0x31, 0x00, 0x00, 0x00, 0xff, 0xe0, 0xff, 0x07, 0x00, 0xe2, 0x0f, 0x00,
    0x24, 0x88, 0x29, 0x32, 0x40, 0x00, 0x00, 0x00, 0xff, 0x00, 0x8e, 0x07, 0x00, 0xe2, 0x0f, 0x00,
    0x10, 0x88, 0x2c, 0x2d, 0x00, 0x04, 0x00, 0x00, 0x30, 0xe0, 0xff, 0x07, 0x00, 0xe2, 0x0f, 0x00,
    0x24, 0x88, 0x2b, 0x33, 0x40, 0x00, 0x00, 0x00, 0xff, 0x00, 0x8e, 0x07, 0x00, 0xe2, 0x0f, 0x00,
    0x12, 0x88, 0x27, 0x27, 0x00, 0x18, 0x00, 0x00, 0xff, 0xc0, 0x8e, 0x07, 0x00, 0xe2, 0x0f, 0x00,
    0x24, 0x88, 0x31, 0x31, 0x20, 0x00, 0x00, 0x00, 0xff, 0x00, 0x8e, 0x07, 0x00, 0xe2, 0x0f, 0x00,
    0x12, 0x88, 0x29, 0x29, 0x00, 0x18, 0x00, 0x00, 0xff, 0xc0, 0x8e, 0x07, 0x00, 0xe2, 0x0f, 0x00,
    0x24, 0x88, 0x2d, 0x34, 0x40, 0x00, 0x00, 0x00, 0xff, 0x00, 0x8e, 0x07, 0x00, 0xe2, 0x0f, 0x00,
    0x12, 0x88, 0x2b, 0x2b, 0x00, 0x18, 0x00, 0x00, 0xff, 0xc0, 0x8e, 0x07, 0x00, 0xe2, 0x0f, 0x00,
    0x24, 0x88, 0x32, 0x32, 0x20, 0x00, 0x00, 0x00, 0xff, 0x00, 0x8e, 0x07, 0x00, 0xe2, 0x0f, 0x00,
    0x12, 0x88, 0x2e, 0x31, 0x80, 0x03, 0x00, 0x00, 0xff, 0xc0, 0x8e, 0x07, 0x00, 0xe2, 0x0f, 0x00,
    0x25, 0x88, 0x16, 0x16, 0x20, 0x00, 0x00, 0x00, 0xff, 0x00, 0x8e, 0x07, 0x00, 0xe2, 0x0f, 0x00,
    0x12, 0x88, 0x2d, 0x2d, 0x00, 0x18, 0x00, 0x00, 0xff, 0xc0, 0x8e, 0x07, 0x00, 0xe2, 0x0f, 0x00,
    0x19, 0x89, 0x04, 0x00, 0x00, 0x00, 0x00, 0x00, 0x00, 0x25, 0x00, 0x00, 0x00, 0xe2, 0x0e, 0x00,
    0x12, 0x88, 0x32, 0x32, 0x80, 0x03, 0x00, 0x00, 0xff, 0xc0, 0x8e, 0x07, 0x00, 0xe2, 0x0f, 0x00,
    0x24, 0x88, 0x33, 0x33, 0x20, 0x00, 0x00, 0x00, 0xff, 0x00, 0x8e, 0x07, 0x00, 0xe2, 0x0f, 0x00,
    0x12, 0x88, 0x16, 0x16, 0x06, 0x00, 0x00, 0x00, 0x0b, 0xf8, 0x8e, 0x07, 0x00, 0xe2, 0x0f, 0x00,
    0x24, 0x88, 0x27, 0x70, 0x00, 0x40, 0x00, 0x00, 0x27, 0x02, 0x8e, 0x07, 0x00, 0xe2, 0x0f, 0x00,
    0x10, 0x82, 0x35, 0x21, 0x21, 0x00, 0x00, 0x00, 0xff, 0xe0, 0xff, 0x07, 0x00, 0xe2, 0x0f, 0x00,
    0x24, 0x88, 0x2f, 0x34, 0x20, 0x00, 0x00, 0x00, 0xff, 0x00, 0x8e, 0x07, 0x00, 0xe2, 0x0f, 0x00,
    0x12, 0x88, 0x34, 0x33, 0x80, 0x03, 0x00, 0x00, 0xff, 0xc0, 0x8e, 0x07, 0x00, 0xe2, 0x0f, 0x00,
    0x24, 0x88, 0x29, 0x70, 0x00, 0x40, 0x00, 0x00, 0x29, 0x02, 0x8e, 0x07, 0x00, 0xe2, 0x0f, 0x04,
    0x10, 0x82, 0x2e, 0x27, 0x2e, 0x00, 0x00, 0x00, 0xff, 0xe0, 0xff, 0x07, 0x00, 0xe2, 0x0f, 0x00,
    0x24, 0x88, 0x2b, 0x70, 0x00, 0x40, 0x00, 0x00, 0x2b, 0x02, 0x8e, 0x07, 0x00, 0xe2, 0x0f, 0x00,
    0x12, 0x88, 0x36, 0x2f, 0x80, 0x03, 0x00, 0x00, 0xff, 0xc0, 0x8e, 0x07, 0x00, 0xe2, 0x0f, 0x00,
    0x25, 0x88, 0x0a, 0x0a, 0x20, 0x00, 0x00, 0x00, 0xff, 0x00, 0x8e, 0x07, 0x00, 0xe2, 0x1f, 0x00,
    0x10, 0x82, 0x30, 0x29, 0x32, 0x00, 0x00, 0x00, 0xff, 0xe0, 0xff, 0x07, 0x00, 0xc4, 0x0f, 0x00,
    0x10, 0x82, 0x37, 0x23, 0x23, 0x00, 0x00, 0x00, 0xff, 0xe0, 0xff, 0x07, 0x00, 0xe4, 0x2f, 0x00,
    0x10, 0x88, 0x32, 0x2b, 0x00, 0x04, 0x00, 0x00, 0x34, 0xe0, 0xff, 0x07, 0x00, 0xe2, 0x0f, 0x00,
    0x24, 0x88, 0x2d, 0x70, 0x00, 0x40, 0x00, 0x00, 0x2d, 0x02, 0x8e, 0x07, 0x00, 0xe2, 0x0f, 0x00,
    0x12, 0x88, 0x0a, 0x0a, 0x06, 0x00, 0x00, 0x00, 0x35, 0xf8, 0x8e, 0x07, 0x00, 0xe2, 0x0f, 0x00,
    0x24, 0x88, 0x27, 0x00, 0x40, 0x00, 0x00, 0x00, 0xff, 0x00, 0x8e, 0x07, 0x00, 0xe2, 0x0f, 0x04,
    0x10, 0x82, 0x35, 0x25, 0x25, 0x00, 0x00, 0x00, 0xff, 0xe0, 0xff, 0x07, 0x00, 0xe2, 0x0f, 0x01,
    0x24, 0x88, 0x2b, 0x23, 0x40, 0x00, 0x00, 0x00, 0xff, 0x00, 0x8e, 0x07, 0x00, 0xe2, 0x0f, 0x00,
    0x10, 0x88, 0x34, 0x2d, 0x00, 0x04, 0x00, 0x00, 0x36, 0xe0, 0xff, 0x07, 0x00, 0xe2, 0x0f, 0x00,
    0x24, 0x88, 0x23, 0x23, 0x20, 0x00, 0x00, 0x00, 0xff, 0x00, 0x8e, 0x07, 0x00, 0xe2, 0x0f, 0x00,
    0x12, 0x88, 0x27, 0x27, 0x00, 0x18, 0x00, 0x00, 0xff, 0xc0, 0x8e, 0x07, 0x00, 0xe2, 0x0f, 0x00,
    0x24, 0x88, 0x00, 0x00, 0x20, 0x00, 0x00, 0x00, 0xff, 0x00, 0x8e, 0x07, 0x00, 0xe2, 0x0f, 0x00,
    0x12, 0x88, 0x1e, 0x1e, 0x06, 0x00, 0x00, 0x00, 0x35, 0xf8, 0x8e, 0x07, 0x00, 0xe2, 0x0f, 0x00,
    0x24, 0x88, 0x2d, 0x25, 0x40, 0x00, 0x00, 0x00, 0xff, 0x00, 0x8e, 0x07, 0x00, 0xe2, 0x0f, 0x00,
    0x12, 0x88, 0x3a, 0x23, 0x80, 0x03, 0x00, 0x00, 0xff, 0xc0, 0x8e, 0x07, 0x00, 0xe2, 0x0f, 0x00,
    0x24, 0x88, 0x25, 0x25, 0x20, 0x00, 0x00, 0x00, 0xff, 0x00, 0x8e, 0x07, 0x00, 0xe2, 0x0f, 0x00,
    0x12, 0x88, 0x00, 0x00, 0x80, 0x03, 0x00, 0x00, 0xff, 0xc0, 0x8e, 0x07, 0x00, 0xe2, 0x0f, 0x00,
    0x24, 0x88, 0x27, 0x70, 0x00, 0x40, 0x00, 0x00, 0x27, 0x02, 0x8e, 0x07, 0x00, 0xe2, 0x0f, 0x04,
    0x12, 0x88, 0x2d, 0x2d, 0x00, 0x18, 0x00, 0x00, 0xff, 0xc0, 0x8e, 0x07, 0x00, 0xe2, 0x0f, 0x00,
    0x24, 0x88, 0x29, 0x21, 0x40, 0x00, 0x00, 0x00, 0xff, 0x00, 0x8e, 0x07, 0x00, 0xe2, 0x0f, 0x00,
    0x02, 0x82, 0x23, 0x00, 0xff, 0x00, 0x00, 0x00, 0x00, 0x0f, 0x00, 0x00, 0x00, 0xe2, 0x0f, 0x00,
    0x02, 0x82, 0x33, 0x00, 0xff, 0x00, 0x00, 0x00, 0x00, 0x0f, 0x00, 0x00, 0x00, 0xe2, 0x0f, 0x00,
    0x02, 0x82, 0x35, 0x00, 0xff, 0x00, 0x00, 0x00, 0x00, 0x0f, 0x00, 0x00, 0x00, 0xe2, 0x0f, 0x00,
    0x12, 0x88, 0x3c, 0x25, 0x80, 0x03, 0x00, 0x00, 0xff, 0xc0, 0x8e, 0x07, 0x00, 0xe2, 0x0f, 0x00,
    0x24, 0x88, 0x2d, 0x70, 0x00, 0x40, 0x00, 0x00, 0x2d, 0x02, 0x8e, 0x07, 0x00, 0xe2, 0x0f, 0x00,
    0x10, 0x82, 0x36, 0x27, 0x00, 0x00, 0x00, 0x00, 0xff, 0xe0, 0xff, 0x07, 0x00, 0xe2, 0x0f, 0x00,
    0x35, 0x82, 0x22, 0x22, 0x06, 0x00, 0x00, 0x00, 0x00, 0x02, 0x8e, 0x07, 0x00, 0xc4, 0x0f, 0x00,
    0x02, 0x82, 0x25, 0x00, 0xff, 0x00, 0x00, 0x00, 0x00, 0x0f, 0x00, 0x00, 0x00, 0xe2, 0x0f, 0x00,
    0x02, 0x82, 0x27, 0x00, 0xff, 0x00, 0x00, 0x00, 0x00, 0x0f, 0x00, 0x00, 0x00, 0xe2, 0x0f, 0x00,
    0x35, 0x82, 0x32, 0x32, 0x12, 0x00, 0x00, 0x00, 0x00, 0x02, 0x8e, 0x07, 0x00, 0xe4, 0x0f, 0x00,
    0x35, 0x82, 0x34, 0x34, 0x10, 0x00, 0x00, 0x00, 0x00, 0x02, 0x8e, 0x07, 0x00, 0xe4, 0x0f, 0x00,
    0x82, 0x9b, 0x06, 0xff, 0x00, 0xe6, 0x00, 0x00, 0x00, 0x0a, 0x00, 0x00, 0x00, 0x22, 0x0e, 0x00,
    0x10, 0x88, 0x3c, 0x2d, 0x00, 0x04, 0x00, 0x00, 0x3c, 0xe0, 0xff, 0x07, 0x00, 0xe2, 0x0f, 0x00,
    0x35, 0x82, 0x0c, 0x24, 0x0c, 0x00, 0x00, 0x00, 0x00, 0x02, 0x8e, 0x07, 0x00, 0xe4, 0x0f, 0x00,
    0x35, 0x82, 0x0e, 0x26, 0x0e, 0x00, 0x00, 0x00, 0x00, 0x02, 0x8e, 0x07, 0x00, 0xc4, 0x0f, 0x00,
    0x02, 0x82, 0x2d, 0x00, 0xff, 0x00, 0x00, 0x00, 0x00, 0x0f, 0x00, 0x00, 0x00, 0xe2, 0x0f, 0x00,
    0x02, 0x82, 0x2f, 0x00, 0xff, 0x00, 0x00, 0x00, 0x00, 0x0f, 0x00, 0x00, 0x00, 0xe2, 0x0f, 0x00,
    0x82, 0x8b, 0x10, 0xff, 0x00, 0xe6, 0x00, 0x00, 0x00, 0x0a, 0x00, 0x00, 0x00, 0x62, 0x0e, 0x00,
    0x25, 0x88, 0x1a, 0x1a, 0x20, 0x00, 0x00, 0x00, 0xff, 0x00, 0x8e, 0x07, 0x00, 0xe2, 0x4f, 0x00,
    0x12, 0x88, 0x2b, 0x2b, 0x00, 0x18, 0x00, 0x00, 0xff, 0xc0, 0x8e, 0x07, 0x00, 0xe2, 0x0f, 0x00,
    0x35, 0x82, 0x18, 0x2c, 0x18, 0x00, 0x00, 0x00, 0x00, 0x02, 0x8e, 0x07, 0x00, 0xe4, 0x0f, 0x00,
    0x24, 0x88, 0x21, 0x21, 0x20, 0x00, 0x00, 0x00, 0xff, 0x00, 0x8e, 0x07, 0x00, 0xe2, 0x0f, 0x00,
    0x12, 0x88, 0x29, 0x29, 0x00, 0x18, 0x00, 0x00, 0xff, 0xc0, 0x8e, 0x07, 0x00, 0xe2, 0x0f, 0x00,
    0x35, 0x82, 0x16, 0x2e, 0x16, 0x00, 0x00, 0x00, 0x00, 0x02, 0x8e, 0x07, 0x00, 0xe4, 0x0f, 0x00,
    0x82, 0x8b, 0x12, 0xff, 0x00, 0xe6, 0x00, 0x00, 0x00, 0x0a, 0x00, 0x00, 0x00, 0xa2, 0x0e, 0x00,
    0x12, 0x88, 0x1a, 0x1a, 0x06, 0x00, 0x00, 0x00, 0x05, 0xf8, 0x8e, 0x07, 0x00, 0xe2, 0x0f, 0x00,
    0x25, 0x88, 0x04, 0x04, 0x20, 0x00, 0x00, 0x00, 0xff, 0x00, 0x8e, 0x07, 0x00, 0xe2, 0x8f, 0x00,
    0x12, 0x88, 0x38, 0x21, 0x80, 0x03, 0x00, 0x00, 0xff, 0xc0, 0x8e, 0x07, 0x00, 0xe2, 0x0f, 0x00,
    0x35, 0x82, 0x1e, 0x3c, 0x1e, 0x00, 0x00, 0x00, 0x00, 0x02, 0x8e, 0x07, 0x00, 0xc4, 0x0f, 0x00,
    0x24, 0x88, 0x2b, 0x70, 0x00, 0x40, 0x00, 0x00, 0x2b, 0x02, 0x8e, 0x07, 0x00, 0xe2, 0x0f, 0x04,
    0x02, 0x92, 0x21, 0x00, 0xff, 0x00, 0x00, 0x00, 0x00, 0x0f, 0x00, 0x00, 0x00, 0xe2, 0x0f, 0x00,
    0x82, 0x8b, 0x24, 0xff, 0x00, 0xe6, 0x00, 0x00, 0x00, 0x0a, 0x00, 0x00, 0x00, 0xe2, 0x0e, 0x00,
    0x24, 0x88, 0x29, 0x70, 0x00, 0x40, 0x00, 0x00, 0x29, 0x02, 0x8e, 0x07, 0x00, 0xe2, 0x0f, 0x00,
    0x12, 0x88, 0x04, 0x04, 0x06, 0x00, 0x00, 0x00, 0x37, 0xf8, 0x8e, 0x07, 0x00, 0xe4, 0x0f, 0x00,
    0x10, 0x88, 0x3a, 0x2b, 0x00, 0x04, 0x00, 0x00, 0x3a, 0xe0, 0xff, 0x07, 0x00, 0xe2, 0x0f, 0x00,
    0x35, 0x92, 0x02, 0x20, 0x02, 0x00, 0x00, 0x00, 0x00, 0x02, 0x8e, 0x07, 0x00, 0xc6, 0x0f, 0x00,
    0x10, 0x82, 0x38, 0x29, 0x38, 0x00, 0x00, 0x00, 0xff, 0xe0, 0xff, 0x07, 0x00, 0xe2, 0x0f, 0x00,
    0x82, 0x8b, 0x26, 0xff, 0x00, 0xe6, 0x00, 0x00, 0x00, 0x0a, 0x00, 0x00, 0x00, 0x22, 0x0f, 0x00,
    0x02, 0x82, 0x37, 0x00, 0xff, 0x00, 0x00, 0x00, 0x00, 0x0f, 0x00, 0x00, 0x00, 0xe2, 0x0f, 0x00,
    0x02, 0x82, 0x29, 0x00, 0xff, 0x00, 0x00, 0x00, 0x00, 0x0f, 0x00, 0x00, 0x00, 0xe2, 0x0f, 0x00,
    0x02, 0x82, 0x2b, 0x00, 0xff, 0x00, 0x00, 0x00, 0x00, 0x0f, 0x00, 0x00, 0x00, 0xe2, 0x0f, 0x00,
    0x35, 0x82, 0x3a, 0x3a, 0x04, 0x00, 0x00, 0x00, 0x00, 0x02, 0x8e, 0x07, 0x00, 0xe4, 0x0f, 0x00,
    0x35, 0x82, 0x20, 0x36, 0x08, 0x00, 0x00, 0x00, 0x00, 0x02, 0x8e, 0x07, 0x00, 0xe4, 0x0f, 0x00,
    0x82, 0x8b, 0x2c, 0xff, 0x00, 0xe6, 0x00, 0x00, 0x00, 0x0a, 0x00, 0x00, 0x00, 0x22, 0x0f, 0x00,
    0x11, 0x92, 0x04, 0x02, 0x06, 0x00, 0x00, 0x00, 0xff, 0x10, 0x84, 0x07, 0x00, 0xe2, 0x1f, 0x00,
    0x35, 0x82, 0x1c, 0x28, 0x1c, 0x00, 0x00, 0x00, 0x00, 0x02, 0x8e, 0x07, 0x00, 0xc4, 0x0f, 0x00,
    0x35, 0x82, 0x1a, 0x2a, 0x1a, 0x00, 0x00, 0x00, 0x00, 0x02, 0x8e, 0x07, 0x00, 0xe4, 0x0f, 0x00,
    0x02, 0x82, 0x31, 0x00, 0xff, 0x00, 0x00, 0x00, 0x00, 0x0f, 0x00, 0x00, 0x00, 0xe2, 0x0f, 0x00,
    0x11, 0x82, 0x08, 0x22, 0x10, 0x00, 0x00, 0x00, 0xff, 0x10, 0x88, 0x07, 0x00, 0xe2, 0x2f, 0x00,
    0x82, 0x8b, 0x2e, 0xff, 0x00, 0xe6, 0x00, 0x00, 0x00, 0x0a, 0x00, 0x00, 0x00, 0x22, 0x0e, 0x00,
    0x11, 0x82, 0x06, 0x0c, 0x12, 0x00, 0x00, 0x00, 0xff, 0x10, 0x86, 0x07, 0x00, 0xe2, 0x4f, 0x00,
    0x35, 0x82, 0x0a, 0x38, 0x0a, 0x00, 0x00, 0x00, 0x00, 0x02, 0x8e, 0x07, 0x00, 0xe4, 0x0f, 0x00,
    0x35, 0x82, 0x30, 0x30, 0x14, 0x00, 0x00, 0x00, 0x00, 0x02, 0x8e, 0x07, 0x00, 0xc6, 0x0f, 0x00,
    0x11, 0x92, 0x05, 0x02, 0x07, 0x00, 0x00, 0x00, 0x03, 0x14, 0x0f, 0x01, 0x00, 0xe2, 0x0f, 0x00,
    0x82, 0x8b, 0x3c, 0xff, 0x00, 0xe6, 0x00, 0x00, 0x00, 0x0a, 0x00, 0x00, 0x00, 0x62, 0x0e, 0x00,
    0x11, 0x82, 0x09, 0x22, 0x11, 0x00, 0x00, 0x00, 0x23, 0x14, 0x0f, 0x02, 0x00, 0xe4, 0x0f, 0x00,
    0x11, 0x82, 0x07, 0x0c, 0x13, 0x00, 0x00, 0x00, 0x0d, 0x14, 0x8f, 0x01, 0x00, 0xe2, 0x0f, 0x00,
    0x05, 0x78, 0x0c, 0x00, 0x00, 0x00, 0x00, 0x00, 0x00, 0xff, 0x01, 0x00, 0x00, 0xe2, 0x0f, 0x00,
    0x11, 0x82, 0x10, 0x1c, 0x24, 0x00, 0x00, 0x00, 0xff, 0x10, 0x86, 0x07, 0x00, 0xe4, 0x8f, 0x00,
    0x11, 0x82, 0x12, 0x1a, 0x26, 0x00, 0x00, 0x00, 0xff, 0x10, 0x88, 0x07, 0x00, 0xe2, 0x0f, 0x01,
    0x82, 0x8b, 0x14, 0xff, 0x00, 0xe6, 0x00, 0x00, 0x00, 0x0a, 0x00, 0x00, 0x00, 0xa2, 0x0e, 0x00,
    0x11, 0x82, 0x11, 0x1c, 0x25, 0x00, 0x00, 0x00, 0x1d, 0x14, 0x8f, 0x01, 0x00, 0xe2, 0x0f, 0x00,
    0x81, 0x89, 0x0c, 0x08, 0x12, 0x00, 0x10, 0x00, 0x00, 0x9b, 0x1e, 0x0c, 0x00, 0x62, 0x0f, 0x00,
    0x11, 0x82, 0x13, 0x1a, 0x27, 0x00, 0x00, 0x00, 0x1b, 0x14, 0x0f, 0x02, 0x00, 0xc4, 0x0f, 0x00,
    0x11, 0x82, 0x2c, 0x30, 0x2c, 0x00, 0x00, 0x00, 0xff, 0x10, 0x86, 0x07, 0x00, 0xe2, 0x0f, 0x00,
    0x02, 0x72, 0x26, 0x00, 0xff, 0x00, 0x00, 0x00, 0x00, 0x0f, 0x00, 0x00, 0x00, 0xe2, 0x0f, 0x00,
    0x11, 0x82, 0x2e, 0x32, 0x2e, 0x00, 0x00, 0x00, 0xff, 0x10, 0x88, 0x07, 0x00, 0xe2, 0x1f, 0x00,
    0x82, 0x8b, 0x2a, 0xff, 0x00, 0xe6, 0x00, 0x00, 0x00, 0x0a, 0x00, 0x00, 0x00, 0x22, 0x0e, 0x00,
    0x11, 0x82, 0x2d, 0x30, 0x2d, 0x00, 0x00, 0x00, 0x31, 0x14, 0x8f, 0x01, 0x00, 0xe4, 0x0f, 0x00,
    0x11, 0x82, 0x2f, 0x32, 0x2f, 0x00, 0x00, 0x00, 0x33, 0x14, 0x0f, 0x02, 0x00, 0xe2, 0x0f, 0x00,
    0x02, 0x72, 0x27, 0x00, 0xff, 0x00, 0x00, 0x00, 0x00, 0x0f, 0x00, 0x00, 0x00, 0xc8, 0x0f, 0x00,
    0x82, 0x8b, 0x28, 0xff, 0x00, 0xe6, 0x00, 0x00, 0x00, 0x0a, 0x00, 0x00, 0x00, 0xe2, 0x0e, 0x00,
    0x11, 0x82, 0x32, 0x0a, 0x3c, 0x00, 0x00, 0x00, 0xff, 0x10, 0x86, 0x07, 0x00, 0xe2, 0x2f, 0x04,
    0x81, 0x99, 0x26, 0x04, 0x12, 0x00, 0x80, 0x00, 0x00, 0x9b, 0x1e, 0x0c, 0x00, 0x6c, 0x0f, 0x00,
    0x82, 0x8b, 0x38, 0xff, 0x00, 0xe6, 0x00, 0x00, 0x00, 0x0a, 0x00, 0x00, 0x00, 0x62, 0x0e, 0x00,
    0x11, 0x82, 0x33, 0x0a, 0x3d, 0x00, 0x00, 0x00, 0x0b, 0x14, 0x8f, 0x01, 0x00, 0xe2, 0x0f, 0x00,
    0x05, 0x78, 0x0a, 0x00, 0x00, 0x00, 0x00, 0x00, 0x00, 0xff, 0x01, 0x00, 0x00, 0xe2, 0x0f, 0x00,
    0x11, 0x82, 0x02, 0x0e, 0x14, 0x00, 0x00, 0x00, 0xff, 0x10, 0x84, 0x07, 0x00, 0xca, 0x4f, 0x00,
    0x82, 0x8b, 0x36, 0xff, 0x00, 0xe6, 0x00, 0x00, 0x00, 0x0a, 0x00, 0x00, 0x00, 0xa2, 0x0e, 0x00,
    0x81, 0x99, 0x0a, 0x04, 0x12, 0x00, 0x00, 0x00, 0x00, 0x9b, 0x1e, 0x0c, 0x00, 0x62, 0x0f, 0x00,
    0x11, 0x82, 0x03, 0x0e, 0x15, 0x00, 0x00, 0x00, 0x0f, 0x14, 0x0f, 0x01, 0x00, 0xe4, 0x0f, 0x00,
    0x11, 0x82, 0x0e, 0x16, 0x2a, 0x00, 0x00, 0x00, 0xff, 0x10, 0x84, 0x07, 0x00, 0xe2, 0x1f, 0x00,
    0x02, 0x72, 0x22, 0x00, 0xff, 0x00, 0x00, 0x00, 0x00, 0x0f, 0x00, 0x00, 0x00, 0xe2, 0x0f, 0x00,
    0x02, 0x72, 0x23, 0x00, 0xff, 0x00, 0x00, 0x00, 0x00, 0x0f, 0x00, 0x00, 0x00, 0xe2, 0x0f, 0x00,
    0x11, 0x82, 0x14, 0x18, 0x28, 0x00, 0x00, 0x00, 0xff, 0x10, 0x8a, 0x07, 0x00, 0xe4, 0x8f, 0x00,
    0x11, 0x82, 0x0f, 0x16, 0x2b, 0x00, 0x00, 0x00, 0x17, 0x14, 0x0f, 0x01, 0x00, 0xe4, 0x0f, 0x00,
    0x11, 0x82, 0x15, 0x18, 0x29, 0x00, 0x00, 0x00, 0x19, 0x14, 0x8f, 0x02, 0x00, 0xe2, 0x0f, 0x00,
    0x81, 0x89, 0x22, 0x10, 0x12, 0x20, 0x80, 0x00, 0x00, 0x9b, 0x1e, 0x0c, 0x00, 0x62, 0x0f, 0x00,
    0x10, 0x78, 0x7a, 0x7e, 0x3f, 0x00, 0x00, 0x00, 0xff, 0xe0, 0xff, 0x07, 0x00, 0xe2, 0x0f, 0x00,
    0x02, 0x72, 0x24, 0x00, 0xff, 0x00, 0x00, 0x00, 0x00, 0x0f, 0x00, 0x00, 0x00, 0xe2, 0x0f, 0x00,
    0x11, 0x82, 0x30, 0x20, 0x38, 0x00, 0x00, 0x00, 0xff, 0x10, 0x84, 0x07, 0x00, 0xe2, 0x2f, 0x00,
    0x02, 0x72, 0x28, 0x00, 0xff, 0x00, 0x00, 0x00, 0x00, 0x0f, 0x00, 0x00, 0x00, 0xe2, 0x0f, 0x00,
    0x02, 0x72, 0x29, 0x00, 0xff, 0x00, 0x00, 0x00, 0x00, 0x0f, 0x00, 0x00, 0x00, 0xc4, 0x0f, 0x00,
    0x11, 0x82, 0x31, 0x20, 0x39, 0x00, 0x00, 0x00, 0x21, 0x14, 0x0f, 0x01, 0x00, 0xe2, 0x0f, 0x00,
    0x02, 0x72, 0x25, 0x00, 0xff, 0x00, 0x00, 0x00, 0x00, 0x0f, 0x00, 0x00, 0x00, 0xe2, 0x0f, 0x00,
    0x11, 0x82, 0x36, 0x34, 0x36, 0x00, 0x00, 0x00, 0xff, 0x10, 0x8a, 0x07, 0x00, 0xe4, 0x4f, 0x04,
    0x81, 0x89, 0x28, 0x12, 0x12, 0x20, 0x00, 0x00, 0x00, 0x9b, 0x1e, 0x0c, 0x00, 0x62, 0x01, 0x00,
    0x02, 0x72, 0x20, 0x00, 0xff, 0x00, 0x00, 0x00, 0x00, 0x0f, 0x00, 0x00, 0x00, 0xe2, 0x0f, 0x00,
    0x02, 0x72, 0x21, 0x00, 0xff, 0x00, 0x00, 0x00, 0x00, 0x0f, 0x00, 0x00, 0x00, 0xe2, 0x0f, 0x00,
    0x11, 0x82, 0x37, 0x34, 0x37, 0x00, 0x00, 0x00, 0x35, 0x14, 0x8f, 0x02, 0x00, 0xe2, 0x0f, 0x00,
    0x05, 0x78, 0x1c, 0x00, 0x00, 0x00, 0x00, 0x00, 0x00, 0xff, 0x01, 0x00, 0x00, 0xe2, 0x0f, 0x00,
    0x11, 0x82, 0x38, 0x1e, 0x40, 0x00, 0x00, 0x00, 0xff, 0x10, 0x8a, 0x07, 0x00, 0xe2, 0x0f, 0x00,
    0x05, 0x78, 0x1a, 0x00, 0x00, 0x00, 0x00, 0x00, 0x00, 0xff, 0x01, 0x00, 0x00, 0xe2, 0x0f, 0x00,
    0x11, 0x82, 0x34, 0x3a, 0x3e, 0x00, 0x00, 0x00, 0xff, 0x10, 0x88, 0x07, 0x00, 0xe2, 0x0f, 0x00,
    0x81, 0x89, 0x20, 0x14, 0x12, 0x20, 0x80, 0x00, 0x00, 0x9b, 0x1e, 0x0c, 0x00, 0x62, 0x03, 0x00,
    0x11, 0x82, 0x39, 0x1e, 0x41, 0x00, 0x00, 0x00, 0x1f, 0x14, 0x8f, 0x02, 0x00, 0xe2, 0x0f, 0x00,
    0x05, 0x78, 0x1e, 0x00, 0x00, 0x00, 0x00, 0x00, 0x00, 0xff, 0x01, 0x00, 0x00, 0xe2, 0x0f, 0x00,
    0x02, 0x72, 0x2a, 0x00, 0xff, 0x00, 0x00, 0x00, 0x00, 0x0f, 0x00, 0x00, 0x00, 0xe2, 0x0f, 0x00,
    0x02, 0x72, 0x2b, 0x00, 0xff, 0x00, 0x00, 0x00, 0x00, 0x0f, 0x00, 0x00, 0x00, 0xe2, 0x0f, 0x00,
    0x05, 0x78, 0x18, 0x00, 0x00, 0x00, 0x00, 0x00, 0x00, 0xff, 0x01, 0x00, 0x00, 0xe2, 0x0f, 0x00,
    0x05, 0x78, 0x16, 0x00, 0x00, 0x00, 0x00, 0x00, 0x00, 0xff, 0x01, 0x00, 0x00, 0xe2, 0x0f, 0x00,
    0x05, 0x78, 0x12, 0x00, 0x00, 0x00, 0x00, 0x00, 0x00, 0xff, 0x01, 0x00, 0x00, 0xe2, 0x1f, 0x00,
    0x05, 0x78, 0x10, 0x00, 0x00, 0x00, 0x00, 0x00, 0x00, 0xff, 0x01, 0x00, 0x00, 0xe2, 0x0f, 0x00,
    0x11, 0x82, 0x35, 0x3a, 0x3f, 0x00, 0x00, 0x00, 0x3b, 0x14, 0x0f, 0x02, 0x00, 0xe2, 0x0f, 0x00,
    0x05, 0x78, 0x14, 0x00, 0x00, 0x00, 0x00, 0x00, 0x00, 0xff, 0x01, 0x00, 0x00, 0xe2, 0x2f, 0x00,
    0x19, 0x78, 0x7a, 0xff, 0x06, 0x00, 0x00, 0x00, 0x7a, 0x14, 0x01, 0x00, 0x00, 0xe2, 0x0f, 0x00,
    0x81, 0x89, 0x24, 0x06, 0x12, 0x00, 0x80, 0x00, 0x00, 0x9b, 0x1e, 0x0c, 0x00, 0x68, 0x01, 0x00,
    0x81, 0x89, 0x2a, 0x02, 0x12, 0x20, 0x00, 0x00, 0x00, 0x9b, 0x1e, 0x0c, 0x00, 0x68, 0x01, 0x00,
    0x81, 0x89, 0x1e, 0x0e, 0x12, 0x40, 0x00, 0x00, 0x00, 0x9b, 0x1e, 0x0c, 0x00, 0x68, 0x01, 0x00,
    0x81, 0x89, 0x1c, 0x2c, 0x12, 0x40, 0x80, 0x00, 0x00, 0x9b, 0x1e, 0x0c, 0x00, 0x68, 0x01, 0x00,
    0x81, 0x89, 0x1a, 0x2e, 0x12, 0x40, 0x00, 0x00, 0x00, 0x9b, 0x1e, 0x0c, 0x00, 0x68, 0x01, 0x00,
    0x81, 0x89, 0x18, 0x36, 0x12, 0x40, 0x80, 0x00, 0x00, 0x9b, 0x1e, 0x0c, 0x00, 0x68, 0x01, 0x00,
    0x81, 0x89, 0x16, 0x30, 0x12, 0x60, 0x00, 0x00, 0x00, 0x9b, 0x1e, 0x0c, 0x00, 0x68, 0x01, 0x00,
    0x81, 0x89, 0x14, 0x32, 0x12, 0x60, 0x80, 0x00, 0x00, 0x9b, 0x1e, 0x0c, 0x00, 0x68, 0x01, 0x00,
    0x81, 0x89, 0x12, 0x34, 0x12, 0x60, 0x00, 0x00, 0x00, 0x9b, 0x1e, 0x0c, 0x00, 0x68, 0x01, 0x00,
    0x81, 0x89, 0x10, 0x38, 0x12, 0x60, 0x80, 0x00, 0x00, 0x9b, 0x1e, 0x0c, 0x00, 0x62, 0x01, 0x00,
    0x0c, 0x72, 0x00, 0x7a, 0xff, 0x00, 0x00, 0x00, 0x70, 0x42, 0xf0, 0x03, 0x00, 0xda, 0x0f, 0x00,
    0x47, 0x89, 0xe4, 0x00, 0x40, 0x00, 0x00, 0x00, 0x00, 0x00, 0x80, 0x03, 0x00, 0xea, 0x1f, 0x00,
    0x19, 0x79, 0x7d, 0x00, 0x00, 0x00, 0x00, 0x00, 0x00, 0x21, 0x00, 0x00, 0x00, 0x22, 0x0e, 0x00,
    0x02, 0x72, 0x03, 0x00, 0xff, 0x00, 0x00, 0x00, 0x00, 0x0f, 0x00, 0x00, 0x00, 0xe2, 0x0f, 0x00,
    0x24, 0x78, 0x02, 0x70, 0x00, 0x40, 0x00, 0x00, 0xff, 0x00, 0x8e, 0x07, 0x00, 0xe2, 0x0f, 0x04,
    0x02, 0x72, 0x79, 0x00, 0xff, 0x00, 0x00, 0x00, 0x00, 0x0f, 0x00, 0x00, 0x00, 0xe2, 0x0f, 0x00,
    0x19, 0x79, 0x85, 0x00, 0x00, 0x00, 0x00, 0x00, 0x00, 0x25, 0x00, 0x00, 0x00, 0x62, 0x0e, 0x00,
    0x24, 0x78, 0x78, 0x70, 0x80, 0x00, 0x00, 0x00, 0xff, 0x00, 0x8e, 0x07, 0x00, 0xe2, 0x0f, 0x00,
    0xc3, 0x79, 0x0c, 0x00, 0x00, 0x00, 0x00, 0x00, 0x00, 0x88, 0x00, 0x00, 0x00, 0xa2, 0x0e, 0x00,
    0xac, 0x77, 0x06, 0xff, 0x00, 0x7b, 0x00, 0x00, 0x00, 0x0a, 0x00, 0x08, 0x00, 0xe2, 0x0e, 0x00,
    0x19, 0x78, 0x7f, 0xff, 0x1f, 0x00, 0x00, 0x00, 0x7e, 0x14, 0x01, 0x00, 0x00, 0xe4, 0x0f, 0x00,
    0x10, 0x78, 0x76, 0x7e, 0xff, 0xff, 0xff, 0xff, 0xff, 0xe0, 0xff, 0x07, 0x00, 0xe2, 0x0f, 0x04,
    0xac, 0x77, 0x08, 0xff, 0x80, 0x7a, 0x00, 0x00, 0x00, 0x08, 0x00, 0x08, 0x00, 0x22, 0x0f, 0x00,
    0x02, 0x72, 0x71, 0x00, 0xff, 0x00, 0x00, 0x00, 0x00, 0x0f, 0x00, 0x00, 0x00, 0xe2, 0x0f, 0x00,
    0x35, 0x78, 0x80, 0x7e, 0xc0, 0xff, 0xff, 0xff, 0x00, 0x02, 0x8e, 0x07, 0x00, 0xc4, 0x0f, 0x00,
    0xac, 0x77, 0x0e, 0xff, 0x00, 0x79, 0x00, 0x00, 0x00, 0x0a, 0x00, 0x08, 0x00, 0x62, 0x0e, 0x00,
    0x35, 0x78, 0x7e, 0x7e, 0xff, 0xff, 0xff, 0xff, 0x00, 0x02, 0x8e, 0x07, 0x00, 0xe4, 0x0f, 0x00,
    0x02, 0x72, 0x87, 0x00, 0xff, 0x00, 0x00, 0x00, 0x00, 0x0f, 0x00, 0x00, 0x00, 0xe2, 0x0f, 0x00,
    0x82, 0x78, 0x0a, 0x00, 0x00, 0x04, 0x00, 0x00, 0x00, 0x00, 0x00, 0x00, 0x00, 0xe2, 0x0f, 0x00,
    0xac, 0x77, 0x22, 0xff, 0x80, 0x7a, 0x00, 0x00, 0x00, 0x08, 0x00, 0x08, 0x00, 0x22, 0x0f, 0x00,
    0xac, 0x77, 0x1a, 0xff, 0x00, 0x7d, 0x00, 0x00, 0x00, 0x08, 0x00, 0x08, 0x00, 0x22, 0x0f, 0x00,
    0xa5, 0x78, 0x04, 0x07, 0x80, 0x00, 0x00, 0x00, 0xff, 0x00, 0x8e, 0x0f, 0x00, 0xe2, 0x8f, 0x00,
    0xa5, 0x78, 0x06, 0x06, 0x80, 0x00, 0x00, 0x00, 0xff, 0x00, 0x8e, 0x0f, 0x00, 0xe2, 0x0f, 0x00,
    0x91, 0x72, 0x0c, 0x0c, 0x0a, 0x00, 0x00, 0x00, 0xff, 0xc0, 0x8e, 0x0f, 0x00, 0xe2, 0x4f, 0x00,
    0xac, 0x77, 0x0d, 0xff, 0x00, 0x7c, 0x00, 0x00, 0x00, 0x08, 0x00, 0x08, 0x00, 0xa2, 0x0e, 0x00,
    0x19, 0x78, 0x77, 0xff, 0x03, 0x00, 0x00, 0x00, 0x7d, 0x16, 0x01, 0x00, 0x00, 0xe2, 0x1f, 0x10,
    0x24, 0x78, 0x0f, 0x7d, 0x40, 0x00, 0x00, 0x00, 0xff, 0x00, 0x8e, 0x07, 0x00, 0xe2, 0x0f, 0x04,
    0x19, 0x78, 0x72, 0xff, 0x06, 0x00, 0x00, 0x00, 0x7d, 0x16, 0x01, 0x00, 0x00, 0xe2, 0x0f, 0x00,
    0x24, 0x78, 0x89, 0x7d, 0x20, 0x00, 0x00, 0x00, 0xff, 0x00, 0x8e, 0x07, 0x00, 0xe2, 0x0f, 0x04,
    0x12, 0x78, 0x07, 0x7d, 0x47, 0x00, 0x00, 0x00, 0xff, 0xc0, 0x8e, 0x07, 0x00, 0xe2, 0x0f, 0x00,
    0x25, 0x78, 0x04, 0x85, 0x20, 0x00, 0x00, 0x00, 0x02, 0x00, 0x8e, 0x07, 0x00, 0xe2, 0x2f, 0x00,
    0x12, 0x78, 0x02, 0x0f, 0x00, 0x18, 0x00, 0x00, 0xff, 0xc0, 0x8e, 0x07, 0x00, 0xe2, 0x0f, 0x00,
    0xac, 0x77, 0x20, 0xff, 0x80, 0x7b, 0x00, 0x00, 0x00, 0x08, 0x00, 0x08, 0x00, 0x22, 0x0e, 0x00,
    0x10, 0x72, 0x00, 0x77, 0x72, 0x00, 0x00, 0x00, 0xff, 0xe0, 0xff, 0x07, 0x00, 0xc4, 0x0f, 0x00,
    0x19, 0x78, 0x86, 0xff, 0x02, 0x00, 0x00, 0x00, 0x7d, 0x16, 0x01, 0x00, 0x00, 0xe2, 0x0f, 0x00,
    0x25, 0x78, 0x84, 0x85, 0x20, 0x00, 0x00, 0x00, 0x78, 0x00, 0x8e, 0x07, 0x00, 0xe2, 0x0f, 0x00,
    0x35, 0x72, 0x04, 0x02, 0x04, 0x00, 0x00, 0x00, 0x00, 0x02, 0x8e, 0x07, 0x00, 0xc6, 0x0f, 0x00,
    0x10, 0x72, 0x2f, 0x7d, 0x7d, 0x00, 0x00, 0x00, 0xff, 0xe0, 0xff, 0x07, 0x00, 0xe2, 0x0f, 0x04,
    0x24, 0x78, 0x00, 0x00, 0x08, 0x00, 0x00, 0x00, 0xff, 0x00, 0x8e, 0x07, 0x00, 0xe2, 0x0f, 0x00,
    0x19, 0x78, 0x02, 0xff, 0x01, 0x00, 0x00, 0x00, 0x7d, 0x16, 0x01, 0x00, 0x00, 0xe2, 0x0f, 0x00,
    0x24, 0x78, 0x03, 0x7d, 0x08, 0x00, 0x00, 0x00, 0xff, 0x00, 0x8e, 0x07, 0x00, 0xe2, 0x0f, 0x04,
    0x12, 0x78, 0x83, 0x86, 0x07, 0x00, 0x00, 0x00, 0xff, 0xc0, 0x8e, 0x07, 0x00, 0xe2, 0x0f, 0x00,
    0x24, 0x78, 0x79, 0x7d, 0x10, 0x00, 0x00, 0x00, 0xff, 0x00, 0x8e, 0x07, 0x00, 0xe2, 0x0f, 0x00,
    0x12, 0x78, 0x09, 0x07, 0x08, 0x00, 0x00, 0x00, 0x00, 0xf8, 0x8e, 0x07, 0x00, 0xe2, 0x0f, 0x00,
    0xac, 0x77, 0x16, 0xff, 0x80, 0x7e, 0x00, 0x00, 0x00, 0x08, 0x00, 0x08, 0x00, 0x62, 0x0e, 0x00,
    0x12, 0x78, 0x00, 0x0f, 0xc0, 0x01, 0x00, 0x00, 0xff, 0xc0, 0x8e, 0x07, 0x00, 0xe4, 0x0f, 0x00,
    0x12, 0x78, 0x82, 0x83, 0x30, 0x00, 0x00, 0x00, 0x02, 0xf8, 0x8e, 0x07, 0x00, 0xe2, 0x0f, 0x00,
    0xac, 0x77, 0x21, 0xff, 0x00, 0x7b, 0x00, 0x00, 0x00, 0x08, 0x00, 0x08, 0x00, 0xe2, 0x0e, 0x00,
    0x12, 0x78, 0x06, 0x00, 0x00, 0x0c, 0x00, 0x00, 0x89, 0xf8, 0x8e, 0x07, 0x00, 0xc4, 0x0f, 0x00,
    0x11, 0x72, 0x00, 0x7d, 0x86, 0x00, 0x00, 0x00, 0xff, 0xd8, 0x8f, 0x07, 0x00, 0xe2, 0x0f, 0x04,
    0xac, 0x77, 0x17, 0xff, 0x80, 0x7d, 0x00, 0x00, 0x00, 0x08, 0x00, 0x08, 0x00, 0x22, 0x0e, 0x00,
    0x11, 0x72, 0x02, 0x7d, 0x02, 0x00, 0x00, 0x00, 0xff, 0xe0, 0x8f, 0x07, 0x00, 0xe4, 0x0f, 0x00,
    0x12, 0x78, 0x88, 0x89, 0x80, 0x03, 0x00, 0x00, 0xff, 0xc0, 0x8e, 0x07, 0x00, 0xe2, 0x0f, 0x00,
    0x24, 0x78, 0x00, 0x00, 0x20, 0x00, 0x00, 0x00, 0xff, 0x00, 0x8e, 0x07, 0x00, 0xe2, 0x0f, 0x00,
    0x02, 0x72, 0x89, 0x00, 0xff, 0x00, 0x00, 0x00, 0x00, 0x0f, 0x00, 0x00, 0x00, 0xe2, 0x0f, 0x00,
    0x24, 0x78, 0x02, 0x02, 0x10, 0x00, 0x00, 0x00, 0xff, 0x00, 0x8e, 0x07, 0x00, 0xe2, 0x0f, 0x00,
    0x12, 0x78, 0x07, 0x06, 0x00, 0x02, 0x00, 0x00, 0x0f, 0xf8, 0x8e, 0x07, 0x00, 0xe2, 0x0f, 0x00,
    0xac, 0x77, 0x18, 0xff, 0x00, 0x76, 0x00, 0x00, 0x00, 0x0a, 0x00, 0x08, 0x00, 0x22, 0x0e, 0x00,
    0x12, 0x78, 0x00, 0x00, 0x20, 0x00, 0x00, 0x00, 0xff, 0xc0, 0x8e, 0x07, 0x00, 0xe2, 0x0f, 0x00,
    0x35, 0x72, 0x88, 0x88, 0x04, 0x00, 0x00, 0x00, 0x00, 0x02, 0x8e, 0x07, 0x00, 0xc4, 0x0f, 0x00,
    0x02, 0x72, 0x83, 0x00, 0xff, 0x00, 0x00, 0x00, 0x00, 0x0f, 0x00, 0x00, 0x00, 0xe2, 0x0f, 0x00,
    0x12, 0x78, 0x02, 0x02, 0x10, 0x00, 0x00, 0x00, 0xff, 0xc0, 0x8e, 0x07, 0x00, 0xe2, 0x0f, 0x00,
    0xac, 0x77, 0x1b, 0xff, 0x00, 0x7a, 0x00, 0x00, 0x00, 0x08, 0x00, 0x08, 0x00, 0x22, 0x0e, 0x00,
    0x12, 0x78, 0x05, 0x00, 0xc0, 0x03, 0x00, 0x00, 0x03, 0xf8, 0x8e, 0x07, 0x00, 0xe4, 0x0f, 0x00,
    0x10, 0x72, 0x00, 0x77, 0x7d, 0x00, 0x00, 0x00, 0xff, 0xe0, 0xff, 0x07, 0x00, 0xe4, 0x0f, 0x08,
    0x11, 0x72, 0x04, 0x7d, 0x7d, 0x00, 0x00, 0x00, 0xff, 0xe0, 0x8f, 0x07, 0x00, 0xe2, 0x0f, 0x00,
    0xac, 0x77, 0x1c, 0xff, 0x00, 0x7e, 0x00, 0x00, 0x00, 0x08, 0x00, 0x08, 0x00, 0x22, 0x0e, 0x00,
    0x12, 0x72, 0x05, 0x05, 0x02, 0x00, 0x00, 0x00, 0xff, 0xfc, 0x8e, 0x07, 0x00, 0xe2, 0x0f, 0x00,
    0x24, 0x78, 0x00, 0x00, 0x10, 0x00, 0x00, 0x00, 0xff, 0x00, 0x8e, 0x07, 0x00, 0xe2, 0x0f, 0x00,
    0x12, 0x78, 0x08, 0x02, 0xc0, 0x03, 0x00, 0x00, 0x0f, 0xf8, 0x8e, 0x07, 0x00, 0xe2, 0x0f, 0x00,
    0x24, 0x78, 0x04, 0x04, 0x08, 0x00, 0x00, 0x00, 0xff, 0x00, 0x8e, 0x07, 0x00, 0xe2, 0x0f, 0x00,
    0x10, 0x72, 0x75, 0x05, 0x05, 0x00, 0x00, 0x00, 0xff, 0xe0, 0xff, 0x07, 0x00, 0xe2, 0x0f, 0x00,
    0x82, 0x7b, 0x02, 0xff, 0x00, 0xff, 0x00, 0x00, 0x00, 0x08, 0x00, 0x00, 0x00, 0x22, 0x0e, 0x00,
    0x12, 0x78, 0x2c, 0x09, 0x10, 0x00, 0x00, 0x00, 0x7d, 0xf4, 0x8e, 0x07, 0x00, 0xe2, 0x0f, 0x00,
    0xac, 0x77, 0x23, 0xff, 0x00, 0x79, 0x00, 0x00, 0x00, 0x08, 0x00, 0x08, 0x00, 0x22, 0x0e, 0x00,
    0x12, 0x78, 0x04, 0x07, 0x08, 0x00, 0x00, 0x00, 0x04, 0xf8, 0x8e, 0x07, 0x00, 0xc4, 0x0f, 0x00,
    0x12, 0x78, 0x75, 0x75, 0x10, 0x00, 0x00, 0x00, 0x00, 0xf8, 0x8e, 0x07, 0x00, 0xe2, 0x0f, 0x00,
    0xac, 0x77, 0x1d, 0xff, 0x00, 0x7f, 0x00, 0x00, 0x00, 0x08, 0x00, 0x08, 0x00, 0x22, 0x0e, 0x00,
    0x12, 0x78, 0x00, 0x2f, 0x06, 0x06, 0x00, 0x00, 0x79, 0xc8, 0x8e, 0x07, 0x00, 0xe2, 0x0f, 0x00,
    0x82, 0x7b, 0x0e, 0xff, 0x00, 0xe4, 0x00, 0x00, 0x00, 0x0a, 0x00, 0x00, 0x00, 0x22, 0x0e, 0x00,
    0x12, 0x78, 0x07, 0x09, 0x10, 0x00, 0x00, 0x00, 0x7d, 0xf8, 0x8e, 0x07, 0x00, 0xe2, 0x0f, 0x00,
    0xac, 0x77, 0x1e, 0xff, 0x00, 0x74, 0x00, 0x00, 0x00, 0x0a, 0x00, 0x08, 0x00, 0x22, 0x0e, 0x00,
    0x12, 0x78, 0x00, 0x00, 0xe0, 0x00, 0x00, 0x00, 0x03, 0xf8, 0x8e, 0x07, 0x00, 0xe4, 0x0f, 0x00,
    0x12, 0x78, 0x09, 0x07, 0x20, 0x00, 0x00, 0x00, 0x7d, 0xf8, 0x8e, 0x07, 0x00, 0xe2, 0x0f, 0x10,
    0xac, 0x77, 0x24, 0xff, 0x00, 0x72, 0x00, 0x00, 0x00, 0x0a, 0x00, 0x08, 0x00, 0x22, 0x0e, 0x00,
    0x12, 0x78, 0x06, 0x00, 0x10, 0x00, 0x00, 0x00, 0x7d, 0xf4, 0x8e, 0x07, 0x00, 0xc4, 0x0f, 0x00,
    0x12, 0x78, 0x05, 0x00, 0x10, 0x00, 0x00, 0x00, 0x7d, 0xf8, 0x8e, 0x07, 0x00, 0xe2, 0x0f, 0x10,
    0xac, 0x77, 0x14, 0xff, 0x00, 0x70, 0x00, 0x00, 0x00, 0x0a, 0x00, 0x08, 0x00, 0x22, 0x0e, 0x00,
    0x12, 0x78, 0x6c, 0x06, 0x08, 0x00, 0x00, 0x00, 0x7d, 0xf8, 0x8e, 0x07, 0x00, 0xe4, 0x0f, 0x14,
    0x12, 0x78, 0x6b, 0x06, 0x08, 0x00, 0x00, 0x00, 0x7d, 0xf4, 0x8e, 0x07, 0x00, 0xe2, 0x0f, 0x00,
    0xa5, 0x78, 0x10, 0x0f, 0x00, 0x40, 0x00, 0x00, 0xff, 0x02, 0x8e, 0x0f, 0x00, 0xe2, 0x0f, 0x00,
    0x12, 0x78, 0x06, 0x04, 0x10, 0x00, 0x00, 0x00, 0x03, 0xf8, 0x8e, 0x07, 0x00, 0xe2, 0x0f, 0x14,
    0xa5, 0x78, 0x08, 0x08, 0x80, 0x00, 0x00, 0x00, 0xff, 0x00, 0x8e, 0x0f, 0x00, 0xe2, 0x0f, 0x01,
    0x12, 0x78, 0x04, 0x04, 0x10, 0x00, 0x00, 0x00, 0x03, 0xf4, 0x8e, 0x07, 0x00, 0xe2, 0x0f, 0x00,
    0xa5, 0x78, 0x0a, 0x0e, 0x80, 0x00, 0x00, 0x00, 0xff, 0x00, 0x8e, 0x0f, 0x00, 0xe2, 0x0f, 0x00,
    0x12, 0x78, 0x6e, 0x05, 0x08, 0x00, 0x00, 0x00, 0x7d, 0xf8, 0x8e, 0x07, 0x00, 0xc4, 0x0f, 0x00,
    0x12, 0x78, 0x2d, 0x07, 0x20, 0x00, 0x00, 0x00, 0x7d, 0xf4, 0x8e, 0x07, 0x00, 0xe4, 0x0f, 0x10,
    0x12, 0x78, 0x05, 0x05, 0x08, 0x00, 0x00, 0x00, 0x7d, 0xf4, 0x8e, 0x07, 0x00, 0xe4, 0x0f, 0x10,
    0x12, 0x78, 0x07, 0x2c, 0x20, 0x00, 0x00, 0x00, 0x7d, 0xf8, 0x8e, 0x07, 0x00, 0xe4, 0x0f, 0x14,
    0x12, 0x78, 0x2e, 0x2c, 0x20, 0x00, 0x00, 0x00, 0x7d, 0xf4, 0x8e, 0x07, 0x00, 0xe4, 0x0f, 0x00,
    0x12, 0x78, 0x6a, 0x06, 0x20, 0x00, 0x00, 0x00, 0x03, 0xf8, 0x8e, 0x07, 0x00, 0xe4, 0x0f, 0x14,
    0x12, 0x78, 0x68, 0x06, 0x20, 0x00, 0x00, 0x00, 0x03, 0xf4, 0x8e, 0x07, 0x00, 0xc4, 0x0f, 0x00,
    0x12, 0x78, 0x69, 0x04, 0x20, 0x00, 0x00, 0x00, 0x03, 0xf8, 0x8e, 0x07, 0x00, 0xe4, 0x0f, 0x14,
    0x12, 0x78, 0x2c, 0x04, 0x20, 0x00, 0x00, 0x00, 0x03, 0xf4, 0x8e, 0x07, 0x00, 0xe4, 0x0f, 0x10,
    0x12, 0x72, 0x72, 0x72, 0x78, 0x00, 0x00, 0x00, 0xff, 0xfc, 0x8e, 0x07, 0x00, 0xe4, 0x0f, 0x00,
    0x12, 0x78, 0x78, 0x78, 0x38, 0x00, 0x00, 0x00, 0x03, 0xf8, 0x8e, 0x07, 0x00, 0xe4, 0x0f, 0x10,
    0x12, 0x78, 0x74, 0x08, 0x20, 0x00, 0x00, 0x00, 0x03, 0xf8, 0x8e, 0x07, 0x00, 0xe4, 0x0f, 0x14,
    0x12, 0x78, 0x73, 0x08, 0x20, 0x00, 0x00, 0x00, 0x03, 0xf4, 0x8e, 0x07, 0x00, 0xc4, 0x0f, 0x00,
    0x12, 0x78, 0x04, 0x84, 0x18, 0x00, 0x00, 0x00, 0x03, 0xf8, 0x8e, 0x07, 0x00, 0xe4, 0x0f, 0x00,
    0x12, 0x78, 0x7c, 0x7d, 0x3f, 0x00, 0x00, 0x00, 0xff, 0xc0, 0x8e, 0x07, 0x00, 0xe4, 0x0f, 0x00,
    0x10, 0x7c, 0x6f, 0x00, 0x0c, 0x00, 0x00, 0x00, 0x00, 0xe0, 0xff, 0x0f, 0x00, 0xe4, 0x0f, 0x00,
    0x10, 0x7c, 0x6d, 0x05, 0x0c, 0x00, 0x00, 0x00, 0x05, 0xe0, 0xff, 0x0f, 0x00, 0xe4, 0x0f, 0x00,
    0x10, 0x7c, 0x03, 0x09, 0x0c, 0x00, 0x00, 0x00, 0x09, 0xe0, 0xff, 0x0f, 0x00, 0xe4, 0x0f, 0x00,
    0x12, 0x78, 0x06, 0x84, 0x06, 0x00, 0x00, 0x00, 0x2f, 0xf8, 0x8e, 0x07, 0x00, 0xc4, 0x0f, 0x00,
    0x10, 0x7c, 0x6e, 0x6e, 0x0c, 0x00, 0x00, 0x00, 0x6e, 0xe0, 0xff, 0x0f, 0x00, 0xe4, 0x0f, 0x00,
    0x10, 0x7c, 0x6c, 0x6c, 0x0c, 0x00, 0x00, 0x00, 0x6c, 0xe0, 0xff, 0x0f, 0x00, 0xe4, 0x0f, 0x00,
    0x10, 0x7c, 0x6b, 0x6b, 0x0c, 0x00, 0x00, 0x00, 0x6b, 0xe0, 0xff, 0x0f, 0x00, 0xe4, 0x0f, 0x00,
    0x12, 0x78, 0x08, 0x88, 0x06, 0x00, 0x00, 0x00, 0x2f, 0xf8, 0x8e, 0x07, 0x00, 0xe4, 0x0f, 0x00,
    0x10, 0x7c, 0x05, 0x2d, 0x0c, 0x00, 0x00, 0x00, 0x2d, 0xe0, 0xff, 0x0f, 0x00, 0xe4, 0x0f, 0x00,
    0x10, 0x7c, 0x07, 0x07, 0x0c, 0x00, 0x00, 0x00, 0x07, 0xe0, 0xff, 0x0f, 0x00, 0xc4, 0x0f, 0x00,
    0x10, 0x7c, 0x09, 0x2e, 0x0c, 0x00, 0x00, 0x00, 0x2e, 0xe0, 0xff, 0x0f, 0x00, 0xe4, 0x0f, 0x00,
    0x10, 0x7c, 0x6a, 0x6a, 0x0c, 0x00, 0x00, 0x00, 0x6a, 0xe0, 0xff, 0x0f, 0x00, 0xe4, 0x0f, 0x00,
    0x10, 0x7c, 0x68, 0x68, 0x0c, 0x00, 0x00, 0x00, 0x68, 0xe0, 0xff, 0x0f, 0x00, 0xe4, 0x0f, 0x00,
    0x10, 0x7c, 0x69, 0x69, 0x0c, 0x00, 0x00, 0x00, 0x69, 0xe0, 0xff, 0x0f, 0x00, 0xe4, 0x0f, 0x00,
    0x10, 0x7c, 0x00, 0x2c, 0x0c, 0x00, 0x00, 0x00, 0x2c, 0xe0, 0xff, 0x0f, 0x00, 0xe2, 0x0f, 0x00,
    0x02, 0x72, 0x7d, 0x00, 0xff, 0x00, 0x00, 0x00, 0x00, 0x0f, 0x00, 0x00, 0x00, 0xce, 0xff, 0x00,
    0x24, 0x78, 0x54, 0x71, 0x40, 0x00, 0x00, 0x00, 0xff, 0x00, 0x8e, 0x07, 0x00, 0xe2, 0x0f, 0x04,
    0x0c, 0x7c, 0x00, 0x70, 0x20, 0x00, 0x00, 0x00, 0x70, 0x62, 0xf8, 0x0b, 0x00, 0xe2, 0x0f, 0x04,
    0x0c, 0x7c, 0x00, 0x70, 0x21, 0x00, 0x00, 0x00, 0x70, 0x62, 0xf2, 0x0b, 0x00, 0xe2, 0x0f, 0x00,
    0x25, 0x78, 0x5c, 0x71, 0x40, 0x00, 0x00, 0x00, 0xff, 0x00, 0x8e, 0x07, 0x00, 0xe4, 0x0f, 0x00,
    0x12, 0x72, 0x33, 0x54, 0x77, 0x00, 0x00, 0x00, 0xff, 0xfc, 0x8e, 0x07, 0x00, 0xe4, 0x0f, 0x08,
    0x10, 0x72, 0x37, 0x86, 0x54, 0x00, 0x00, 0x00, 0xff, 0xe0, 0xff, 0x07, 0x00, 0xe4, 0x0f, 0x00,
    0x12, 0x72, 0x2c, 0x5c, 0x77, 0x00, 0x00, 0x00, 0xff, 0xfc, 0x8e, 0x07, 0x00, 0xe4, 0x0f, 0x00,
    0x10, 0x78, 0x2d, 0x33, 0x10, 0x00, 0x00, 0x00, 0xff, 0xe0, 0xff, 0x07, 0x00, 0xe2, 0x0f, 0x04,
    0x0c, 0x72, 0x00, 0x33, 0x02, 0x00, 0x00, 0x00, 0x70, 0x12, 0x74, 0x06, 0x00, 0xe2, 0x0f, 0x0c,
    0x10, 0x78, 0x2f, 0x33, 0x20, 0x00, 0x00, 0x00, 0xff, 0xe0, 0xff, 0x07, 0x00, 0xe2, 0x0f, 0x00,
    0x0c, 0x72, 0x00, 0x37, 0x02, 0x00, 0x00, 0x00, 0x70, 0x66, 0xf6, 0x00, 0x00, 0xc4, 0x0f, 0x00,
    0x0c, 0x72, 0x00, 0x2d, 0x02, 0x00, 0x00, 0x00, 0x70, 0x12, 0x70, 0x06, 0x00, 0xe2, 0x0f, 0x08,
    0x0c, 0x7c, 0x00, 0x33, 0x16, 0x00, 0x00, 0x00, 0x70, 0x12, 0x74, 0x09, 0x00, 0xe2, 0x0f, 0x00,
    0x0c, 0x72, 0x00, 0x2f, 0x02, 0x00, 0x00, 0x00, 0x70, 0x12, 0x7a, 0x06, 0x00, 0xe2, 0x0f, 0x08,
    0x10, 0x78, 0x33, 0x33, 0x30, 0x00, 0x00, 0x00, 0xff, 0xe0, 0xff, 0x07, 0x00, 0xe2, 0x0f, 0x00,
    0x0c, 0x7c, 0x00, 0x37, 0x17, 0x00, 0x00, 0x00, 0x70, 0x66, 0xf6, 0x09, 0x00, 0xe2, 0x0f, 0x00,
    0x0c, 0x7c, 0x00, 0x2d, 0x16, 0x00, 0x00, 0x00, 0x70, 0x12, 0x70, 0x08, 0x00, 0xe2, 0x0f, 0x00,
    0x02, 0x72, 0x2d, 0x00, 0x5d, 0x00, 0x00, 0x00, 0x00, 0x0f, 0x00, 0x00, 0x00, 0xe2, 0x0f, 0x00,
    0x0c, 0x7c, 0x00, 0x2f, 0x16, 0x00, 0x00, 0x00, 0x70, 0x12, 0xfa, 0x0a, 0x00, 0xe2, 0x0f, 0x00,
    0x0c, 0x72, 0x00, 0x33, 0x02, 0x00, 0x00, 0x00, 0x70, 0x12, 0x78, 0x06, 0x00, 0xe2, 0x0f, 0x00,
    0x10, 0x78, 0x37, 0x37, 0x20, 0x00, 0x00, 0x00, 0xff, 0xe0, 0xff, 0x07, 0x00, 0xc8, 0x0f, 0x00,
    0x0c, 0x7c, 0x00, 0x33, 0x16, 0x00, 0x00, 0x00, 0x70, 0x12, 0x78, 0x0a, 0x00, 0xe2, 0x0f, 0x00,
    0x0c, 0x72, 0x00, 0x37, 0x02, 0x00, 0x00, 0x00, 0x70, 0x66, 0xf2, 0x00, 0x00, 0xe2, 0x0f, 0x00,
    0x24, 0x2c, 0x41, 0x2c, 0x05, 0x00, 0x00, 0x00, 0xff, 0x02, 0x8e, 0x0f, 0x00, 0xe4, 0x0f, 0x04,
    0x02, 0xb2, 0x3c, 0x00, 0x04, 0x00, 0x00, 0x00, 0x00, 0x0f, 0x00, 0x00, 0x00, 0xe2, 0x0f, 0x00,
    0x35, 0x08, 0x30, 0x2c, 0x10, 0x00, 0x00, 0x00, 0x00, 0x02, 0x8e, 0x07, 0x00, 0xe4, 0x0f, 0x04,
    0x02, 0x02, 0x2e, 0x00, 0x78, 0x00, 0x00, 0x00, 0x00, 0x0f, 0x00, 0x00, 0x00, 0xe2, 0x0f, 0x08,
    0x02, 0x02, 0x2f, 0x00, 0xff, 0x00, 0x00, 0x00, 0x00, 0x0f, 0x00, 0x00, 0x00, 0xe2, 0x0f, 0x00,
    0x35, 0x08, 0x34, 0x2c, 0x10, 0x00, 0x00, 0x00, 0x00, 0x02, 0x8e, 0x07, 0x00, 0xe4, 0x0f, 0x00,
    0x24, 0x0c, 0x33, 0x30, 0x05, 0x00, 0x00, 0x00, 0xff, 0x02, 0x8e, 0x0f, 0x00, 0xe2, 0x0f, 0x04,
    0x0c, 0x7c, 0x00, 0x37, 0x17, 0x00, 0x00, 0x00, 0x70, 0x66, 0xf2, 0x08, 0x00, 0xe2, 0x0f, 0x00,
    0x25, 0x0c, 0x2e, 0x30, 0x04, 0x00, 0x00, 0x00, 0x2e, 0x00, 0x8e, 0x0f, 0x00, 0xe2, 0x0f, 0x00,
    0x02, 0x02, 0x30, 0x00, 0x78, 0x00, 0x00, 0x00, 0x00, 0x0f, 0x00, 0x00, 0x00, 0xe2, 0x0f, 0x00,
    0x35, 0x58, 0x3a, 0x2c, 0x20, 0x00, 0x00, 0x00, 0x00, 0x02, 0x8e, 0x07, 0x00, 0xc4, 0x0f, 0x00,
    0x24, 0x0c, 0x49, 0x31, 0x04, 0x00, 0x00, 0x00, 0x33, 0x02, 0x8e, 0x0f, 0x00, 0xe2, 0x0f, 0x00,
    0x02, 0x02, 0x31, 0x00, 0xff, 0x00, 0x00, 0x00, 0x00, 0x0f, 0x00, 0x00, 0x00, 0xe2, 0x0f, 0x00,
    0x24, 0x0c, 0x37, 0x34, 0x05, 0x00, 0x00, 0x00, 0xff, 0x02, 0x8e, 0x0f, 0x00, 0xe2, 0x0f, 0x00,
    0x35, 0x58, 0x32, 0x2c, 0x20, 0x00, 0x00, 0x00, 0x00, 0x02, 0x8e, 0x07, 0x00, 0xe4, 0x0f, 0x04,
    0x35, 0x48, 0x38, 0x2c, 0x30, 0x00, 0x00, 0x00, 0x00, 0x02, 0x8e, 0x07, 0x00, 0xe4, 0x0f, 0x00,
    0x25, 0x0c, 0x30, 0x34, 0x04, 0x00, 0x00, 0x00, 0x30, 0x00, 0x8e, 0x0f, 0x00, 0xe2, 0x0f, 0x00,
    0x02, 0x52, 0x34, 0x00, 0x78, 0x00, 0x00, 0x00, 0x00, 0x0f, 0x00, 0x00, 0x00, 0xe2, 0x0f, 0x00,
    0x35, 0x48, 0x42, 0x2c, 0x30, 0x00, 0x00, 0x00, 0x00, 0x02, 0x8e, 0x07, 0x00, 0xe4, 0x0f, 0x00,
    0x24, 0x0c, 0x53, 0x35, 0x04, 0x00, 0x00, 0x00, 0x37, 0x02, 0x8e, 0x0f, 0x00, 0xe2, 0x0f, 0x00,
    0x02, 0x52, 0x35, 0x00, 0xff, 0x00, 0x00, 0x00, 0x00, 0x0f, 0x00, 0x00, 0x00, 0xe2, 0x0f, 0x00,
    0x24, 0x5c, 0x37, 0x32, 0x05, 0x00, 0x00, 0x00, 0xff, 0x02, 0x8e, 0x0f, 0x00, 0xe2, 0x0f, 0x00,
    0x82, 0x4b, 0x5a, 0xff, 0x00, 0xee, 0x00, 0x00, 0x00, 0x0a, 0x00, 0x00, 0x00, 0x22, 0x0e, 0x00,
    0x24, 0x5c, 0x3f, 0x3a, 0x05, 0x00, 0x00, 0x00, 0xff, 0x02, 0x8e, 0x0f, 0x00, 0xc4, 0x0f, 0x00,
    0x25, 0x5c, 0x34, 0x32, 0x04, 0x00, 0x00, 0x00, 0x34, 0x00, 0x8e, 0x0f, 0x00, 0xe2, 0x0f, 0x00,
    0x02, 0x52, 0x32, 0x00, 0x78, 0x00, 0x00, 0x00, 0x00, 0x0f, 0x00, 0x00, 0x00, 0xc6, 0x0f, 0x00,
    0x24, 0x5c, 0x4b, 0x33, 0x04, 0x00, 0x00, 0x00, 0x37, 0x02, 0x8e, 0x0f, 0x00, 0xe2, 0x0f, 0x00,
    0x02, 0x52, 0x33, 0x00, 0xff, 0x00, 0x00, 0x00, 0x00, 0x0f, 0x00, 0x00, 0x00, 0xe2, 0x0f, 0x00,
    0x24, 0x4c, 0x3d, 0x38, 0x05, 0x00, 0x00, 0x00, 0xff, 0x02, 0x8e, 0x0f, 0x00, 0xe4, 0x0f, 0x00,
    0x24, 0x5c, 0x55, 0x3b, 0x04, 0x00, 0x00, 0x00, 0x3f, 0x02, 0x8e, 0x0f, 0x00, 0xe2, 0x0f, 0x00,
    0x35, 0x72, 0x3e, 0x86, 0x5c, 0x00, 0x00, 0x00, 0x00, 0x02, 0x8e, 0x07, 0x00, 0xe4, 0x0f, 0x00,
    0x25, 0x5c, 0x36, 0x3a, 0x04, 0x00, 0x00, 0x00, 0x32, 0x00, 0x8e, 0x0f, 0x00, 0xe2, 0x0f, 0x00,
    0x02, 0x42, 0x32, 0x00, 0x78, 0x00, 0x00, 0x00, 0x00, 0x0f, 0x00, 0x00, 0x00, 0xe2, 0x0f, 0x08,
    0x02, 0x42, 0x33, 0x00, 0xff, 0x00, 0x00, 0x00, 0x00, 0x0f, 0x00, 0x00, 0x00, 0xe2, 0x0f, 0x00,
    0x02, 0x22, 0x3a, 0x00, 0x78, 0x00, 0x00, 0x00, 0x00, 0x0f, 0x00, 0x00, 0x00, 0xe2, 0x0f, 0x08,
    0x24, 0x4c, 0x4d, 0x39, 0x04, 0x00, 0x00, 0x00, 0x3d, 0x02, 0x8e, 0x0f, 0x00, 0xe2, 0x0f, 0x00,
    0x02, 0x22, 0x39, 0x00, 0xff, 0x00, 0x00, 0x00, 0x00, 0x0f, 0x00, 0x00, 0x00, 0xe2, 0x0f, 0x00,
    0x02, 0x22, 0x3b, 0x00, 0xff, 0x00, 0x00, 0x00, 0x00, 0x0f, 0x00, 0x00, 0x00, 0xe2, 0x0f, 0x00,
    0x25, 0x4c, 0x32, 0x38, 0x04, 0x00, 0x00, 0x00, 0x32, 0x00, 0x8e, 0x0f, 0x00, 0xe2, 0x0f, 0x00,
    0x02, 0x22, 0x38, 0x00, 0x78, 0x00, 0x00, 0x00, 0x00, 0x0f, 0x00, 0x00, 0x00, 0xe2, 0x0f, 0x00,
    0x02, 0xb2, 0x3d, 0x00, 0x85, 0x00, 0x00, 0x00, 0x00, 0x0f, 0x00, 0x00, 0x00, 0xe2, 0x0f, 0x00,
    0x10, 0x52, 0x35, 0x35, 0x4b, 0x00, 0x00, 0x00, 0xff, 0xe0, 0xff, 0x07, 0x00, 0xe2, 0x0f, 0x00,
    0x25, 0x2c, 0x3a, 0x2c, 0x04, 0x00, 0x00, 0x00, 0x3a, 0x00, 0x8e, 0x0f, 0x00, 0xe2, 0x0f, 0x00,
    0x82, 0x0b, 0x4a, 0xff, 0x00, 0xee, 0x00, 0x00, 0x00, 0x0a, 0x00, 0x00, 0x00, 0x62, 0x0e, 0x00,
    0x10, 0x52, 0x37, 0x37, 0x55, 0x00, 0x00, 0x00, 0xff, 0xe0, 0xff, 0x07, 0x00, 0xc4, 0x0f, 0x00,
    0x25, 0x2c, 0x38, 0x2c, 0x04, 0x00, 0x00, 0x00, 0x38, 0x00, 0x8e, 0x0f, 0x00, 0xe2, 0x0f, 0x00,
    0x35, 0x52, 0x34, 0x34, 0x34, 0x00, 0x00, 0x00, 0x00, 0x02, 0x8e, 0x07, 0x00, 0xe4, 0x0f, 0x00,
    0x35, 0x52, 0x36, 0x36, 0x36, 0x00, 0x00, 0x00, 0x00, 0x02, 0x8e, 0x07, 0x00, 0xe4, 0x0f, 0x00,
    0x24, 0x2c, 0x51, 0x2c, 0x05, 0x00, 0x00, 0x00, 0xff, 0x02, 0x8e, 0x0f, 0x00, 0xe4, 0x0f, 0x00,
    0x25, 0xbc, 0x2c, 0x3e, 0x06, 0x00, 0x00, 0x00, 0x3c, 0x00, 0x8e, 0x0f, 0x00, 0xe2, 0x0f, 0x04,
    0x35, 0x98, 0x3c, 0x3e, 0x20, 0x00, 0x00, 0x00, 0x00, 0x02, 0x8e, 0x07, 0x00, 0xc6, 0x0f, 0x00,
    0x24, 0x2c, 0x45, 0x5d, 0x04, 0x00, 0x00, 0x00, 0x41, 0x02, 0x8e, 0x0f, 0x00, 0xe4, 0x0f, 0x04,
    0x24, 0xbc, 0x47, 0x3e, 0x07, 0x00, 0x00, 0x00, 0xff, 0x02, 0x8e, 0x0f, 0x00, 0xe2, 0x0f, 0x00,
    0x02, 0x42, 0x3e, 0x00, 0x78, 0x00, 0x00, 0x00, 0x00, 0x0f, 0x00, 0x00, 0x00, 0xe2, 0x0f, 0x00,
    0x24, 0x2c, 0x51, 0x5d, 0x04, 0x00, 0x00, 0x00, 0x51, 0x02, 0x8e, 0x0f, 0x00, 0xe2, 0x0f, 0x00,
    0x10, 0x22, 0x39, 0x39, 0x45, 0x00, 0x00, 0x00, 0xff, 0xe0, 0xff, 0x07, 0x00, 0xe2, 0x0f, 0x00,
    0x24, 0xbc, 0x4f, 0x3f, 0x06, 0x00, 0x00, 0x00, 0x47, 0x02, 0x8e, 0x0f, 0x00, 0xe2, 0x0f, 0x00,
    0x02, 0x42, 0x3f, 0x00, 0xff, 0x00, 0x00, 0x00, 0x00, 0x0f, 0x00, 0x00, 0x00, 0xe2, 0x0f, 0x00,
    0x24, 0x4c, 0x47, 0x42, 0x05, 0x00, 0x00, 0x00, 0xff, 0x02, 0x8e, 0x0f, 0x00, 0xe2, 0x0f, 0x00,
    0x10, 0x22, 0x3b, 0x3b, 0x51, 0x00, 0x00, 0x00, 0xff, 0xe0, 0xff, 0x07, 0x00, 0xe2, 0x0f, 0x00,
    0x24, 0x9c, 0x45, 0x3c, 0x07, 0x00, 0x00, 0x00, 0xff, 0x02, 0x8e, 0x0f, 0x00, 0xe2, 0x0f, 0x00,
    0x35, 0x22, 0x38, 0x38, 0x38, 0x00, 0x00, 0x00, 0x00, 0x02, 0x8e, 0x07, 0x00, 0xc4, 0x0f, 0x00,
    0x24, 0x4c, 0x57, 0x43, 0x04, 0x00, 0x00, 0x00, 0x47, 0x02, 0x8e, 0x0f, 0x00, 0xe2, 0x0f, 0x00,
    0x35, 0x22, 0x3a, 0x3a, 0x3a, 0x00, 0x00, 0x00, 0x00, 0x02, 0x8e, 0x07, 0x00, 0xe4, 0x0f, 0x00,
    0x24, 0x9c, 0x45, 0x3d, 0x06, 0x00, 0x00, 0x00, 0x45, 0x02, 0x8e, 0x0f, 0x00, 0xe2, 0x0f, 0x00,
    0x10, 0x02, 0x3d, 0x2f, 0x49, 0x00, 0x00, 0x00, 0xff, 0xe0, 0xff, 0x07, 0x00, 0xe2, 0x0f, 0x00,
    0x82, 0x2b, 0x46, 0xff, 0x00, 0xee, 0x00, 0x00, 0x00, 0x0a, 0x00, 0x00, 0x00, 0xa2, 0x0e, 0x00,
    0x25, 0x4c, 0x40, 0x42, 0x04, 0x00, 0x00, 0x00, 0x3e, 0x00, 0x8e, 0x0f, 0x00, 0xe2, 0x0f, 0x00,
    0x02, 0x92, 0x3e, 0x00, 0x04, 0x00, 0x00, 0x00, 0x00, 0x0f, 0x00, 0x00, 0x00, 0xe2, 0x0f, 0x00,
    0x02, 0x92, 0x3f, 0x00, 0x85, 0x00, 0x00, 0x00, 0x00, 0x0f, 0x00, 0x00, 0x00, 0xe2, 0x0f, 0x00,
    0x10, 0xb2, 0x2d, 0x2d, 0x4f, 0x00, 0x00, 0x00, 0xff, 0xe0, 0xff, 0x07, 0x00, 0xc8, 0x0f, 0x00,
    0x82, 0x2b, 0x48, 0xff, 0x00, 0xee, 0x00, 0x00, 0x00, 0x0a, 0x00, 0x00, 0x00, 0xe2, 0x0e, 0x00,
    0x25, 0x9c, 0x42, 0x3c, 0x06, 0x00, 0x00, 0x00, 0x3e, 0x00, 0x8e, 0x0f, 0x00, 0xe2, 0x0f, 0x00,
    0x02, 0x02, 0x3c, 0x00, 0x2e, 0x00, 0x00, 0x00, 0x00, 0x0f, 0x00, 0x00, 0x00, 0xe2, 0x0f, 0x00,
    0x10, 0x02, 0x3f, 0x31, 0x53, 0x00, 0x00, 0x00, 0xff, 0xe0, 0xff, 0x07, 0x00, 0xe4, 0x0f, 0x00,
    0x10, 0x42, 0x31, 0x33, 0x4d, 0x00, 0x00, 0x00, 0xff, 0xe0, 0xff, 0x07, 0x00, 0xe4, 0x0f, 0x00,
    0x10, 0x42, 0x33, 0x41, 0x57, 0x00, 0x00, 0x00, 0xff, 0xe0, 0xff, 0x07, 0x00, 0xe2, 0x0f, 0x00,
    0x02, 0x02, 0x3e, 0x00, 0x30, 0x00, 0x00, 0x00, 0x00, 0x0f, 0x00, 0x00, 0x00, 0xe2, 0x0f, 0x00,
    0x35, 0x02, 0x3c, 0x3c, 0x3c, 0x00, 0x00, 0x00, 0x00, 0x02, 0x8e, 0x07, 0x00, 0xe4, 0x0f, 0x00,
    0x82, 0x0b, 0x4c, 0xff, 0x00, 0xee, 0x00, 0x00, 0x00, 0x0a, 0x00, 0x00, 0x00, 0x22, 0x0f, 0x00,
    0x02, 0x42, 0x30, 0x00, 0x32, 0x00, 0x00, 0x00, 0x00, 0x0f, 0x00, 0x00, 0x00, 0xe2, 0x0f, 0x00,
    0x35, 0x02, 0x4a, 0x3c, 0x4a, 0x00, 0x00, 0x00, 0x00, 0x02, 0x8e, 0x07, 0x00, 0xc6, 0x2f, 0x00,
    0x10, 0x92, 0x2f, 0x43, 0x45, 0x00, 0x00, 0x00, 0xff, 0xe0, 0xff, 0x07, 0x00, 0xe2, 0x0f, 0x00,
    0x02, 0x42, 0x32, 0x00, 0x40, 0x00, 0x00, 0x00, 0x00, 0x0f, 0x00, 0x00, 0x00, 0xe2, 0x0f, 0x00,
    0x02, 0x92, 0x2e, 0x00, 0x42, 0x00, 0x00, 0x00, 0x00, 0x0f, 0x00, 0x00, 0x00, 0xe2, 0x0f, 0x00,
    0x35, 0x22, 0x46, 0x38, 0x46, 0x00, 0x00, 0x00, 0x00, 0x02, 0x8e, 0x07, 0x00, 0xe4, 0x4f, 0x00,
    0x82, 0x5b, 0x4e, 0xff, 0x00, 0xee, 0x00, 0x00, 0x00, 0x0a, 0x00, 0x00, 0x00, 0x62, 0x0e, 0x00,
    0x35, 0x02, 0x3e, 0x3e, 0x3e, 0x00, 0x00, 0x00, 0x00, 0x02, 0x8e, 0x07, 0x00, 0xe4, 0x0f, 0x00,
    0x35, 0x42, 0x58, 0x30, 0x30, 0x00, 0x00, 0x00, 0x00, 0x02, 0x8e, 0x07, 0x00, 0xe4, 0x0f, 0x00,
    0x35, 0x42, 0x32, 0x32, 0x32, 0x00, 0x00, 0x00, 0x00, 0x02, 0x8e, 0x07, 0x00, 0xc4, 0x0f, 0x00,
    0x35, 0x22, 0x48, 0x3a, 0x48, 0x00, 0x00, 0x00, 0x00, 0x02, 0x8e, 0x07, 0x00, 0xe4, 0x8f, 0x00,
    0x82, 0x5b, 0x56, 0xff, 0x00, 0xee, 0x00, 0x00, 0x00, 0x0a, 0x00, 0x00, 0x00, 0xa2, 0x0e, 0x00,
    0x35, 0xb2, 0x5e, 0x2c, 0x2c, 0x00, 0x00, 0x00, 0x00, 0x02, 0x8e, 0x07, 0x00, 0xe4, 0x0f, 0x00,
    0x35, 0x92, 0x60, 0x2e, 0x2e, 0x00, 0x00, 0x00, 0x00, 0x02, 0x8e, 0x07, 0x00, 0xe4, 0x0f, 0x00,
    0x35, 0x42, 0x5a, 0x32, 0x5a, 0x00, 0x00, 0x00, 0x00, 0x02, 0x8e, 0x07, 0x00, 0xe4, 0x1f, 0x00,
    0x35, 0x02, 0x4c, 0x3e, 0x4c, 0x00, 0x00, 0x00, 0x00, 0x02, 0x8e, 0x07, 0x00, 0xe4, 0x0f, 0x01,
    0x82, 0x4b, 0x3a, 0xff, 0x00, 0xee, 0x00, 0x00, 0x00, 0x0a, 0x00, 0x00, 0x00, 0x22, 0x0e, 0x00,
    0x05, 0x78, 0x2c, 0x00, 0x00, 0x00, 0x00, 0x00, 0x00, 0xff, 0x01, 0x00, 0x00, 0xe2, 0x0f, 0x00,
    0x02, 0x72, 0x2e, 0x00, 0xff, 0x00, 0x00, 0x00, 0x00, 0x0f, 0x00, 0x00, 0x00, 0xe2, 0x0f, 0x00,
    0x02, 0x72, 0x2f, 0x00, 0xff, 0x00, 0x00, 0x00, 0x00, 0x0f, 0x00, 0x00, 0x00, 0xe2, 0x0f, 0x00,
    0x02, 0x72, 0x30, 0x00, 0xff, 0x00, 0x00, 0x00, 0x00, 0x0f, 0x00, 0x00, 0x00, 0xe2, 0x0f, 0x00,
    0x02, 0x72, 0x31, 0x00, 0xff, 0x00, 0x00, 0x00, 0x00, 0x0f, 0x00, 0x00, 0x00, 0xe2, 0x0f, 0x00,
    0x35, 0x52, 0x4e, 0x34, 0x4e, 0x00, 0x00, 0x00, 0x00, 0x02, 0x8e, 0x07, 0x00, 0xc4, 0x2f, 0x00,
    0x82, 0xbb, 0x38, 0xff, 0x00, 0xea, 0x00, 0x00, 0x00, 0x0a, 0x00, 0x00, 0x00, 0x62, 0x0e, 0x00,
    0x02, 0x72, 0x32, 0x00, 0xff, 0x00, 0x00, 0x00, 0x00, 0x0f, 0x00, 0x00, 0x00, 0xe2, 0x0f, 0x00,
    0x02, 0x72, 0x33, 0x00, 0xff, 0x00, 0x00, 0x00, 0x00, 0x0f, 0x00, 0x00, 0x00, 0xe2, 0x0f, 0x00,
    0x02, 0x72, 0x34, 0x00, 0xff, 0x00, 0x00, 0x00, 0x00, 0x0f, 0x00, 0x00, 0x00, 0xe2, 0x0f, 0x00,
    0x02, 0x72, 0x35, 0x00, 0xff, 0x00, 0x00, 0x00, 0x00, 0x0f, 0x00, 0x00, 0x00, 0xe2, 0x0f, 0x00,
    0x02, 0x72, 0x3e, 0x00, 0xff, 0x00, 0x00, 0x00, 0x00, 0x0f, 0x00, 0x00, 0x00, 0xe2, 0x0f, 0x00,
    0x02, 0x72, 0x3f, 0x00, 0xff, 0x00, 0x00, 0x00, 0x00, 0x0f, 0x00, 0x00, 0x00, 0xe2, 0x0f, 0x00,
    0x35, 0x52, 0x56, 0x36, 0x56, 0x00, 0x00, 0x00, 0x00, 0x02, 0x8e, 0x07, 0x00, 0xe4, 0x4f, 0x00,
    0x82, 0x9b, 0x3c, 0xff, 0x00, 0xea, 0x00, 0x00, 0x00, 0x0a, 0x00, 0x00, 0x00, 0xa2, 0x0e, 0x00,
    0x05, 0x78, 0x36, 0x00, 0x00, 0x00, 0x00, 0x00, 0x00, 0xff, 0x01, 0x00, 0x00, 0xe2, 0x0f, 0x00,
    0x81, 0x29, 0x2c, 0x46, 0x12, 0x00, 0x00, 0x00, 0x00, 0x9d, 0x1e, 0x0c, 0x00, 0x62, 0x07, 0x02,
    0x05, 0x78, 0x40, 0x00, 0x00, 0x00, 0x00, 0x00, 0x00, 0xff, 0x01, 0x00, 0x00, 0xe2, 0x0f, 0x00,
    0x05, 0x78, 0x42, 0x00, 0x00, 0x00, 0x00, 0x00, 0x00, 0xff, 0x01, 0x00, 0x00, 0xe2, 0x0f, 0x00,
    0x05, 0x78, 0x44, 0x00, 0x00, 0x00, 0x00, 0x00, 0x00, 0xff, 0x01, 0x00, 0x00, 0xe2, 0x0f, 0x00,
    0x81, 0x29, 0x30, 0x48, 0x12, 0x80, 0x00, 0x00, 0x00, 0x9d, 0x1e, 0x0c, 0x00, 0x62, 0x09, 0x00,
    0x35, 0x42, 0x58, 0x58, 0x3a, 0x00, 0x00, 0x00, 0x00, 0x02, 0x8e, 0x07, 0x00, 0xc4, 0x1f, 0x00,
    0x02, 0x72, 0x3a, 0x00, 0xff, 0x00, 0x00, 0x00, 0x00, 0x0f, 0x00, 0x00, 0x00, 0xe2, 0x0f, 0x00,
    0x02, 0x72, 0x3b, 0x00, 0xff, 0x00, 0x00, 0x00, 0x00, 0x0f, 0x00, 0x00, 0x00, 0xe2, 0x0f, 0x00,
    0x81, 0x09, 0x34, 0x4a, 0x12, 0x00, 0x00, 0x00, 0x00, 0x9d, 0x1e, 0x0c, 0x00, 0x62, 0x01, 0x00,
    0x35, 0xb2, 0x5e, 0x5e, 0x38, 0x00, 0x00, 0x00, 0x00, 0x02, 0x8e, 0x07, 0x00, 0xe4, 0x2f, 0x00,
    0x02, 0x72, 0x38, 0x00, 0xff, 0x00, 0x00, 0x00, 0x00, 0x0f, 0x00, 0x00, 0x00, 0xe2, 0x0f, 0x00,
    0x02, 0x72, 0x39, 0x00, 0xff, 0x00, 0x00, 0x00, 0x00, 0x0f, 0x00, 0x00, 0x00, 0xe2, 0x0f, 0x00,
    0x35, 0x92, 0x60, 0x60, 0x3c, 0x00, 0x00, 0x00, 0x00, 0x02, 0x8e, 0x07, 0x00, 0xe4, 0x4f, 0x00,
    0x05, 0x78, 0x3c, 0x00, 0x00, 0x00, 0x00, 0x00, 0x00, 0xff, 0x01, 0x00, 0x00, 0xc6, 0x0f, 0x00,
    0x81, 0x09, 0x38, 0x4c, 0x12, 0x80, 0x00, 0x00, 0x00, 0x9d, 0x1e, 0x0c, 0x00, 0x62, 0x03, 0x00,
    0x05, 0x78, 0x46, 0x00, 0x00, 0x00, 0x00, 0x00, 0x00, 0xff, 0x01, 0x00, 0x00, 0xe2, 0x8f, 0x00,
    0x05, 0x78, 0x48, 0x00, 0x00, 0x00, 0x00, 0x00, 0x00, 0xff, 0x01, 0x00, 0x00, 0xe2, 0x0f, 0x01,
    0x05, 0x78, 0x4a, 0x00, 0x00, 0x00, 0x00, 0x00, 0x00, 0xff, 0x01, 0x00, 0x00, 0xe2, 0x1f, 0x00,
    0x05, 0x78, 0x50, 0x00, 0x00, 0x00, 0x00, 0x00, 0x00, 0xff, 0x01, 0x00, 0x00, 0xe2, 0x0f, 0x00,
    0x81, 0x59, 0x3c, 0x4e, 0x12, 0x00, 0x00, 0x00, 0x00, 0x9d, 0x1e, 0x0c, 0x00, 0x62, 0x01, 0x00,
    0x05, 0x78, 0x52, 0x00, 0x00, 0x00, 0x00, 0x00, 0x00, 0xff, 0x01, 0x00, 0x00, 0xc6, 0x0f, 0x00,
    0x81, 0x59, 0x40, 0x56, 0x12, 0x80, 0x00, 0x00, 0x00, 0x9d, 0x1e, 0x0c, 0x00, 0x62, 0x05, 0x00,
    0x05, 0x78, 0x4c, 0x00, 0x00, 0x00, 0x00, 0x00, 0x00, 0xff, 0x01, 0x00, 0x00, 0xc6, 0x2f, 0x00,
    0x81, 0x49, 0x44, 0x58, 0x12, 0x00, 0x00, 0x00, 0x00, 0x9d, 0x1e, 0x0c, 0x00, 0x62, 0x05, 0x00,
    0x05, 0x78, 0x4e, 0x00, 0x00, 0x00, 0x00, 0x00, 0x00, 0xff, 0x01, 0x00, 0x00, 0xc6, 0x1f, 0x00,
    0x81, 0x49, 0x48, 0x5a, 0x12, 0x80, 0x00, 0x00, 0x00, 0x9d, 0x1e, 0x0c, 0x00, 0x68, 0x05, 0x00,
    0x81, 0xb9, 0x4c, 0x5e, 0x12, 0x00, 0x00, 0x00, 0x00, 0x9d, 0x1e, 0x0c, 0x00, 0x68, 0x05, 0x00,
    0x81, 0x99, 0x50, 0x60, 0x12, 0x00, 0x00, 0x00, 0x00, 0x9d, 0x1e, 0x0c, 0x00, 0x62, 0x05, 0x00,
    0x0c, 0x7c, 0x00, 0x71, 0x0d, 0x00, 0x00, 0x00, 0x70, 0x62, 0xf0, 0x0b, 0x00, 0xca, 0x0f, 0x00,
    0x0c, 0x7c, 0x00, 0x70, 0x0f, 0x00, 0x00, 0x00, 0x70, 0x66, 0x70, 0x08, 0x00, 0xda, 0x0f, 0x00,
    0x47, 0x09, 0x5c, 0x00, 0x00, 0x00, 0x00, 0x00, 0x00, 0x00, 0x80, 0x03, 0x00, 0xea, 0x4f, 0x00,
    0x02, 0x72, 0x56, 0x00, 0x08, 0x00, 0x00, 0x00, 0x00, 0x0f, 0x00, 0x00, 0x00, 0xe2, 0x0f, 0x00,
    0x02, 0x72, 0x57, 0x00, 0x89, 0x00, 0x00, 0x00, 0x00, 0x0f, 0x00, 0x00, 0x00, 0xe2, 0x0f, 0x00,
    0x24, 0x7c, 0x55, 0x71, 0x11, 0x00, 0x00, 0x00, 0xff, 0x02, 0x8e, 0x0f, 0x00, 0xc6, 0x0f, 0x00,
    0x25, 0x7c, 0x58, 0x71, 0x10, 0x00, 0x00, 0x00, 0x56, 0x00, 0x8e, 0x0f, 0x00, 0xca, 0x0f, 0x00,
    0x10, 0x72, 0x55, 0x59, 0x55, 0x00, 0x00, 0x00, 0xff, 0xe0, 0xff, 0x07, 0x00, 0xe4, 0x0f, 0x00,
    0x11, 0x7c, 0x56, 0x58, 0x14, 0x00, 0x00, 0x00, 0xff, 0x10, 0x80, 0x0f, 0x00, 0xc8, 0x0f, 0x00,
    0x11, 0x7c, 0x57, 0x58, 0x15, 0x00, 0x00, 0x00, 0x55, 0x14, 0x0f, 0x08, 0x00, 0xca, 0x0f, 0x00,
    0x86, 0x79, 0x00, 0x56, 0x0a, 0x00, 0x00, 0x00, 0x12, 0x1b, 0x10, 0x0c, 0x00, 0xe8, 0x01, 0x00,
    0x86, 0x79, 0x00, 0x56, 0x26, 0x00, 0x80, 0x00, 0x12, 0x1b, 0x10, 0x0c, 0x00, 0xe8, 0x01, 0x00,
    0x86, 0x79, 0x00, 0x56, 0x0c, 0x00, 0x10, 0x00, 0x12, 0x1b, 0x10, 0x0c, 0x00, 0xe8, 0x01, 0x00,
    0x86, 0x79, 0x00, 0x56, 0x24, 0x00, 0x90, 0x00, 0x12, 0x1b, 0x10, 0x0c, 0x00, 0xe8, 0x01, 0x00,
    0x86, 0x79, 0x00, 0x56, 0x2a, 0x20, 0x00, 0x00, 0x12, 0x1b, 0x10, 0x0c, 0x00, 0xe8, 0x01, 0x00,
    0x86, 0x79, 0x00, 0x56, 0x22, 0x20, 0x80, 0x00, 0x12, 0x1b, 0x10, 0x0c, 0x00, 0xe8, 0x01, 0x00,
    0x86, 0x79, 0x00, 0x56, 0x28, 0x20, 0x10, 0x00, 0x12, 0x1b, 0x10, 0x0c, 0x00, 0xe8, 0x01, 0x00,
    0x86, 0x79, 0x00, 0x56, 0x20, 0x20, 0x90, 0x00, 0x12, 0x1b, 0x10, 0x0c, 0x00, 0xe8, 0x01, 0x00,
    0x86, 0x79, 0x00, 0x56, 0x1e, 0x40, 0x00, 0x00, 0x12, 0x1b, 0x10, 0x0c, 0x00, 0xe8, 0x01, 0x00,
    0x86, 0x79, 0x00, 0x56, 0x1c, 0x40, 0x80, 0x00, 0x12, 0x1b, 0x10, 0x0c, 0x00, 0xe8, 0x01, 0x00,
    0x86, 0x79, 0x00, 0x56, 0x1a, 0x40, 0x10, 0x00, 0x12, 0x1b, 0x10, 0x0c, 0x00, 0xe8, 0x01, 0x00,
    0x86, 0x79, 0x00, 0x56, 0x18, 0x40, 0x90, 0x00, 0x12, 0x1b, 0x10, 0x0c, 0x00, 0xe8, 0x01, 0x00,
    0x86, 0x79, 0x00, 0x56, 0x16, 0x60, 0x00, 0x00, 0x12, 0x1b, 0x10, 0x0c, 0x00, 0xe8, 0x01, 0x00,
    0x86, 0x79, 0x00, 0x56, 0x14, 0x60, 0x80, 0x00, 0x12, 0x1b, 0x10, 0x0c, 0x00, 0xe8, 0x01, 0x00,
    0x86, 0x79, 0x00, 0x56, 0x12, 0x60, 0x10, 0x00, 0x12, 0x1b, 0x10, 0x0c, 0x00, 0xe8, 0x01, 0x00,
    0x86, 0x79, 0x00, 0x56, 0x10, 0x60, 0x90, 0x00, 0x12, 0x1b, 0x10, 0x0c, 0x00, 0xe4, 0x01, 0x00,
    0x1d, 0x7b, 0x00, 0x00, 0x00, 0x00, 0x00, 0x00, 0x00, 0x00, 0x01, 0x00, 0x00, 0xe2, 0x0f, 0x00,
    0x3e, 0x72, 0x5f, 0x0b, 0x0a, 0x00, 0x00, 0x00, 0xff, 0x10, 0x00, 0x00, 0x00, 0xca, 0x0f, 0x00,
    0x45, 0x79, 0x00, 0x00, 0x30, 0x0c, 0x00, 0x00, 0x00, 0x02, 0x80, 0x03, 0x00, 0xe2, 0x0f, 0x00,
    0x88, 0x79, 0x00, 0x75, 0x2c, 0x00, 0x60, 0x00, 0x0c, 0x0c, 0x00, 0x08, 0x00, 0xe8, 0x03, 0x02,
    0x88, 0x79, 0x00, 0x75, 0x30, 0x00, 0x40, 0x00, 0x0c, 0x0c, 0x00, 0x08, 0x00, 0xe8, 0x05, 0x00,
    0x88, 0x79, 0x00, 0x75, 0x34, 0x00, 0x68, 0x00, 0x0c, 0x0c, 0x00, 0x08, 0x00, 0xe8, 0x07, 0x00,
    0x88, 0x79, 0x00, 0x75, 0x38, 0x00, 0x48, 0x00, 0x0c, 0x0c, 0x00, 0x08, 0x00, 0xe8, 0x0f, 0x00,
    0x88, 0x79, 0x00, 0x75, 0x3c, 0x00, 0x70, 0x00, 0x0c, 0x0c, 0x00, 0x08, 0x00, 0xe2, 0x0f, 0x00,
    0x3e, 0x72, 0x2d, 0x27, 0x26, 0x00, 0x00, 0x00, 0xff, 0x10, 0x00, 0x00, 0x00, 0xc4, 0x2f, 0x00,
    0x3e, 0x72, 0x2f, 0x0d, 0x0c, 0x00, 0x00, 0x00, 0xff, 0x10, 0x00, 0x00, 0x00, 0xe2, 0x0f, 0x00,
    0x88, 0x79, 0x00, 0x75, 0x40, 0x00, 0x50, 0x00, 0x0c, 0x0c, 0x00, 0x08, 0x00, 0xe2, 0x0f, 0x00,
    0x3e, 0x72, 0x31, 0x25, 0x24, 0x00, 0x00, 0x00, 0xff, 0x10, 0x00, 0x00, 0x00, 0xe4, 0x4f, 0x00,
    0x3e, 0x72, 0x2c, 0x2b, 0x2a, 0x00, 0x00, 0x00, 0xff, 0x10, 0x00, 0x00, 0x00, 0xe2, 0x0f, 0x00,
    0x88, 0x79, 0x00, 0x75, 0x44, 0x00, 0x78, 0x00, 0x0c, 0x0c, 0x00, 0x08, 0x00, 0xe2, 0x0f, 0x00,
    0x3e, 0x72, 0x2e, 0x23, 0x22, 0x00, 0x00, 0x00, 0xff, 0x10, 0x00, 0x00, 0x00, 0xe4, 0x0f, 0x00,
    0x3e, 0x72, 0x30, 0x29, 0x28, 0x00, 0x00, 0x00, 0xff, 0x10, 0x00, 0x00, 0x00, 0xe2, 0x0f, 0x00,
    0x88, 0x79, 0x00, 0x75, 0x48, 0x00, 0x58, 0x00, 0x0c, 0x0c, 0x00, 0x08, 0x00, 0xe2, 0x03, 0x00,
    0x3e, 0x72, 0x32, 0x21, 0x20, 0x00, 0x00, 0x00, 0xff, 0x10, 0x00, 0x00, 0x00, 0xc4, 0x0f, 0x00,
    0x3e, 0x72, 0x33, 0x1f, 0x1e, 0x00, 0x00, 0x00, 0xff, 0x10, 0x00, 0x00, 0x00, 0xe2, 0x0f, 0x00,
    0x88, 0x79, 0x00, 0x79, 0x4c, 0x00, 0xa0, 0x00, 0x0c, 0x0c, 0x00, 0x08, 0x00, 0xe2, 0x05, 0x00,
    0x3e, 0x72, 0x35, 0x1d, 0x1c, 0x00, 0x00, 0x00, 0xff, 0x10, 0x00, 0x00, 0x00, 0xe4, 0x8f, 0x00,
    0x3e, 0x72, 0x34, 0x17, 0x16, 0x00, 0x00, 0x00, 0xff, 0x10, 0x00, 0x00, 0x00, 0xe2, 0x0f, 0x00,
    0x88, 0x79, 0x00, 0x79, 0x50, 0x00, 0xa8, 0x00, 0x0c, 0x0c, 0x00, 0x08, 0x00, 0xe2, 0x0f, 0x00,
    0x3e, 0x72, 0x36, 0x15, 0x14, 0x00, 0x00, 0x00, 0xff, 0x10, 0x00, 0x00, 0x00, 0xe2, 0x0f, 0x00,
    0x1d, 0x7b, 0x00, 0x00, 0x00, 0x00, 0x00, 0x00, 0x00, 0x00, 0x01, 0x00, 0x00, 0xe2, 0x0f, 0x00,
    0x3e, 0x72, 0x48, 0x13, 0x12, 0x00, 0x00, 0x00, 0xff, 0x10, 0x00, 0x00, 0x00, 0xe4, 0x2f, 0x00,
    0x3e, 0x72, 0x4c, 0x11, 0x10, 0x00, 0x00, 0x00, 0xff, 0x10, 0x00, 0x00, 0x00, 0xc6, 0x4f, 0x00,
    0x84, 0x79, 0x5b, 0x6f, 0x00, 0x00, 0xa0, 0x00, 0x00, 0x08, 0x00, 0x00, 0x00, 0xe8, 0x0f, 0x00,
    0x84, 0x79, 0x5a, 0x6f, 0x00, 0x00, 0xa2, 0x00, 0x00, 0x08, 0x00, 0x00, 0x00, 0xe8, 0x0f, 0x00,
    0x84, 0x79, 0x59, 0x6f, 0x00, 0x10, 0xa0, 0x00, 0x00, 0x08, 0x00, 0x00, 0x00, 0xe8, 0x0f, 0x00,
    0x84, 0x79, 0x58, 0x6f, 0x00, 0x10, 0xa2, 0x00, 0x00, 0x08, 0x00, 0x00, 0x00, 0xe8, 0x0f, 0x00,
    0x84, 0x79, 0x57, 0x6f, 0x00, 0x20, 0xa0, 0x00, 0x00, 0x08, 0x00, 0x00, 0x00, 0xe8, 0x1f, 0x00,
    0x84, 0x79, 0x56, 0x6f, 0x00, 0x20, 0xa2, 0x00, 0x00, 0x08, 0x00, 0x00, 0x00, 0xe8, 0x0f, 0x00,
    0x84, 0x79, 0x55, 0x6f, 0x00, 0x30, 0xa0, 0x00, 0x00, 0x08, 0x00, 0x00, 0x00, 0xe8, 0x0f, 0x00,
    0x84, 0x79, 0x50, 0x6f, 0x00, 0x30, 0xa2, 0x00, 0x00, 0x08, 0x00, 0x00, 0x00, 0xe8, 0x0f, 0x00,
    0x88, 0x73, 0x00, 0x6e, 0x2d, 0x00, 0x80, 0x00, 0x00, 0x08, 0x00, 0x00, 0x00, 0xe8, 0x01, 0x00,
    0x88, 0x73, 0x00, 0x6e, 0x31, 0x00, 0x82, 0x00, 0x00, 0x08, 0x00, 0x00, 0x00, 0xe8, 0x03, 0x00,
    0x88, 0x73, 0x00, 0x6e, 0x5f, 0x00, 0x90, 0x00, 0x00, 0x08, 0x00, 0x00, 0x00, 0xe2, 0x0f, 0x00,
    0x3e, 0x72, 0x2d, 0x1b, 0x1a, 0x00, 0x00, 0x00, 0xff, 0x10, 0x00, 0x00, 0x00, 0xc6, 0x1f, 0x00,
    0x88, 0x73, 0x00, 0x6e, 0x2f, 0x00, 0x92, 0x00, 0x00, 0x08, 0x00, 0x00, 0x00, 0xe2, 0x0f, 0x00,
    0x3e, 0x72, 0x31, 0x19, 0x18, 0x00, 0x00, 0x00, 0xff, 0x10, 0x00, 0x00, 0x00, 0xc6, 0x2f, 0x00,
    0x88, 0x73, 0x00, 0x6d, 0x2c, 0x00, 0x90, 0x00, 0x00, 0x08, 0x00, 0x00, 0x00, 0xe8, 0x0f, 0x00,
    0x88, 0x73, 0x00, 0x6d, 0x2e, 0x00, 0x80, 0x00, 0x00, 0x08, 0x00, 0x00, 0x00, 0xe8, 0x0f, 0x00,
    0x88, 0x73, 0x00, 0x6d, 0x30, 0x00, 0x92, 0x00, 0x00, 0x08, 0x00, 0x00, 0x00, 0xe8, 0x0f, 0x00,
    0x88, 0x73, 0x00, 0x6d, 0x32, 0x00, 0x82, 0x00, 0x00, 0x08, 0x00, 0x00, 0x00, 0xe8, 0x0f, 0x00,
    0x88, 0x73, 0x00, 0x6c, 0x33, 0x00, 0x90, 0x00, 0x00, 0x08, 0x00, 0x00, 0x00, 0xe8, 0x0f, 0x00,
    0x88, 0x73, 0x00, 0x6c, 0x35, 0x00, 0x80, 0x00, 0x00, 0x08, 0x00, 0x00, 0x00, 0xe8, 0x0f, 0x00,
    0x88, 0x73, 0x00, 0x6c, 0x2d, 0x00, 0x92, 0x00, 0x00, 0x08, 0x00, 0x00, 0x00, 0xe8, 0x0f, 0x00,
    0x88, 0x73, 0x00, 0x6c, 0x31, 0x00, 0x82, 0x00, 0x00, 0x08, 0x00, 0x00, 0x00, 0xe8, 0x0f, 0x00,
    0x88, 0x73, 0x00, 0x6b, 0x34, 0x00, 0x90, 0x00, 0x00, 0x08, 0x00, 0x00, 0x00, 0xe8, 0x0f, 0x00,
    0x88, 0x73, 0x00, 0x6b, 0x36, 0x00, 0x80, 0x00, 0x00, 0x08, 0x00, 0x00, 0x00, 0xe8, 0x0f, 0x00,
    0x88, 0x73, 0x00, 0x6b, 0x48, 0x00, 0x92, 0x00, 0x00, 0x08, 0x00, 0x00, 0x00, 0xe8, 0x0f, 0x00,
    0x88, 0x73, 0x00, 0x6b, 0x4c, 0x00, 0x82, 0x00, 0x00, 0x08, 0x00, 0x00, 0x00, 0xe2, 0x0f, 0x00,
    0x1d, 0x7b, 0x00, 0x00, 0x00, 0x00, 0x00, 0x00, 0x00, 0x00, 0x01, 0x00, 0x00, 0xec, 0x0f, 0x00,
    0x3b, 0x78, 0x40, 0x6a, 0x00, 0x00, 0x60, 0x00, 0x00, 0x02, 0x00, 0x00, 0x00, 0xe8, 0x0f, 0x00,
    0x3b, 0x78, 0x2c, 0x74, 0x0c, 0x00, 0x90, 0x00, 0x00, 0x42, 0x00, 0x08, 0x00, 0x28, 0x0e, 0x00,
    0x3b, 0x78, 0x44, 0x73, 0x0c, 0x00, 0x90, 0x00, 0x00, 0x42, 0x00, 0x08, 0x00, 0x68, 0x0e, 0x00,
    0x3b, 0x78, 0x3c, 0x69, 0x00, 0x00, 0x60, 0x00, 0x00, 0x02, 0x00, 0x00, 0x00, 0xe8, 0x0f, 0x00,
    0x3b, 0x78, 0x30, 0x74, 0x0c, 0x00, 0x94, 0x00, 0x00, 0x42, 0x00, 0x08, 0x00, 0xa8, 0x0e, 0x00,
    0x3b, 0x78, 0x34, 0x73, 0x0c, 0x00, 0x94, 0x00, 0x00, 0x42, 0x00, 0x08, 0x00, 0xe8, 0x0e, 0x00,
    0x3b, 0x78, 0x4c, 0x74, 0x0c, 0x00, 0x98, 0x00, 0x00, 0x42, 0x00, 0x08, 0x00, 0xe2, 0x0f, 0x00,
    0x3c, 0x72, 0x38, 0x40, 0x2c, 0x00, 0x00, 0x00, 0xff, 0x18, 0x04, 0x00, 0x00, 0xde, 0x1f, 0x00,
    0x18, 0x79, 0x00, 0x00, 0x00, 0x00, 0x00, 0x00, 0x00, 0x00, 0x00, 0x00, 0x00, 0xe2, 0x0f, 0x00,
    0x3c, 0x72, 0x2c, 0x40, 0x2e, 0x00, 0x00, 0x00, 0xff, 0x18, 0x04, 0x00, 0x00, 0xde, 0x0f, 0x00,
    0x18, 0x79, 0x00, 0x00, 0x00, 0x00, 0x00, 0x00, 0x00, 0x00, 0x00, 0x00, 0x00, 0xe2, 0x0f, 0x00,
    0x3c, 0x72, 0x48, 0x40, 0x44, 0x00, 0x00, 0x00, 0xff, 0x18, 0x04, 0x00, 0x00, 0xde, 0x2f, 0x00,
    0x18, 0x79, 0x00, 0x00, 0x00, 0x00, 0x00, 0x00, 0x00, 0x00, 0x00, 0x00, 0x00, 0xe2, 0x0f, 0x00,
    0x3c, 0x72, 0x40, 0x40, 0x46, 0x00, 0x00, 0x00, 0xff, 0x18, 0x04, 0x00, 0x00, 0xe2, 0x0f, 0x00,
    0x3b, 0x78, 0x44, 0x68, 0x00, 0x00, 0x60, 0x00, 0x00, 0x02, 0x00, 0x00, 0x00, 0x1e, 0x0e, 0x00,
    0x3c, 0x72, 0x38, 0x3c, 0x30, 0x00, 0x00, 0x00, 0x38, 0x18, 0x04, 0x00, 0x00, 0xde, 0x4f, 0x00,
    0x18, 0x79, 0x00, 0x00, 0x00, 0x00, 0x00, 0x00, 0x00, 0x00, 0x00, 0x00, 0x00, 0xe2, 0x0f, 0x00,
    0x3c, 0x72, 0x30, 0x3c, 0x32, 0x00, 0x00, 0x00, 0x2c, 0x18, 0x04, 0x00, 0x00, 0xe2, 0x0f, 0x00,
    0x3b, 0x78, 0x2c, 0x73, 0x0c, 0x00, 0x98, 0x00, 0x00, 0x42, 0x00, 0x08, 0x00, 0x5e, 0x0e, 0x00,
    0x3c, 0x72, 0x48, 0x3c, 0x34, 0x00, 0x00, 0x00, 0x48, 0x18, 0x04, 0x00, 0x00, 0xde, 0x8f, 0x00,
    0x18, 0x79, 0x00, 0x00, 0x00, 0x00, 0x00, 0x00, 0x00, 0x00, 0x00, 0x00, 0x00, 0xe2, 0x0f, 0x00,
    0x3c, 0x72, 0x3c, 0x3c, 0x36, 0x00, 0x00, 0x00, 0x40, 0x18, 0x04, 0x00, 0x00, 0xe2, 0x0f, 0x00,
    0x3b, 0x78, 0x34, 0x00, 0x00, 0x00, 0x60, 0x00, 0x00, 0x02, 0x00, 0x00, 0x00, 0xe8, 0x0f, 0x00,
    0x3b, 0x78, 0x40, 0x74, 0x0c, 0x00, 0x9c, 0x00, 0x00, 0x42, 0x00, 0x08, 0x00, 0xb6, 0x0e, 0x00,
    0x3c, 0x72, 0x38, 0x44, 0x4c, 0x00, 0x00, 0x00, 0x38, 0x18, 0x04, 0x00, 0x00, 0xde, 0x1f, 0x00,
    0x18, 0x79, 0x00, 0x00, 0x00, 0x00, 0x00, 0x00, 0x00, 0x00, 0x00, 0x00, 0x00, 0xe2, 0x0f, 0x00,
    0x3c, 0x72, 0x30, 0x44, 0x4e, 0x00, 0x00, 0x00, 0x30, 0x18, 0x04, 0x00, 0x00, 0xe2, 0x0f, 0x00,
    0x3b, 0x78, 0x4c, 0x73, 0x0c, 0x00, 0x9c, 0x00, 0x00, 0x42, 0x00, 0x08, 0x00, 0x1e, 0x0e, 0x00,
    0x3c, 0x72, 0x48, 0x44, 0x2c, 0x00, 0x00, 0x00, 0x48, 0x18, 0x04, 0x00, 0x00, 0xde, 0x2f, 0x00,
    0x18, 0x79, 0x00, 0x00, 0x00, 0x00, 0x00, 0x00, 0x00, 0x00, 0x00, 0x00, 0x00, 0xe2, 0x0f, 0x00,
    0x3c, 0x72, 0x44, 0x44, 0x2e, 0x00, 0x00, 0x00, 0x3c, 0x18, 0x04, 0x00, 0x00, 0xe2, 0x0f, 0x00,
    0x3b, 0x78, 0x2c, 0x6a, 0x00, 0x00, 0x40, 0x00, 0x00, 0x02, 0x00, 0x00, 0x00, 0xe8, 0x0f, 0x00,
    0x3b, 0x78, 0x3c, 0x74, 0x0c, 0x00, 0x80, 0x00, 0x00, 0x42, 0x00, 0x08, 0x00, 0x76, 0x0e, 0x00,
    0x3c, 0x72, 0x38, 0x34, 0x40, 0x00, 0x00, 0x00, 0x38, 0x18, 0x04, 0x00, 0x00, 0xde, 0x4f, 0x00,
    0x18, 0x79, 0x00, 0x00, 0x00, 0x00, 0x00, 0x00, 0x00, 0x00, 0x00, 0x00, 0x00, 0xe2, 0x0f, 0x00,
    0x3c, 0x72, 0x40, 0x34, 0x42, 0x00, 0x00, 0x00, 0x30, 0x18, 0x04, 0x00, 0x00, 0xe2, 0x0f, 0x00,
    0x3b, 0x78, 0x30, 0x73, 0x0c, 0x00, 0x80, 0x00, 0x00, 0x42, 0x00, 0x08, 0x00, 0x9e, 0x0e, 0x00,
    0x3c, 0x72, 0x48, 0x34, 0x4c, 0x00, 0x00, 0x00, 0x48, 0x18, 0x04, 0x00, 0x00, 0xde, 0x1f, 0x00,
    0x18, 0x79, 0x00, 0x00, 0x00, 0x00, 0x00, 0x00, 0x00, 0x00, 0x00, 0x00, 0x00, 0xe2, 0x0f, 0x00,
    0x3c, 0x72, 0x38, 0x2c, 0x3c, 0x00, 0x00, 0x00, 0x38, 0x18, 0x04, 0x00, 0x00, 0xde, 0x2f, 0x00,
    0x18, 0x79, 0x00, 0x00, 0x00, 0x00, 0x00, 0x00, 0x00, 0x00, 0x00, 0x00, 0x00, 0xe2, 0x0f, 0x00,
    0x3c, 0x72, 0x34, 0x34, 0x4e, 0x00, 0x00, 0x00, 0x44, 0x18, 0x04, 0x00, 0x00, 0xe2, 0x0f, 0x00,
    0x3b, 0x78, 0x44, 0x74, 0x0c, 0x00, 0x84, 0x00, 0x00, 0x42, 0x00, 0x08, 0x00, 0xe8, 0x0f, 0x00,
    0x3b, 0x78, 0x4c, 0x73, 0x0c, 0x00, 0x84, 0x00, 0x00, 0x42, 0x00, 0x08, 0x00, 0xf6, 0x0f, 0x00,
    0x3c, 0x72, 0x3c, 0x2c, 0x3e, 0x00, 0x00, 0x00, 0x40, 0x18, 0x04, 0x00, 0x00, 0xe2, 0x0f, 0x00,
    0x3b, 0x78, 0x40, 0x69, 0x00, 0x00, 0x40, 0x00, 0x00, 0x02, 0x00, 0x00, 0x00, 0x1e, 0x0e, 0x00,
    0x3c, 0x72, 0x48, 0x2c, 0x30, 0x00, 0x00, 0x00, 0x48, 0x18, 0x04, 0x00, 0x00, 0xde, 0x4f, 0x00,
    0x18, 0x79, 0x00, 0x00, 0x00, 0x00, 0x00, 0x00, 0x00, 0x00, 0x00, 0x00, 0x00, 0xe2, 0x0f, 0x00,
    0x3c, 0x72, 0x34, 0x2c, 0x32, 0x00, 0x00, 0x00, 0x34, 0x18, 0x04, 0x00, 0x00, 0xe2, 0x0f, 0x00,
    0x3b, 0x78, 0x2c, 0x68, 0x00, 0x00, 0x40, 0x00, 0x00, 0x02, 0x00, 0x00, 0x00, 0xe8, 0x0f, 0x00,
    0x3b, 0x78, 0x30, 0x74, 0x0c, 0x00, 0x88, 0x00, 0x00, 0x42, 0x00, 0x08, 0x00, 0x76, 0x0e, 0x00,
    0x3c, 0x72, 0x38, 0x40, 0x44, 0x00, 0x00, 0x00, 0x38, 0x18, 0x04, 0x00, 0x00, 0xde, 0x1f, 0x00,
    0x18, 0x79, 0x00, 0x00, 0x00, 0x00, 0x00, 0x00, 0x00, 0x00, 0x00, 0x00, 0x00, 0xe2, 0x0f, 0x00,
    0x3c, 0x72, 0x3c, 0x40, 0x46, 0x00, 0x00, 0x00, 0x3c, 0x18, 0x04, 0x00, 0x00, 0xe2, 0x0f, 0x00,
    0x3b, 0x78, 0x44, 0x73, 0x0c, 0x00, 0x88, 0x00, 0x00, 0x42, 0x00, 0x08, 0x00, 0x1e, 0x0e, 0x00,
    0x3c, 0x72, 0x48, 0x40, 0x4c, 0x00, 0x00, 0x00, 0x48, 0x18, 0x04, 0x00, 0x00, 0xde, 0x0f, 0x00,
    0x18, 0x79, 0x00, 0x00, 0x00, 0x00, 0x00, 0x00, 0x00, 0x00, 0x00, 0x00, 0x00, 0xe2, 0x0f, 0x00,
    0x3c, 0x72, 0x34, 0x40, 0x4e, 0x00, 0x00, 0x00, 0x34, 0x18, 0x04, 0x00, 0x00, 0xe2, 0x0f, 0x00,
    0x3b, 0x78, 0x40, 0x00, 0x00, 0x00, 0x40, 0x00, 0x00, 0x02, 0x00, 0x00, 0x00, 0xe8, 0x0f, 0x00,
    0x3b, 0x78, 0x4c, 0x74, 0x0c, 0x00, 0x8c, 0x00, 0x00, 0x42, 0x00, 0x08, 0x00, 0xb6, 0x0e, 0x00,
    0x3c, 0x72, 0x38, 0x2c, 0x30, 0x00, 0x00, 0x00, 0x38, 0x18, 0x04, 0x00, 0x00, 0xde, 0x2f, 0x00,
    0x18, 0x79, 0x00, 0x00, 0x00, 0x00, 0x00, 0x00, 0x00, 0x00, 0x00, 0x00, 0x00, 0xe2, 0x0f, 0x00,
    0x3c, 0x72, 0x3c, 0x2c, 0x32, 0x00, 0x00, 0x00, 0x3c, 0x18, 0x04, 0x00, 0x00, 0xe2, 0x0f, 0x00,
    0x3b, 0x78, 0x30, 0x73, 0x0c, 0x00, 0x8c, 0x00, 0x00, 0x42, 0x00, 0x08, 0x00, 0x5e, 0x0e, 0x00,
    0x3c, 0x72, 0x48, 0x2c, 0x44, 0x00, 0x00, 0x00, 0x48, 0x18, 0x04, 0x00, 0x00, 0xf0, 0x1f, 0x00,
    0x02, 0x72, 0x44, 0x00, 0x06, 0x00, 0x00, 0x00, 0x00, 0x0f, 0x00, 0x00, 0x00, 0xe2, 0x0f, 0x00,
    0x02, 0x72, 0x45, 0x00, 0x85, 0x00, 0x00, 0x00, 0x00, 0x0f, 0x00, 0x00, 0x00, 0xce, 0x0f, 0x00,
    0x3c, 0x72, 0x34, 0x2c, 0x46, 0x00, 0x00, 0x00, 0x34, 0x18, 0x04, 0x00, 0x00, 0xf0, 0x0f, 0x00,
    0x10, 0x78, 0x2f, 0x54, 0x40, 0x00, 0x00, 0x00, 0xff, 0xe0, 0xff, 0x07, 0x00, 0xe2, 0x0f, 0x00,
    0x35, 0x72, 0x2c, 0x82, 0x5c, 0x00, 0x00, 0x00, 0x00, 0x02, 0x8e, 0x07, 0x00, 0xc6, 0x0f, 0x00,
    0x10, 0x78, 0x47, 0x54, 0x3f, 0x00, 0x00, 0x00, 0xff, 0xe0, 0xff, 0x07, 0x00, 0xe4, 0x0f, 0x00,
    0x16, 0x78, 0x46, 0x5b, 0x32, 0x76, 0x00, 0x00, 0x46, 0x00, 0x00, 0x00, 0x00, 0xe2, 0x0f, 0x04,
    0x24, 0x78, 0x5b, 0x5b, 0x00, 0x00, 0x01, 0x00, 0xff, 0x00, 0x8e, 0x07, 0x00, 0xe2, 0x0f, 0x00,
    0x0c, 0x72, 0x00, 0x2f, 0x02, 0x00, 0x00, 0x00, 0x70, 0x42, 0xf2, 0x03, 0x00, 0xe2, 0x0f, 0x00,
    0x35, 0x78, 0x2e, 0x2c, 0x08, 0x00, 0x00, 0x00, 0x00, 0x02, 0x8e, 0x07, 0x00, 0xe4, 0x0f, 0x00,
    0x3c, 0x72, 0x38, 0x40, 0x4c, 0x00, 0x00, 0x00, 0x38, 0x18, 0x04, 0x00, 0x00, 0xe2, 0x4f, 0x00,
    0x24, 0x78, 0x46, 0x46, 0x00, 0x00, 0x01, 0x00, 0xff, 0x00, 0x8e, 0x07, 0x00, 0xe2, 0x0f, 0x00,
    0x0c, 0x78, 0x00, 0x02, 0x01, 0x00, 0x00, 0x00, 0x70, 0x12, 0xf0, 0x00, 0x00, 0xe2, 0x0f, 0x00,
    0x07, 0x72, 0x47, 0x76, 0x47, 0x00, 0x00, 0x00, 0x00, 0x00, 0x80, 0x00, 0x00, 0xc8, 0x0f, 0x00,
    0x0c, 0x7c, 0x00, 0x70, 0x1b, 0x00, 0x00, 0x00, 0x70, 0x66, 0x70, 0x08, 0x00, 0xe2, 0x0f, 0x00,
    0x24, 0x7c, 0x4d, 0x2c, 0x09, 0x00, 0x00, 0x00, 0xff, 0x02, 0x8e, 0x0f, 0x00, 0xc8, 0x0f, 0x00,
    0x24, 0x7c, 0x4d, 0x2d, 0x08, 0x00, 0x00, 0x00, 0x4d, 0x02, 0x8e, 0x0f, 0x00, 0xe2, 0x0f, 0x00,
    0x0c, 0x7c, 0x00, 0x47, 0x1c, 0x00, 0x00, 0x00, 0x70, 0x66, 0x70, 0x08, 0x00, 0xc6, 0x0f, 0x00,
    0x3c, 0x72, 0x3c, 0x40, 0x4e, 0x00, 0x00, 0x00, 0x3c, 0x18, 0x04, 0x00, 0x00, 0xf0, 0x0f, 0x00,
    0x24, 0x7c, 0x4f, 0x2e, 0x09, 0x00, 0x00, 0x00, 0xff, 0x02, 0x8e, 0x0f, 0x00, 0xc8, 0x0f, 0x00,
    0x24, 0x7c, 0x4f, 0x2f, 0x08, 0x00, 0x00, 0x00, 0x4f, 0x02, 0x8e, 0x0f, 0x00, 0xe4, 0x0f, 0x00,
    0x21, 0x72, 0x38, 0x5b, 0x38, 0x00, 0x00, 0x80, 0x00, 0x00, 0x00, 0x00, 0x00, 0xe2, 0x0f, 0x00,
    0x21, 0x72, 0x39, 0x46, 0x39, 0x00, 0x00, 0x80, 0x00, 0x00, 0x00, 0x00, 0x00, 0xe2, 0x0f, 0x00,
    0x3c, 0x72, 0x48, 0x40, 0x30, 0x00, 0x00, 0x00, 0x48, 0x18, 0x04, 0x00, 0x00, 0xf0, 0x2f, 0x00,
    0x25, 0x7c, 0x30, 0x2c, 0x08, 0x00, 0x00, 0x00, 0x44, 0x00, 0x8e, 0x0f, 0x00, 0xc8, 0x0f, 0x00,
    0x25, 0x7c, 0x44, 0x2e, 0x08, 0x00, 0x00, 0x00, 0x44, 0x00, 0x8e, 0x0f, 0x00, 0xe2, 0x0f, 0x00,
    0x10, 0x72, 0x31, 0x31, 0x4d, 0x00, 0x00, 0x00, 0xff, 0xe0, 0xff, 0x07, 0x00, 0xc6, 0x0f, 0x00,
    0x3c, 0x72, 0x34, 0x40, 0x32, 0x00, 0x00, 0x00, 0x34, 0x18, 0x04, 0x00, 0x00, 0xe2, 0x0f, 0x00,
    0x10, 0x72, 0x45, 0x45, 0x4f, 0x00, 0x00, 0x00, 0xff, 0xe0, 0xff, 0x07, 0x00, 0xca, 0x0f, 0x00,
    0x35, 0x72, 0x44, 0x44, 0x44, 0x00, 0x00, 0x00, 0x00, 0x02, 0x8e, 0x07, 0x00, 0xe4, 0x0f, 0x00,
    0x24, 0x78, 0x33, 0x5a, 0x00, 0x00, 0x01, 0x00, 0xff, 0x00, 0x8e, 0x07, 0x00, 0xe2, 0x0f, 0x04,
    0x16, 0x78, 0x32, 0x5a, 0x32, 0x76, 0x00, 0x00, 0x32, 0x00, 0x00, 0x00, 0x00, 0xe2, 0x0f, 0x00,
    0x24, 0x78, 0x41, 0x56, 0x00, 0x00, 0x01, 0x00, 0xff, 0x00, 0x8e, 0x07, 0x00, 0xe2, 0x0f, 0x00,
    0x16, 0x78, 0x40, 0x59, 0x32, 0x76, 0x00, 0x00, 0x40, 0x00, 0x00, 0x00, 0x00, 0xe2, 0x0f, 0x00,
    0x21, 0x72, 0x3a, 0x33, 0x3a, 0x00, 0x00, 0x80, 0x00, 0x00, 0x00, 0x00, 0x00, 0xe2, 0x0f, 0x00,
    0x24, 0x78, 0x33, 0x58, 0x00, 0x00, 0x01, 0x00, 0xff, 0x00, 0x8e, 0x07, 0x00, 0xe2, 0x0f, 0x00,
    0x10, 0x72, 0x43, 0x82, 0x54, 0x00, 0x00, 0x00, 0xff, 0xe0, 0xff, 0x07, 0x00, 0xe2, 0x0f, 0x00,
    0x24, 0x78, 0x32, 0x32, 0x00, 0x00, 0x01, 0x00, 0xff, 0x00, 0x8e, 0x07, 0x00, 0xe4, 0x0f, 0x00,
    0x21, 0x72, 0x4a, 0x41, 0x4a, 0x00, 0x00, 0x80, 0x00, 0x00, 0x00, 0x00, 0x00, 0xe2, 0x0f, 0x00,
    0x24, 0x78, 0x40, 0x40, 0x00, 0x00, 0x01, 0x00, 0xff, 0x00, 0x8e, 0x07, 0x00, 0xc4, 0x0f, 0x00,
    0x21, 0x72, 0x3e, 0x33, 0x3e, 0x00, 0x00, 0x80, 0x00, 0x00, 0x00, 0x00, 0x00, 0xe2, 0x0f, 0x00,
    0x21, 0x72, 0x3b, 0x32, 0x3b, 0x00, 0x00, 0x80, 0x00, 0x00, 0x00, 0x00, 0x00, 0xe2, 0x0f, 0x00,
    0x16, 0x78, 0x32, 0x58, 0x32, 0x76, 0x00, 0x00, 0x32, 0x00, 0x00, 0x00, 0x00, 0xe2, 0x0f, 0x00,
    0x21, 0x72, 0x3d, 0x40, 0x3d, 0x00, 0x00, 0x80, 0x00, 0x00, 0x00, 0x00, 0x00, 0xe2, 0x0f, 0x00,
    0x16, 0x78, 0x33, 0x56, 0x32, 0x76, 0x00, 0x00, 0x33, 0x00, 0x00, 0x00, 0x00, 0xe2, 0x0f, 0x00,
    0x24, 0x78, 0x59, 0x59, 0x00, 0x00, 0x01, 0x00, 0xff, 0x00, 0x8e, 0x07, 0x00, 0xe2, 0x0f, 0x00,
    0x16, 0x78, 0x40, 0x57, 0x32, 0x76, 0x00, 0x00, 0x40, 0x00, 0x00, 0x00, 0x00, 0xe2, 0x0f, 0x00,
    0x24, 0x78, 0x32, 0x32, 0x00, 0x00, 0x01, 0x00, 0xff, 0x00, 0x8e, 0x07, 0x00, 0xe2, 0x0f, 0x00,
    0x0c, 0x72, 0x00, 0x43, 0x02, 0x00, 0x00, 0x00, 0x70, 0x62, 0xf4, 0x03, 0x00, 0xe2, 0x0f, 0x04,
    0x10, 0x78, 0x47, 0x43, 0x08, 0x00, 0x00, 0x00, 0xff, 0xe0, 0xff, 0x07, 0x00, 0xe2, 0x0f, 0x00,
    0x24, 0x78, 0x57, 0x57, 0x00, 0x00, 0x01, 0x00, 0xff, 0x00, 0x8e, 0x07, 0x00, 0xc4, 0x0f, 0x00,
    0x21, 0x72, 0x3f, 0x32, 0x3f, 0x00, 0x00, 0x80, 0x00, 0x00, 0x00, 0x00, 0x00, 0xe2, 0x0f, 0x00,
    0x24, 0x78, 0x32, 0x33, 0x00, 0x00, 0x01, 0x00, 0xff, 0x00, 0x8e, 0x07, 0x00, 0xe2, 0x0f, 0x00,
    0x16, 0x78, 0x33, 0x55, 0x32, 0x76, 0x00, 0x00, 0x33, 0x00, 0x00, 0x00, 0x00, 0xe2, 0x0f, 0x00,
    0x24, 0x78, 0x40, 0x40, 0x00, 0x00, 0x01, 0x00, 0xff, 0x00, 0x8e, 0x07, 0x00, 0xe4, 0x0f, 0x00,
    0x21, 0x72, 0x3c, 0x59, 0x3c, 0x00, 0x00, 0x80, 0x00, 0x00, 0x00, 0x00, 0x00, 0xe2, 0x0f, 0x00,
    0x21, 0x72, 0x4b, 0x32, 0x4b, 0x00, 0x00, 0x80, 0x00, 0x00, 0x00, 0x00, 0x00, 0xe2, 0x0f, 0x00,
    0x24, 0x78, 0x55, 0x55, 0x00, 0x00, 0x01, 0x00, 0xff, 0x00, 0x8e, 0x07, 0x00, 0xe4, 0x0f, 0x00,
    0x21, 0x72, 0x49, 0x40, 0x49, 0x00, 0x00, 0x80, 0x00, 0x00, 0x00, 0x00, 0x00, 0xe2, 0x0f, 0x00,
    0x24, 0x78, 0x32, 0x33, 0x00, 0x00, 0x01, 0x00, 0xff, 0x00, 0x8e, 0x07, 0x00, 0xe2, 0x0f, 0x00,
    0x16, 0x78, 0x40, 0x50, 0x32, 0x76, 0x00, 0x00, 0x40, 0x00, 0x00, 0x00, 0x00, 0xe2, 0x0f, 0x04,
    0x24, 0x78, 0x33, 0x50, 0x00, 0x00, 0x01, 0x00, 0xff, 0x00, 0x8e, 0x07, 0x00, 0xc4, 0x0f, 0x00,
    0x21, 0x72, 0x48, 0x57, 0x48, 0x00, 0x00, 0x80, 0x00, 0x00, 0x00, 0x00, 0x00, 0xe2, 0x0f, 0x00,
    0x21, 0x72, 0x35, 0x32, 0x35, 0x00, 0x00, 0x80, 0x00, 0x00, 0x00, 0x00, 0x00, 0xe2, 0x0f, 0x00,
    0x21, 0x72, 0x34, 0x55, 0x34, 0x00, 0x00, 0x80, 0x00, 0x00, 0x00, 0x00, 0x00, 0xe2, 0x0f, 0x00,
    0x21, 0x72, 0x36, 0x33, 0x36, 0x00, 0x00, 0x80, 0x00, 0x00, 0x00, 0x00, 0x00, 0xe2, 0x0f, 0x00,
    0x35, 0x72, 0x32, 0x30, 0x30, 0x00, 0x00, 0x00, 0x00, 0x02, 0x8e, 0x07, 0x00, 0xe4, 0x0f, 0x00,
    0x24, 0x78, 0x40, 0x40, 0x00, 0x00, 0x01, 0x00, 0xff, 0x00, 0x8e, 0x07, 0x00, 0xe2, 0x0f, 0x00,
    0x35, 0x7c, 0x30, 0x44, 0x18, 0x00, 0x00, 0x00, 0x00, 0x02, 0x8e, 0x0f, 0x00, 0xe4, 0x0f, 0x00,
    0x35, 0x7c, 0x32, 0x32, 0x18, 0x00, 0x00, 0x00, 0x00, 0x02, 0x8e, 0x0f, 0x00, 0xe4, 0x0f, 0x00,
    0x21, 0x72, 0x37, 0x40, 0x37, 0x00, 0x00, 0x80, 0x00, 0x00, 0x00, 0x00, 0x00, 0xe2, 0x0f, 0x00,
    0x0c, 0x72, 0x00, 0x43, 0x02, 0x00, 0x00, 0x00, 0x70, 0x62, 0xf6, 0x03, 0x00, 0xe2, 0x0f, 0x08,
    0x0c, 0x72, 0x00, 0x47, 0x02, 0x00, 0x00, 0x00, 0x70, 0x62, 0xf8, 0x03, 0x00, 0xe2, 0x0f, 0x00,
    0x47, 0x29, 0x10, 0x00, 0x00, 0x00, 0x00, 0x00, 0x00, 0x00, 0x80, 0x03, 0x00, 0xd8, 0x0f, 0x00,
    0x0c, 0x7c, 0x00, 0x43, 0x1a, 0x00, 0x00, 0x00, 0x70, 0x62, 0xf2, 0x0b, 0x00, 0xe2, 0x0f, 0x00,
    0x3e, 0x72, 0x41, 0x39, 0x38, 0x00, 0x00, 0x00, 0xff, 0x10, 0x00, 0x00, 0x00, 0xc8, 0x0f, 0x00,
    0x0c, 0x7c, 0x00, 0x70, 0x22, 0x00, 0x00, 0x00, 0x70, 0x66, 0xf2, 0x08, 0x00, 0xda, 0x0f, 0x00,
    0x86, 0x99, 0x00, 0x32, 0x41, 0x00, 0x00, 0x00, 0x12, 0x19, 0x10, 0x0c, 0x00, 0xe4, 0x01, 0x00,
    0x41, 0x79, 0x00, 0x00, 0x00, 0x00, 0x00, 0x00, 0x00, 0x02, 0x80, 0x03, 0x00, 0xea, 0x0f, 0x00,
    0x45, 0x79, 0x00, 0x00, 0x60, 0x00, 0x00, 0x00, 0x00, 0x02, 0x80, 0x03, 0x00, 0xe8, 0x0f, 0x00,
    0x47, 0x49, 0x10, 0x00, 0x00, 0x00, 0x00, 0x00, 0x00, 0x00, 0x80, 0x03, 0x00, 0xea, 0x0f, 0x00,
    0x0c, 0x7c, 0x00, 0x47, 0x1a, 0x00, 0x00, 0x00, 0x70, 0x62, 0xf2, 0x0b, 0x00, 0xe2, 0x0f, 0x00,
    0x3e, 0x72, 0x41, 0x3b, 0x3a, 0x00, 0x00, 0x00, 0xff, 0x10, 0x00, 0x00, 0x00, 0xc8, 0x1f, 0x00,
    0x0c, 0x7c, 0x00, 0x70, 0x22, 0x00, 0x00, 0x00, 0x70, 0x66, 0xf2, 0x08, 0x00, 0xda, 0x0f, 0x00,
    0x86, 0x99, 0x00, 0x30, 0x41, 0x00, 0x00, 0x00, 0x12, 0x19, 0x10, 0x0c, 0x00, 0xe4, 0x03, 0x00,
    0x41, 0x79, 0x00, 0x00, 0x00, 0x00, 0x00, 0x00, 0x00, 0x02, 0x80, 0x03, 0x00, 0xea, 0x0f, 0x00,
    0x45, 0x79, 0x00, 0x00, 0x60, 0x00, 0x00, 0x00, 0x00, 0x02, 0x80, 0x03, 0x00, 0xe8, 0x0f, 0x00,
    0x47, 0x29, 0x10, 0x00, 0x00, 0x00, 0x00, 0x00, 0x00, 0x00, 0x80, 0x03, 0x00, 0xea, 0x0f, 0x00,
    0x0c, 0x7c, 0x00, 0x43, 0x1a, 0x00, 0x00, 0x00, 0x70, 0x62, 0xf2, 0x0b, 0x00, 0xe2, 0x0f, 0x00,
    0x3e, 0x72, 0x41, 0x3d, 0x3c, 0x00, 0x00, 0x00, 0xff, 0x10, 0x00, 0x00, 0x00, 0xc8, 0x3f, 0x00,
    0x0c, 0x7c, 0x00, 0x70, 0x22, 0x00, 0x00, 0x00, 0x70, 0x66, 0xf2, 0x08, 0x00, 0xda, 0x0f, 0x00,
    0x86, 0x99, 0x00, 0x32, 0x41, 0x10, 0x00, 0x00, 0x12, 0x19, 0x10, 0x0c, 0x00, 0xe4, 0x05, 0x00,
    0x41, 0x79, 0x00, 0x00, 0x00, 0x00, 0x00, 0x00, 0x00, 0x02, 0x80, 0x03, 0x00, 0xea, 0x0f, 0x00,
    0x45, 0x79, 0x00, 0x00, 0x60, 0x00, 0x00, 0x00, 0x00, 0x02, 0x80, 0x03, 0x00, 0xe8, 0x0f, 0x00,
    0x47, 0x49, 0x10, 0x00, 0x00, 0x00, 0x00, 0x00, 0x00, 0x00, 0x80, 0x03, 0x00, 0xea, 0x0f, 0x00,
    0x0c, 0x7c, 0x00, 0x47, 0x1a, 0x00, 0x00, 0x00, 0x70, 0x62, 0xf2, 0x0b, 0x00, 0xe2, 0x0f, 0x00,
    0x3e, 0x72, 0x41, 0x3f, 0x3e, 0x00, 0x00, 0x00, 0xff, 0x10, 0x00, 0x00, 0x00, 0xc8, 0x7f, 0x00,
    0x0c, 0x7c, 0x00, 0x70, 0x22, 0x00, 0x00, 0x00, 0x70, 0x66, 0xf2, 0x08, 0x00, 0xda, 0x0f, 0x00,
    0x86, 0x99, 0x00, 0x30, 0x41, 0x10, 0x00, 0x00, 0x12, 0x19, 0x10, 0x0c, 0x00, 0xe4, 0x07, 0x00,
    0x41, 0x79, 0x00, 0x00, 0x00, 0x00, 0x00, 0x00, 0x00, 0x02, 0x80, 0x03, 0x00, 0xea, 0x0f, 0x00,
    0x45, 0x79, 0x00, 0x00, 0x60, 0x00, 0x00, 0x00, 0x00, 0x02, 0x80, 0x03, 0x00, 0xe8, 0x0f, 0x00,
    0x47, 0x29, 0x10, 0x00, 0x00, 0x00, 0x00, 0x00, 0x00, 0x00, 0x80, 0x03, 0x00, 0xea, 0x0f, 0x00,
    0x0c, 0x7c, 0x00, 0x43, 0x1a, 0x00, 0x00, 0x00, 0x70, 0x62, 0xf2, 0x0b, 0x00, 0xe2, 0x0f, 0x00,
    0x3e, 0x72, 0x41, 0x49, 0x48, 0x00, 0x00, 0x00, 0xff, 0x10, 0x00, 0x00, 0x00, 0xc8, 0xff, 0x00,
    0x0c, 0x7c, 0x00, 0x70, 0x22, 0x00, 0x00, 0x00, 0x70, 0x66, 0xf2, 0x08, 0x00, 0xda, 0x0f, 0x00,
    0x86, 0x99, 0x00, 0x32, 0x41, 0x20, 0x00, 0x00, 0x12, 0x19, 0x10, 0x0c, 0x00, 0xe4, 0x09, 0x00,
    0x41, 0x79, 0x00, 0x00, 0x00, 0x00, 0x00, 0x00, 0x00, 0x02, 0x80, 0x03, 0x00, 0xea, 0x0f, 0x00,
    0x45, 0x79, 0x00, 0x00, 0x60, 0x00, 0x00, 0x00, 0x00, 0x02, 0x80, 0x03, 0x00, 0xe8, 0x0f, 0x00,
    0x47, 0x49, 0x10, 0x00, 0x00, 0x00, 0x00, 0x00, 0x00, 0x00, 0x80, 0x03, 0x00, 0xea, 0x0f, 0x00,
    0x0c, 0x7c, 0x00, 0x47, 0x1a, 0x00, 0x00, 0x00, 0x70, 0x62, 0xf2, 0x0b, 0x00, 0xe2, 0x0f, 0x00,
    0x3e, 0x72, 0x41, 0x4b, 0x4a, 0x00, 0x00, 0x00, 0xff, 0x10, 0x00, 0x00, 0x00, 0xc8, 0xff, 0x01,
    0x0c, 0x7c, 0x00, 0x70, 0x22, 0x00, 0x00, 0x00, 0x70, 0x66, 0xf2, 0x08, 0x00, 0xda, 0x0f, 0x00,
    0x86, 0x99, 0x00, 0x30, 0x41, 0x20, 0x00, 0x00, 0x12, 0x19, 0x10, 0x0c, 0x00, 0xe4, 0x01, 0x00,
    0x41, 0x79, 0x00, 0x00, 0x00, 0x00, 0x00, 0x00, 0x00, 0x02, 0x80, 0x03, 0x00, 0xea, 0x0f, 0x00,
    0x45, 0x79, 0x00, 0x00, 0x60, 0x00, 0x00, 0x00, 0x00, 0x02, 0x80, 0x03, 0x00, 0xe8, 0x0f, 0x00,
    0x47, 0x29, 0x10, 0x00, 0x00, 0x00, 0x00, 0x00, 0x00, 0x00, 0x80, 0x03, 0x00, 0xea, 0x0f, 0x00,
    0x0c, 0x7c, 0x00, 0x43, 0x1a, 0x00, 0x00, 0x00, 0x70, 0x62, 0xf2, 0x0b, 0x00, 0xe2, 0x0f, 0x00,
    0x3e, 0x72, 0x41, 0x35, 0x34, 0x00, 0x00, 0x00, 0xff, 0x10, 0x00, 0x00, 0x00, 0xc8, 0xff, 0x01,
    0x0c, 0x7c, 0x00, 0x70, 0x22, 0x00, 0x00, 0x00, 0x70, 0x66, 0xf2, 0x08, 0x00, 0xda, 0x0f, 0x00,
    0x86, 0x99, 0x00, 0x32, 0x41, 0x30, 0x00, 0x00, 0x12, 0x19, 0x10, 0x0c, 0x00, 0xe4, 0x01, 0x00,
    0x41, 0x79, 0x00, 0x00, 0x00, 0x00, 0x00, 0x00, 0x00, 0x02, 0x80, 0x03, 0x00, 0xea, 0x0f, 0x00,
    0x45, 0x79, 0x00, 0x00, 0x60, 0x00, 0x00, 0x00, 0x00, 0x02, 0x80, 0x03, 0x00, 0xe8, 0x0f, 0x00,
    0x47, 0x49, 0x10, 0x00, 0x00, 0x00, 0x00, 0x00, 0x00, 0x00, 0x80, 0x03, 0x00, 0xea, 0x0f, 0x00,
    0x0c, 0x7c, 0x00, 0x47, 0x1a, 0x00, 0x00, 0x00, 0x70, 0x62, 0xf2, 0x0b, 0x00, 0xe2, 0x0f, 0x00,
    0x3e, 0x72, 0x33, 0x37, 0x36, 0x00, 0x00, 0x00, 0xff, 0x10, 0x00, 0x00, 0x00, 0xc8, 0x5f, 0x01,
    0x0c, 0x7c, 0x00, 0x70, 0x22, 0x00, 0x00, 0x00, 0x70, 0x66, 0xf2, 0x08, 0x00, 0xda, 0x0f, 0x00,
    0x86, 0x99, 0x00, 0x30, 0x33, 0x30, 0x00, 0x00, 0x12, 0x19, 0x10, 0x0c, 0x00, 0xe4, 0x01, 0x00,
    0x41, 0x79, 0x00, 0x00, 0x00, 0x00, 0x00, 0x00, 0x00, 0x02, 0x80, 0x03, 0x00, 0xea, 0x0f, 0x00,
    0x0c, 0x7c, 0x00, 0x70, 0x1b, 0x00, 0x00, 0x00, 0x70, 0x66, 0x72, 0x09, 0x00, 0xe2, 0x0f, 0x04,
    0x0c, 0x72, 0x00, 0x47, 0x02, 0x00, 0x00, 0x00, 0x70, 0x62, 0xfa, 0x03, 0x00, 0xe2, 0x0f, 0x00,
    0x0c, 0x7c, 0x00, 0x70, 0x1b, 0x00, 0x00, 0x00, 0x70, 0x66, 0x7c, 0x0a, 0x00, 0xe2, 0x0f, 0x00,
    0x02, 0x72, 0x7b, 0x00, 0xff, 0x00, 0x00, 0x00, 0x00, 0x0f, 0x00, 0x00, 0x00, 0xe2, 0x0f, 0x00,
    0x47, 0x09, 0x2c, 0x00, 0x00, 0x00, 0x00, 0x00, 0x00, 0x00, 0x80, 0x03, 0x00, 0xf6, 0x0f, 0x00,
    0x0c, 0x72, 0x00, 0x5c, 0x80, 0x00, 0x00, 0x00, 0x70, 0x42, 0xf1, 0x03, 0x00, 0xe4, 0x0f, 0x04,
    0x35, 0x78, 0x30, 0x5c, 0x3f, 0x00, 0x00, 0x00, 0x00, 0x02, 0x8e, 0x07, 0x00, 0xe4, 0xbf, 0x00,
    0x02, 0x72, 0x32, 0x00, 0x70, 0x00, 0x00, 0x00, 0x00, 0x0f, 0x00, 0x00, 0x00, 0xe2, 0x4f, 0x01,
    0x02, 0x72, 0x33, 0x00, 0xff, 0x00, 0x00, 0x00, 0x00, 0x0f, 0x00, 0x00, 0x00, 0xe2, 0x0f, 0x00,
    0x07, 0x76, 0x30, 0x7e, 0x30, 0x00, 0x00, 0x00, 0x00, 0x00, 0x00, 0x00, 0x00, 0xcc, 0x0f, 0x00,
    0x25, 0x7c, 0x32, 0x30, 0x1b, 0x00, 0x00, 0x00, 0x32, 0x00, 0x8e, 0x0f, 0x00, 0xc8, 0x0f, 0x00,
    0x24, 0x7c, 0x31, 0x31, 0x1b, 0x00, 0x00, 0x00, 0xff, 0x02, 0x8e, 0x0f, 0x00, 0xe2, 0x0f, 0x00,
    0x11, 0x72, 0x30, 0x32, 0x0e, 0x00, 0x00, 0x00, 0xff, 0x10, 0x80, 0x07, 0x00, 0xc8, 0x0f, 0x00,
    0x10, 0x72, 0x31, 0x33, 0x31, 0x00, 0x00, 0x00, 0xff, 0xe0, 0xff, 0x07, 0x00, 0xc8, 0x0f, 0x00,
    0x11, 0x72, 0x31, 0x32, 0x0f, 0x00, 0x00, 0x00, 0x31, 0x14, 0x0f, 0x00, 0x00, 0xca, 0x0f, 0x00,
    0x81, 0x79, 0x7b, 0x30, 0x12, 0x00, 0x00, 0x00, 0x00, 0x99, 0x1e, 0x0c, 0x00, 0x64, 0x01, 0x00,
    0x45, 0x79, 0x00, 0x00, 0xe0, 0x00, 0x00, 0x00, 0x00, 0x02, 0x80, 0x03, 0x00, 0xe2, 0x0f, 0x00,
    0x08, 0x72, 0x30, 0x7b, 0xff, 0x00, 0x00, 0x00, 0x00, 0x00, 0x80, 0x01, 0x00, 0xc6, 0xbf, 0x02,
    0x47, 0x19, 0x2c, 0x00, 0x00, 0x00, 0x00, 0x00, 0x00, 0x00, 0x80, 0x03, 0x00, 0xea, 0x0f, 0x00,
    0x0c, 0x7c, 0x00, 0x43, 0x1c, 0x00, 0x00, 0x00, 0x70, 0x62, 0xf0, 0x0b, 0x00, 0xe2, 0x0f, 0x00,
    0x02, 0x72, 0x30, 0x00, 0xff, 0x00, 0x00, 0x00, 0x00, 0x0f, 0x00, 0x00, 0x00, 0xd8, 0x0f, 0x00,
    0x47, 0x09, 0x20, 0x00, 0x00, 0x00, 0x00, 0x00, 0x00, 0x00, 0x80, 0x03, 0x00, 0xea, 0x0f, 0x00,
    0x02, 0x72, 0x30, 0x00, 0x70, 0x00, 0x00, 0x00, 0x00, 0x0f, 0x00, 0x00, 0x00, 0xe2, 0x0f, 0x00,
    0x02, 0x72, 0x31, 0x00, 0xff, 0x00, 0x00, 0x00, 0x00, 0x0f, 0x00, 0x00, 0x00, 0xe2, 0x0f, 0x00,
    0x24, 0x7c, 0x33, 0x2d, 0x1b, 0x00, 0x00, 0x00, 0xff, 0x02, 0x8e, 0x0f, 0x00, 0xc6, 0x4f, 0x01,
    0x25, 0x7c, 0x2c, 0x2c, 0x1b, 0x00, 0x00, 0x00, 0x30, 0x00, 0x8e, 0x0f, 0x00, 0xca, 0x0f, 0x00,
    0x10, 0x72, 0x2d, 0x2d, 0x33, 0x00, 0x00, 0x00, 0xff, 0xe0, 0xff, 0x07, 0x00, 0xe4, 0x0f, 0x00,
    0x11, 0x7c, 0x30, 0x2c, 0x24, 0x00, 0x00, 0x00, 0xff, 0x10, 0x80, 0x0f, 0x00, 0xc8, 0x0f, 0x00,
    0x11, 0x7c, 0x31, 0x2c, 0x25, 0x00, 0x00, 0x00, 0x2d, 0x14, 0x0f, 0x08, 0x00, 0xca, 0x0f, 0x00,
    0x81, 0x79, 0x30, 0x30, 0x12, 0x00, 0x00, 0x00, 0x00, 0x99, 0x1e, 0x0c, 0x00, 0x68, 0x01, 0x00,
    0x41, 0x79, 0x00, 0x00, 0x00, 0x00, 0x00, 0x00, 0x00, 0x02, 0x80, 0x03, 0x00, 0xea, 0x0f, 0x00,
    0x45, 0x79, 0x00, 0x00, 0xf0, 0x00, 0x00, 0x00, 0x00, 0x02, 0x80, 0x03, 0x00, 0xe2, 0x0f, 0x00,
    0x02, 0x72, 0x31, 0x00, 0xff, 0x00, 0x00, 0x00, 0x00, 0x0f, 0x00, 0x00, 0x00, 0xe2, 0x1f, 0x00,
    0x08, 0x72, 0x2c, 0x7b, 0xff, 0x00, 0x00, 0x00, 0x00, 0x00, 0x80, 0x02, 0x00, 0xe4, 0x0f, 0x00,
    0x47, 0x69, 0x2c, 0x00, 0x00, 0x00, 0x00, 0x00, 0x00, 0x00, 0x80, 0x03, 0x00, 0xea, 0x0f, 0x00,
    0x0c, 0x7c, 0x00, 0x47, 0x1c, 0x00, 0x00, 0x00, 0x70, 0x62, 0xf0, 0x0b, 0x00, 0xe2, 0x0f, 0x00,
    0x02, 0x72, 0x2c, 0x00, 0xff, 0x00, 0x00, 0x00, 0x00, 0x0f, 0x00, 0x00, 0x00, 0xd8, 0x0f, 0x00,
    0x47, 0x09, 0x20, 0x00, 0x00, 0x00, 0x00, 0x00, 0x00, 0x00, 0x80, 0x03, 0x00, 0xea, 0x0f, 0x00,
    0x02, 0x72, 0x2c, 0x00, 0x70, 0x00, 0x00, 0x00, 0x00, 0x0f, 0x00, 0x00, 0x00, 0xe2, 0x0f, 0x00,
    0x02, 0x72, 0x2d, 0x00, 0xff, 0x00, 0x00, 0x00, 0x00, 0x0f, 0x00, 0x00, 0x00, 0xe2, 0x0f, 0x00,
    0x24, 0x7c, 0x33, 0x2f, 0x1b, 0x00, 0x00, 0x00, 0xff, 0x02, 0x8e, 0x0f, 0x00, 0xc6, 0x4f, 0x01,
    0x25, 0x7c, 0x2e, 0x2e, 0x1b, 0x00, 0x00, 0x00, 0x2c, 0x00, 0x8e, 0x0f, 0x00, 0xca, 0x0f, 0x00,
    0x10, 0x72, 0x2d, 0x2f, 0x33, 0x00, 0x00, 0x00, 0xff, 0xe0, 0xff, 0x07, 0x00, 0xe4, 0x0f, 0x00,
    0x11, 0x7c, 0x2c, 0x2e, 0x24, 0x00, 0x00, 0x00, 0xff, 0x10, 0x80, 0x0f, 0x00, 0xc8, 0x0f, 0x00,
    0x11, 0x7c, 0x2d, 0x2e, 0x25, 0x00, 0x00, 0x00, 0x2d, 0x14, 0x0f, 0x08, 0x00, 0xca, 0x0f, 0x00,
    0x81, 0x79, 0x2c, 0x2c, 0x12, 0x00, 0x00, 0x00, 0x00, 0x99, 0x1e, 0x0c, 0x00, 0x68, 0x01, 0x00,
    0x41, 0x79, 0x00, 0x00, 0x00, 0x00, 0x00, 0x00, 0x00, 0x02, 0x80, 0x03, 0x00, 0xea, 0x0f, 0x00,
    0x1d, 0x7b, 0x00, 0x00, 0x00, 0x00, 0x00, 0x00, 0x00, 0x00, 0x01, 0x00, 0x00, 0xec, 0x0f, 0x00,
    0x45, 0x79, 0x00, 0x00, 0xd0, 0x00, 0x00, 0x00, 0x00, 0x02, 0x80, 0x03, 0x00, 0xe8, 0x0f, 0x00,
    0x47, 0x29, 0x2c, 0x00, 0x00, 0x00, 0x00, 0x00, 0x00, 0x00, 0x80, 0x03, 0x00, 0xea, 0x0f, 0x00,
    0x02, 0x78, 0x2e, 0x00, 0x9d, 0x98, 0xbb, 0x3b, 0x00, 0x0f, 0x00, 0x00, 0x00, 0xe2, 0x0f, 0x00,
    0x21, 0x72, 0x2d, 0x30, 0x7b, 0x00, 0x00, 0x00, 0x00, 0x01, 0x00, 0x00, 0x00, 0xe2, 0x1f, 0x02,
    0x02, 0x78, 0x2f, 0x00, 0x00, 0x00, 0x7c, 0x43, 0x00, 0x0f, 0x00, 0x00, 0x00, 0xc6, 0x0f, 0x00,
    0x23, 0x74, 0x2e, 0x2d, 0x00, 0x00, 0x00, 0x3f, 0x2e, 0x20, 0x00, 0x00, 0x00, 0xc8, 0x0f, 0x00,
    0x23, 0x74, 0x2e, 0x2e, 0x01, 0x00, 0x40, 0x4b, 0x2f, 0x40, 0x00, 0x00, 0x00, 0xc8, 0x0f, 0x00,
    0x21, 0x74, 0x32, 0x2e, 0x7f, 0x00, 0x40, 0xcb, 0x00, 0x00, 0x00, 0x00, 0x00, 0xe2, 0x4f, 0x05,
    0x24, 0x78, 0x2e, 0x2e, 0x00, 0x00, 0x80, 0x00, 0xff, 0x00, 0x8e, 0x07, 0x00, 0xc6, 0x0f, 0x00,
    0x23, 0x78, 0x32, 0x2d, 0x3b, 0xaa, 0xb8, 0x3f, 0x32, 0x08, 0x00, 0x00, 0x00, 0xc8, 0x0f, 0x00,
    0x23, 0x78, 0x32, 0x2d, 0x60, 0x70, 0xa5, 0x32, 0x32, 0x00, 0x00, 0x00, 0x00, 0xc8, 0x0f, 0x00,
    0x08, 0x73, 0x31, 0x00, 0x32, 0x00, 0x00, 0x00, 0x00, 0x08, 0x00, 0x00, 0x00, 0x24, 0x0e, 0x00,
    0x20, 0x72, 0x31, 0x2e, 0x31, 0x00, 0x00, 0x00, 0x00, 0x00, 0x40, 0x00, 0x00, 0xce, 0x1f, 0x00,
    0x41, 0x79, 0x00, 0x00, 0x00, 0x00, 0x00, 0x00, 0x00, 0x02, 0x80, 0x03, 0x00, 0xea, 0x0f, 0x00,
    0x45, 0x79, 0x00, 0x00, 0x00, 0x01, 0x00, 0x00, 0x00, 0x02, 0x80, 0x03, 0x00, 0xe2, 0x0f, 0x00,
    0x20, 0x72, 0x38, 0x38, 0x31, 0x00, 0x00, 0x00, 0x00, 0x00, 0x40, 0x00, 0x00, 0xe2, 0x0f, 0x08,
    0x20, 0x72, 0x31, 0x39, 0x31, 0x00, 0x00, 0x00, 0x00, 0x00, 0x40, 0x00, 0x00, 0xe2, 0x0f, 0x00,
    0x02, 0x72, 0x2d, 0x00, 0xff, 0x00, 0x00, 0x00, 0x00, 0x0f, 0x00, 0x00, 0x00, 0xe2, 0x1f, 0x00,
    0x47, 0x49, 0x2c, 0x00, 0x00, 0x00, 0x00, 0x00, 0x00, 0x00, 0x80, 0x03, 0x00, 0xec, 0x0f, 0x00,
    0x02, 0x78, 0x2e, 0x00, 0x9d, 0x98, 0xbb, 0x3b, 0x00, 0x0f, 0x00, 0x00, 0x00, 0xe2, 0x0f, 0x00,
    0x21, 0x72, 0x2d, 0x2c, 0x7b, 0x00, 0x00, 0x00, 0x00, 0x01, 0x00, 0x00, 0x00, 0xe2, 0x0f, 0x02,
    0x02, 0x78, 0x2f, 0x00, 0x00, 0x00, 0x7c, 0x43, 0x00, 0x0f, 0x00, 0x00, 0x00, 0xc6, 0x0f, 0x00,
    0x23, 0x74, 0x2e, 0x2d, 0x00, 0x00, 0x00, 0x3f, 0x2e, 0x20, 0x00, 0x00, 0x00, 0xc8, 0x0f, 0x00,
    0x23, 0x74, 0x2e, 0x2e, 0x01, 0x00, 0x40, 0x4b, 0x2f, 0x40, 0x00, 0x00, 0x00, 0xc8, 0x0f, 0x00,
    0x21, 0x74, 0x32, 0x2e, 0x7f, 0x00, 0x40, 0xcb, 0x00, 0x00, 0x00, 0x00, 0x00, 0xc8, 0x4f, 0x01,
    0x23, 0x78, 0x32, 0x2d, 0x3b, 0xaa, 0xb8, 0x3f, 0x32, 0x08, 0x00, 0x00, 0x00, 0xc8, 0x0f, 0x00,
    0x23, 0x78, 0x32, 0x2d, 0x60, 0x70, 0xa5, 0x32, 0x32, 0x00, 0x00, 0x00, 0x00, 0xe2, 0x0f, 0x00,
    0x24, 0x78, 0x2d, 0x2e, 0x00, 0x00, 0x80, 0x00, 0xff, 0x00, 0x8e, 0x07, 0x00, 0xca, 0x0f, 0x00,
    0x08, 0x73, 0x32, 0x00, 0x32, 0x00, 0x00, 0x00, 0x00, 0x08, 0x00, 0x00, 0x00, 0x24, 0x0e, 0x00,
    0x20, 0x72, 0x2d, 0x2d, 0x32, 0x00, 0x00, 0x00, 0x00, 0x00, 0x40, 0x00, 0x00, 0xce, 0x1f, 0x00,
    0x41, 0x79, 0x00, 0x00, 0x00, 0x00, 0x00, 0x00, 0x00, 0x02, 0x80, 0x03, 0x00, 0xea, 0x0f, 0x00,
    0x20, 0x72, 0x3a, 0x3a, 0x2d, 0x00, 0x00, 0x00, 0x00, 0x00, 0x40, 0x00, 0x00, 0xe2, 0x0f, 0x08,
    0x20, 0x72, 0x2d, 0x3b, 0x2d, 0x00, 0x00, 0x00, 0x00, 0x00, 0x40, 0x00, 0x00, 0xe2, 0x0f, 0x00,
    0x3e, 0x72, 0x31, 0x31, 0x38, 0x00, 0x00, 0x00, 0xff, 0x10, 0x00, 0x00, 0x00, 0xe2, 0x0f, 0x00,
    0x45, 0x79, 0x00, 0x00, 0x10, 0x01, 0x00, 0x00, 0x00, 0x02, 0x80, 0x03, 0x00, 0xe2, 0x0f, 0x00,
    0x02, 0x72, 0x2e, 0x00, 0xff, 0x00, 0x00, 0x00, 0x00, 0x0f, 0x00, 0x00, 0x00, 0xe4, 0x0f, 0x00,
    0x3e, 0x72, 0x2d, 0x2d, 0x3a, 0x00, 0x00, 0x00, 0xff, 0x10, 0x00, 0x00, 0x00, 0xe2, 0x0f, 0x00,
    0x88, 0x73, 0x00, 0x6e, 0x31, 0x00, 0xb0, 0x00, 0x00, 0x08, 0x00, 0x00, 0x00, 0xe8, 0x01, 0x00,
    0x88, 0x73, 0x00, 0x6e, 0x2d, 0x00, 0xb2, 0x00, 0x00, 0x08, 0x00, 0x00, 0x00, 0xe2, 0x01, 0x00,
    0x47, 0x29, 0x2c, 0x00, 0x00, 0x00, 0x00, 0x00, 0x00, 0x00, 0x80, 0x03, 0x00, 0xea, 0x0f, 0x00,
    0x02, 0x78, 0x2e, 0x00, 0x9d, 0x98, 0xbb, 0x3b, 0x00, 0x0f, 0x00, 0x00, 0x00, 0xe2, 0x0f, 0x00,
    0x21, 0x72, 0x2d, 0x30, 0x7b, 0x00, 0x00, 0x00, 0x00, 0x01, 0x00, 0x00, 0x00, 0xe2, 0x1f, 0x02,
    0x02, 0x78, 0x2f, 0x00, 0x00, 0x00, 0x7c, 0x43, 0x00, 0x0f, 0x00, 0x00, 0x00, 0xc6, 0x0f, 0x00,
    0x23, 0x74, 0x2e, 0x2d, 0x00, 0x00, 0x00, 0x3f, 0x2e, 0x20, 0x00, 0x00, 0x00, 0xc8, 0x0f, 0x00,
    0x23, 0x74, 0x2e, 0x2e, 0x01, 0x00, 0x40, 0x4b, 0x2f, 0x40, 0x00, 0x00, 0x00, 0xc8, 0x0f, 0x00,
    0x21, 0x74, 0x32, 0x2e, 0x7f, 0x00, 0x40, 0xcb, 0x00, 0x00, 0x00, 0x00, 0x00, 0xe2, 0x4f, 0x05,
    0x24, 0x78, 0x2e, 0x2e, 0x00, 0x00, 0x80, 0x00, 0xff, 0x00, 0x8e, 0x07, 0x00, 0xc6, 0x0f, 0x00,
    0x23, 0x78, 0x32, 0x2d, 0x3b, 0xaa, 0xb8, 0x3f, 0x32, 0x08, 0x00, 0x00, 0x00, 0xc8, 0x0f, 0x00,
    0x23, 0x78, 0x32, 0x2d, 0x60, 0x70, 0xa5, 0x32, 0x32, 0x00, 0x00, 0x00, 0x00, 0xc8, 0x0f, 0x00,
    0x08, 0x73, 0x2d, 0x00, 0x32, 0x00, 0x00, 0x00, 0x00, 0x08, 0x00, 0x00, 0x00, 0x24, 0x0e, 0x00,
    0x20, 0x72, 0x2e, 0x2e, 0x2d, 0x00, 0x00, 0x00, 0x00, 0x00, 0x40, 0x00, 0x00, 0xce, 0x1f, 0x00,
    0x41, 0x79, 0x00, 0x00, 0x00, 0x00, 0x00, 0x00, 0x00, 0x02, 0x80, 0x03, 0x00, 0xea, 0x0f, 0x00,
    0x45, 0x79, 0x00, 0x00, 0x00, 0x01, 0x00, 0x00, 0x00, 0x02, 0x80, 0x03, 0x00, 0xe2, 0x0f, 0x00,
    0x20, 0x72, 0x3c, 0x3c, 0x2e, 0x00, 0x00, 0x00, 0x00, 0x00, 0x40, 0x00, 0x00, 0xe2, 0x0f, 0x08,
    0x20, 0x72, 0x3d, 0x3d, 0x2e, 0x00, 0x00, 0x00, 0x00, 0x00, 0x40, 0x00, 0x00, 0xe2, 0x0f, 0x00,
    0x02, 0x72, 0x2d, 0x00, 0xff, 0x00, 0x00, 0x00, 0x00, 0x0f, 0x00, 0x00, 0x00, 0xe2, 0x1f, 0x00,
    0x47, 0x49, 0x2c, 0x00, 0x00, 0x00, 0x00, 0x00, 0x00, 0x00, 0x80, 0x03, 0x00, 0xec, 0x0f, 0x00,
    0x02, 0x78, 0x2e, 0x00, 0x9d, 0x98, 0xbb, 0x3b, 0x00, 0x0f, 0x00, 0x00, 0x00, 0xe2, 0x0f, 0x00,
    0x21, 0x72, 0x2d, 0x2c, 0x7b, 0x00, 0x00, 0x00, 0x00, 0x01, 0x00, 0x00, 0x00, 0xe2, 0x0f, 0x02,
    0x02, 0x78, 0x2f, 0x00, 0x00, 0x00, 0x7c, 0x43, 0x00, 0x0f, 0x00, 0x00, 0x00, 0xc6, 0x0f, 0x00,
    0x23, 0x74, 0x2e, 0x2d, 0x00, 0x00, 0x00, 0x3f, 0x2e, 0x20, 0x00, 0x00, 0x00, 0xc8, 0x0f, 0x00,
    0x23, 0x74, 0x2e, 0x2e, 0x01, 0x00, 0x40, 0x4b, 0x2f, 0x40, 0x00, 0x00, 0x00, 0xc8, 0x0f, 0x00,
    0x21, 0x74, 0x32, 0x2e, 0x7f, 0x00, 0x40, 0xcb, 0x00, 0x00, 0x00, 0x00, 0x00, 0xc8, 0x4f, 0x01,
    0x23, 0x78, 0x32, 0x2d, 0x3b, 0xaa, 0xb8, 0x3f, 0x32, 0x08, 0x00, 0x00, 0x00, 0xc8, 0x0f, 0x00,
    0x23, 0x78, 0x32, 0x2d, 0x60, 0x70, 0xa5, 0x32, 0x32, 0x00, 0x00, 0x00, 0x00, 0xe2, 0x0f, 0x00,
    0x24, 0x78, 0x2d, 0x2e, 0x00, 0x00, 0x80, 0x00, 0xff, 0x00, 0x8e, 0x07, 0x00, 0xca, 0x0f, 0x00,
    0x08, 0x73, 0x32, 0x00, 0x32, 0x00, 0x00, 0x00, 0x00, 0x08, 0x00, 0x00, 0x00, 0x24, 0x0e, 0x00,
    0x20, 0x72, 0x2d, 0x2d, 0x32, 0x00, 0x00, 0x00, 0x00, 0x00, 0x40, 0x00, 0x00, 0xce, 0x1f, 0x00,
    0x41, 0x79, 0x00, 0x00, 0x00, 0x00, 0x00, 0x00, 0x00, 0x02, 0x80, 0x03, 0x00, 0xea, 0x0f, 0x00,
    0x45, 0x79, 0x00, 0x00, 0x00, 0x01, 0x00, 0x00, 0x00, 0x02, 0x80, 0x03, 0x00, 0xe2, 0x0f, 0x00,
    0x20, 0x72, 0x3e, 0x3e, 0x2d, 0x00, 0x00, 0x00, 0x00, 0x00, 0x40, 0x00, 0x00, 0xe2, 0x0f, 0x08,
    0x20, 0x72, 0x2d, 0x3f, 0x2d, 0x00, 0x00, 0x00, 0x00, 0x00, 0x40, 0x00, 0x00, 0xe2, 0x0f, 0x00,
    0x02, 0x72, 0x2e, 0x00, 0xff, 0x00, 0x00, 0x00, 0x00, 0x0f, 0x00, 0x00, 0x00, 0xe2, 0x0f, 0x00,
    0x47, 0x29, 0x2c, 0x00, 0x00, 0x00, 0x00, 0x00, 0x00, 0x00, 0x80, 0x03, 0x00, 0xec, 0x0f, 0x00,
    0x02, 0x78, 0x2f, 0x00, 0x9d, 0x98, 0xbb, 0x3b, 0x00, 0x0f, 0x00, 0x00, 0x00, 0xe2, 0x0f, 0x00,
    0x21, 0x72, 0x2e, 0x30, 0x7b, 0x00, 0x00, 0x00, 0x00, 0x01, 0x00, 0x00, 0x00, 0xe2, 0x0f, 0x02,
    0x02, 0x78, 0x32, 0x00, 0x00, 0x00, 0x7c, 0x43, 0x00, 0x0f, 0x00, 0x00, 0x00, 0xc6, 0x4f, 0x01,
    0x23, 0x74, 0x2f, 0x2e, 0x00, 0x00, 0x00, 0x3f, 0x2f, 0x20, 0x00, 0x00, 0x00, 0xc8, 0x0f, 0x00,
    0x23, 0x74, 0x2f, 0x2f, 0x01, 0x00, 0x40, 0x4b, 0x32, 0x40, 0x00, 0x00, 0x00, 0xc8, 0x0f, 0x00,
    0x21, 0x74, 0x31, 0x2f, 0x7f, 0x00, 0x40, 0xcb, 0x00, 0x00, 0x00, 0x00, 0x00, 0xc8, 0x0f, 0x00,
    0x23, 0x78, 0x31, 0x2e, 0x3b, 0xaa, 0xb8, 0x3f, 0x31, 0x08, 0x00, 0x00, 0x00, 0xc8, 0x0f, 0x00,
    0x23, 0x78, 0x31, 0x2e, 0x60, 0x70, 0xa5, 0x32, 0x31, 0x00, 0x00, 0x00, 0x00, 0xe2, 0x0f, 0x00,
    0x24, 0x78, 0x2e, 0x2f, 0x00, 0x00, 0x80, 0x00, 0xff, 0x00, 0x8e, 0x07, 0x00, 0xca, 0x0f, 0x00,
    0x08, 0x73, 0x31, 0x00, 0x31, 0x00, 0x00, 0x00, 0x00, 0x08, 0x00, 0x00, 0x00, 0x24, 0x0e, 0x00,
    0x20, 0x72, 0x2e, 0x2e, 0x31, 0x00, 0x00, 0x00, 0x00, 0x00, 0x40, 0x00, 0x00, 0xce, 0x1f, 0x00,
    0x41, 0x79, 0x00, 0x00, 0x00, 0x00, 0x00, 0x00, 0x00, 0x02, 0x80, 0x03, 0x00, 0xea, 0x0f, 0x00,
    0x45, 0x79, 0x00, 0x00, 0x00, 0x01, 0x00, 0x00, 0x00, 0x02, 0x80, 0x03, 0x00, 0xe2, 0x0f, 0x00,
    0x20, 0x72, 0x48, 0x48, 0x2e, 0x00, 0x00, 0x00, 0x00, 0x00, 0x40, 0x00, 0x00, 0xe2, 0x0f, 0x08,
    0x20, 0x72, 0x49, 0x49, 0x2e, 0x00, 0x00, 0x00, 0x00, 0x00, 0x40, 0x00, 0x00, 0xe2, 0x0f, 0x00,
    0x02, 0x72, 0x2e, 0x00, 0xff, 0x00, 0x00, 0x00, 0x00, 0x0f, 0x00, 0x00, 0x00, 0xe2, 0x0f, 0x00,
    0x47, 0x49, 0x2c, 0x00, 0x00, 0x00, 0x00, 0x00, 0x00, 0x00, 0x80, 0x03, 0x00, 0xec, 0x0f, 0x00,
    0x02, 0x78, 0x2f, 0x00, 0x9d, 0x98, 0xbb, 0x3b, 0x00, 0x0f, 0x00, 0x00, 0x00, 0xe2, 0x0f, 0x00,
    0x21, 0x72, 0x2e, 0x2c, 0x7b, 0x00, 0x00, 0x00, 0x00, 0x01, 0x00, 0x00, 0x00, 0xe2, 0x0f, 0x02,
    0x02, 0x78, 0x32, 0x00, 0x00, 0x00, 0x7c, 0x43, 0x00, 0x0f, 0x00, 0x00, 0x00, 0xc6, 0x4f, 0x01,
    0x23, 0x74, 0x2f, 0x2e, 0x00, 0x00, 0x00, 0x3f, 0x2f, 0x20, 0x00, 0x00, 0x00, 0xc8, 0x0f, 0x00,
    0x23, 0x74, 0x2f, 0x2f, 0x01, 0x00, 0x40, 0x4b, 0x32, 0x40, 0x00, 0x00, 0x00, 0xc8, 0x0f, 0x00,
    0x21, 0x74, 0x31, 0x2f, 0x7f, 0x00, 0x40, 0xcb, 0x00, 0x00, 0x00, 0x00, 0x00, 0xc8, 0x0f, 0x00,
    0x23, 0x78, 0x31, 0x2e, 0x3b, 0xaa, 0xb8, 0x3f, 0x31, 0x08, 0x00, 0x00, 0x00, 0xc8, 0x0f, 0x00,
    0x23, 0x78, 0x31, 0x2e, 0x60, 0x70, 0xa5, 0x32, 0x31, 0x00, 0x00, 0x00, 0x00, 0xe2, 0x0f, 0x00,
    0x24, 0x78, 0x2e, 0x2f, 0x00, 0x00, 0x80, 0x00, 0xff, 0x00, 0x8e, 0x07, 0x00, 0xca, 0x0f, 0x00,
    0x08, 0x73, 0x31, 0x00, 0x31, 0x00, 0x00, 0x00, 0x00, 0x08, 0x00, 0x00, 0x00, 0x24, 0x0e, 0x00,
    0x20, 0x72, 0x2e, 0x2e, 0x31, 0x00, 0x00, 0x00, 0x00, 0x00, 0x40, 0x00, 0x00, 0xce, 0x1f, 0x00,
    0x41, 0x79, 0x00, 0x00, 0x00, 0x00, 0x00, 0x00, 0x00, 0x02, 0x80, 0x03, 0x00, 0xea, 0x0f, 0x00,
    0x45, 0x79, 0x00, 0x00, 0x00, 0x01, 0x00, 0x00, 0x00, 0x02, 0x80, 0x03, 0x00, 0xe2, 0x0f, 0x00,
    0x20, 0x72, 0x4a, 0x4a, 0x2e, 0x00, 0x00, 0x00, 0x00, 0x00, 0x40, 0x00, 0x00, 0xe2, 0x0f, 0x08,
    0x20, 0x72, 0x4b, 0x4b, 0x2e, 0x00, 0x00, 0x00, 0x00, 0x00, 0x40, 0x00, 0x00, 0xe2, 0x0f, 0x00,
    0x02, 0x72, 0x2e, 0x00, 0xff, 0x00, 0x00, 0x00, 0x00, 0x0f, 0x00, 0x00, 0x00, 0xe2, 0x0f, 0x00,
    0x47, 0x29, 0x2c, 0x00, 0x00, 0x00, 0x00, 0x00, 0x00, 0x00, 0x80, 0x03, 0x00, 0xec, 0x0f, 0x00,
    0x02, 0x78, 0x2f, 0x00, 0x9d, 0x98, 0xbb, 0x3b, 0x00, 0x0f, 0x00, 0x00, 0x00, 0xe2, 0x0f, 0x00,
    0x21, 0x72, 0x30, 0x30, 0x7b, 0x00, 0x00, 0x00, 0x00, 0x01, 0x00, 0x00, 0x00, 0xe2, 0x0f, 0x02,
    0x02, 0x78, 0x2e, 0x00, 0x00, 0x00, 0x7c, 0x43, 0x00, 0x0f, 0x00, 0x00, 0x00, 0xc6, 0x0f, 0x00,
    0x23, 0x74, 0x2f, 0x30, 0x00, 0x00, 0x00, 0x3f, 0x2f, 0x20, 0x00, 0x00, 0x00, 0xc8, 0x0f, 0x00,
    0x23, 0x74, 0x2e, 0x2f, 0x01, 0x00, 0x40, 0x4b, 0x2e, 0x40, 0x00, 0x00, 0x00, 0xc8, 0x0f, 0x00,
    0x21, 0x74, 0x2f, 0x2e, 0x7f, 0x00, 0x40, 0xcb, 0x00, 0x00, 0x00, 0x00, 0x00, 0xe2, 0x0f, 0x04,
    0x24, 0x78, 0x2e, 0x2e, 0x00, 0x00, 0x80, 0x00, 0xff, 0x00, 0x8e, 0x07, 0x00, 0xc6, 0x0f, 0x00,
    0x23, 0x78, 0x2f, 0x30, 0x3b, 0xaa, 0xb8, 0x3f, 0x2f, 0x08, 0x00, 0x00, 0x00, 0xc8, 0x0f, 0x00,
    0x23, 0x78, 0x2f, 0x30, 0x60, 0x70, 0xa5, 0x32, 0x2f, 0x00, 0x00, 0x00, 0x00, 0xcc, 0x0f, 0x00,
    0x08, 0x73, 0x2f, 0x00, 0x2f, 0x00, 0x00, 0x00, 0x00, 0x08, 0x00, 0x00, 0x00, 0x24, 0x0e, 0x00,
    0x20, 0x72, 0x2e, 0x2e, 0x2f, 0x00, 0x00, 0x00, 0x00, 0x00, 0x40, 0x00, 0x00, 0xce, 0x1f, 0x00,
    0x41, 0x79, 0x00, 0x00, 0x00, 0x00, 0x00, 0x00, 0x00, 0x02, 0x80, 0x03, 0x00, 0xea, 0x0f, 0x00,
    0x20, 0x72, 0x34, 0x34, 0x2e, 0x00, 0x00, 0x00, 0x00, 0x00, 0x40, 0x00, 0x00, 0xe2, 0x0f, 0x08,
    0x20, 0x72, 0x35, 0x35, 0x2e, 0x00, 0x00, 0x00, 0x00, 0x00, 0x40, 0x00, 0x00, 0xe2, 0x0f, 0x00,
    0x3e, 0x72, 0x3c, 0x3d, 0x3c, 0x00, 0x00, 0x00, 0xff, 0x10, 0x00, 0x00, 0x00, 0xe2, 0x0f, 0x00,
    0x45, 0x79, 0x00, 0x00, 0x80, 0x01, 0x00, 0x00, 0x00, 0x02, 0x80, 0x03, 0x00, 0xe2, 0x0f, 0x00,
    0x3e, 0x72, 0x3e, 0x2d, 0x3e, 0x00, 0x00, 0x00, 0xff, 0x10, 0x00, 0x00, 0x00, 0xe4, 0x0f, 0x00,
    0x3e, 0x72, 0x49, 0x49, 0x48, 0x00, 0x00, 0x00, 0xff, 0x10, 0x00, 0x00, 0x00, 0xe2, 0x0f, 0x00,
    0x88, 0x73, 0x00, 0x6d, 0x3c, 0x00, 0xb0, 0x00, 0x00, 0x08, 0x00, 0x00, 0x00, 0xe2, 0x01, 0x00,
    0x3e, 0x72, 0x4b, 0x4b, 0x4a, 0x00, 0x00, 0x00, 0xff, 0x10, 0x00, 0x00, 0x00, 0xe4, 0x0f, 0x00,
    0x3e, 0x72, 0x34, 0x35, 0x34, 0x00, 0x00, 0x00, 0xff, 0x10, 0x00, 0x00, 0x00, 0xe2, 0x0f, 0x00,
    0x88, 0x73, 0x00, 0x6d, 0x3e, 0x00, 0xb2, 0x00, 0x00, 0x08, 0x00, 0x00, 0x00, 0xe2, 0x01, 0x00,
    0x16, 0x78, 0x38, 0xff, 0x10, 0x76, 0x00, 0x00, 0x38, 0x00, 0x00, 0x00, 0x00, 0xe2, 0x0f, 0x00,
    0x02, 0x72, 0x2e, 0x00, 0xff, 0x00, 0x00, 0x00, 0x00, 0x0f, 0x00, 0x00, 0x00, 0xc4, 0x0f, 0x00,
    0x88, 0x73, 0x00, 0x6c, 0x49, 0x00, 0xb0, 0x00, 0x00, 0x08, 0x00, 0x00, 0x00, 0xe8, 0x01, 0x00,
    0x88, 0x73, 0x00, 0x6c, 0x4b, 0x00, 0xb2, 0x00, 0x00, 0x08, 0x00, 0x00, 0x00, 0xe8, 0x01, 0x00,
    0x88, 0x73, 0x00, 0x6b, 0x34, 0x00, 0xb0, 0x00, 0x00, 0x08, 0x00, 0x00, 0x00, 0xe2, 0x01, 0x00,
    0x47, 0x49, 0x2c, 0x00, 0x00, 0x00, 0x00, 0x00, 0x00, 0x00, 0x80, 0x03, 0x00, 0xea, 0x0f, 0x00,
    0x02, 0x78, 0x2d, 0x00, 0x9d, 0x98, 0xbb, 0x3b, 0x00, 0x0f, 0x00, 0x00, 0x00, 0xe2, 0x0f, 0x00,
    0x21, 0x72, 0x2c, 0x2c, 0x7b, 0x00, 0x00, 0x00, 0x00, 0x01, 0x00, 0x00, 0x00, 0xe2, 0x0f, 0x02,
    0x02, 0x78, 0x2e, 0x00, 0x00, 0x00, 0x7c, 0x43, 0x00, 0x0f, 0x00, 0x00, 0x00, 0xc6, 0x0f, 0x00,
    0x23, 0x74, 0x2d, 0x2c, 0x00, 0x00, 0x00, 0x3f, 0x2d, 0x20, 0x00, 0x00, 0x00, 0xc8, 0x0f, 0x00,
    0x23, 0x74, 0x2d, 0x2d, 0x01, 0x00, 0x40, 0x4b, 0x2e, 0x40, 0x00, 0x00, 0x00, 0xc8, 0x0f, 0x00,
    0x21, 0x74, 0x2f, 0x2d, 0x7f, 0x00, 0x40, 0xcb, 0x00, 0x00, 0x00, 0x00, 0x00, 0xe2, 0x0f, 0x04,
    0x24, 0x78, 0x2d, 0x2d, 0x00, 0x00, 0x80, 0x00, 0xff, 0x00, 0x8e, 0x07, 0x00, 0xc6, 0x0f, 0x00,
    0x23, 0x78, 0x2f, 0x2c, 0x3b, 0xaa, 0xb8, 0x3f, 0x2f, 0x08, 0x00, 0x00, 0x00, 0xc8, 0x0f, 0x00,
    0x23, 0x78, 0x2f, 0x2c, 0x60, 0x70, 0xa5, 0x32, 0x2f, 0x00, 0x00, 0x00, 0x00, 0xc8, 0x0f, 0x00,
    0x08, 0x73, 0x2e, 0x00, 0x2f, 0x00, 0x00, 0x00, 0x00, 0x08, 0x00, 0x00, 0x00, 0x64, 0x0e, 0x00,
    0x20, 0x72, 0x2e, 0x2d, 0x2e, 0x00, 0x00, 0x00, 0x00, 0x00, 0x40, 0x00, 0x00, 0xce, 0x2f, 0x00,
    0x41, 0x79, 0x00, 0x00, 0x00, 0x00, 0x00, 0x00, 0x00, 0x02, 0x80, 0x03, 0x00, 0xea, 0x0f, 0x00,
    0x35, 0x72, 0x5c, 0x7c, 0x5c, 0x00, 0x00, 0x00, 0x00, 0x02, 0x8e, 0x07, 0x00, 0xe4, 0x0f, 0x00,
    0x02, 0x72, 0x2c, 0x00, 0x72, 0x00, 0x00, 0x00, 0x00, 0x0f, 0x00, 0x00, 0x00, 0xe2, 0x0f, 0x02,
    0x02, 0x72, 0x2d, 0x00, 0xff, 0x00, 0x00, 0x00, 0x00, 0x0f, 0x00, 0x00, 0x00, 0xe2, 0x0f, 0x00,
    0x0c, 0x7c, 0x00, 0x70, 0x23, 0x00, 0x00, 0x00, 0x70, 0x62, 0xf0, 0x0b, 0x00, 0xe2, 0x0f, 0x00,
    0x10, 0x72, 0x2f, 0x7c, 0x54, 0x00, 0x00, 0x00, 0xff, 0xe0, 0xff, 0x07, 0x00, 0xe2, 0x0f, 0x00,
    0x24, 0x7c, 0x31, 0x5c, 0x0b, 0x00, 0x00, 0x00, 0xff, 0x02, 0x8e, 0x0f, 0x00, 0xe2, 0x0f, 0x04,
    0x16, 0x78, 0x30, 0xff, 0x10, 0x76, 0x00, 0x00, 0x30, 0x00, 0x00, 0x00, 0x00, 0xe2, 0x0f, 0x00,
    0x25, 0x7c, 0x2c, 0x5c, 0x0a, 0x00, 0x00, 0x00, 0x2c, 0x00, 0x8e, 0x0f, 0x00, 0xe2, 0x0f, 0x00,
    0x16, 0x78, 0x32, 0xff, 0x10, 0x76, 0x00, 0x00, 0x32, 0x00, 0x00, 0x00, 0x00, 0xe2, 0x4f, 0x01,
    0x0c, 0x72, 0x00, 0x2f, 0x02, 0x00, 0x00, 0x00, 0x70, 0x12, 0x70, 0x04, 0x00, 0xc4, 0x0f, 0x00,
    0x24, 0x7c, 0x31, 0x5d, 0x0a, 0x00, 0x00, 0x00, 0x31, 0x02, 0x8e, 0x0f, 0x00, 0xe2, 0x0f, 0x00,
    0x16, 0x78, 0x34, 0xff, 0x10, 0x76, 0x00, 0x00, 0x34, 0x00, 0x00, 0x00, 0x00, 0xe4, 0x1f, 0x00,
    0x16, 0x78, 0x3a, 0xff, 0x10, 0x76, 0x00, 0x00, 0x3a, 0x00, 0x00, 0x00, 0x00, 0xe4, 0x0f, 0x00,
    0x10, 0x72, 0x2d, 0x2d, 0x31, 0x00, 0x00, 0x00, 0xff, 0xe0, 0xff, 0x07, 0x00, 0xe2, 0x0f, 0x00,
    0x0c, 0x7c, 0x00, 0x2f, 0x1d, 0x00, 0x00, 0x00, 0x70, 0x12, 0x70, 0x08, 0x00, 0xe2, 0x0f, 0x00,
    0x16, 0x78, 0x3c, 0xff, 0x10, 0x76, 0x00, 0x00, 0x3c, 0x00, 0x00, 0x00, 0x00, 0xe4, 0x0f, 0x00,
    0x16, 0x78, 0x3e, 0xff, 0x10, 0x76, 0x00, 0x00, 0x3e, 0x00, 0x00, 0x00, 0x00, 0xe2, 0x0f, 0x00,
    0x35, 0x72, 0x2c, 0x2c, 0x2c, 0x00, 0x00, 0x00, 0x00, 0x02, 0x8e, 0x07, 0x00, 0xc6, 0x0f, 0x00,
    0x16, 0x78, 0x40, 0xff, 0x10, 0x76, 0x00, 0x00, 0x40, 0x00, 0x00, 0x00, 0x00, 0xe2, 0x0f, 0x00,
    0x35, 0x7c, 0x2c, 0x2c, 0x1e, 0x00, 0x00, 0x00, 0x00, 0x02, 0x8e, 0x0f, 0x00, 0xc6, 0x0f, 0x00,
    0x16, 0x78, 0x42, 0xff, 0x10, 0x76, 0x00, 0x00, 0x42, 0x00, 0x00, 0x00, 0x00, 0xe4, 0x0f, 0x00,
    0x16, 0x78, 0x44, 0xff, 0x10, 0x76, 0x00, 0x00, 0x44, 0x00, 0x00, 0x00, 0x00, 0xe2, 0x0f, 0x00,
    0x81, 0x09, 0x30, 0x2c, 0x12, 0x00, 0x00, 0x00, 0x00, 0x95, 0x1e, 0x0c, 0x00, 0xa2, 0x0e, 0x00,
    0x16, 0x78, 0x46, 0xff, 0x10, 0x76, 0x00, 0x00, 0x46, 0x00, 0x00, 0x00, 0x00, 0xe4, 0x0f, 0x00,
    0x16, 0x78, 0x48, 0xff, 0x10, 0x76, 0x00, 0x00, 0x48, 0x00, 0x00, 0x00, 0x00, 0xe2, 0x0f, 0x00,
    0x81, 0x09, 0x32, 0x2c, 0x12, 0x80, 0x00, 0x00, 0x00, 0x95, 0x1e, 0x0c, 0x00, 0xe2, 0x0e, 0x00,
    0x16, 0x78, 0x4a, 0xff, 0x10, 0x76, 0x00, 0x00, 0x4a, 0x00, 0x00, 0x00, 0x00, 0xe4, 0x0f, 0x00,
    0x16, 0x78, 0x4c, 0xff, 0x10, 0x76, 0x00, 0x00, 0x4c, 0x00, 0x00, 0x00, 0x00, 0xe2, 0x0f, 0x00,
    0x81, 0x09, 0x34, 0x2c, 0x12, 0x04, 0x00, 0x00, 0x00, 0x95, 0x1e, 0x0c, 0x00, 0x22, 0x0f, 0x00,
    0x16, 0x78, 0x4e, 0xff, 0x10, 0x76, 0x00, 0x00, 0x4e, 0x00, 0x00, 0x00, 0x00, 0xc4, 0x0f, 0x00,
    0x16, 0x78, 0x50, 0xff, 0x10, 0x76, 0x00, 0x00, 0x50, 0x00, 0x00, 0x00, 0x00, 0xe2, 0x0f, 0x00,
    0x81, 0x09, 0x3a, 0x2c, 0x12, 0x84, 0x00, 0x00, 0x00, 0x95, 0x1e, 0x0c, 0x00, 0x22, 0x0f, 0x00,
    0x16, 0x78, 0x52, 0xff, 0x10, 0x76, 0x00, 0x00, 0x52, 0x00, 0x00, 0x00, 0x00, 0xe4, 0x0f, 0x00,
    0x16, 0x78, 0x54, 0xff, 0x10, 0x76, 0x00, 0x00, 0x54, 0x00, 0x00, 0x00, 0x00, 0xe2, 0x0f, 0x00,
    0x81, 0x09, 0x3c, 0x2c, 0x12, 0x08, 0x00, 0x00, 0x00, 0x95, 0x1e, 0x0c, 0x00, 0x22, 0x0f, 0x00,
    0x16, 0x78, 0x56, 0xff, 0x10, 0x76, 0x00, 0x00, 0x56, 0x00, 0x00, 0x00, 0x00, 0xe4, 0x0f, 0x00,
    0x16, 0x78, 0x58, 0xff, 0x10, 0x76, 0x00, 0x00, 0x58, 0x00, 0x00, 0x00, 0x00, 0xe2, 0x0f, 0x00,
    0x81, 0x09, 0x3e, 0x2c, 0x12, 0x88, 0x00, 0x00, 0x00, 0x95, 0x1e, 0x0c, 0x00, 0x22, 0x0f, 0x00,
    0x16, 0x78, 0x5a, 0xff, 0x10, 0x76, 0x00, 0x00, 0x5a, 0x00, 0x00, 0x00, 0x00, 0xc4, 0x0f, 0x00,
    0x16, 0x78, 0x5c, 0xff, 0x10, 0x76, 0x00, 0x00, 0x5c, 0x00, 0x00, 0x00, 0x00, 0xe2, 0x0f, 0x00,
    0x81, 0x09, 0x40, 0x2c, 0x12, 0x0c, 0x00, 0x00, 0x00, 0x95, 0x1e, 0x0c, 0x00, 0x22, 0x0f, 0x00,
    0x16, 0x78, 0x5e, 0xff, 0x10, 0x76, 0x00, 0x00, 0x5e, 0x00, 0x00, 0x00, 0x00, 0xe4, 0x0f, 0x00,
    0x16, 0x78, 0x60, 0xff, 0x10, 0x76, 0x00, 0x00, 0x60, 0x00, 0x00, 0x00, 0x00, 0xe2, 0x0f, 0x00,
    0x81, 0x09, 0x42, 0x2c, 0x12, 0x8c, 0x00, 0x00, 0x00, 0x95, 0x1e, 0x0c, 0x00, 0x22, 0x0f, 0x00,
    0x16, 0x78, 0x62, 0xff, 0x10, 0x76, 0x00, 0x00, 0x62, 0x00, 0x00, 0x00, 0x00, 0xe4, 0x0f, 0x00,
    0x16, 0x78, 0x64, 0xff, 0x10, 0x76, 0x00, 0x00, 0x64, 0x00, 0x00, 0x00, 0x00, 0xe2, 0x0f, 0x00,
    0x81, 0x09, 0x44, 0x2c, 0x12, 0x10, 0x00, 0x00, 0x00, 0x95, 0x1e, 0x0c, 0x00, 0x22, 0x0f, 0x00,
    0x16, 0x78, 0x66, 0xff, 0x10, 0x76, 0x00, 0x00, 0x66, 0x00, 0x00, 0x00, 0x00, 0xc4, 0x0f, 0x00,
    0x16, 0x78, 0x8a, 0xff, 0x10, 0x76, 0x00, 0x00, 0x8a, 0x00, 0x00, 0x00, 0x00, 0xe2, 0x0f, 0x00,
    0x81, 0x09, 0x46, 0x2c, 0x12, 0x90, 0x00, 0x00, 0x00, 0x95, 0x1e, 0x0c, 0x00, 0x22, 0x0f, 0x00,
    0x16, 0x78, 0x8c, 0xff, 0x10, 0x76, 0x00, 0x00, 0x8c, 0x00, 0x00, 0x00, 0x00, 0xe4, 0x0f, 0x00,
    0x16, 0x78, 0x8e, 0xff, 0x10, 0x76, 0x00, 0x00, 0x8e, 0x00, 0x00, 0x00, 0x00, 0xe2, 0x0f, 0x00,
    0x81, 0x09, 0x48, 0x2c, 0x12, 0x14, 0x00, 0x00, 0x00, 0x95, 0x1e, 0x0c, 0x00, 0x22, 0x0f, 0x00,
    0x16, 0x78, 0x90, 0xff, 0x10, 0x76, 0x00, 0x00, 0x90, 0x00, 0x00, 0x00, 0x00, 0xe4, 0x0f, 0x00,
    0x16, 0x78, 0x92, 0xff, 0x10, 0x76, 0x00, 0x00, 0x92, 0x00, 0x00, 0x00, 0x00, 0xe2, 0x0f, 0x00,
    0x81, 0x09, 0x4a, 0x2c, 0x12, 0x94, 0x00, 0x00, 0x00, 0x95, 0x1e, 0x0c, 0x00, 0x22, 0x0f, 0x00,
    0x16, 0x78, 0x94, 0xff, 0x10, 0x76, 0x00, 0x00, 0x94, 0x00, 0x00, 0x00, 0x00, 0xc4, 0x0f, 0x00,
    0x16, 0x78, 0x96, 0xff, 0x10, 0x76, 0x00, 0x00, 0x96, 0x00, 0x00, 0x00, 0x00, 0xe2, 0x0f, 0x00,
    0x81, 0x09, 0x4c, 0x2c, 0x12, 0x18, 0x00, 0x00, 0x00, 0x95, 0x1e, 0x0c, 0x00, 0x22, 0x0f, 0x00,
    0x16, 0x78, 0x98, 0xff, 0x10, 0x76, 0x00, 0x00, 0x98, 0x00, 0x00, 0x00, 0x00, 0xe4, 0x0f, 0x00,
    0x16, 0x78, 0x9a, 0xff, 0x10, 0x76, 0x00, 0x00, 0x9a, 0x00, 0x00, 0x00, 0x00, 0xe2, 0x0f, 0x00,
    0x81, 0x09, 0x4e, 0x2c, 0x12, 0x98, 0x00, 0x00, 0x00, 0x95, 0x1e, 0x0c, 0x00, 0x22, 0x0f, 0x00,
    0x16, 0x78, 0x9c, 0xff, 0x10, 0x76, 0x00, 0x00, 0x9c, 0x00, 0x00, 0x00, 0x00, 0xe4, 0x0f, 0x00,
    0x16, 0x78, 0x9e, 0xff, 0x10, 0x76, 0x00, 0x00, 0x9e, 0x00, 0x00, 0x00, 0x00, 0xe2, 0x0f, 0x00,
    0x81, 0x09, 0x50, 0x2c, 0x12, 0x1c, 0x00, 0x00, 0x00, 0x95, 0x1e, 0x0c, 0x00, 0x22, 0x0f, 0x00,
    0x16, 0x78, 0xa0, 0xff, 0x10, 0x76, 0x00, 0x00, 0xa0, 0x00, 0x00, 0x00, 0x00, 0xc4, 0x0f, 0x00,
    0x16, 0x78, 0xa2, 0xff, 0x10, 0x76, 0x00, 0x00, 0xa2, 0x00, 0x00, 0x00, 0x00, 0xe2, 0x0f, 0x00,
    0x81, 0x09, 0x52, 0x2c, 0x12, 0x9c, 0x00, 0x00, 0x00, 0x95, 0x1e, 0x0c, 0x00, 0x22, 0x0f, 0x00,
    0x16, 0x78, 0xa4, 0xff, 0x10, 0x76, 0x00, 0x00, 0xa4, 0x00, 0x00, 0x00, 0x00, 0xe4, 0x0f, 0x00,
    0x16, 0x78, 0x2f, 0xff, 0x10, 0x76, 0x00, 0x00, 0x2f, 0x00, 0x00, 0x00, 0x00, 0xe2, 0x0f, 0x00,
    0x81, 0x09, 0x54, 0x2c, 0x12, 0x20, 0x00, 0x00, 0x00, 0x95, 0x1e, 0x0c, 0x00, 0x22, 0x0f, 0x00,
    0x16, 0x78, 0x31, 0xff, 0x10, 0x76, 0x00, 0x00, 0x31, 0x00, 0x00, 0x00, 0x00, 0xe4, 0x0f, 0x00,
    0x16, 0x78, 0x33, 0xff, 0x10, 0x76, 0x00, 0x00, 0x33, 0x00, 0x00, 0x00, 0x00, 0xe2, 0x0f, 0x00,
    0x81, 0x09, 0x56, 0x2c, 0x12, 0xa0, 0x00, 0x00, 0x00, 0x95, 0x1e, 0x0c, 0x00, 0x22, 0x0f, 0x00,
    0x16, 0x78, 0x35, 0xff, 0x10, 0x76, 0x00, 0x00, 0x35, 0x00, 0x00, 0x00, 0x00, 0xc4, 0x0f, 0x00,
    0x16, 0x78, 0x39, 0xff, 0x10, 0x76, 0x00, 0x00, 0x39, 0x00, 0x00, 0x00, 0x00, 0xe2, 0x0f, 0x00,
    0x81, 0x09, 0x58, 0x2c, 0x12, 0x24, 0x00, 0x00, 0x00, 0x95, 0x1e, 0x0c, 0x00, 0x22, 0x0f, 0x00,
    0x16, 0x78, 0x3b, 0xff, 0x10, 0x76, 0x00, 0x00, 0x3b, 0x00, 0x00, 0x00, 0x00, 0xe4, 0x0f, 0x00,
    0x16, 0x78, 0x3d, 0xff, 0x10, 0x76, 0x00, 0x00, 0x3d, 0x00, 0x00, 0x00, 0x00, 0xe2, 0x0f, 0x00,
    0x81, 0x09, 0x5a, 0x2c, 0x12, 0xa4, 0x00, 0x00, 0x00, 0x95, 0x1e, 0x0c, 0x00, 0x22, 0x0f, 0x00,
    0x16, 0x78, 0x3f, 0xff, 0x10, 0x76, 0x00, 0x00, 0x3f, 0x00, 0x00, 0x00, 0x00, 0xe4, 0x0f, 0x00,
    0x16, 0x78, 0x41, 0xff, 0x10, 0x76, 0x00, 0x00, 0x41, 0x00, 0x00, 0x00, 0x00, 0xe2, 0x0f, 0x00,
    0x81, 0x09, 0x5c, 0x2c, 0x12, 0x28, 0x00, 0x00, 0x00, 0x95, 0x1e, 0x0c, 0x00, 0x22, 0x0f, 0x00,
    0x16, 0x78, 0x43, 0xff, 0x10, 0x76, 0x00, 0x00, 0x43, 0x00, 0x00, 0x00, 0x00, 0xc4, 0x0f, 0x00,
    0x16, 0x78, 0x45, 0xff, 0x10, 0x76, 0x00, 0x00, 0x45, 0x00, 0x00, 0x00, 0x00, 0xe2, 0x0f, 0x00,
    0x81, 0x09, 0x5e, 0x2c, 0x12, 0xa8, 0x00, 0x00, 0x00, 0x95, 0x1e, 0x0c, 0x00, 0x22, 0x0f, 0x00,
    0x16, 0x78, 0x47, 0xff, 0x10, 0x76, 0x00, 0x00, 0x47, 0x00, 0x00, 0x00, 0x00, 0xe4, 0x0f, 0x00,
    0x16, 0x78, 0x49, 0xff, 0x10, 0x76, 0x00, 0x00, 0x49, 0x00, 0x00, 0x00, 0x00, 0xe2, 0x0f, 0x00,
    0x81, 0x09, 0x60, 0x2c, 0x12, 0x2c, 0x00, 0x00, 0x00, 0x95, 0x1e, 0x0c, 0x00, 0x22, 0x0f, 0x00,
    0x16, 0x78, 0x4b, 0xff, 0x10, 0x76, 0x00, 0x00, 0x4b, 0x00, 0x00, 0x00, 0x00, 0xe4, 0x0f, 0x00,
    0x16, 0x78, 0x4d, 0xff, 0x10, 0x76, 0x00, 0x00, 0x4d, 0x00, 0x00, 0x00, 0x00, 0xe2, 0x0f, 0x00,
    0x81, 0x09, 0x62, 0x2c, 0x12, 0xac, 0x00, 0x00, 0x00, 0x95, 0x1e, 0x0c, 0x00, 0x22, 0x0f, 0x00,
    0x16, 0x78, 0x4f, 0xff, 0x10, 0x76, 0x00, 0x00, 0x4f, 0x00, 0x00, 0x00, 0x00, 0xc4, 0x0f, 0x00,
    0x16, 0x78, 0x51, 0xff, 0x10, 0x76, 0x00, 0x00, 0x51, 0x00, 0x00, 0x00, 0x00, 0xe2, 0x0f, 0x00,
    0x81, 0x09, 0x64, 0x2c, 0x12, 0x30, 0x00, 0x00, 0x00, 0x95, 0x1e, 0x0c, 0x00, 0x22, 0x0f, 0x00,
    0x16, 0x78, 0x53, 0xff, 0x10, 0x76, 0x00, 0x00, 0x53, 0x00, 0x00, 0x00, 0x00, 0xe4, 0x0f, 0x00,
    0x16, 0x78, 0x55, 0xff, 0x10, 0x76, 0x00, 0x00, 0x55, 0x00, 0x00, 0x00, 0x00, 0xe2, 0x0f, 0x00,
    0x81, 0x09, 0x66, 0x2c, 0x12, 0xb0, 0x00, 0x00, 0x00, 0x95, 0x1e, 0x0c, 0x00, 0x22, 0x0f, 0x00,
    0x16, 0x78, 0x57, 0xff, 0x10, 0x76, 0x00, 0x00, 0x57, 0x00, 0x00, 0x00, 0x00, 0xe4, 0x0f, 0x00,
    0x16, 0x78, 0x59, 0xff, 0x10, 0x76, 0x00, 0x00, 0x59, 0x00, 0x00, 0x00, 0x00, 0xe2, 0x0f, 0x00,
    0x81, 0x09, 0x8a, 0x2c, 0x12, 0x34, 0x00, 0x00, 0x00, 0x95, 0x1e, 0x0c, 0x00, 0x22, 0x0f, 0x00,
    0x16, 0x78, 0x5b, 0xff, 0x10, 0x76, 0x00, 0x00, 0x5b, 0x00, 0x00, 0x00, 0x00, 0xc4, 0x0f, 0x00,
    0x16, 0x78, 0x8b, 0xff, 0x10, 0x76, 0x00, 0x00, 0x8b, 0x00, 0x00, 0x00, 0x00, 0xe2, 0x0f, 0x00,
    0x81, 0x09, 0x8c, 0x2c, 0x12, 0xb4, 0x00, 0x00, 0x00, 0x95, 0x1e, 0x0c, 0x00, 0x28, 0x0f, 0x00,
    0x81, 0x09, 0x8e, 0x2c, 0x12, 0x38, 0x00, 0x00, 0x00, 0x95, 0x1e, 0x0c, 0x00, 0x28, 0x0f, 0x00,
    0x81, 0x09, 0x90, 0x2c, 0x12, 0xb8, 0x00, 0x00, 0x00, 0x95, 0x1e, 0x0c, 0x00, 0x28, 0x0f, 0x00,
    0x81, 0x09, 0x92, 0x2c, 0x12, 0x3c, 0x00, 0x00, 0x00, 0x95, 0x1e, 0x0c, 0x00, 0x28, 0x0f, 0x00,
    0x81, 0x09, 0x94, 0x2c, 0x12, 0xbc, 0x00, 0x00, 0x00, 0x95, 0x1e, 0x0c, 0x00, 0x28, 0x0f, 0x00,
    0x81, 0x09, 0x96, 0x2c, 0x12, 0x40, 0x00, 0x00, 0x00, 0x95, 0x1e, 0x0c, 0x00, 0x28, 0x0f, 0x00,
    0x81, 0x09, 0x98, 0x2c, 0x12, 0xc0, 0x00, 0x00, 0x00, 0x95, 0x1e, 0x0c, 0x00, 0x28, 0x0f, 0x00,
    0x81, 0x09, 0x9a, 0x2c, 0x12, 0x44, 0x00, 0x00, 0x00, 0x95, 0x1e, 0x0c, 0x00, 0x28, 0x0f, 0x00,
    0x81, 0x09, 0x9c, 0x2c, 0x12, 0xc4, 0x00, 0x00, 0x00, 0x95, 0x1e, 0x0c, 0x00, 0x28, 0x0f, 0x00,
    0x81, 0x09, 0x9e, 0x2c, 0x12, 0x48, 0x00, 0x00, 0x00, 0x95, 0x1e, 0x0c, 0x00, 0x28, 0x0f, 0x00,
    0x81, 0x09, 0xa0, 0x2c, 0x12, 0xc8, 0x00, 0x00, 0x00, 0x95, 0x1e, 0x0c, 0x00, 0x28, 0x0f, 0x00,
    0x81, 0x09, 0xa2, 0x2c, 0x12, 0x4c, 0x00, 0x00, 0x00, 0x95, 0x1e, 0x0c, 0x00, 0x28, 0x0f, 0x00,
    0x81, 0x09, 0xa4, 0x2c, 0x12, 0xcc, 0x00, 0x00, 0x00, 0x95, 0x1e, 0x0c, 0x00, 0x28, 0x0f, 0x00,
    0x81, 0x09, 0x2f, 0x2c, 0x12, 0x50, 0x00, 0x00, 0x00, 0x95, 0x1e, 0x0c, 0x00, 0x28, 0x0f, 0x00,
    0x81, 0x09, 0x31, 0x2c, 0x12, 0xd0, 0x00, 0x00, 0x00, 0x95, 0x1e, 0x0c, 0x00, 0x28, 0x0f, 0x00,
    0x81, 0x09, 0x33, 0x2c, 0x12, 0x54, 0x00, 0x00, 0x00, 0x95, 0x1e, 0x0c, 0x00, 0x28, 0x0f, 0x00,
    0x81, 0x09, 0x35, 0x2c, 0x12, 0xd4, 0x00, 0x00, 0x00, 0x95, 0x1e, 0x0c, 0x00, 0x28, 0x0f, 0x00,
    0x81, 0x09, 0x39, 0x2c, 0x12, 0x58, 0x00, 0x00, 0x00, 0x95, 0x1e, 0x0c, 0x00, 0x28, 0x0f, 0x00,
    0x81, 0x09, 0x3b, 0x2c, 0x12, 0xd8, 0x00, 0x00, 0x00, 0x95, 0x1e, 0x0c, 0x00, 0x28, 0x0f, 0x00,
    0x81, 0x09, 0x3d, 0x2c, 0x12, 0x5c, 0x00, 0x00, 0x00, 0x95, 0x1e, 0x0c, 0x00, 0x28, 0x0f, 0x00,
    0x81, 0x09, 0x3f, 0x2c, 0x12, 0xdc, 0x00, 0x00, 0x00, 0x95, 0x1e, 0x0c, 0x00, 0x28, 0x0f, 0x00,
    0x81, 0x09, 0x41, 0x2c, 0x12, 0x60, 0x00, 0x00, 0x00, 0x95, 0x1e, 0x0c, 0x00, 0x28, 0x0f, 0x00,
    0x81, 0x09, 0x43, 0x2c, 0x12, 0xe0, 0x00, 0x00, 0x00, 0x95, 0x1e, 0x0c, 0x00, 0x28, 0x0f, 0x00,
    0x81, 0x09, 0x45, 0x2c, 0x12, 0x64, 0x00, 0x00, 0x00, 0x95, 0x1e, 0x0c, 0x00, 0x28, 0x0f, 0x00,
    0x81, 0x09, 0x47, 0x2c, 0x12, 0xe4, 0x00, 0x00, 0x00, 0x95, 0x1e, 0x0c, 0x00, 0x28, 0x0f, 0x00,
    0x81, 0x09, 0x49, 0x2c, 0x12, 0x68, 0x00, 0x00, 0x00, 0x95, 0x1e, 0x0c, 0x00, 0x28, 0x0f, 0x00,
    0x81, 0x09, 0x4b, 0x2c, 0x12, 0xe8, 0x00, 0x00, 0x00, 0x95, 0x1e, 0x0c, 0x00, 0x28, 0x0f, 0x00,
    0x81, 0x09, 0x4d, 0x2c, 0x12, 0x6c, 0x00, 0x00, 0x00, 0x95, 0x1e, 0x0c, 0x00, 0x28, 0x0f, 0x00,
    0x81, 0x09, 0x4f, 0x2c, 0x12, 0xec, 0x00, 0x00, 0x00, 0x95, 0x1e, 0x0c, 0x00, 0x28, 0x0f, 0x00,
    0x81, 0x09, 0x51, 0x2c, 0x12, 0x70, 0x00, 0x00, 0x00, 0x95, 0x1e, 0x0c, 0x00, 0x28, 0x0f, 0x00,
    0x81, 0x09, 0x53, 0x2c, 0x12, 0xf0, 0x00, 0x00, 0x00, 0x95, 0x1e, 0x0c, 0x00, 0x28, 0x0f, 0x00,
    0x81, 0x09, 0x55, 0x2c, 0x12, 0x74, 0x00, 0x00, 0x00, 0x95, 0x1e, 0x0c, 0x00, 0x28, 0x0f, 0x00,
    0x81, 0x09, 0x57, 0x2c, 0x12, 0xf4, 0x00, 0x00, 0x00, 0x95, 0x1e, 0x0c, 0x00, 0x28, 0x0f, 0x00,
    0x81, 0x09, 0x59, 0x2c, 0x12, 0x78, 0x00, 0x00, 0x00, 0x95, 0x1e, 0x0c, 0x00, 0x28, 0x0f, 0x00,
    0x81, 0x09, 0x5b, 0x2c, 0x12, 0xf8, 0x00, 0x00, 0x00, 0x95, 0x1e, 0x0c, 0x00, 0x28, 0x0f, 0x00,
    0x81, 0x09, 0x8b, 0x2c, 0x12, 0x7c, 0x00, 0x00, 0x00, 0x95, 0x1e, 0x0c, 0x00, 0x28, 0x0f, 0x00,
    0x81, 0x09, 0x38, 0x2c, 0x12, 0xfc, 0x00, 0x00, 0x00, 0x95, 0x1e, 0x0c, 0x00, 0x22, 0x0f, 0x00,
    0x20, 0x72, 0x36, 0x36, 0x2e, 0x00, 0x00, 0x00, 0x00, 0x00, 0x40, 0x00, 0x00, 0xe2, 0x0f, 0x08,
    0x20, 0x72, 0x37, 0x37, 0x2e, 0x00, 0x00, 0x00, 0x00, 0x00, 0x40, 0x00, 0x00, 0xca, 0x0f, 0x00,
    0x3e, 0x72, 0x36, 0x37, 0x36, 0x00, 0x00, 0x00, 0xff, 0x10, 0x00, 0x00, 0x00, 0xca, 0x0f, 0x00,
    0x88, 0x73, 0x00, 0x6b, 0x36, 0x00, 0xb2, 0x00, 0x00, 0x08, 0x00, 0x00, 0x00, 0xe8, 0x0f, 0x00,
    0x88, 0x73, 0x00, 0x03, 0x30, 0x00, 0x20, 0x00, 0x00, 0x04, 0x00, 0x00, 0x00, 0xe8, 0x4f, 0x00,
    0x88, 0x73, 0x00, 0x03, 0x32, 0x00, 0x00, 0x00, 0x00, 0x04, 0x00, 0x00, 0x00, 0xe8, 0x8f, 0x00,
    0x88, 0x73, 0x00, 0x07, 0x34, 0x00, 0x21, 0x00, 0x00, 0x04, 0x00, 0x00, 0x00, 0xe8, 0x0f, 0x01,
    0x88, 0x73, 0x00, 0x07, 0x3a, 0x00, 0x01, 0x00, 0x00, 0x04, 0x00, 0x00, 0x00, 0xe8, 0x0f, 0x00,
    0x88, 0x73, 0x00, 0x05, 0x3c, 0x00, 0x22, 0x00, 0x00, 0x04, 0x00, 0x00, 0x00, 0xe8, 0x0f, 0x00,
    0x88, 0x73, 0x00, 0x05, 0x3e, 0x00, 0x02, 0x00, 0x00, 0x04, 0x00, 0x00, 0x00, 0xe8, 0x0f, 0x00,
    0x88, 0x73, 0x00, 0x09, 0x40, 0x00, 0x23, 0x00, 0x00, 0x04, 0x00, 0x00, 0x00, 0xe8, 0x0f, 0x00,
    0x88, 0x73, 0x00, 0x09, 0x42, 0x00, 0x03, 0x00, 0x00, 0x04, 0x00, 0x00, 0x00, 0xe8, 0x0f, 0x00,
    0x88, 0x73, 0x00, 0x03, 0x44, 0x00, 0x24, 0x00, 0x00, 0x04, 0x00, 0x00, 0x00, 0xe8, 0x0f, 0x00,
    0x88, 0x73, 0x00, 0x03, 0x46, 0x00, 0x04, 0x00, 0x00, 0x04, 0x00, 0x00, 0x00, 0xe8, 0x0f, 0x00,
    0x88, 0x73, 0x00, 0x07, 0x48, 0x00, 0x25, 0x00, 0x00, 0x04, 0x00, 0x00, 0x00, 0xe8, 0x0f, 0x00,
    0x88, 0x73, 0x00, 0x07, 0x4a, 0x00, 0x05, 0x00, 0x00, 0x04, 0x00, 0x00, 0x00, 0xe8, 0x0f, 0x00,
    0x88, 0x73, 0x00, 0x05, 0x4c, 0x00, 0x26, 0x00, 0x00, 0x04, 0x00, 0x00, 0x00, 0xe8, 0x0f, 0x00,
    0x88, 0x73, 0x00, 0x05, 0x4e, 0x00, 0x06, 0x00, 0x00, 0x04, 0x00, 0x00, 0x00, 0xe8, 0x0f, 0x00,
    0x88, 0x73, 0x00, 0x09, 0x50, 0x00, 0x27, 0x00, 0x00, 0x04, 0x00, 0x00, 0x00, 0xe8, 0x0f, 0x00,
    0x88, 0x73, 0x00, 0x09, 0x52, 0x00, 0x07, 0x00, 0x00, 0x04, 0x00, 0x00, 0x00, 0xe8, 0x0f, 0x00,
    0x88, 0x73, 0x00, 0x03, 0x54, 0x00, 0x28, 0x00, 0x00, 0x04, 0x00, 0x00, 0x00, 0xe8, 0x0f, 0x00,
    0x88, 0x73, 0x00, 0x03, 0x56, 0x00, 0x08, 0x00, 0x00, 0x04, 0x00, 0x00, 0x00, 0xe8, 0x0f, 0x00,
    0x88, 0x73, 0x00, 0x07, 0x58, 0x00, 0x29, 0x00, 0x00, 0x04, 0x00, 0x00, 0x00, 0xe8, 0x0f, 0x00,
    0x88, 0x73, 0x00, 0x07, 0x5a, 0x00, 0x09, 0x00, 0x00, 0x04, 0x00, 0x00, 0x00, 0xe8, 0x0f, 0x00,
    0x88, 0x73, 0x00, 0x05, 0x5c, 0x00, 0x2a, 0x00, 0x00, 0x04, 0x00, 0x00, 0x00, 0xe8, 0x0f, 0x00,
    0x88, 0x73, 0x00, 0x05, 0x5e, 0x00, 0x0a, 0x00, 0x00, 0x04, 0x00, 0x00, 0x00, 0xe8, 0x0f, 0x00,
    0x88, 0x73, 0x00, 0x09, 0x60, 0x00, 0x2b, 0x00, 0x00, 0x04, 0x00, 0x00, 0x00, 0xe8, 0x0f, 0x00,
    0x88, 0x73, 0x00, 0x09, 0x62, 0x00, 0x0b, 0x00, 0x00, 0x04, 0x00, 0x00, 0x00, 0xe8, 0x0f, 0x00,
    0x88, 0x73, 0x00, 0x03, 0x64, 0x00, 0x2c, 0x00, 0x00, 0x04, 0x00, 0x00, 0x00, 0xe8, 0x0f, 0x00,
    0x88, 0x73, 0x00, 0x03, 0x66, 0x00, 0x0c, 0x00, 0x00, 0x04, 0x00, 0x00, 0x00, 0xe8, 0x0f, 0x00,
    0x88, 0x73, 0x00, 0x07, 0x8a, 0x00, 0x2d, 0x00, 0x00, 0x04, 0x00, 0x00, 0x00, 0xe8, 0x0f, 0x00,
    0x88, 0x73, 0x00, 0x07, 0x8c, 0x00, 0x0d, 0x00, 0x00, 0x04, 0x00, 0x00, 0x00, 0xe8, 0x0f, 0x00,
    0x88, 0x73, 0x00, 0x05, 0x8e, 0x00, 0x2e, 0x00, 0x00, 0x04, 0x00, 0x00, 0x00, 0xe8, 0x0f, 0x00,
    0x88, 0x73, 0x00, 0x05, 0x90, 0x00, 0x0e, 0x00, 0x00, 0x04, 0x00, 0x00, 0x00, 0xe8, 0x0f, 0x00,
    0x88, 0x73, 0x00, 0x09, 0x92, 0x00, 0x2f, 0x00, 0x00, 0x04, 0x00, 0x00, 0x00, 0xe8, 0x0f, 0x00,
    0x88, 0x73, 0x00, 0x09, 0x94, 0x00, 0x0f, 0x00, 0x00, 0x04, 0x00, 0x00, 0x00, 0xe8, 0x0f, 0x00,
    0x88, 0x73, 0x00, 0x03, 0x96, 0x00, 0x30, 0x00, 0x00, 0x04, 0x00, 0x00, 0x00, 0xe8, 0x0f, 0x00,
    0x88, 0x73, 0x00, 0x03, 0x98, 0x00, 0x10, 0x00, 0x00, 0x04, 0x00, 0x00, 0x00, 0xe8, 0x0f, 0x00,
    0x88, 0x73, 0x00, 0x07, 0x9a, 0x00, 0x31, 0x00, 0x00, 0x04, 0x00, 0x00, 0x00, 0xe8, 0x0f, 0x00,
    0x88, 0x73, 0x00, 0x07, 0x9c, 0x00, 0x11, 0x00, 0x00, 0x04, 0x00, 0x00, 0x00, 0xe8, 0x0f, 0x00,
    0x88, 0x73, 0x00, 0x05, 0x9e, 0x00, 0x32, 0x00, 0x00, 0x04, 0x00, 0x00, 0x00, 0xe8, 0x0f, 0x00,
    0x88, 0x73, 0x00, 0x05, 0xa0, 0x00, 0x12, 0x00, 0x00, 0x04, 0x00, 0x00, 0x00, 0xe8, 0x0f, 0x00,
    0x88, 0x73, 0x00, 0x09, 0xa2, 0x00, 0x33, 0x00, 0x00, 0x04, 0x00, 0x00, 0x00, 0xe8, 0x0f, 0x00,
    0x88, 0x73, 0x00, 0x09, 0xa4, 0x00, 0x13, 0x00, 0x00, 0x04, 0x00, 0x00, 0x00, 0xe8, 0x0f, 0x00,
    0x88, 0x73, 0x00, 0x03, 0x2f, 0x00, 0x34, 0x00, 0x00, 0x04, 0x00, 0x00, 0x00, 0xe8, 0x0f, 0x00,
    0x88, 0x73, 0x00, 0x03, 0x31, 0x00, 0x14, 0x00, 0x00, 0x04, 0x00, 0x00, 0x00, 0xe8, 0x0f, 0x00,
    0x88, 0x73, 0x00, 0x07, 0x33, 0x00, 0x35, 0x00, 0x00, 0x04, 0x00, 0x00, 0x00, 0xe8, 0x0f, 0x00,
    0x88, 0x73, 0x00, 0x07, 0x35, 0x00, 0x15, 0x00, 0x00, 0x04, 0x00, 0x00, 0x00, 0xe8, 0x0f, 0x00,
    0x88, 0x73, 0x00, 0x05, 0x39, 0x00, 0x36, 0x00, 0x00, 0x04, 0x00, 0x00, 0x00, 0xe8, 0x0f, 0x00,
    0x88, 0x73, 0x00, 0x05, 0x3b, 0x00, 0x16, 0x00, 0x00, 0x04, 0x00, 0x00, 0x00, 0xe8, 0x0f, 0x00,
    0x88, 0x73, 0x00, 0x09, 0x3d, 0x00, 0x37, 0x00, 0x00, 0x04, 0x00, 0x00, 0x00, 0xe8, 0x0f, 0x00,
    0x88, 0x73, 0x00, 0x09, 0x3f, 0x00, 0x17, 0x00, 0x00, 0x04, 0x00, 0x00, 0x00, 0xe8, 0x0f, 0x00,
    0x88, 0x73, 0x00, 0x03, 0x41, 0x00, 0x38, 0x00, 0x00, 0x04, 0x00, 0x00, 0x00, 0xe8, 0x0f, 0x00,
    0x88, 0x73, 0x00, 0x03, 0x43, 0x00, 0x18, 0x00, 0x00, 0x04, 0x00, 0x00, 0x00, 0xe8, 0x0f, 0x00,
    0x88, 0x73, 0x00, 0x07, 0x45, 0x00, 0x39, 0x00, 0x00, 0x04, 0x00, 0x00, 0x00, 0xe8, 0x0f, 0x00,
    0x88, 0x73, 0x00, 0x07, 0x47, 0x00, 0x19, 0x00, 0x00, 0x04, 0x00, 0x00, 0x00, 0xe8, 0x0f, 0x00,
    0x88, 0x73, 0x00, 0x05, 0x49, 0x00, 0x3a, 0x00, 0x00, 0x04, 0x00, 0x00, 0x00, 0xe8, 0x0f, 0x00,
    0x88, 0x73, 0x00, 0x05, 0x4b, 0x00, 0x1a, 0x00, 0x00, 0x04, 0x00, 0x00, 0x00, 0xe8, 0x0f, 0x00,
    0x88, 0x73, 0x00, 0x09, 0x4d, 0x00, 0x3b, 0x00, 0x00, 0x04, 0x00, 0x00, 0x00, 0xe8, 0x0f, 0x00,
    0x88, 0x73, 0x00, 0x09, 0x4f, 0x00, 0x1b, 0x00, 0x00, 0x04, 0x00, 0x00, 0x00, 0xe8, 0x0f, 0x00,
    0x88, 0x73, 0x00, 0x03, 0x51, 0x00, 0x3c, 0x00, 0x00, 0x04, 0x00, 0x00, 0x00, 0xe8, 0x0f, 0x00,
    0x88, 0x73, 0x00, 0x03, 0x53, 0x00, 0x1c, 0x00, 0x00, 0x04, 0x00, 0x00, 0x00, 0xe8, 0x0f, 0x00,
    0x88, 0x73, 0x00, 0x07, 0x55, 0x00, 0x3d, 0x00, 0x00, 0x04, 0x00, 0x00, 0x00, 0xe8, 0x0f, 0x00,
    0x88, 0x73, 0x00, 0x07, 0x57, 0x00, 0x1d, 0x00, 0x00, 0x04, 0x00, 0x00, 0x00, 0xe8, 0x0f, 0x00,
    0x88, 0x73, 0x00, 0x05, 0x59, 0x00, 0x3e, 0x00, 0x00, 0x04, 0x00, 0x00, 0x00, 0xe8, 0x0f, 0x00,
    0x88, 0x73, 0x00, 0x05, 0x5b, 0x00, 0x1e, 0x00, 0x00, 0x04, 0x00, 0x00, 0x00, 0xe8, 0x0f, 0x00,
    0x88, 0x73, 0x00, 0x09, 0x8b, 0x00, 0x3f, 0x00, 0x00, 0x04, 0x00, 0x00, 0x00, 0xe8, 0x0f, 0x00,
    0x88, 0x73, 0x00, 0x09, 0x38, 0x00, 0x1f, 0x00, 0x00, 0x04, 0x00, 0x00, 0x00, 0xe2, 0x0f, 0x00,
    0x1d, 0x7b, 0x00, 0x00, 0x00, 0x00, 0x00, 0x00, 0x00, 0x00, 0x01, 0x00, 0x00, 0xec, 0x0f, 0x00,
    0x3b, 0x78, 0x30, 0x6a, 0x00, 0x00, 0x20, 0x00, 0x00, 0x02, 0x00, 0x00, 0x00, 0xe8, 0x0f, 0x00,
    0x3b, 0x78, 0x60, 0x74, 0x0c, 0x00, 0xb0, 0x00, 0x00, 0x42, 0x00, 0x08, 0x00, 0x28, 0x0e, 0x00,
    0x3b, 0x78, 0x5c, 0x73, 0x0c, 0x00, 0xb0, 0x00, 0x00, 0x42, 0x00, 0x08, 0x00, 0x68, 0x0e, 0x00,
    0x3b, 0x78, 0x3c, 0x6a, 0x00, 0x00, 0x00, 0x00, 0x00, 0x02, 0x00, 0x00, 0x00, 0xa8, 0x0e, 0x00,
    0x3b, 0x78, 0x34, 0x69, 0x00, 0x00, 0x20, 0x00, 0x00, 0x02, 0x00, 0x00, 0x00, 0xe8, 0x0f, 0x00,
    0x3b, 0x78, 0x64, 0x74, 0x0c, 0x00, 0xb4, 0x00, 0x00, 0x42, 0x00, 0x08, 0x00, 0xe8, 0x0e, 0x00,
    0x3b, 0x78, 0x2c, 0x73, 0x0c, 0x00, 0xb4, 0x00, 0x00, 0x42, 0x00, 0x08, 0x00, 0x28, 0x0f, 0x00,
    0x3b, 0x78, 0x58, 0x69, 0x00, 0x00, 0x00, 0x00, 0x00, 0x02, 0x00, 0x00, 0x00, 0x68, 0x0e, 0x00,
    0x3b, 0x78, 0x54, 0x68, 0x00, 0x00, 0x20, 0x00, 0x00, 0x02, 0x00, 0x00, 0x00, 0xe8, 0x0f, 0x00,
    0x3b, 0x78, 0x4c, 0x74, 0x0c, 0x00, 0xb8, 0x00, 0x00, 0x42, 0x00, 0x08, 0x00, 0x62, 0x0e, 0x00,
    0x3c, 0x72, 0x50, 0x30, 0x60, 0x00, 0x00, 0x00, 0xff, 0x18, 0x04, 0x00, 0x00, 0xde, 0x1f, 0x00,
    0x18, 0x79, 0x00, 0x00, 0x00, 0x00, 0x00, 0x00, 0x00, 0x00, 0x00, 0x00, 0x00, 0xe2, 0x0f, 0x00,
    0x3c, 0x72, 0x48, 0x30, 0x62, 0x00, 0x00, 0x00, 0xff, 0x18, 0x04, 0x00, 0x00, 0xde, 0x0f, 0x00,
    0x18, 0x79, 0x00, 0x00, 0x00, 0x00, 0x00, 0x00, 0x00, 0x00, 0x00, 0x00, 0x00, 0xe2, 0x0f, 0x00,
    0x3c, 0x72, 0x40, 0x30, 0x5c, 0x00, 0x00, 0x00, 0xff, 0x18, 0x04, 0x00, 0x00, 0xde, 0x2f, 0x00,
    0x18, 0x79, 0x00, 0x00, 0x00, 0x00, 0x00, 0x00, 0x00, 0x00, 0x00, 0x00, 0x00, 0xe2, 0x0f, 0x00,
    0x3c, 0x72, 0x30, 0x30, 0x5e, 0x00, 0x00, 0x00, 0xff, 0x18, 0x04, 0x00, 0x00, 0xde, 0x0f, 0x00,
    0x18, 0x79, 0x00, 0x00, 0x00, 0x00, 0x00, 0x00, 0x00, 0x00, 0x00, 0x00, 0x00, 0xe2, 0x0f, 0x00,
    0x3c, 0x72, 0x44, 0x3c, 0x60, 0x00, 0x00, 0x00, 0xff, 0x18, 0x04, 0x00, 0x00, 0xde, 0x4f, 0x00,
    0x18, 0x79, 0x00, 0x00, 0x00, 0x00, 0x00, 0x00, 0x00, 0x00, 0x00, 0x00, 0x00, 0xe2, 0x0f, 0x00,
    0x3c, 0x72, 0x38, 0x3c, 0x5c, 0x00, 0x00, 0x00, 0xff, 0x18, 0x04, 0x00, 0x00, 0xde, 0x0f, 0x00,
    0x18, 0x79, 0x00, 0x00, 0x00, 0x00, 0x00, 0x00, 0x00, 0x00, 0x00, 0x00, 0x00, 0xe2, 0x0f, 0x00,
    0x3c, 0x72, 0x60, 0x3c, 0x62, 0x00, 0x00, 0x00, 0xff, 0x18, 0x04, 0x00, 0x00, 0xde, 0x0f, 0x00,
    0x18, 0x79, 0x00, 0x00, 0x00, 0x00, 0x00, 0x00, 0x00, 0x00, 0x00, 0x00, 0x00, 0xe2, 0x0f, 0x00,
    0x3c, 0x72, 0x5c, 0x3c, 0x5e, 0x00, 0x00, 0x00, 0xff, 0x18, 0x04, 0x00, 0x00, 0xe2, 0x0f, 0x00,
    0x3b, 0x78, 0x3c, 0x73, 0x0c, 0x00, 0xb8, 0x00, 0x00, 0x42, 0x00, 0x08, 0x00, 0x1e, 0x0e, 0x00,
    0x3c, 0x72, 0x50, 0x34, 0x64, 0x00, 0x00, 0x00, 0x50, 0x18, 0x04, 0x00, 0x00, 0xde, 0x8f, 0x00,
    0x18, 0x79, 0x00, 0x00, 0x00, 0x00, 0x00, 0x00, 0x00, 0x00, 0x00, 0x00, 0x00, 0xe2, 0x0f, 0x00,
    0x3c, 0x72, 0x48, 0x34, 0x66, 0x00, 0x00, 0x00, 0x48, 0x18, 0x04, 0x00, 0x00, 0xde, 0x0f, 0x00,
    0x18, 0x79, 0x00, 0x00, 0x00, 0x00, 0x00, 0x00, 0x00, 0x00, 0x00, 0x00, 0x00, 0xe2, 0x0f, 0x00,
    0x3c, 0x72, 0x40, 0x34, 0x2c, 0x00, 0x00, 0x00, 0x40, 0x18, 0x04, 0x00, 0x00, 0xde, 0x0f, 0x01,
    0x18, 0x79, 0x00, 0x00, 0x00, 0x00, 0x00, 0x00, 0x00, 0x00, 0x00, 0x00, 0x00, 0xe2, 0x0f, 0x00,
    0x3c, 0x72, 0x34, 0x34, 0x2e, 0x00, 0x00, 0x00, 0x30, 0x18, 0x04, 0x00, 0x00, 0xe2, 0x0f, 0x00,
    0x3b, 0x78, 0x30, 0x68, 0x00, 0x00, 0x00, 0x00, 0x00, 0x02, 0x00, 0x00, 0x00, 0x5e, 0x0e, 0x00,
    0x3c, 0x72, 0x44, 0x58, 0x64, 0x00, 0x00, 0x00, 0x44, 0x18, 0x04, 0x00, 0x00, 0xde, 0x0f, 0x00,
    0x18, 0x79, 0x00, 0x00, 0x00, 0x00, 0x00, 0x00, 0x00, 0x00, 0x00, 0x00, 0x00, 0xe2, 0x0f, 0x00,
    0x3c, 0x72, 0x38, 0x58, 0x2c, 0x00, 0x00, 0x00, 0x38, 0x18, 0x04, 0x00, 0x00, 0xde, 0x0f, 0x00,
    0x18, 0x79, 0x00, 0x00, 0x00, 0x00, 0x00, 0x00, 0x00, 0x00, 0x00, 0x00, 0x00, 0xe2, 0x0f, 0x00,
    0x3c, 0x72, 0x60, 0x58, 0x66, 0x00, 0x00, 0x00, 0x60, 0x18, 0x04, 0x00, 0x00, 0xe2, 0x0f, 0x00,
    0x3b, 0x78, 0x64, 0x73, 0x0c, 0x00, 0xbc, 0x00, 0x00, 0x42, 0x00, 0x08, 0x00, 0xde, 0x0f, 0x00,
    0x3c, 0x72, 0x5c, 0x58, 0x2e, 0x00, 0x00, 0x00, 0x5c, 0x18, 0x04, 0x00, 0x00, 0xe2, 0x0f, 0x00,
    0x3b, 0x78, 0x58, 0x00, 0x00, 0x00, 0x20, 0x00, 0x00, 0x02, 0x00, 0x00, 0x00, 0xe8, 0x0f, 0x00,
    0x3b, 0x78, 0x2c, 0x74, 0x0c, 0x00, 0xbc, 0x00, 0x00, 0x42, 0x00, 0x08, 0x00, 0xb6, 0x0e, 0x00,
    0x3c, 0x72, 0x50, 0x54, 0x4c, 0x00, 0x00, 0x00, 0x50, 0x18, 0x04, 0x00, 0x00, 0xde, 0x0f, 0x00,
    0x18, 0x79, 0x00, 0x00, 0x00, 0x00, 0x00, 0x00, 0x00, 0x00, 0x00, 0x00, 0x00, 0xe2, 0x0f, 0x00,
    0x3c, 0x72, 0x48, 0x54, 0x4e, 0x00, 0x00, 0x00, 0x48, 0x18, 0x04, 0x00, 0x00, 0xde, 0x0f, 0x00,
    0x18, 0x79, 0x00, 0x00, 0x00, 0x00, 0x00, 0x00, 0x00, 0x00, 0x00, 0x00, 0x00, 0xe2, 0x0f, 0x00,
    0x3c, 0x72, 0x40, 0x54, 0x3c, 0x00, 0x00, 0x00, 0x40, 0x18, 0x04, 0x00, 0x00, 0xde, 0x1f, 0x00,
    0x18, 0x79, 0x00, 0x00, 0x00, 0x00, 0x00, 0x00, 0x00, 0x00, 0x00, 0x00, 0x00, 0xe2, 0x0f, 0x00,
    0x3c, 0x72, 0x34, 0x54, 0x3e, 0x00, 0x00, 0x00, 0x34, 0x18, 0x04, 0x00, 0x00, 0xe2, 0x0f, 0x00,
    0x3b, 0x78, 0x54, 0x00, 0x00, 0x00, 0x00, 0x00, 0x00, 0x02, 0x00, 0x00, 0x00, 0x1e, 0x0e, 0x00,
    0x3c, 0x72, 0x44, 0x30, 0x4c, 0x00, 0x00, 0x00, 0x44, 0x18, 0x04, 0x00, 0x00, 0xde, 0x2f, 0x00,
    0x18, 0x79, 0x00, 0x00, 0x00, 0x00, 0x00, 0x00, 0x00, 0x00, 0x00, 0x00, 0x00, 0xe2, 0x0f, 0x00,
    0x3c, 0x72, 0x60, 0x30, 0x4e, 0x00, 0x00, 0x00, 0x60, 0x18, 0x04, 0x00, 0x00, 0xde, 0x0f, 0x00,
    0x18, 0x79, 0x00, 0x00, 0x00, 0x00, 0x00, 0x00, 0x00, 0x00, 0x00, 0x00, 0x00, 0xe2, 0x0f, 0x00,
    0x3c, 0x72, 0x38, 0x30, 0x3c, 0x00, 0x00, 0x00, 0x38, 0x18, 0x04, 0x00, 0x00, 0xde, 0x0f, 0x00,
    0x18, 0x79, 0x00, 0x00, 0x00, 0x00, 0x00, 0x00, 0x00, 0x00, 0x00, 0x00, 0x00, 0xe2, 0x0f, 0x00,
    0x3c, 0x72, 0x5c, 0x30, 0x3e, 0x00, 0x00, 0x00, 0x5c, 0x18, 0x04, 0x00, 0x00, 0xf0, 0x0f, 0x00,
    0x02, 0x78, 0x30, 0x00, 0x9d, 0x98, 0xbb, 0x3b, 0x00, 0x0f, 0x00, 0x00, 0x00, 0xd0, 0x0f, 0x00,
    0x3c, 0x72, 0x50, 0x58, 0x2c, 0x00, 0x00, 0x00, 0x50, 0x18, 0x04, 0x00, 0x00, 0xde, 0x4f, 0x00,
    0x18, 0x79, 0x00, 0x00, 0x00, 0x00, 0x00, 0x00, 0x00, 0x00, 0x00, 0x00, 0x00, 0xe2, 0x0f, 0x00,
    0x3c, 0x72, 0x44, 0x54, 0x2c, 0x00, 0x00, 0x00, 0x44, 0x18, 0x04, 0x00, 0x00, 0xf0, 0x1f, 0x00,
    0x02, 0x78, 0x2d, 0x00, 0x00, 0x00, 0x7c, 0x43, 0x00, 0x0f, 0x00, 0x00, 0x00, 0xe2, 0x0f, 0x00,
    0x23, 0x74, 0x2c, 0x7b, 0x00, 0x00, 0x00, 0x3f, 0x30, 0x20, 0x00, 0x00, 0x00, 0xc8, 0x0f, 0x00,
    0x23, 0x74, 0x2c, 0x2c, 0x01, 0x00, 0x40, 0x4b, 0x2d, 0x40, 0x00, 0x00, 0x00, 0xc8, 0x0f, 0x00,
    0x21, 0x74, 0x30, 0x2c, 0x7f, 0x00, 0x40, 0xcb, 0x00, 0x00, 0x00, 0x00, 0x00, 0xc8, 0x0f, 0x00,
    0x23, 0x78, 0x30, 0x7b, 0x3b, 0xaa, 0xb8, 0x3f, 0x30, 0x08, 0x00, 0x00, 0x00, 0xe2, 0x0f, 0x04,
    0x3c, 0x72, 0x48, 0x58, 0x2e, 0x00, 0x00, 0x00, 0x48, 0x18, 0x04, 0x00, 0x00, 0xe6, 0x0f, 0x00,
    0x23, 0x78, 0x30, 0x7b, 0x60, 0x70, 0xa5, 0x32, 0x30, 0x00, 0x00, 0x00, 0x00, 0xe2, 0x0f, 0x00,
    0x10, 0x78, 0x71, 0x71, 0x01, 0x00, 0x00, 0x00, 0xff, 0xe0, 0xff, 0x07, 0x00, 0xca, 0x0f, 0x00,
    0x08, 0x73, 0x30, 0x00, 0x30, 0x00, 0x00, 0x00, 0x00, 0x08, 0x00, 0x00, 0x00, 0x2e, 0x0e, 0x00,
    0x3c, 0x72, 0x40, 0x58, 0x64, 0x00, 0x00, 0x00, 0x40, 0x18, 0x04, 0x00, 0x00, 0xe2, 0x0f, 0x00,
    0x0c, 0x72, 0x00, 0x71, 0x7a, 0x00, 0x00, 0x00, 0x70, 0x52, 0xf0, 0x03, 0x00, 0xde, 0x0f, 0x00,
    0x3c, 0x72, 0x34, 0x58, 0x66, 0x00, 0x00, 0x00, 0x34, 0x18, 0x04, 0x00, 0x00, 0xde, 0x0f, 0x00,
    0x18, 0x79, 0x00, 0x00, 0x00, 0x00, 0x00, 0x00, 0x00, 0x00, 0x00, 0x00, 0x00, 0xe2, 0x0f, 0x00,
    0x3c, 0x72, 0x60, 0x54, 0x2e, 0x00, 0x00, 0x00, 0x60, 0x18, 0x04, 0x00, 0x00, 0xde, 0x0f, 0x00,
    0x18, 0x79, 0x00, 0x00, 0x00, 0x00, 0x00, 0x00, 0x00, 0x00, 0x00, 0x00, 0x00, 0xe2, 0x0f, 0x00,
    0x3c, 0x72, 0x38, 0x54, 0x64, 0x00, 0x00, 0x00, 0x38, 0x18, 0x04, 0x00, 0x00, 0xde, 0x0f, 0x00,
    0x18, 0x79, 0x00, 0x00, 0x00, 0x00, 0x00, 0x00, 0x00, 0x00, 0x00, 0x00, 0x00, 0xe2, 0x0f, 0x00,
    0x3c, 0x72, 0x5c, 0x54, 0x66, 0x00, 0x00, 0x00, 0x5c, 0x18, 0x04, 0x00, 0x00, 0xe2, 0x0f, 0x00,
    0x24, 0x78, 0x2d, 0x2c, 0x00, 0x00, 0x80, 0x00, 0xff, 0x00, 0x8e, 0x07, 0x00, 0xc8, 0x0f, 0x00,
    0x20, 0x72, 0x2d, 0x30, 0x2d, 0x00, 0x00, 0x00, 0x00, 0x00, 0x40, 0x00, 0x00, 0xc8, 0x1f, 0x00,
    0x23, 0x72, 0x0a, 0x2d, 0x0a, 0x00, 0x00, 0x00, 0x50, 0x00, 0x00, 0x00, 0x00, 0xe2, 0x0f, 0x04,
    0x23, 0x72, 0x0b, 0x2d, 0x0b, 0x00, 0x00, 0x00, 0x51, 0x00, 0x00, 0x00, 0x00, 0xe2, 0x0f, 0x04,
    0x23, 0x72, 0x0c, 0x2d, 0x0c, 0x00, 0x00, 0x00, 0x52, 0x00, 0x00, 0x00, 0x00, 0xe2, 0x0f, 0x04,
    0x23, 0x72, 0x0d, 0x2d, 0x0d, 0x00, 0x00, 0x00, 0x53, 0x00, 0x00, 0x00, 0x00, 0xe2, 0x0f, 0x04,
    0x23, 0x72, 0x2a, 0x2d, 0x2a, 0x00, 0x00, 0x00, 0x48, 0x00, 0x00, 0x00, 0x00, 0xe2, 0x0f, 0x04,
    0x23, 0x72, 0x2b, 0x2d, 0x2b, 0x00, 0x00, 0x00, 0x49, 0x00, 0x00, 0x00, 0x00, 0xe2, 0x0f, 0x04,
    0x23, 0x72, 0x28, 0x2d, 0x28, 0x00, 0x00, 0x00, 0x4a, 0x00, 0x00, 0x00, 0x00, 0xe2, 0x0f, 0x04,
    0x23, 0x72, 0x29, 0x2d, 0x29, 0x00, 0x00, 0x00, 0x4b, 0x00, 0x00, 0x00, 0x00, 0xe2, 0x0f, 0x04,
    0x23, 0x72, 0x26, 0x2d, 0x26, 0x00, 0x00, 0x00, 0x44, 0x00, 0x00, 0x00, 0x00, 0xe2, 0x0f, 0x04,
    0x23, 0x72, 0x27, 0x2d, 0x27, 0x00, 0x00, 0x00, 0x45, 0x00, 0x00, 0x00, 0x00, 0xe2, 0x0f, 0x04,
    0x23, 0x72, 0x24, 0x2d, 0x24, 0x00, 0x00, 0x00, 0x46, 0x00, 0x00, 0x00, 0x00, 0xe2, 0x0f, 0x04,
    0x23, 0x72, 0x25, 0x2d, 0x25, 0x00, 0x00, 0x00, 0x47, 0x00, 0x00, 0x00, 0x00, 0xe2, 0x0f, 0x04,
    0x23, 0x72, 0x22, 0x2d, 0x22, 0x00, 0x00, 0x00, 0x60, 0x00, 0x00, 0x00, 0x00, 0xe2, 0x0f, 0x04,
    0x23, 0x72, 0x23, 0x2d, 0x23, 0x00, 0x00, 0x00, 0x61, 0x00, 0x00, 0x00, 0x00, 0xe2, 0x0f, 0x04,
    0x23, 0x72, 0x20, 0x2d, 0x20, 0x00, 0x00, 0x00, 0x62, 0x00, 0x00, 0x00, 0x00, 0xe2, 0x0f, 0x04,
    0x23, 0x72, 0x21, 0x2d, 0x21, 0x00, 0x00, 0x00, 0x63, 0x00, 0x00, 0x00, 0x00, 0xe2, 0x0f, 0x04,
    0x23, 0x72, 0x1e, 0x2d, 0x1e, 0x00, 0x00, 0x00, 0x40, 0x00, 0x00, 0x00, 0x00, 0xe2, 0x0f, 0x04,
    0x23, 0x72, 0x1c, 0x2d, 0x1c, 0x00, 0x00, 0x00, 0x38, 0x00, 0x00, 0x00, 0x00, 0xe2, 0x0f, 0x04,
    0x23, 0x72, 0x1f, 0x2d, 0x1f, 0x00, 0x00, 0x00, 0x41, 0x00, 0x00, 0x00, 0x00, 0xe2, 0x0f, 0x04,
    0x23, 0x72, 0x1d, 0x2d, 0x1d, 0x00, 0x00, 0x00, 0x39, 0x00, 0x00, 0x00, 0x00, 0xe2, 0x0f, 0x04,
    0x23, 0x72, 0x1a, 0x2d, 0x1a, 0x00, 0x00, 0x00, 0x42, 0x00, 0x00, 0x00, 0x00, 0xe2, 0x0f, 0x04,
    0x23, 0x72, 0x18, 0x2d, 0x18, 0x00, 0x00, 0x00, 0x3a, 0x00, 0x00, 0x00, 0x00, 0xe2, 0x0f, 0x04,
    0x23, 0x72, 0x1b, 0x2d, 0x1b, 0x00, 0x00, 0x00, 0x43, 0x00, 0x00, 0x00, 0x00, 0xe2, 0x0f, 0x04,
    0x23, 0x72, 0x19, 0x2d, 0x19, 0x00, 0x00, 0x00, 0x3b, 0x00, 0x00, 0x00, 0x00, 0xe2, 0x0f, 0x04,
    0x23, 0x72, 0x16, 0x2d, 0x16, 0x00, 0x00, 0x00, 0x34, 0x00, 0x00, 0x00, 0x00, 0xe2, 0x0f, 0x04,
    0x23, 0x72, 0x14, 0x2d, 0x14, 0x00, 0x00, 0x00, 0x5c, 0x00, 0x00, 0x00, 0x00, 0xe2, 0x0f, 0x04,
    0x23, 0x72, 0x17, 0x2d, 0x17, 0x00, 0x00, 0x00, 0x35, 0x00, 0x00, 0x00, 0x00, 0xe2, 0x0f, 0x04,
    0x23, 0x72, 0x15, 0x2d, 0x15, 0x00, 0x00, 0x00, 0x5d, 0x00, 0x00, 0x00, 0x00, 0xe2, 0x0f, 0x04,
    0x23, 0x72, 0x12, 0x2d, 0x12, 0x00, 0x00, 0x00, 0x36, 0x00, 0x00, 0x00, 0x00, 0xe2, 0x0f, 0x04,
    0x23, 0x72, 0x10, 0x2d, 0x10, 0x00, 0x00, 0x00, 0x5e, 0x00, 0x00, 0x00, 0x00, 0xe2, 0x0f, 0x04,
    0x23, 0x72, 0x13, 0x2d, 0x13, 0x00, 0x00, 0x00, 0x37, 0x00, 0x00, 0x00, 0x00, 0xe2, 0x0f, 0x04,
    0x23, 0x72, 0x11, 0x2d, 0x11, 0x00, 0x00, 0x00, 0x5f, 0x00, 0x00, 0x00, 0x00, 0xe2, 0x0f, 0x00,
    0x47, 0x09, 0x0c, 0x00, 0xc4, 0xff, 0xff, 0xff, 0xff, 0xff, 0x83, 0x03, 0x00, 0xec, 0x0f, 0x00,
    0xac, 0x77, 0x0e, 0xff, 0x80, 0x78, 0x00, 0x00, 0x00, 0x08, 0x00, 0x08, 0x00, 0x24, 0x0e, 0x00,
    0x0c, 0x7c, 0x00, 0x70, 0x0e, 0x00, 0x00, 0x00, 0x70, 0x62, 0xf0, 0x0b, 0x00, 0xda, 0x1f, 0x00,
    0x4d, 0x09, 0x00, 0x00, 0x00, 0x00, 0x00, 0x00, 0x00, 0x00, 0x80, 0x03, 0x00, 0xea, 0x0f, 0x00,
    0x19, 0x79, 0x00, 0x00, 0x00, 0x00, 0x00, 0x00, 0x00, 0x21, 0x00, 0x00, 0x00, 0x22, 0x0e, 0x00,
    0xac, 0x77, 0x04, 0xff, 0x00, 0x71, 0x00, 0x00, 0x00, 0x0a, 0x00, 0x08, 0x00, 0x62, 0x0e, 0x00,
    0x19, 0x79, 0x05, 0x00, 0x00, 0x00, 0x00, 0x00, 0x00, 0x25, 0x00, 0x00, 0x00, 0xa2, 0x0e, 0x00,
    0x24, 0x78, 0x02, 0x00, 0x40, 0x00, 0x00, 0x00, 0xff, 0x00, 0x8e, 0x07, 0x00, 0xe2, 0x1f, 0x04,
    0x10, 0x72, 0x09, 0x00, 0x00, 0x00, 0x00, 0x00, 0xff, 0xe0, 0xff, 0x07, 0x00, 0xe2, 0x0f, 0x04,
    0x24, 0x78, 0x04, 0x00, 0x20, 0x00, 0x00, 0x00, 0xff, 0x00, 0x8e, 0x07, 0x00, 0xc6, 0x0f, 0x00,
    0x12, 0x78, 0x03, 0x02, 0x00, 0x18, 0x00, 0x00, 0xff, 0xc0, 0x8e, 0x07, 0x00, 0xe4, 0x0f, 0x00,
    0x12, 0x78, 0x07, 0x04, 0x80, 0x03, 0x00, 0x00, 0xff, 0xc0, 0x8e, 0x07, 0x00, 0xc6, 0x0f, 0x00,
    0x24, 0x78, 0x06, 0x70, 0x00, 0x40, 0x00, 0x00, 0x03, 0x02, 0x8e, 0x07, 0x00, 0xe4, 0x0f, 0x00,
    0x25, 0x78, 0x02, 0x05, 0x20, 0x00, 0x00, 0x00, 0xff, 0x00, 0x8e, 0x07, 0x00, 0xc6, 0x4f, 0x00,
    0x10, 0x72, 0x06, 0x06, 0x07, 0x00, 0x00, 0x00, 0xff, 0xe0, 0xff, 0x07, 0x00, 0xe2, 0x0f, 0x00,
    0x02, 0x72, 0x07, 0x00, 0xff, 0x00, 0x00, 0x00, 0x00, 0x0f, 0x00, 0x00, 0x00, 0xe2, 0x0f, 0x00,
    0x12, 0x78, 0x04, 0x02, 0x06, 0x00, 0x00, 0x00, 0x09, 0xf8, 0x8e, 0x07, 0x00, 0xe2, 0x0f, 0x00,
    0x02, 0x72, 0x05, 0x00, 0x03, 0x00, 0x00, 0x00, 0x00, 0x0f, 0x00, 0x00, 0x00, 0xe2, 0x0f, 0x00,
    0x10, 0x78, 0x02, 0x06, 0x00, 0x04, 0x00, 0x00, 0xff, 0xe0, 0xff, 0x07, 0x00, 0xe2, 0x0f, 0x00,
    0x02, 0x72, 0x03, 0x00, 0xff, 0x00, 0x00, 0x00, 0x00, 0x0f, 0x00, 0x00, 0x00, 0xc6, 0x0f, 0x00,
    0x35, 0x72, 0x06, 0x06, 0x04, 0x00, 0x00, 0x00, 0x00, 0x02, 0x8e, 0x07, 0x00, 0xe4, 0x0f, 0x08,
    0x35, 0x72, 0x04, 0x02, 0x04, 0x00, 0x00, 0x00, 0x00, 0x02, 0x8e, 0x07, 0x00, 0xc6, 0x0f, 0x00,
    0x11, 0x7c, 0x02, 0x06, 0x04, 0x00, 0x00, 0x00, 0xff, 0x10, 0x80, 0x0f, 0x00, 0xc8, 0x2f, 0x00,
    0x11, 0x7c, 0x03, 0x06, 0x05, 0x00, 0x00, 0x00, 0x07, 0x14, 0x0f, 0x08, 0x00, 0xe4, 0x0f, 0x00,
    0x11, 0x7c, 0x06, 0x04, 0x04, 0x00, 0x00, 0x00, 0xff, 0x10, 0x80, 0x0f, 0x00, 0xc6, 0x0f, 0x00,
    0x86, 0x79, 0x00, 0x02, 0x0a, 0x00, 0x00, 0x00, 0x12, 0x1b, 0x10, 0x0c, 0x00, 0xe2, 0x0f, 0x02,
    0x11, 0x7c, 0x07, 0x04, 0x05, 0x00, 0x00, 0x00, 0x05, 0x14, 0x0f, 0x08, 0x00, 0xc6, 0x0f, 0x00,
    0x86, 0x79, 0x00, 0x02, 0x26, 0x00, 0x80, 0x00, 0x12, 0x1b, 0x10, 0x0c, 0x00, 0xe8, 0x0f, 0x00,
    0x86, 0x79, 0x00, 0x02, 0x0c, 0x00, 0x10, 0x00, 0x12, 0x1b, 0x10, 0x0c, 0x00, 0xe8, 0x0f, 0x00,
    0x86, 0x79, 0x00, 0x02, 0x24, 0x00, 0x90, 0x00, 0x12, 0x1b, 0x10, 0x0c, 0x00, 0xe8, 0x0f, 0x00,
    0x86, 0x79, 0x00, 0x02, 0x2a, 0x20, 0x00, 0x00, 0x12, 0x1b, 0x10, 0x0c, 0x00, 0xe8, 0x0f, 0x00,
    0x86, 0x79, 0x00, 0x02, 0x22, 0x20, 0x80, 0x00, 0x12, 0x1b, 0x10, 0x0c, 0x00, 0xe8, 0x0f, 0x00,
    0x86, 0x79, 0x00, 0x06, 0x28, 0x20, 0x00, 0x00, 0x12, 0x1b, 0x10, 0x0c, 0x00, 0xe8, 0x0f, 0x00,
    0x86, 0x79, 0x00, 0x06, 0x20, 0x20, 0x80, 0x00, 0x12, 0x1b, 0x10, 0x0c, 0x00, 0xe8, 0x0f, 0x00,
    0x86, 0x79, 0x00, 0x02, 0x1e, 0x40, 0x00, 0x00, 0x12, 0x1b, 0x10, 0x0c, 0x00, 0xe8, 0x0f, 0x00,
    0x86, 0x79, 0x00, 0x02, 0x1c, 0x40, 0x80, 0x00, 0x12, 0x1b, 0x10, 0x0c, 0x00, 0xe8, 0x0f, 0x00,
    0x86, 0x79, 0x00, 0x06, 0x1a, 0x40, 0x00, 0x00, 0x12, 0x1b, 0x10, 0x0c, 0x00, 0xe8, 0x0f, 0x00,
    0x86, 0x79, 0x00, 0x06, 0x18, 0x40, 0x80, 0x00, 0x12, 0x1b, 0x10, 0x0c, 0x00, 0xe8, 0x0f, 0x00,
    0x86, 0x79, 0x00, 0x02, 0x16, 0x60, 0x00, 0x00, 0x12, 0x1b, 0x10, 0x0c, 0x00, 0xe8, 0x0f, 0x00,
    0x86, 0x79, 0x00, 0x02, 0x14, 0x60, 0x80, 0x00, 0x12, 0x1b, 0x10, 0x0c, 0x00, 0xe8, 0x0f, 0x00,
    0x86, 0x79, 0x00, 0x06, 0x12, 0x60, 0x00, 0x00, 0x12, 0x1b, 0x10, 0x0c, 0x00, 0xe8, 0x0f, 0x00,
    0x86, 0x79, 0x00, 0x06, 0x10, 0x60, 0x80, 0x00, 0x12, 0x1b, 0x10, 0x0c, 0x00, 0xe2, 0x0f, 0x00,
    0x4d, 0x79, 0x00, 0x00, 0x00, 0x00, 0x00, 0x00, 0x00, 0x00, 0x80, 0x03, 0x00, 0xea, 0x0f, 0x00,
    0x47, 0x79, 0xfc, 0x00, 0xfc, 0xff, 0xff, 0xff, 0xff, 0xff, 0x83, 0x03, 0x00, 0xc0, 0x0f, 0x00,
    0x18, 0x79, 0x00, 0x00, 0x00, 0x00, 0x00, 0x00, 0x00, 0x00, 0x00, 0x00, 0x00, 0xc0, 0x0f, 0x00,
    0x18, 0x79, 0x00, 0x00, 0x00, 0x00, 0x00, 0x00, 0x00, 0x00, 0x00, 0x00, 0x00, 0xc0, 0x0f, 0x00,
    0x18, 0x79, 0x00, 0x00, 0x00, 0x00, 0x00, 0x00, 0x00, 0x00, 0x00, 0x00, 0x00, 0xc0, 0x0f, 0x00,
    0x18, 0x79, 0x00, 0x00, 0x00, 0x00, 0x00, 0x00, 0x00, 0x00, 0x00, 0x00, 0x00, 0xc0, 0x0f, 0x00,
    0x18, 0x79, 0x00, 0x00, 0x00, 0x00, 0x00, 0x00, 0x00, 0x00, 0x00, 0x00, 0x00, 0xc0, 0x0f, 0x00,
    0x18, 0x79, 0x00, 0x00, 0x00, 0x00, 0x00, 0x00, 0x00, 0x00, 0x00, 0x00, 0x00, 0xc0, 0x0f, 0x00,
    0x18, 0x79, 0x00, 0x00, 0x00, 0x00, 0x00, 0x00, 0x00, 0x00, 0x00, 0x00, 0x00, 0xc0, 0x0f, 0x00,
    0x18, 0x79, 0x00, 0x00, 0x00, 0x00, 0x00, 0x00, 0x00, 0x00, 0x00, 0x00, 0x00, 0xc0, 0x0f, 0x00,
    0x18, 0x79, 0x00, 0x00, 0x00, 0x00, 0x00, 0x00, 0x00, 0x00, 0x00, 0x00, 0x00, 0xc0, 0x0f, 0x00,
    0x18, 0x79, 0x00, 0x00, 0x00, 0x00, 0x00, 0x00, 0x00, 0x00, 0x00, 0x00, 0x00, 0xc0, 0x0f, 0x00,
    0x18, 0x79, 0x00, 0x00, 0x00, 0x00, 0x00, 0x00, 0x00, 0x00, 0x00, 0x00, 0x00, 0xc0, 0x0f, 0x00,
    0x00, 0x00, 0x00, 0x00, 0x00, 0x00, 0x00, 0x00, 0x00, 0x00, 0x00, 0x00, 0x00, 0x00, 0x00, 0x00,
    0x00, 0x00, 0x00, 0x00, 0x00, 0x00, 0x00, 0x00, 0x00, 0x00, 0x00, 0x00, 0x00, 0x00, 0x00, 0x00,
    0x00, 0x00, 0x00, 0x00, 0x00, 0x00, 0x00, 0x00, 0x00, 0x00, 0x00, 0x00, 0x00, 0x00, 0x00, 0x00,
    0x00, 0x00, 0x00, 0x00, 0x00, 0x00, 0x00, 0x00, 0x00, 0x00, 0x00, 0x00, 0x00, 0x00, 0x00, 0x00,
    0x00, 0x00, 0x00, 0x00, 0x00, 0x00, 0x00, 0x00, 0x00, 0x00, 0x00, 0x00, 0x00, 0x00, 0x00, 0x00,
    0x00, 0x00, 0x00, 0x00, 0x00, 0x00, 0x00, 0x00, 0x00, 0x00, 0x00, 0x00, 0x00, 0x00, 0x00, 0x00,
    0x00, 0x00, 0x00, 0x00, 0x00, 0x00, 0x00, 0x00, 0x00, 0x00, 0x00, 0x00, 0x00, 0x00, 0x00, 0x00,
    0x00, 0x00, 0x00, 0x00, 0x00, 0x00, 0x00, 0x00, 0x00, 0x00, 0x00, 0x00, 0x00, 0x00, 0x00, 0x00,
    0x00, 0x00, 0x00, 0x00, 0x00, 0x00, 0x00, 0x00, 0x00, 0x00, 0x00, 0x00, 0x00, 0x00, 0x00, 0x00,
    0x00, 0x00, 0x00, 0x00, 0x00, 0x00, 0x00, 0x00, 0x00, 0x00, 0x00, 0x00, 0x00, 0x00, 0x00, 0x00,
    0x00, 0x00, 0x00, 0x00, 0x00, 0x00, 0x00, 0x00, 0x00, 0x00, 0x00, 0x00, 0x00, 0x00, 0x00, 0x00,
    0x00, 0x00, 0x00, 0x00, 0x00, 0x00, 0x00, 0x00, 0x00, 0x00, 0x00, 0x00, 0x00, 0x00, 0x00, 0x00,
    0x00, 0x00, 0x00, 0x00, 0x00, 0x00, 0x00, 0x00, 0x00, 0x00, 0x00, 0x00, 0x00, 0x00, 0x00, 0x00,
    0x00, 0x00, 0x00, 0x00, 0x00, 0x00, 0x00, 0x00, 0x00, 0x00, 0x00, 0x00, 0x00, 0x00, 0x00, 0x00,
    0x00, 0x00, 0x00, 0x00, 0x00, 0x00, 0x00, 0x00, 0x00, 0x00, 0x00, 0x00, 0x00, 0x00, 0x00, 0x00,
    0x00, 0x00, 0x00, 0x00, 0x00, 0x00, 0x00, 0x00, 0x00, 0x00, 0x00, 0x00, 0x00, 0x00, 0x00, 0x00,
    0x00, 0x00, 0x00, 0x00, 0x00, 0x00, 0x00, 0x00, 0x00, 0x00, 0x00, 0x00, 0x00, 0x00, 0x00, 0x00,
    0x00, 0x00, 0x00, 0x00, 0x00, 0x00, 0x00, 0x00, 0x00, 0x00, 0x00, 0x00, 0x00, 0x00, 0x00, 0x00,
    0x00, 0x00, 0x00, 0x00, 0x00, 0x00, 0x00, 0x00, 0x00, 0x00, 0x00, 0x00, 0x00, 0x00, 0x00, 0x00,
    0x00, 0x00, 0x00, 0x00, 0x00, 0x00, 0x00, 0x00, 0x00, 0x00, 0x00, 0x00, 0x00, 0x00, 0x00, 0x00,
    0x00, 0x00, 0x00, 0x00, 0x00, 0x00, 0x00, 0x00, 0x00, 0x00, 0x00, 0x00, 0x00, 0x00, 0x00, 0x00,
    0x00, 0x00, 0x00, 0x00, 0x00, 0x00, 0x00, 0x00, 0x00, 0x00, 0x00, 0x00, 0x00, 0x00, 0x00, 0x00,
    0x00, 0x00, 0x00, 0x00, 0x00, 0x00, 0x00, 0x00, 0x00, 0x00, 0x00, 0x00, 0x00, 0x00, 0x00, 0x00,
    0x00, 0x00, 0x00, 0x00, 0x00, 0x00, 0x00, 0x00, 0x00, 0x00, 0x00, 0x00, 0x00, 0x00, 0x00, 0x00,
    0x00, 0x00, 0x00, 0x00, 0x00, 0x00, 0x00, 0x00, 0x00, 0x00, 0x00, 0x00, 0x00, 0x00, 0x00, 0x00,
    0x00, 0x00, 0x00, 0x00, 0x00, 0x00, 0x00, 0x00, 0x00, 0x00, 0x00, 0x00, 0x00, 0x00, 0x00, 0x00,
    0x00, 0x00, 0x00, 0x00, 0x00, 0x00, 0x00, 0x00, 0x00, 0x00, 0x00, 0x00, 0x00, 0x00, 0x00, 0x00,
    0x00, 0x00, 0x00, 0x00, 0x00, 0x00, 0x00, 0x00, 0x00, 0x00, 0x00, 0x00, 0x00, 0x00, 0x00, 0x00,
    0x00, 0x00, 0x00, 0x00, 0x00, 0x00, 0x00, 0x00, 0x00, 0x00, 0x00, 0x00, 0x00, 0x00, 0x00, 0x00,
    0x00, 0x00, 0x00, 0x00, 0x00, 0x00, 0x00, 0x00, 0x00, 0x00, 0x00, 0x00, 0x00, 0x00, 0x00, 0x00,
    0x00, 0x00, 0x00, 0x00, 0x00, 0x00, 0x00, 0x00, 0x00, 0x00, 0x00, 0x00, 0x00, 0x00, 0x00, 0x00,
    0x00, 0x00, 0x00, 0x00, 0x00, 0x00, 0x00, 0x00, 0x00, 0x00, 0x00, 0x00, 0x00, 0x00, 0x00, 0x00,
    0x00, 0x00, 0x00, 0x00, 0x00, 0x00, 0x00, 0x00, 0x00, 0x00, 0x00, 0x00, 0x00, 0x00, 0x00, 0x00,
    0x00, 0x00, 0x00, 0x00, 0x00, 0x00, 0x00, 0x00, 0x00, 0x00, 0x00, 0x00, 0x00, 0x00, 0x00, 0x00,
    0x00, 0x00, 0x00, 0x00, 0x00, 0x00, 0x00, 0x00, 0x00, 0x00, 0x00, 0x00, 0x00, 0x00, 0x00, 0x00,
    0x00, 0x00, 0x00, 0x00, 0x00, 0x00, 0x00, 0x00, 0x00, 0x00, 0x00, 0x00, 0x00, 0x00, 0x00, 0x00,
    0x00, 0x00, 0x00, 0x00, 0x00, 0x00, 0x00, 0x00, 0x00, 0x00, 0x00, 0x00, 0x00, 0x00, 0x00, 0x00,
    0x00, 0x00, 0x00, 0x00, 0x00, 0x00, 0x00, 0x00, 0x00, 0x00, 0x00, 0x00, 0x00, 0x00, 0x00, 0x00,
    0x00, 0x00, 0x00, 0x00, 0x00, 0x00, 0x00, 0x00, 0x00, 0x00, 0x00, 0x00, 0x00, 0x00, 0x00, 0x00,
    0x00, 0x00, 0x00, 0x00, 0x00, 0x00, 0x00, 0x00, 0x00, 0x00, 0x00, 0x00, 0x00, 0x00, 0x00, 0x00,
    0x00, 0x00, 0x00, 0x00, 0x00, 0x00, 0x00, 0x00, 0x00, 0x00, 0x00, 0x00, 0x00, 0x00, 0x00, 0x00,
    0x00, 0x00, 0x00, 0x00, 0x00, 0x00, 0x00, 0x00, 0x00, 0x00, 0x00, 0x00, 0x00, 0x00, 0x00, 0x00,
    0x00, 0x00, 0x00, 0x00, 0x00, 0x00, 0x00, 0x00, 0x00, 0x00, 0x00, 0x00, 0x00, 0x00, 0x00, 0x00,
    0x00, 0x00, 0x00, 0x00, 0x00, 0x00, 0x00, 0x00, 0x00, 0x00, 0x00, 0x00, 0x00, 0x00, 0x00, 0x00,
    0x00, 0x00, 0x00, 0x00, 0x00, 0x00, 0x00, 0x00, 0x00, 0x00, 0x00, 0x00, 0x00, 0x00, 0x00, 0x00,
    0x00, 0x00, 0x00, 0x00, 0x00, 0x00, 0x00, 0x00, 0x00, 0x00, 0x00, 0x00, 0x00, 0x00, 0x00, 0x00,
    0x00, 0x00, 0x00, 0x00, 0x00, 0x00, 0x00, 0x00, 0x00, 0x00, 0x00, 0x00, 0x00, 0x00, 0x00, 0x00,
    0x00, 0x00, 0x00, 0x00, 0x00, 0x00, 0x00, 0x00, 0x00, 0x00, 0x00, 0x00, 0x00, 0x00, 0x00, 0x00,
    0x00, 0x00, 0x00, 0x00, 0x00, 0x00, 0x00, 0x00, 0x00, 0x00, 0x00, 0x00, 0x00, 0x00, 0x00, 0x00,
    0x00, 0x00, 0x00, 0x00, 0x00, 0x00, 0x00, 0x00, 0x00, 0x00, 0x00, 0x00, 0x00, 0x00, 0x00, 0x00,
    0x00, 0x00, 0x00, 0x00, 0x00, 0x00, 0x00, 0x00, 0x00, 0x00, 0x00, 0x00, 0x00, 0x00, 0x00, 0x00,
    0x00, 0x00, 0x00, 0x00, 0x00, 0x00, 0x00, 0x00, 0x00, 0x00, 0x00, 0x00, 0x00, 0x00, 0x00, 0x00,
    0x00, 0x00, 0x00, 0x00, 0x00, 0x00, 0x00, 0x00, 0x00, 0x00, 0x00, 0x00, 0x00, 0x00, 0x00, 0x00,
    0x00, 0x00, 0x00, 0x00, 0x00, 0x00, 0x00, 0x00, 0x00, 0x00, 0x00, 0x00, 0x00, 0x00, 0x00, 0x00,
    0x00, 0x00, 0x00, 0x00, 0x00, 0x00, 0x00, 0x00, 0x00, 0x00, 0x00, 0x00, 0x00, 0x00, 0x00, 0x00,
    0x00, 0x00, 0x00, 0x00, 0x00, 0x00, 0x00, 0x00, 0x00, 0x00, 0x00, 0x00, 0x00, 0x00, 0x00, 0x00,
    0x00, 0x00, 0x00, 0x00, 0x00, 0x00, 0x00, 0x00, 0x00, 0x00, 0x00, 0x00, 0x00, 0x00, 0x00, 0x00,
    0x00, 0x00, 0x00, 0x00, 0x00, 0x00, 0x00, 0x00, 0x00, 0x00, 0x00, 0x00, 0x00, 0x00, 0x00, 0x00,
    0x00, 0x00, 0x00, 0x00, 0x00, 0x00, 0x00, 0x00, 0x00, 0x00, 0x00, 0x00, 0x00, 0x00, 0x00, 0x00,
    0x00, 0x00, 0x00, 0x00, 0x00, 0x00, 0x00, 0x00, 0x00, 0x00, 0x00, 0x00, 0x00, 0x00, 0x00, 0x00,
    0x00, 0x00, 0x00, 0x00, 0x00, 0x00, 0x00, 0x00, 0x00, 0x00, 0x00, 0x00, 0x00, 0x00, 0x00, 0x00,
    0x00, 0x00, 0x00, 0x00, 0x00, 0x00, 0x00, 0x00, 0x00, 0x00, 0x00, 0x00, 0x00, 0x00, 0x00, 0x00,
    0x00, 0x00, 0x00, 0x00, 0x00, 0x00, 0x00, 0x00, 0x00, 0x00, 0x00, 0x00, 0x00, 0x00, 0x00, 0x00,
    0x00, 0x00, 0x00, 0x00, 0x00, 0x00, 0x00, 0x00, 0x00, 0x00, 0x00, 0x00, 0x00, 0x00, 0x00, 0x00,
    0x00, 0x00, 0x00, 0x00, 0x00, 0x00, 0x00, 0x00, 0x00, 0x00, 0x00, 0x00, 0x00, 0x00, 0x00, 0x00,
    0x00, 0x00, 0x00, 0x00, 0x00, 0x00, 0x00, 0x00, 0x00, 0x00, 0x00, 0x00, 0x00, 0x00, 0x00, 0x00,
    0x00, 0x00, 0x00, 0x00, 0x00, 0x00, 0x00, 0x00, 0x00, 0x00, 0x00, 0x00, 0x00, 0x00, 0x00, 0x00,
    0x00, 0x00, 0x00, 0x00, 0x00, 0x00, 0x00, 0x00, 0x00, 0x00, 0x00, 0x00, 0x00, 0x00, 0x00, 0x00,
    0x00, 0x00, 0x00, 0x00, 0x00, 0x00, 0x00, 0x00, 0x00, 0x00, 0x00, 0x00, 0x00, 0x00, 0x00, 0x00,
    0x00, 0x00, 0x00, 0x00, 0x00, 0x00, 0x00, 0x00, 0x00, 0x00, 0x00, 0x00, 0x00, 0x00, 0x00, 0x00,
    0x00, 0x00, 0x00, 0x00, 0x00, 0x00, 0x00, 0x00, 0x00, 0x00, 0x00, 0x00, 0x00, 0x00, 0x00, 0x00,
    0x00, 0x00, 0x00, 0x00, 0x00, 0x00, 0x00, 0x00, 0x00, 0x00, 0x00, 0x00, 0x00, 0x00, 0x00, 0x00,
    0x00, 0x00, 0x00, 0x00, 0x00, 0x00, 0x00, 0x00, 0x00, 0x00, 0x00, 0x00, 0x00, 0x00, 0x00, 0x00,
    0x00, 0x00, 0x00, 0x00, 0x00, 0x00, 0x00, 0x00, 0x00, 0x00, 0x00, 0x00, 0x00, 0x00, 0x00, 0x00,
    0x00, 0x00, 0x00, 0x00, 0x00, 0x00, 0x00, 0x00, 0x00, 0x00, 0x00, 0x00, 0x00, 0x00, 0x00, 0x00,
    0x00, 0x00, 0x00, 0x00, 0x00, 0x00, 0x00, 0x00, 0x00, 0x00, 0x00, 0x00, 0x00, 0x00, 0x00, 0x00,
    0x00, 0x00, 0x00, 0x00, 0x00, 0x00, 0x00, 0x00, 0x00, 0x00, 0x00, 0x00, 0x00, 0x00, 0x00, 0x00,
    0x00, 0x00, 0x00, 0x00, 0x00, 0x00, 0x00, 0x00, 0x00, 0x00, 0x00, 0x00, 0x00, 0x00, 0x00, 0x00,
    0x00, 0x00, 0x00, 0x00, 0x00, 0x00, 0x00, 0x00, 0x00, 0x00, 0x00, 0x00, 0x00, 0x00, 0x00, 0x00,
    0x00, 0x00, 0x00, 0x00, 0x00, 0x00, 0x00, 0x00, 0x00, 0x00, 0x00, 0x00, 0x00, 0x00, 0x00, 0x00,
    0x00, 0x00, 0x00, 0x00, 0x00, 0x00, 0x00, 0x00, 0x00, 0x00, 0x00, 0x00, 0x00, 0x00, 0x00, 0x00,
    0x00, 0x00, 0x00, 0x00, 0x00, 0x00, 0x00, 0x00, 0x00, 0x00, 0x00, 0x00, 0x00, 0x00, 0x00, 0x00,
    0x00, 0x00, 0x00, 0x00, 0x00, 0x00, 0x00, 0x00, 0x00, 0x00, 0x00, 0x00, 0x00, 0x00, 0x00, 0x00,
    0x00, 0x00, 0x00, 0x00, 0x00, 0x00, 0x00, 0x00, 0x00, 0x00, 0x00, 0x00, 0x00, 0x00, 0x00, 0x00,
    0x00, 0x00, 0x00, 0x00, 0x00, 0x00, 0x00, 0x00, 0x00, 0x00, 0x00, 0x00, 0x00, 0x00, 0x00, 0x00,
    0x00, 0x00, 0x00, 0x00, 0x00, 0x00, 0x00, 0x00, 0x00, 0x00, 0x00, 0x00, 0x00, 0x00, 0x00, 0x00,
    0x00, 0x00, 0x00, 0x00, 0x00, 0x00, 0x00, 0x00, 0x00, 0x00, 0x00, 0x00, 0x00, 0x00, 0x00, 0x00,
    0x00, 0x00, 0x00, 0x00, 0x00, 0x00, 0x00, 0x00, 0x00, 0x00, 0x00, 0x00, 0x00, 0x00, 0x00, 0x00,
    0x00, 0x00, 0x00, 0x00, 0x00, 0x00, 0x00, 0x00, 0x00, 0x00, 0x00, 0x00, 0x00, 0x00, 0x00, 0x00,
    0x00, 0x00, 0x00, 0x00, 0x00, 0x00, 0x00, 0x00, 0x00, 0x00, 0x00, 0x00, 0x00, 0x00, 0x00, 0x00,
    0x00, 0x00, 0x00, 0x00, 0x00, 0x00, 0x00, 0x00, 0x00, 0x00, 0x00, 0x00, 0x00, 0x00, 0x00, 0x00,
    0x00, 0x00, 0x00, 0x00, 0x00, 0x00, 0x00, 0x00, 0x00, 0x00, 0x00, 0x00, 0x00, 0x00, 0x00, 0x00,
    0x00, 0x00, 0x00, 0x00, 0x00, 0x00, 0x00, 0x00, 0x00, 0x00, 0x00, 0x00, 0x00, 0x00, 0x00, 0x00,
    0x00, 0x00, 0x00, 0x00, 0x00, 0x00, 0x00, 0x00, 0x00, 0x00, 0x00, 0x00, 0x00, 0x00, 0x00, 0x00,
    0x00, 0x00, 0x00, 0x00, 0x00, 0x00, 0x00, 0x00, 0x00, 0x00, 0x00, 0x00, 0x00, 0x00, 0x00, 0x00,
    0x00, 0x00, 0x00, 0x00, 0x00, 0x00, 0x00, 0x00, 0x00, 0x00, 0x00, 0x00, 0x00, 0x00, 0x00, 0x00,
    0x0f, 0x00, 0x00, 0x00, 0x85, 0x05, 0x00, 0x40, 0x60, 0x07, 0xa0, 0xae, 0x6b, 0x5b, 0x77, 0xbb,
    0xfb, 0x7b, 0xef, 0xfe, 0xff, 0xbf, 0xff, 0xff, 0xfe, 0xff, 0xff, 0xff, 0x7f, 0x23, 0xdb, 0xdc,
    0xae, 0x23, 0x4b, 0xdb, 0xef, 0x56, 0xff, 0xff, 0x5f, 0x37, 0xf4, 0xff, 0x5d, 0x16, 0x73, 0x7f,
    0xf7, 0xb7, 0xfd, 0xda, 0x7d, 0xad, 0xb6, 0xff, 0xff, 0xff, 0xff, 0xff, 0xff, 0xff, 0xbf, 0xbd,
    0xb3, 0xfb, 0xfb, 0x7f, 0xb3, 0xff, 0xb5, 0xf7, 0xd3, 0x01, 0xc0, 0xf3, 0x23, 0xba, 0x09, 0xd5,
    0xff, 0x07, 0x00, 0xf0, 0xff, 0xff, 0xf7, 0xff, 0xff, 0xff, 0x12, 0x80, 0x80, 0x00, 0x01, 0x40,
    0x04, 0x08, 0xac, 0xe7, 0xef, 0x5d, 0xff, 0xff, 0xff, 0xff, 0x2f, 0x7f, 0xbf, 0xdf, 0xef, 0xf7,
    0xfb, 0xfd, 0x7e, 0xf6, 0xff, 0xff, 0xff, 0xff, 0xfd, 0xff, 0xff, 0xff, 0xff, 0xff, 0xff, 0xff,
    0xff, 0xff, 0xff, 0xff, 0xff, 0xff, 0xff, 0xff, 0xff, 0xff, 0xbf, 0xff, 0x7f, 0xfd, 0xff, 0xff,
    0xff, 0xff, 0xff, 0xff, 0xff, 0xff, 0xff, 0xff, 0xff, 0xff, 0xff, 0xff, 0xff, 0xff, 0xff, 0xff,
    0xff, 0xff, 0xff, 0xff, 0xbf, 0xcc, 0x00, 0x00, 0x00, 0x01, 0x01, 0x02, 0xe2, 0xbb, 0x80, 0xff,
    0xff, 0xff, 0xff, 0x1b, 0xff, 0x9f, 0x0b, 0x00, 0x08, 0x00, 0x00, 0x00, 0x01, 0x0b, 0x04, 0x0a,
    0xf8, 0x00, 0x04, 0x00, 0x00, 0x00, 0x41, 0x00, 0x00, 0x04, 0x00, 0x00, 0x01, 0x0b, 0x04, 0x0a,
    0xf8, 0x00, 0x04, 0x00, 0x00, 0x00, 0x01, 0x1c, 0x05, 0x02, 0x00, 0x00, 0x02, 0x22, 0x08, 0x06,
    0xfa, 0x00, 0x42, 0x00, 0x00, 0x00, 0x01, 0x01, 0x40, 0x00, 0x02, 0x00, 0x00, 0x00, 0x00, 0x00,
    0x00, 0x00, 0x00, 0x00, 0x00, 0x00, 0x00, 0x00, 0x40, 0x00, 0x00, 0x00, 0x02, 0x22, 0x0e, 0x06,
    0xf8, 0x00, 0x42, 0x00, 0x00, 0x00, 0x81, 0x1f, 0x40, 0x00, 0x02, 0x00, 0x00, 0x00, 0x00, 0x00,
    0x00, 0x00, 0x00, 0x00, 0x00, 0x00, 0x00, 0x00, 0x7c, 0x00, 0x00, 0x00, 0x01, 0x0b, 0x0e, 0x0a,
    0xfa, 0x00, 0x05, 0x00, 0x00, 0x00, 0x83, 0x04, 0x39, 0x04, 0x00, 0x00, 0x01, 0x0b, 0x04, 0x0a,
    0x01, 0x00, 0x04, 0x00, 0x00, 0x00, 0x41, 0x0b, 0x01, 0x02, 0x00, 0x00, 0x01, 0x0b, 0x04, 0x0a,
    0x01, 0x00, 0x04, 0x00, 0x00, 0x00, 0x01, 0x07, 0x04, 0x02, 0x00, 0x00, 0x02, 0x22, 0x0e, 0x06,
    0x01, 0x00, 0x52, 0x00, 0x00, 0x00, 0x03, 0x10, 0x40, 0x00, 0x02, 0x00, 0x00, 0x00, 0x00, 0x00,
    0x00, 0x00, 0x00, 0x00, 0x00, 0x00, 0x00, 0x00, 0x18, 0x00, 0x00, 0x00, 0x01, 0x0b, 0x04, 0x0a,
    0x01, 0x00, 0x04, 0x00, 0x00, 0x00, 0xc1, 0x07, 0x01, 0x02, 0x00, 0x00, 0x01, 0x0b, 0x04, 0x0a,
    0x01, 0x00, 0x04, 0x00, 0x00, 0x00, 0x01, 0x03, 0x04, 0x02, 0x00, 0x00, 0x02, 0x22, 0x0e, 0x06,
    0x01, 0x00, 0x52, 0x00, 0x00, 0x00, 0x83, 0x0f, 0x40, 0x00, 0x02, 0x00, 0x00, 0x00, 0x00, 0x00,
    0x00, 0x00, 0x00, 0x00, 0x00, 0x00, 0x00, 0x00, 0x18, 0x00, 0x00, 0x00, 0x01, 0x0b, 0x04, 0x0a,
    0x01, 0x00, 0x04, 0x00, 0x00, 0x00, 0x81, 0x0c, 0x01, 0x02, 0x00, 0x00, 0x01, 0x0b, 0x04, 0x0a,
    0x01, 0x00, 0x04, 0x00, 0x00, 0x00, 0x01, 0x05, 0x04, 0x02, 0x00, 0x00, 0x01, 0x0b, 0x04, 0x0a,
    0x01, 0x00, 0x04, 0x00, 0x00, 0x00, 0xc1, 0x0b, 0x01, 0x02, 0x00, 0x00, 0x01, 0x0b, 0x04, 0x0a,
    0x01, 0x00, 0x04, 0x00, 0x00, 0x00, 0x01, 0x06, 0x04, 0x02, 0x00, 0x00, 0x01, 0x0b, 0x04, 0x0a,
    0x01, 0x00, 0x04, 0x00, 0x00, 0x00, 0xc1, 0x0c, 0x01, 0x02, 0x00, 0x00, 0x01, 0x0b, 0x04, 0x0a,
    0x01, 0x00, 0x04, 0x00, 0x00, 0x00, 0x81, 0x04, 0x04, 0x02, 0x00, 0x00, 0x01, 0x0b, 0x04, 0x0a,
    0x09, 0x00, 0x04, 0x00, 0x00, 0x00, 0x81, 0x08, 0x01, 0x02, 0x00, 0x00, 0x01, 0x0b, 0x04, 0x0a,
    0x01, 0x00, 0x04, 0x00, 0x00, 0x00, 0x01, 0x0d, 0x01, 0x02, 0x00, 0x00, 0x01, 0x0b, 0x04, 0x0a,
    0x01, 0x00, 0x04, 0x00, 0x00, 0x00, 0x01, 0x04, 0x04, 0x02, 0x00, 0x00, 0x01, 0x0b, 0x04, 0x0a,
    0x01, 0x00, 0x04, 0x00, 0x00, 0x00, 0x81, 0x07, 0x01, 0x02, 0x00, 0x00, 0x01, 0x0b, 0x04, 0x0a,
    0x01, 0x00, 0x04, 0x00, 0x00, 0x00, 0x01, 0x00, 0x01, 0x02, 0x00, 0x00, 0x01, 0x0b, 0x04, 0x0a,
    0x01, 0x00, 0x04, 0x00, 0x00, 0x00, 0x01, 0x02, 0x04, 0x02, 0x00, 0x00, 0x01, 0x0b, 0x04, 0x0a,
    0x09, 0x00, 0x04, 0x00, 0x00, 0x00, 0x81, 0x00, 0x04, 0x02, 0x00, 0x00, 0x01, 0x0b, 0x04, 0x0a,
    0x01, 0x00, 0x04, 0x00, 0x00, 0x00, 0x01, 0x0b, 0x01, 0x02, 0x00, 0x00, 0x01, 0x0b, 0x04, 0x0a,
    0x01, 0x00, 0x04, 0x00, 0x00, 0x00, 0x81, 0x01, 0x04, 0x02, 0x00, 0x00, 0x01, 0x0b, 0x04, 0x0a,
    0x01, 0x00, 0x04, 0x00, 0x00, 0x00, 0x81, 0x0b, 0x01, 0x02, 0x00, 0x00, 0x01, 0x0b, 0x04, 0x0a,
    0x01, 0x00, 0x04, 0x00, 0x00, 0x00, 0x01, 0x0c, 0x04, 0x02, 0x00, 0x00, 0x01, 0x0b, 0x04, 0x0a,
    0x01, 0x00, 0x04, 0x00, 0x00, 0x00, 0x81, 0x03, 0x04, 0x02, 0x00, 0x00, 0x01, 0x0b, 0x04, 0x0a,
    0x01, 0x00, 0x04, 0x00, 0x00, 0x00, 0x41, 0x0c, 0x01, 0x02, 0x00, 0x00, 0x01, 0x0b, 0x04, 0x0a,
    0x01, 0x00, 0x04, 0x00, 0x00, 0x00, 0x81, 0x05, 0x04, 0x02, 0x00, 0x00, 0x01, 0x0b, 0x04, 0x0a,
    0x01, 0x00, 0x04, 0x00, 0x00, 0x00, 0x41, 0x08, 0x01, 0x02, 0x00, 0x00, 0x01, 0x0b, 0x04, 0x0a,
    0x01, 0x00, 0x04, 0x00, 0x00, 0x00, 0x81, 0x02, 0x04, 0x02, 0x00, 0x00, 0x01, 0x0b, 0x04, 0x0a,
    0x01, 0x00, 0x04, 0x00, 0x00, 0x00, 0xc1, 0x08, 0x01, 0x02, 0x00, 0x00, 0x01, 0x0b, 0x04, 0x0a,
    0x01, 0x00, 0x04, 0x00, 0x00, 0x00, 0x41, 0x09, 0x01, 0x02, 0x00, 0x00, 0x01, 0x0b, 0x04, 0x0a,
    0x01, 0x00, 0x04, 0x00, 0x00, 0x00, 0x81, 0x06, 0x04, 0x02, 0x00, 0x00, 0x01, 0x0b, 0x04, 0x0a,
    0x01, 0x00, 0x04, 0x00, 0x00, 0x00, 0x01, 0x01, 0x04, 0x02, 0x00, 0x00, 0x41, 0x0c, 0x50, 0x04,
    0x41, 0x0c, 0x50, 0x04, 0x41, 0x0c, 0x50, 0x04, 0x02, 0x22, 0x0e, 0x06, 0x09, 0x00, 0x52, 0x00,
    0x00, 0x00, 0x83, 0x01, 0x40, 0x00, 0x02, 0x00, 0x00, 0x00, 0x00, 0x00, 0x00, 0x00, 0x00, 0x00,
    0x00, 0x00, 0x00, 0x00, 0x18, 0x00, 0x00, 0x00, 0x41, 0x0c, 0x50, 0x04, 0x41, 0x0c, 0x50, 0x04,
    0x02, 0x22, 0x0e, 0x06, 0x01, 0x00, 0x52, 0x00, 0x00, 0x00, 0x03, 0x04, 0x40, 0x00, 0x02, 0x00,
    0x00, 0x00, 0x00, 0x00, 0x00, 0x00, 0x00, 0x00, 0x00, 0x00, 0x00, 0x00, 0x18, 0x00, 0x00, 0x00,
    0x41, 0x0c, 0x50, 0x04, 0x41, 0x0c, 0x50, 0x04, 0x02, 0x22, 0x0e, 0x06, 0x01, 0x00, 0x52, 0x00,
    0x00, 0x00, 0x83, 0x04, 0x40, 0x00, 0x02, 0x00, 0x00, 0x00, 0x00, 0x00, 0x00, 0x00, 0x00, 0x00,
    0x00, 0x00, 0x00, 0x00, 0x18, 0x00, 0x00, 0x00, 0x41, 0x0c, 0x50, 0x04, 0x02, 0x22, 0x0e, 0x06,
    0x01, 0x00, 0x52, 0x00, 0x00, 0x00, 0x03, 0x09, 0x40, 0x00, 0x02, 0x00, 0x00, 0x00, 0x00, 0x00,
    0x00, 0x00, 0x00, 0x00, 0x00, 0x00, 0x00, 0x00, 0x18, 0x00, 0x00, 0x00, 0x41, 0x0c, 0x50, 0x04,
    0x02, 0x22, 0x0e, 0x06, 0x01, 0x00, 0x52, 0x00, 0x00, 0x00, 0x83, 0x09, 0x40, 0x00, 0x02, 0x00,
    0x00, 0x00, 0x00, 0x00, 0x00, 0x00, 0x00, 0x00, 0x00, 0x00, 0x00, 0x00, 0x18, 0x00, 0x00, 0x00,
    0x41, 0x0c, 0x50, 0x04, 0x41, 0x0c, 0x50, 0x04, 0x02, 0x22, 0x0e, 0x06, 0x01, 0x00, 0x52, 0x00,
    0x00, 0x00, 0x03, 0x0b, 0x40, 0x00, 0x02, 0x00, 0x00, 0x00, 0x00, 0x00, 0x00, 0x00, 0x00, 0x00,
    0x00, 0x00, 0x00, 0x00, 0x18, 0x00, 0x00, 0x00, 0x41, 0x0c, 0x50, 0x04, 0x41, 0x0c, 0x50, 0x04,
    0x02, 0x22, 0x0e, 0x06, 0x01, 0x00, 0x52, 0x00, 0x00, 0x00, 0x83, 0x0b, 0x40, 0x00, 0x02, 0x00,
    0x00, 0x00, 0x00, 0x00, 0x00, 0x00, 0x00, 0x00, 0x00, 0x00, 0x00, 0x00, 0x18, 0x00, 0x00, 0x00,
    0x41, 0x0c, 0x50, 0x04, 0x41, 0x0c, 0x50, 0x04, 0x02, 0x22, 0x0e, 0x06, 0x01, 0x00, 0x52, 0x00,
    0x00, 0x00, 0x03, 0x0f, 0x40, 0x00, 0x02, 0x00, 0x00, 0x00, 0x00, 0x00, 0x00, 0x00, 0x00, 0x00,
    0x00, 0x00, 0x00, 0x00, 0x18, 0x00, 0x00, 0x00, 0x01, 0x0b, 0x0c, 0x0a, 0xf8, 0x00, 0x05, 0x00,
    0x00, 0x00, 0x03, 0x03, 0xff, 0x0f, 0x00, 0x00, 0x02, 0x22, 0x0e, 0x06, 0x01, 0x00, 0x52, 0x00,
    0x00, 0x00, 0x03, 0x05, 0x40, 0x00, 0x02, 0x00, 0x00, 0x00, 0x00, 0x00, 0x00, 0x00, 0x00, 0x00,
    0x00, 0x00, 0x00, 0x00, 0x18, 0x00, 0x00, 0x00, 0x02, 0x22, 0x0e, 0x06, 0x01, 0x00, 0x52, 0x00,
    0x00, 0x00, 0x83, 0x0a, 0x40, 0x00, 0x02, 0x00, 0x00, 0x00, 0x00, 0x00, 0x00, 0x00, 0x00, 0x00,
    0x00, 0x00, 0x00, 0x00, 0x18, 0x00, 0x00, 0x00, 0x02, 0x22, 0x0e, 0x06, 0x01, 0x00, 0x52, 0x00,
    0x00, 0x00, 0x03, 0x0a, 0x40, 0x00, 0x02, 0x00, 0x00, 0x00, 0x00, 0x00, 0x00, 0x00, 0x00, 0x00,
    0x00, 0x00, 0x00, 0x00, 0x18, 0x00, 0x00, 0x00, 0x02, 0x22, 0x0e, 0x06, 0x01, 0x00, 0x52, 0x00,
    0x00, 0x00, 0x03, 0x0e, 0x40, 0x00, 0x02, 0x00, 0x00, 0x00, 0x00, 0x00, 0x00, 0x00, 0x00, 0x00,
    0x00, 0x00, 0x00, 0x00, 0x18, 0x00, 0x00, 0x00, 0x01, 0x0b, 0x0c, 0x0a, 0xf8, 0x00, 0x05, 0x00,
    0x00, 0x00, 0x83, 0x02, 0xff, 0x0f, 0x00, 0x00, 0x02, 0x22, 0x0e, 0x06, 0x01, 0x00, 0x52, 0x00,
    0x00, 0x00, 0x83, 0x0d, 0x40, 0x00, 0x02, 0x00, 0x00, 0x00, 0x00, 0x00, 0x00, 0x00, 0x00, 0x00,
    0x00, 0x00, 0x00, 0x00, 0x18, 0x00, 0x00, 0x00, 0x01, 0x0b, 0x0c, 0x0a, 0xf8, 0x00, 0x05, 0x00,
    0x00, 0x00, 0x03, 0x07, 0xff, 0x0f, 0x00, 0x00, 0x01, 0x0b, 0x0c, 0x0a, 0xf8, 0x00, 0x05, 0x00,
    0x00, 0x00, 0x83, 0x06, 0xff, 0x0f, 0x00, 0x00, 0x01, 0x0b, 0x0c, 0x0a, 0xf8, 0x00, 0x05, 0x00,
    0x00, 0x00, 0x83, 0x07, 0xff, 0x0f, 0x00, 0x00, 0x01, 0x0b, 0x0c, 0x0a, 0xf8, 0x00, 0x05, 0x00,
    0x00, 0x00, 0x03, 0x06, 0xff, 0x0f, 0x00, 0x00, 0x01, 0x0b, 0x0c, 0x0a, 0xf8, 0x00, 0x05, 0x00,
    0x00, 0x00, 0x83, 0x05, 0xff, 0x0f, 0x00, 0x00, 0x01, 0x0b, 0x0c, 0x0a, 0xf8, 0x00, 0x05, 0x00,
    0x00, 0x00, 0x83, 0x04, 0xff, 0x0f, 0x00, 0x00, 0x01, 0x0b, 0x0c, 0x0a, 0xf8, 0x00, 0x05, 0x00,
    0x00, 0x00, 0x03, 0x04, 0xff, 0x0f, 0x00, 0x00, 0x01, 0x0b, 0x0c, 0x0a, 0xf8, 0x00, 0x05, 0x00,
    0x00, 0x00, 0x03, 0x05, 0xff, 0x0f, 0x00, 0x00, 0x01, 0x0b, 0x04, 0x0a, 0xf8, 0x00, 0x04, 0x00,
    0x00, 0x00, 0x41, 0x1f, 0x01, 0x02, 0x00, 0x00, 0x01, 0x0b, 0x04, 0x0a, 0xf8, 0x00, 0x04, 0x00,
    0x00, 0x00, 0x41, 0x21, 0x04, 0x02, 0x00, 0x00, 0x01, 0x0b, 0x06, 0x0a, 0xfa, 0x00, 0x04, 0x00,
    0x00, 0x00, 0x01, 0x03, 0x2c, 0x02, 0x00, 0x00, 0x02, 0x22, 0x08, 0x06, 0xfa, 0x00, 0x52, 0x00,
    0x00, 0x00, 0x83, 0x01, 0x40, 0x00, 0x02, 0x00, 0x00, 0x00, 0x00, 0x00, 0x00, 0x00, 0x00, 0x00,
    0x00, 0x00, 0x00, 0x00, 0x58, 0x00, 0x00, 0x00, 0x02, 0x22, 0x08, 0x06, 0xfa, 0x00, 0x42, 0x00,
    0x00, 0x00, 0x01, 0x02, 0x40, 0x00, 0x02, 0x00, 0x00, 0x00, 0x00, 0x00, 0x00, 0x00, 0x00, 0x00,
    0x00, 0x00, 0x00, 0x00, 0x54, 0x00, 0x00, 0x00, 0x02, 0x0c, 0x52, 0x0e, 0xf8, 0x00, 0x0a, 0x00,
    0x00, 0x00, 0x03, 0x20, 0x01, 0xf8, 0x82, 0x1f, 0x00, 0x0b, 0x00, 0x00, 0x00, 0x00, 0x00, 0x00,
    0xc0, 0xff, 0xff, 0xff, 0xff, 0xff, 0xff, 0xff, 0x02, 0x22, 0x08, 0x06, 0xfa, 0x00, 0x52, 0x00,
    0x00, 0x00, 0x83, 0x03, 0x40, 0x00, 0x02, 0x00, 0x00, 0x00, 0x00, 0x00, 0x00, 0x00, 0x00, 0x00,
    0x00, 0x00, 0x00, 0x00, 0x48, 0x00, 0x00, 0x00, 0x02, 0x0c, 0x52, 0x0e, 0xf8, 0x00, 0x0a, 0x00,
    0x00, 0x00, 0x83, 0x1f, 0x01, 0xf8, 0x82, 0x1f, 0x00, 0x0b, 0x00, 0x00, 0x00, 0x00, 0x00, 0x00,
    0xff, 0xff, 0xff, 0xff, 0xff, 0xff, 0xff, 0xff, 0x02, 0x22, 0x08, 0x06, 0xfa, 0x00, 0x42, 0x00,
    0x00, 0x00, 0x81, 0x08, 0x40, 0x00, 0x02, 0x00, 0x00, 0x00, 0x00, 0x00, 0x00, 0x00, 0x00, 0x00,
    0x00, 0x00, 0x00, 0x00, 0x54, 0x00, 0x00, 0x00, 0x02, 0x22, 0x08, 0x06, 0xfa, 0x00, 0x42, 0x00,
    0x00, 0x00, 0x81, 0x06, 0x40, 0x00, 0x02, 0x00, 0x00, 0x00, 0x00, 0x00, 0x00, 0x00, 0x00, 0x00,
    0x00, 0x00, 0x00, 0x00, 0x68, 0x00, 0x00, 0x00, 0x02, 0x22, 0x08, 0x06, 0xfa, 0x00, 0x42, 0x00,
    0x00, 0x00, 0x41, 0x03, 0x40, 0x00, 0x02, 0x00, 0x00, 0x00, 0x00, 0x00, 0x00, 0x00, 0x00, 0x00,
    0x00, 0x00, 0x00, 0x00, 0x60, 0x00, 0x00, 0x00, 0x02, 0x22, 0x08, 0x06, 0xfa, 0x00, 0x42, 0x00,
    0x00, 0x00, 0x01, 0x08, 0x40, 0x00, 0x02, 0x00, 0x00, 0x00, 0x00, 0x00, 0x00, 0x00, 0x00, 0x00,
    0x00, 0x00, 0x00, 0x00, 0x5c, 0x00, 0x00, 0x00, 0x41, 0x0c, 0x50, 0x04, 0x02, 0x22, 0x08, 0x06,
    0xfa, 0x00, 0x42, 0x00, 0x00, 0x00, 0x81, 0x05, 0x40, 0x00, 0x02, 0x00, 0x00, 0x00, 0x00, 0x00,
    0x00, 0x00, 0x00, 0x00, 0x00, 0x00, 0x00, 0x00, 0x74, 0x00, 0x00, 0x00, 0x02, 0x22, 0x08, 0x06,
    0xfa, 0x00, 0x42, 0x00, 0x00, 0x00, 0x41, 0x08, 0x40, 0x00, 0x02, 0x00, 0x00, 0x00, 0x00, 0x00,
    0x00, 0x00, 0x00, 0x00, 0x00, 0x00, 0x00, 0x00, 0x58, 0x00, 0x00, 0x00, 0x02, 0x22, 0x08, 0x06,
    0xfa, 0x00, 0x42, 0x00, 0x00, 0x00, 0xc1, 0x05, 0x40, 0x00, 0x02, 0x00, 0x00, 0x00, 0x00, 0x00,
    0x00, 0x00, 0x00, 0x00, 0x00, 0x00, 0x00, 0x00, 0x6c, 0x00, 0x00, 0x00, 0x02, 0x22, 0x08, 0x06,
    0xfa, 0x00, 0x52, 0x00, 0x00, 0x00, 0x03, 0x06, 0x40, 0x00, 0x02, 0x00, 0x00, 0x00, 0x00, 0x00,
    0x00, 0x00, 0x00, 0x00, 0x00, 0x00, 0x00, 0x00, 0x30, 0x00, 0x00, 0x00, 0x41, 0x0c, 0x50, 0x04,
    0x02, 0x22, 0x08, 0x06, 0xfa, 0x00, 0x42, 0x00, 0x00, 0x00, 0xc1, 0x06, 0x40, 0x00, 0x02, 0x00,
    0x00, 0x00, 0x00, 0x00, 0x00, 0x00, 0x00, 0x00, 0x00, 0x00, 0x00, 0x00, 0x50, 0x00, 0x00, 0x00,
    0x02, 0x22, 0x08, 0x06, 0xfa, 0x00, 0x42, 0x00, 0x00, 0x00, 0x01, 0x07, 0x40, 0x00, 0x02, 0x00,
    0x00, 0x00, 0x00, 0x00, 0x00, 0x00, 0x00, 0x00, 0x00, 0x00, 0x00, 0x00, 0x70, 0x00, 0x00, 0x00,
    0x02, 0x22, 0x0e, 0x06, 0xf8, 0x00, 0x42, 0x00, 0x00, 0x00, 0x81, 0x00, 0x40, 0x00, 0x02, 0x00,
    0x00, 0x00, 0x00, 0x00, 0x00, 0x00, 0x00, 0x00, 0x00, 0x00, 0x00, 0x00, 0x7c, 0x00, 0x00, 0x00,
    0x02, 0x22, 0x08, 0x06, 0xfa, 0x00, 0x42, 0x00, 0x00, 0x00, 0xc1, 0x08, 0x40, 0x00, 0x02, 0x00,
    0x00, 0x00, 0x00, 0x00, 0x00, 0x00, 0x00, 0x00, 0x00, 0x00, 0x00, 0x00, 0x48, 0x00, 0x00, 0x00,
    0x02, 0x22, 0x08, 0x06, 0xfa, 0x00, 0x42, 0x00, 0x00, 0x00, 0x41, 0x07, 0x40, 0x00, 0x02, 0x00,
    0x00, 0x00, 0x00, 0x00, 0x00, 0x00, 0x00, 0x00, 0x00, 0x00, 0x00, 0x00, 0x78, 0x00, 0x00, 0x00,
    0x02, 0x22, 0x0e, 0x06, 0xf8, 0x00, 0x52, 0x00, 0x00, 0x00, 0x83, 0x03, 0x40, 0x00, 0x02, 0x00,
    0x00, 0x00, 0x00, 0x00, 0x00, 0x00, 0x00, 0x00, 0x00, 0x00, 0x00, 0x00, 0x10, 0x00, 0x00, 0x00,
    0x02, 0x22, 0x08, 0x06, 0xfa, 0x00, 0x52, 0x00, 0x00, 0x00, 0x83, 0x07, 0x40, 0x00, 0x02, 0x00,
    0x00, 0x00, 0x00, 0x00, 0x00, 0x00, 0x00, 0x00, 0x00, 0x00, 0x00, 0x00, 0x20, 0x00, 0x00, 0x00,
    0x02, 0x22, 0x08, 0x06, 0xfa, 0x00, 0x52, 0x00, 0x00, 0x00, 0x03, 0x09, 0x40, 0x00, 0x02, 0x00,
    0x00, 0x00, 0x00, 0x00, 0x00, 0x00, 0x00, 0x00, 0x00, 0x00, 0x00, 0x00, 0x10, 0x00, 0x00, 0x00,
    0x02, 0x22, 0x08, 0x06, 0xfa, 0x00, 0x52, 0x00, 0x00, 0x00, 0x03, 0x05, 0x40, 0x00, 0x02, 0x00,
    0x00, 0x00, 0x00, 0x00, 0x00, 0x00, 0x00, 0x00, 0x00, 0x00, 0x00, 0x00, 0x00, 0x00, 0x00, 0x00,
    0x02, 0x0c, 0x52, 0x0e, 0x00, 0x00, 0x0a, 0x00, 0x00, 0x00, 0x03, 0x0c, 0x01, 0xf8, 0x02, 0x0b,
    0x00, 0x0b, 0x00, 0x00, 0x00, 0x00, 0x00, 0x00, 0x10, 0x00, 0x00, 0x00, 0x00, 0x00, 0x00, 0x00,
    0x02, 0x0c, 0x52, 0x0e, 0x00, 0x00, 0x0a, 0x00, 0x00, 0x00, 0x03, 0x0d, 0x01, 0xf8, 0x02, 0x0b,
    0x00, 0x0b, 0x00, 0x00, 0x00, 0x00, 0x00, 0x00, 0x10, 0x00, 0x00, 0x00, 0x00, 0x00, 0x00, 0x00,
    0x02, 0x0c, 0x52, 0x0e, 0x28, 0x00, 0x0a, 0x00, 0x00, 0x00, 0x83, 0x0e, 0x01, 0xf8, 0x02, 0x0b,
    0x00, 0x0b, 0x00, 0x00, 0x00, 0x00, 0x00, 0x00, 0x20, 0x00, 0x00, 0x00, 0x00, 0x00, 0x00, 0x00,
    0x02, 0x0c, 0x52, 0x0e, 0x28, 0x00, 0x0a, 0x00, 0x00, 0x00, 0x83, 0x0c, 0x01, 0xf8, 0x02, 0x0b,
    0x00, 0x0b, 0x00, 0x00, 0x00, 0x00, 0x00, 0x00, 0x20, 0x00, 0x00, 0x00, 0x00, 0x00, 0x00, 0x00,
    0x02, 0x0c, 0x52, 0x0e, 0x20, 0x00, 0x0a, 0x00, 0x00, 0x00, 0x03, 0x0e, 0x01, 0xf8, 0x02, 0x0b,
    0x00, 0x0b, 0x00, 0x00, 0x00, 0x00, 0x00, 0x00, 0x30, 0x00, 0x00, 0x00, 0x00, 0x00, 0x00, 0x00,
    0x02, 0x0c, 0x52, 0x0e, 0x20, 0x00, 0x0a, 0x00, 0x00, 0x00, 0x83, 0x10, 0x01, 0xf8, 0x02, 0x0b,
    0x00, 0x0b, 0x00, 0x00, 0x00, 0x00, 0x00, 0x00, 0x30, 0x00, 0x00, 0x00, 0x00, 0x00, 0x00, 0x00,
    0x02, 0x22, 0x0e, 0x06, 0x20, 0x00, 0x52, 0x00, 0x00, 0x00, 0x83, 0x16, 0x40, 0x00, 0x02, 0x00,
    0x00, 0x00, 0x00, 0x00, 0x00, 0x00, 0x00, 0x00, 0x00, 0x00, 0x00, 0x00, 0x38, 0x00, 0x00, 0x00,
    0x41, 0x0c, 0x50, 0x04, 0x02, 0x22, 0x0e, 0x06, 0x00, 0x00, 0x52, 0x00, 0x00, 0x00, 0x83, 0x12,
    0x40, 0x00, 0x02, 0x00, 0x00, 0x00, 0x00, 0x00, 0x00, 0x00, 0x00, 0x00, 0x00, 0x00, 0x00, 0x00,
    0x38, 0x00, 0x00, 0x00, 0x41, 0x0c, 0x50, 0x04, 0x41, 0x0c, 0x50, 0x04, 0x02, 0x0c, 0x52, 0x0e,
    0x09, 0x00, 0x0a, 0x00, 0x00, 0x00, 0x03, 0x0f, 0x01, 0xf8, 0x82, 0x0f, 0x00, 0x0b, 0x00, 0x00,
    0x00, 0x00, 0x00, 0x00, 0x20, 0x00, 0x00, 0x00, 0x00, 0x00, 0x00, 0x00, 0x41, 0x0c, 0x50, 0x04,
    0x41, 0x0c, 0x50, 0x04, 0x02, 0x22, 0x0e, 0x06, 0x10, 0x00, 0x52, 0x00, 0x00, 0x00, 0x83, 0x11,
    0x40, 0x00, 0x02, 0x00, 0x00, 0x00, 0x00, 0x00, 0x00, 0x00, 0x00, 0x00, 0x00, 0x00, 0x00, 0x00,
    0x38, 0x00, 0x00, 0x00, 0x02, 0x22, 0x0e, 0x06, 0x10, 0x00, 0x52, 0x00, 0x00, 0x00, 0x03, 0x12,
    0x40, 0x00, 0x02, 0x00, 0x00, 0x00, 0x00, 0x00, 0x00, 0x00, 0x00, 0x00, 0x00, 0x00, 0x00, 0x00,
    0x38, 0x00, 0x00, 0x00, 0x41, 0x0c, 0x50, 0x04, 0x02, 0x22, 0x0e, 0x06, 0x00, 0x00, 0x52, 0x00,
    0x00, 0x00, 0x03, 0x13, 0x40, 0x00, 0x02, 0x00, 0x00, 0x00, 0x00, 0x00, 0x00, 0x00, 0x00, 0x00,
    0x00, 0x00, 0x00, 0x00, 0x38, 0x00, 0x00, 0x00, 0x41, 0x0c, 0x50, 0x04, 0x41, 0x0c, 0x50, 0x04,
    0x02, 0x22, 0x0e, 0x06, 0x28, 0x00, 0x52, 0x00, 0x00, 0x00, 0x83, 0x13, 0x40, 0x00, 0x02, 0x00,
    0x00, 0x00, 0x00, 0x00, 0x00, 0x00, 0x00, 0x00, 0x00, 0x00, 0x00, 0x00, 0x38, 0x00, 0x00, 0x00,
    0x41, 0x0c, 0x50, 0x04, 0x41, 0x0c, 0x50, 0x04, 0x41, 0x0c, 0x50, 0x04, 0x41, 0x0c, 0x50, 0x04,
    0x02, 0x22, 0x0e, 0x06, 0x28, 0x00, 0x52, 0x00, 0x00, 0x00, 0x83, 0x15, 0x40, 0x00, 0x02, 0x00,
    0x00, 0x00, 0x00, 0x00, 0x00, 0x00, 0x00, 0x00, 0x00, 0x00, 0x00, 0x00, 0x38, 0x00, 0x00, 0x00,
    0x41, 0x0c, 0x50, 0x04, 0x41, 0x0c, 0x50, 0x04, 0x41, 0x0c, 0x50, 0x04, 0x41, 0x0c, 0x50, 0x04,
    0x02, 0x22, 0x0e, 0x06, 0x20, 0x00, 0x52, 0x00, 0x00, 0x00, 0x83, 0x0e, 0x40, 0x00, 0x02, 0x00,
    0x00, 0x00, 0x00, 0x00, 0x00, 0x00, 0x00, 0x00, 0x00, 0x00, 0x00, 0x00, 0x38, 0x00, 0x00, 0x00,
    0x01, 0x0b, 0x0c, 0x0a, 0xf8, 0x00, 0x05, 0x00, 0x00, 0x00, 0x03, 0x0b, 0xff, 0x0f, 0x00, 0x00,
    0x41, 0x0c, 0x50, 0x04, 0x02, 0x22, 0x0e, 0x06, 0x19, 0x00, 0x52, 0x00, 0x00, 0x00, 0x03, 0x0e,
    0x40, 0x00, 0x02, 0x00, 0x00, 0x00, 0x00, 0x00, 0x00, 0x00, 0x00, 0x00, 0x00, 0x00, 0x00, 0x00,
    0x28, 0x00, 0x00, 0x00, 0x41, 0x0c, 0x50, 0x04, 0x02, 0x22, 0x0e, 0x06, 0x09, 0x00, 0x52, 0x00,
    0x00, 0x00, 0x03, 0x0f, 0x40, 0x00, 0x02, 0x00, 0x00, 0x00, 0x00, 0x00, 0x00, 0x00, 0x00, 0x00,
    0x00, 0x00, 0x00, 0x00, 0x28, 0x00, 0x00, 0x00, 0x01, 0x0b, 0x0c, 0x0a, 0xf8, 0x00, 0x05, 0x00,
    0x00, 0x00, 0x83, 0x0d, 0xff, 0x0f, 0x00, 0x00, 0x01, 0x0b, 0x0c, 0x0a, 0xf8, 0x00, 0x05, 0x00,
    0x00, 0x00, 0x03, 0x10, 0xff, 0x0f, 0x00, 0x00, 0x01, 0x0b, 0x0c, 0x0a, 0xf8, 0x00, 0x05, 0x00,
    0x00, 0x00, 0x83, 0x10, 0xff, 0x0f, 0x00, 0x00, 0x01, 0x0b, 0x0c, 0x0a, 0xf8, 0x00, 0x05, 0x00,
    0x00, 0x00, 0x03, 0x11, 0xff, 0x0f, 0x00, 0x00, 0x41, 0x0c, 0x50, 0x04, 0x41, 0x0c, 0x50, 0x04,
    0x41, 0x0c, 0x50, 0x04, 0x01, 0x0b, 0x0c, 0x0a, 0xf8, 0x00, 0x05, 0x00, 0x00, 0x00, 0x03, 0x0f,
    0xff, 0x0f, 0x00, 0x00, 0x01, 0x0b, 0x0c, 0x0a, 0xf8, 0x00, 0x05, 0x00, 0x00, 0x00, 0x83, 0x11,
    0xff, 0x0f, 0x00, 0x00, 0x01, 0x0b, 0x0c, 0x0a, 0xf8, 0x00, 0x05, 0x00, 0x00, 0x00, 0x03, 0x12,
    0xff, 0x0f, 0x00, 0x00, 0x01, 0x0b, 0x0c, 0x0a, 0xf8, 0x00, 0x05, 0x00, 0x00, 0x00, 0x83, 0x12,
    0xff, 0x0f, 0x00, 0x00, 0x01, 0x0b, 0x0c, 0x0a, 0xf8, 0x00, 0x05, 0x00, 0x00, 0x00, 0x03, 0x14,
    0xff, 0x0f, 0x00, 0x00, 0x01, 0x0b, 0x0c, 0x0a, 0xf8, 0x00, 0x05, 0x00, 0x00, 0x00, 0x83, 0x14,
    0xff, 0x0f, 0x00, 0x00, 0x01, 0x0b, 0x0c, 0x0a, 0xf8, 0x00, 0x05, 0x00, 0x00, 0x00, 0x03, 0x13,
    0xff, 0x0f, 0x00, 0x00, 0x01, 0x0b, 0x0c, 0x0a, 0xf8, 0x00, 0x05, 0x00, 0x00, 0x00, 0x83, 0x13,
    0xff, 0x0f, 0x00, 0x00, 0x02, 0x38, 0x0e, 0x32, 0xf8, 0x00, 0x50, 0x11, 0x00, 0x00, 0x00, 0x00,
    0x82, 0x15, 0x0a, 0x00, 0x00, 0x82, 0x04, 0x82, 0x02, 0x00, 0x00, 0x00, 0x00, 0x00, 0x00, 0x00,
    0x00, 0x00, 0x00, 0x00, 0x02, 0x38, 0x0e, 0x32, 0xf8, 0x00, 0x50, 0x11, 0x00, 0x00, 0x00, 0x00,
    0x82, 0x15, 0x0a, 0x00, 0x00, 0x82, 0x04, 0x82, 0x09, 0x00, 0x00, 0x00, 0x00, 0x00, 0x00, 0x00,
    0x00, 0x80, 0x00, 0x00, 0x02, 0x38, 0x0e, 0x32, 0xf8, 0x00, 0x50, 0x11, 0x00, 0x00, 0x00, 0x00,
    0x82, 0x15, 0x0a, 0x00, 0x00, 0x82, 0x04, 0x02, 0x03, 0x00, 0x00, 0x00, 0x00, 0x00, 0x00, 0x00,
    0x00, 0x10, 0x00, 0x00, 0x02, 0x38, 0x0e, 0x32, 0xf8, 0x00, 0x50, 0x11, 0x00, 0x00, 0x00, 0x00,
    0x82, 0x15, 0x0a, 0x00, 0x00, 0x82, 0x04, 0x02, 0x09, 0x00, 0x00, 0x00, 0x00, 0x00, 0x00, 0x00,
    0x00, 0x90, 0x00, 0x00, 0x02, 0x38, 0x0e, 0x32, 0xf8, 0x00, 0x50, 0x11, 0x00, 0x00, 0x00, 0x00,
    0x82, 0x15, 0x0a, 0x00, 0x00, 0x82, 0x04, 0x82, 0x0a, 0x00, 0x00, 0x00, 0x00, 0x00, 0x00, 0x00,
    0x20, 0x00, 0x00, 0x00, 0x02, 0x38, 0x0e, 0x32, 0xf8, 0x00, 0x50, 0x11, 0x00, 0x00, 0x00, 0x00,
    0x82, 0x15, 0x0a, 0x00, 0x00, 0x82, 0x04, 0x82, 0x08, 0x00, 0x00, 0x00, 0x00, 0x00, 0x00, 0x00,
    0x20, 0x80, 0x00, 0x00, 0x02, 0x38, 0x0e, 0x32, 0xf8, 0x00, 0x50, 0x11, 0x00, 0x00, 0x00, 0x00,
    0x82, 0x15, 0x0a, 0x00, 0x00, 0x82, 0x04, 0x02, 0x0a, 0x00, 0x00, 0x00, 0x00, 0x00, 0x00, 0x00,
    0x20, 0x10, 0x00, 0x00, 0x02, 0x38, 0x0e, 0x32, 0xf8, 0x00, 0x50, 0x11, 0x00, 0x00, 0x00, 0x00,
    0x82, 0x15, 0x0a, 0x00, 0x00, 0x82, 0x04, 0x02, 0x08, 0x00, 0x00, 0x00, 0x00, 0x00, 0x00, 0x00,
    0x20, 0x90, 0x00, 0x00, 0x02, 0x38, 0x0e, 0x32, 0xf8, 0x00, 0x50, 0x11, 0x00, 0x00, 0x00, 0x00,
    0x82, 0x15, 0x0a, 0x00, 0x00, 0x82, 0x04, 0x82, 0x07, 0x00, 0x00, 0x00, 0x00, 0x00, 0x00, 0x00,
    0x40, 0x00, 0x00, 0x00, 0x02, 0x38, 0x0e, 0x32, 0xf8, 0x00, 0x50, 0x11, 0x00, 0x00, 0x00, 0x00,
    0x82, 0x15, 0x0a, 0x00, 0x00, 0x82, 0x04, 0x02, 0x07, 0x00, 0x00, 0x00, 0x00, 0x00, 0x00, 0x00,
    0x40, 0x80, 0x00, 0x00, 0x02, 0x38, 0x0e, 0x32, 0xf8, 0x00, 0x50, 0x11, 0x00, 0x00, 0x00, 0x00,
    0x82, 0x15, 0x0a, 0x00, 0x00, 0x82, 0x04, 0x82, 0x06, 0x00, 0x00, 0x00, 0x00, 0x00, 0x00, 0x00,
    0x40, 0x10, 0x00, 0x00, 0x02, 0x38, 0x0e, 0x32, 0xf8, 0x00, 0x50, 0x11, 0x00, 0x00, 0x00, 0x00,
    0x82, 0x15, 0x0a, 0x00, 0x00, 0x82, 0x04, 0x02, 0x06, 0x00, 0x00, 0x00, 0x00, 0x00, 0x00, 0x00,
    0x40, 0x90, 0x00, 0x00, 0x02, 0x38, 0x0e, 0x32, 0xf8, 0x00, 0x50, 0x11, 0x00, 0x00, 0x00, 0x00,
    0x82, 0x15, 0x0a, 0x00, 0x00, 0x82, 0x04, 0x82, 0x05, 0x00, 0x00, 0x00, 0x00, 0x00, 0x00, 0x00,
    0x60, 0x00, 0x00, 0x00, 0x02, 0x38, 0x0e, 0x32, 0xf8, 0x00, 0x50, 0x11, 0x00, 0x00, 0x00, 0x00,
    0x82, 0x15, 0x0a, 0x00, 0x00, 0x82, 0x04, 0x02, 0x05, 0x00, 0x00, 0x00, 0x00, 0x00, 0x00, 0x00,
    0x60, 0x80, 0x00, 0x00, 0x02, 0x38, 0x0e, 0x32, 0xf8, 0x00, 0x50, 0x11, 0x00, 0x00, 0x00, 0x00,
    0x82, 0x15, 0x0a, 0x00, 0x00, 0x82, 0x04, 0x82, 0x04, 0x00, 0x00, 0x00, 0x00, 0x00, 0x00, 0x00,
    0x60, 0x10, 0x00, 0x00, 0x02, 0x38, 0x0e, 0x32, 0xf8, 0x00, 0x50, 0x11, 0x00, 0x00, 0x00, 0x00,
    0x82, 0x15, 0x0a, 0x00, 0x00, 0x82, 0x04, 0x02, 0x04, 0x00, 0x00, 0x00, 0x00, 0x00, 0x00, 0x00,
    0x60, 0x90, 0x00, 0x00, 0x01, 0x47, 0x5a, 0x16, 0xf8, 0x00, 0x04, 0x00, 0x00, 0x00, 0x00, 0x00,
    0x01, 0x00, 0x00, 0x00, 0x01, 0x47, 0x5a, 0x16, 0xf8, 0x00, 0x04, 0x00, 0x00, 0x00, 0x00, 0x00,
    0x01, 0x00, 0x00, 0x00, 0x01, 0x47, 0x5a, 0x16, 0xf8, 0x00, 0x04, 0x00, 0x00, 0x00, 0x00, 0x00,
    0x01, 0x00, 0x00, 0x00, 0x42, 0x5b, 0x02, 0x06, 0x42, 0x5b, 0x02, 0x06, 0x42, 0x5b, 0x02, 0x06,
    0x42, 0x5b, 0x02, 0x06, 0x42, 0x5b, 0x02, 0x06, 0x02, 0x5a, 0x00, 0x26, 0xf8, 0x00, 0x81, 0x92,
    0x02, 0x00, 0x00, 0x00, 0x07, 0x0e, 0x06, 0x10, 0x00, 0x02, 0x0b, 0xc0, 0xff, 0x00, 0xf8, 0x00,
    0x00, 0x00, 0x00, 0x00, 0x00, 0x00, 0x00, 0x00, 0xd0, 0x00, 0x02, 0x5a, 0x00, 0x26, 0xf8, 0x00,
    0x81, 0x92, 0x02, 0x00, 0x00, 0x00, 0x07, 0x0b, 0x06, 0x10, 0x00, 0x82, 0x0b, 0xc0, 0xff, 0x00,
    0xf8, 0x00, 0x00, 0x00, 0x00, 0x00, 0x00, 0x00, 0x00, 0x00, 0xd0, 0x00, 0x02, 0x5a, 0x00, 0x26,
    0xf8, 0x00, 0x81, 0x92, 0x02, 0x00, 0x00, 0x00, 0x07, 0x12, 0x06, 0x10, 0x00, 0x02, 0x11, 0xc0,
    0xff, 0x00, 0xf8, 0x00, 0x00, 0x00, 0x00, 0x00, 0x00, 0x00, 0x00, 0x00, 0xd0, 0x00, 0x02, 0x5a,
    0x00, 0x26, 0xf8, 0x00, 0x81, 0x92, 0x02, 0x00, 0x00, 0x00, 0x07, 0x10, 0x06, 0x10, 0x00, 0x82,
    0x11, 0xc0, 0xff, 0x00, 0xf8, 0x00, 0x00, 0x00, 0x00, 0x00, 0x00, 0x00, 0x00, 0x00, 0x02, 0x5a,
    0x00, 0x26, 0xf8, 0x00, 0x81, 0x92, 0x02, 0x00, 0x00, 0x00, 0x07, 0x0e, 0x06, 0x0f, 0x00, 0x02,
    0x0c, 0x06, 0x0e, 0x00, 0xf8, 0x00, 0x00, 0x00, 0x00, 0x00, 0x00, 0x00, 0x00, 0x00, 0xd0, 0x00,
    0x02, 0x5a, 0x00, 0x26, 0xf8, 0x00, 0x81, 0x92, 0x02, 0x00, 0x00, 0x00, 0x07, 0x0c, 0x06, 0x0f,
    0x00, 0x82, 0x0c, 0x06, 0x0b, 0x00, 0xf8, 0x00, 0x00, 0x00, 0x00, 0x00, 0x00, 0x00, 0x00, 0x00,
    0x42, 0x5b, 0x02, 0x06, 0x02, 0x5a, 0x00, 0x26, 0xf8, 0x00, 0x81, 0x92, 0x02, 0x00, 0x00, 0x00,
    0x07, 0x12, 0x06, 0x0f, 0x00, 0x02, 0x0d, 0x06, 0x12, 0x00, 0xf8, 0x00, 0x00, 0x00, 0x00, 0x00,
    0x00, 0x00, 0x00, 0x00, 0xd0, 0x00, 0x02, 0x5a, 0x00, 0x26, 0xf8, 0x00, 0x81, 0x92, 0x02, 0x00,
    0x00, 0x00, 0x07, 0x0f, 0x06, 0x0f, 0x00, 0x82, 0x0d, 0x06, 0x10, 0x00, 0xf8, 0x00, 0x00, 0x00,
    0x00, 0x00, 0x00, 0x00, 0x00, 0x00, 0x42, 0x5b, 0x02, 0x06, 0x02, 0x5a, 0x00, 0x26, 0xf8, 0x00,
    0x81, 0x92, 0x02, 0x00, 0x00, 0x00, 0x07, 0x0e, 0x06, 0x11, 0x00, 0x02, 0x13, 0x06, 0x0e, 0x00,
    0xf8, 0x00, 0x00, 0x00, 0x00, 0x00, 0x00, 0x00, 0x00, 0x00, 0xd0, 0x00, 0x02, 0x5a, 0x00, 0x26,
    0xf8, 0x00, 0x81, 0x92, 0x02, 0x00, 0x00, 0x00, 0x07, 0x0c, 0x06, 0x11, 0x00, 0x82, 0x13, 0x06,
    0x0c, 0x00, 0xf8, 0x00, 0x00, 0x00, 0x00, 0x00, 0x00, 0x00, 0x00, 0x00, 0x42, 0x5b, 0x02, 0x06,
    0x02, 0x5a, 0x00, 0x26, 0xf8, 0x00, 0x81, 0x92, 0x02, 0x00, 0x00, 0x00, 0x07, 0x12, 0x06, 0x11,
    0x00, 0x02, 0x0b, 0x06, 0x12, 0x00, 0xf8, 0x00, 0x00, 0x00, 0x00, 0x00, 0x00, 0x00, 0x00, 0x00,
    0xd0, 0x00, 0x02, 0x5a, 0x00, 0x26, 0xf8, 0x00, 0x81, 0x92, 0x02, 0x00, 0x00, 0x00, 0x07, 0x11,
    0x06, 0x11, 0x00, 0x82, 0x0b, 0x06, 0x0f, 0x00, 0xf8, 0x00, 0x00, 0x00, 0x00, 0x00, 0x00, 0x00,
    0x00, 0x00, 0x42, 0x5b, 0x02, 0x06, 0x02, 0x5a, 0x00, 0x26, 0xf8, 0x00, 0x81, 0x92, 0x02, 0x00,
    0x00, 0x00, 0x07, 0x0e, 0x06, 0x0d, 0x00, 0x02, 0x10, 0x06, 0x0e, 0x00, 0xf8, 0x00, 0x00, 0x00,
    0x00, 0x00, 0x00, 0x00, 0x00, 0x00, 0xd0, 0x00, 0x02, 0x5a, 0x00, 0x26, 0xf8, 0x00, 0x81, 0x92,
    0x02, 0x00, 0x00, 0x00, 0x07, 0x10, 0x06, 0x0d, 0x00, 0x82, 0x10, 0x06, 0x0c, 0x00, 0xf8, 0x00,
    0x00, 0x00, 0x00, 0x00, 0x00, 0x00, 0x00, 0x00, 0x42, 0x5b, 0x02, 0x06, 0x02, 0x5a, 0x00, 0x26,
    0xf8, 0x00, 0x81, 0x92, 0x02, 0x00, 0x00, 0x00, 0x07, 0x12, 0x06, 0x0d, 0x00, 0x02, 0x13, 0x06,
    0x12, 0x00, 0xf8, 0x00, 0x00, 0x00, 0x00, 0x00, 0x00, 0x00, 0x00, 0x00, 0xd0, 0x00, 0x02, 0x5a,
    0x00, 0x26, 0xf8, 0x00, 0x81, 0x92, 0x02, 0x00, 0x00, 0x00, 0x07, 0x0e, 0x06, 0x0b, 0x00, 0x02,
    0x0f, 0x06, 0x0e, 0x00, 0xf8, 0x00, 0x00, 0x00, 0x00, 0x00, 0x00, 0x00, 0x00, 0x00, 0xd0, 0x00,
    0x02, 0x5a, 0x00, 0x26, 0xf8, 0x00, 0x81, 0x92, 0x02, 0x00, 0x00, 0x00, 0x07, 0x0d, 0x06, 0x0d,
    0x00, 0x82, 0x13, 0x06, 0x11, 0x00, 0xf8, 0x00, 0x00, 0x00, 0x00, 0x00, 0x00, 0x00, 0x00, 0x00,
    0x42, 0x5b, 0x02, 0x06, 0x42, 0x5b, 0x02, 0x06, 0x02, 0x5a, 0x00, 0x26, 0xf8, 0x00, 0x81, 0x92,
    0x02, 0x00, 0x00, 0x00, 0x07, 0x0f, 0x06, 0x0b, 0x00, 0x82, 0x0f, 0x06, 0x10, 0x00, 0xf8, 0x00,
    0x00, 0x00, 0x00, 0x00, 0x00, 0x00, 0x00, 0x00, 0x02, 0x5a, 0x00, 0x26, 0xf8, 0x00, 0x81, 0x92,
    0x02, 0x00, 0x00, 0x00, 0x07, 0x12, 0x06, 0x0b, 0x00, 0x02, 0x0c, 0x06, 0x12, 0x00, 0xf8, 0x00,
    0x00, 0x00, 0x00, 0x00, 0x00, 0x00, 0x00, 0x00, 0xd0, 0x00, 0x02, 0x5a, 0x00, 0x26, 0xf8, 0x00,
    0x81, 0x92, 0x02, 0x00, 0x00, 0x00, 0x07, 0x0d, 0x06, 0x0b, 0x00, 0x82, 0x0c, 0x06, 0x0d, 0x00,
    0xf8, 0x00, 0x00, 0x00, 0x00, 0x00, 0x00, 0x00, 0x00, 0x00, 0x42, 0x5b, 0x02, 0x06, 0x02, 0x5a,
    0x00, 0x26, 0xf8, 0x00, 0x81, 0x92, 0x02, 0x00, 0x00, 0x00, 0x07, 0x0e, 0x06, 0x10, 0x00, 0x02,
    0x11, 0x06, 0x0e, 0x00, 0xf8, 0x00, 0x00, 0x00, 0x00, 0x00, 0x00, 0x00, 0x00, 0x00, 0xd0, 0x00,
    0x02, 0x5a, 0x00, 0x26, 0xf8, 0x00, 0x81, 0x92, 0x02, 0x00, 0x00, 0x00, 0x07, 0x0f, 0x06, 0x10,
    0x00, 0x82, 0x11, 0x06, 0x0f, 0x00, 0xf8, 0x00, 0x00, 0x00, 0x00, 0x00, 0x00, 0x00, 0x00, 0x00,
    0x42, 0x5b, 0x02, 0x06, 0x02, 0x5a, 0x00, 0x26, 0xf8, 0x00, 0x81, 0x92, 0x02, 0x00, 0x00, 0x00,
    0x07, 0x12, 0x06, 0x10, 0x00, 0x02, 0x13, 0x06, 0x12, 0x00, 0xf8, 0x00, 0x00, 0x00, 0x00, 0x00,
    0x00, 0x00, 0x00, 0x00, 0xd0, 0x00, 0x02, 0x5a, 0x00, 0x26, 0xf8, 0x00, 0x81, 0x92, 0x02, 0x00,
    0x00, 0x00, 0x07, 0x0d, 0x06, 0x10, 0x00, 0x82, 0x13, 0x06, 0x0d, 0x00, 0xf8, 0x00, 0x00, 0x00,
    0x00, 0x00, 0x00, 0x00, 0x00, 0x00, 0x42, 0x5b, 0x02, 0x06, 0x02, 0x5a, 0x00, 0x26, 0xf8, 0x00,
    0x81, 0x92, 0x02, 0x00, 0x00, 0x00, 0x07, 0x0e, 0x06, 0x0b, 0x00, 0x02, 0x0c, 0x06, 0x0e, 0x00,
    0xf8, 0x00, 0x00, 0x00, 0x00, 0x00, 0x00, 0x00, 0x00, 0x00, 0xd0, 0x00, 0x02, 0x5a, 0x00, 0x26,
    0xf8, 0x00, 0x81, 0x92, 0x02, 0x00, 0x00, 0x00, 0x07, 0x0f, 0x06, 0x0b, 0x00, 0x82, 0x0c, 0x06,
    0x0f, 0x00, 0xf8, 0x00, 0x00, 0x00, 0x00, 0x00, 0x00, 0x00, 0x00, 0x00, 0x42, 0x5b, 0x02, 0x06,
    0x02, 0x5a, 0x00, 0x26, 0xf8, 0x00, 0x81, 0x92, 0x02, 0x00, 0x00, 0x00, 0x07, 0x12, 0x06, 0x0b,
    0x00, 0x02, 0x11, 0x06, 0x12, 0x00, 0xf8, 0x00, 0x00, 0x00, 0x00, 0x00, 0x00, 0x00, 0x00, 0x00,
    0x02, 0x5a, 0x00, 0x26, 0xf8, 0x00, 0x81, 0x92, 0x02, 0x00, 0x00, 0x00, 0x07, 0x0d, 0x06, 0x0b,
    0x00, 0x82, 0x11, 0x06, 0x0d, 0x00, 0xf8, 0x00, 0x00, 0x00, 0x00, 0x00, 0x00, 0x00, 0x00, 0x00,
    0x41, 0x0c, 0x50, 0x04, 0x02, 0x0c, 0x52, 0x0e, 0xf8, 0x00, 0x0a, 0x00, 0x00, 0x00, 0x83, 0x0b,
    0x01, 0xf8, 0x02, 0x0b, 0x00, 0x0b, 0x00, 0x00, 0x00, 0x00, 0x00, 0x00, 0x08, 0x00, 0x00, 0x00,
    0x00, 0x00, 0x00, 0x00, 0x02, 0x5a, 0x00, 0x26, 0xf8, 0x00, 0x81, 0x92, 0x02, 0x00, 0x00, 0x00,
    0x07, 0x0e, 0x06, 0x10, 0x00, 0x02, 0x13, 0x06, 0x0e, 0x00, 0xf8, 0x00, 0x00, 0x00, 0x00, 0x00,
    0x00, 0x00, 0x00, 0x00, 0x02, 0x5a, 0x00, 0x26, 0xf8, 0x00, 0x81, 0x92, 0x02, 0x00, 0x00, 0x00,
    0x07, 0x0f, 0x06, 0x10, 0x00, 0x82, 0x13, 0x06, 0x0f, 0x00, 0xf8, 0x00, 0x00, 0x00, 0x00, 0x00,
    0x00, 0x00, 0x00, 0x00, 0x02, 0x5a, 0x00, 0x26, 0xf8, 0x00, 0x81, 0x92, 0x02, 0x00, 0x00, 0x00,
    0x07, 0x12, 0x06, 0x10, 0x00, 0x02, 0x0c, 0x06, 0x12, 0x00, 0xf8, 0x00, 0x00, 0x00, 0x00, 0x00,
    0x00, 0x00, 0x00, 0x00, 0x02, 0x5a, 0x00, 0x26, 0xf8, 0x00, 0x81, 0x92, 0x02, 0x00, 0x00, 0x00,
    0x07, 0x0d, 0x06, 0x10, 0x00, 0x82, 0x0c, 0x06, 0x0d, 0x00, 0xf8, 0x00, 0x00, 0x00, 0x00, 0x00,
    0x00, 0x00, 0x00, 0x00, 0x41, 0x0c, 0x50, 0x04, 0x41, 0x0c, 0x50, 0x04, 0x41, 0x0c, 0x54, 0x04,
    0x41, 0x0c, 0x54, 0x04, 0x02, 0x38, 0x0e, 0x32, 0x09, 0x00, 0x40, 0x11, 0x00, 0x00, 0x00, 0x00,
    0x82, 0x0c, 0x0a, 0x00, 0x00, 0x82, 0x04, 0x40, 0x10, 0x00, 0x00, 0x00, 0x00, 0x00, 0x00, 0x00,
    0x00, 0x00, 0x00, 0x00, 0x02, 0x38, 0x0e, 0x32, 0x09, 0x00, 0x40, 0x11, 0x00, 0x00, 0x00, 0x00,
    0x02, 0x0c, 0x0a, 0x00, 0x00, 0x82, 0x04, 0x40, 0x10, 0x00, 0x00, 0x00, 0x00, 0x00, 0x00, 0x00,
    0x00, 0x00, 0x00, 0x00, 0x02, 0x38, 0x0e, 0x32, 0x09, 0x00, 0x40, 0x11, 0x00, 0x00, 0x00, 0x00,
    0x82, 0x0c, 0x0a, 0x00, 0x00, 0x82, 0x04, 0x40, 0x10, 0x00, 0x00, 0x00, 0x00, 0x00, 0x00, 0x00,
    0x10, 0x00, 0x00, 0x00, 0x02, 0x38, 0x0e, 0x32, 0x09, 0x00, 0x40, 0x11, 0x00, 0x00, 0x00, 0x00,
    0x02, 0x0c, 0x0a, 0x00, 0x00, 0x82, 0x04, 0x40, 0x10, 0x00, 0x00, 0x00, 0x00, 0x00, 0x00, 0x00,
    0x10, 0x00, 0x00, 0x00, 0x02, 0x38, 0x0e, 0x32, 0x09, 0x00, 0x40, 0x11, 0x00, 0x00, 0x00, 0x00,
    0x82, 0x0c, 0x0a, 0x00, 0x00, 0x82, 0x04, 0x40, 0x10, 0x00, 0x00, 0x00, 0x00, 0x00, 0x00, 0x00,
    0x20, 0x00, 0x00, 0x00, 0x02, 0x38, 0x0e, 0x32, 0x09, 0x00, 0x40, 0x11, 0x00, 0x00, 0x00, 0x00,
    0x02, 0x0c, 0x0a, 0x00, 0x00, 0x82, 0x04, 0x40, 0x10, 0x00, 0x00, 0x00, 0x00, 0x00, 0x00, 0x00,
    0x20, 0x00, 0x00, 0x00, 0x02, 0x38, 0x0e, 0x32, 0x09, 0x00, 0x40, 0x11, 0x00, 0x00, 0x00, 0x00,
    0x82, 0x0c, 0x0a, 0x00, 0x00, 0x82, 0x04, 0x40, 0x10, 0x00, 0x00, 0x00, 0x00, 0x00, 0x00, 0x00,
    0x30, 0x00, 0x00, 0x00, 0x02, 0x38, 0x0e, 0x32, 0x09, 0x00, 0x40, 0x11, 0x00, 0x00, 0x00, 0x00,
    0x02, 0x0c, 0x0a, 0x00, 0x00, 0x82, 0x04, 0xc0, 0x0c, 0x00, 0x00, 0x00, 0x00, 0x00, 0x00, 0x00,
    0x30, 0x00, 0x00, 0x00, 0x41, 0x10, 0x72, 0x0a, 0x02, 0x0c, 0x52, 0x0e, 0xf8, 0x00, 0x0a, 0x00,
    0x00, 0x00, 0x03, 0x0c, 0x01, 0xf8, 0x02, 0x17, 0x00, 0x0b, 0x00, 0x00, 0x00, 0x00, 0x00, 0x00,
    0x3f, 0x00, 0x00, 0x00, 0x00, 0x00, 0x00, 0x00, 0x41, 0x19, 0x10, 0x04, 0x01, 0x47, 0x5a, 0x16,
    0xf8, 0x00, 0x04, 0x00, 0x00, 0x00, 0x00, 0x00, 0x01, 0x00, 0x00, 0x00, 0x41, 0x0c, 0x50, 0x04,
    0x41, 0x0c, 0x50, 0x04, 0x41, 0x0c, 0x54, 0x04, 0x01, 0x47, 0x5a, 0x16, 0xf8, 0x00, 0x04, 0x00,
    0x00, 0x00, 0x00, 0x00, 0x01, 0x00, 0x00, 0x00, 0x42, 0x5b, 0x02, 0x06, 0x42, 0x5b, 0x02, 0x06,
    0x42, 0x5b, 0x02, 0x06, 0x42, 0x5b, 0x02, 0x06, 0x42, 0x5b, 0x02, 0x06, 0x02, 0x5a, 0x00, 0x26,
    0xf8, 0x00, 0x81, 0x92, 0x02, 0x00, 0x00, 0x00, 0x07, 0x14, 0x06, 0x0c, 0x00, 0x02, 0x18, 0xc0,
    0xff, 0x00, 0xf8, 0x00, 0x00, 0x00, 0x00, 0x00, 0x00, 0x00, 0x00, 0x00, 0xd0, 0x00, 0x02, 0x5a,
    0x00, 0x26, 0xf8, 0x00, 0x81, 0x92, 0x02, 0x00, 0x00, 0x00, 0x07, 0x12, 0x06, 0x0c, 0x00, 0x82,
    0x18, 0xc0, 0xff, 0x00, 0xf8, 0x00, 0x00, 0x00, 0x00, 0x00, 0x00, 0x00, 0x00, 0x00, 0xd0, 0x00,
    0x02, 0x5a, 0x00, 0x26, 0xf8, 0x00, 0x81, 0x92, 0x02, 0x00, 0x00, 0x00, 0x07, 0x10, 0x06, 0x0c,
    0x00, 0x02, 0x17, 0xc0, 0xff, 0x00, 0xf8, 0x00, 0x00, 0x00, 0x00, 0x00, 0x00, 0x00, 0x00, 0x00,
    0xd0, 0x00, 0x02, 0x5a, 0x00, 0x26, 0xf8, 0x00, 0x81, 0x92, 0x02, 0x00, 0x00, 0x00, 0x07, 0x0c,
    0x06, 0x0c, 0x00, 0x82, 0x17, 0xc0, 0xff, 0x00, 0xf8, 0x00, 0x00, 0x00, 0x00, 0x00, 0x00, 0x00,
    0x00, 0x00, 0xd0, 0x00, 0x02, 0x5a, 0x00, 0x26, 0xf8, 0x00, 0x81, 0x92, 0x02, 0x00, 0x00, 0x00,
    0x07, 0x11, 0x06, 0x0f, 0x00, 0x02, 0x18, 0xc0, 0xff, 0x00, 0xf8, 0x00, 0x00, 0x00, 0x00, 0x00,
    0x00, 0x00, 0x00, 0x00, 0xd0, 0x00, 0x02, 0x5a, 0x00, 0x26, 0xf8, 0x00, 0x81, 0x92, 0x02, 0x00,
    0x00, 0x00, 0x07, 0x0e, 0x06, 0x0f, 0x00, 0x02, 0x17, 0xc0, 0xff, 0x00, 0xf8, 0x00, 0x00, 0x00,
    0x00, 0x00, 0x00, 0x00, 0x00, 0x00, 0xd0, 0x00, 0x02, 0x5a, 0x00, 0x26, 0xf8, 0x00, 0x81, 0x92,
    0x02, 0x00, 0x00, 0x00, 0x07, 0x18, 0x06, 0x0f, 0x00, 0x82, 0x18, 0xc0, 0xff, 0x00, 0xf8, 0x00,
    0x00, 0x00, 0x00, 0x00, 0x00, 0x00, 0x00, 0x00, 0xd0, 0x00, 0x02, 0x5a, 0x00, 0x26, 0xf8, 0x00,
    0x81, 0x92, 0x02, 0x00, 0x00, 0x00, 0x07, 0x17, 0x06, 0x0f, 0x00, 0x82, 0x17, 0xc0, 0xff, 0x00,
    0xf8, 0x00, 0x00, 0x00, 0x00, 0x00, 0x00, 0x00, 0x00, 0x00, 0x42, 0x5b, 0x02, 0x06, 0x02, 0x5a,
    0x00, 0x26, 0xf8, 0x00, 0x81, 0x92, 0x02, 0x00, 0x00, 0x00, 0x07, 0x14, 0x06, 0x0d, 0x00, 0x02,
    0x19, 0x06, 0x14, 0x00, 0xf8, 0x00, 0x00, 0x00, 0x00, 0x00, 0x00, 0x00, 0x00, 0x00, 0xd0, 0x00,
    0x02, 0x5a, 0x00, 0x26, 0xf8, 0x00, 0x81, 0x92, 0x02, 0x00, 0x00, 0x00, 0x07, 0x12, 0x06, 0x0d,
    0x00, 0x82, 0x19, 0x06, 0x12, 0x00, 0xf8, 0x00, 0x00, 0x00, 0x00, 0x00, 0x00, 0x00, 0x00, 0x00,
    0xd0, 0x00, 0x02, 0x5a, 0x00, 0x26, 0xf8, 0x00, 0x81, 0x92, 0x02, 0x00, 0x00, 0x00, 0x07, 0x10,
    0x06, 0x0d, 0x00, 0x02, 0x0b, 0x06, 0x10, 0x00, 0xf8, 0x00, 0x00, 0x00, 0x00, 0x00, 0x00, 0x00,
    0x00, 0x00, 0xd0, 0x00, 0x02, 0x5a, 0x00, 0x26, 0xf8, 0x00, 0x81, 0x92, 0x02, 0x00, 0x00, 0x00,
    0x07, 0x0d, 0x06, 0x0d, 0x00, 0x82, 0x0b, 0x06, 0x0c, 0x00, 0xf8, 0x00, 0x00, 0x00, 0x00, 0x00,
    0x00, 0x00, 0x00, 0x00, 0x02, 0x5a, 0x00, 0x26, 0xf8, 0x00, 0x81, 0x92, 0x02, 0x00, 0x00, 0x00,
    0x07, 0x11, 0x06, 0x16, 0x00, 0x02, 0x19, 0x06, 0x11, 0x00, 0xf8, 0x00, 0x00, 0x00, 0x00, 0x00,
    0x00, 0x00, 0x00, 0x00, 0xd0, 0x00, 0x02, 0x5a, 0x00, 0x26, 0xf8, 0x00, 0x81, 0x92, 0x02, 0x00,
    0x00, 0x00, 0x07, 0x0e, 0x06, 0x16, 0x00, 0x02, 0x0b, 0x06, 0x0e, 0x00, 0xf8, 0x00, 0x00, 0x00,
    0x00, 0x00, 0x00, 0x00, 0x00, 0x00, 0xd0, 0x00, 0x02, 0x5a, 0x00, 0x26, 0xf8, 0x00, 0x81, 0x92,
    0x02, 0x00, 0x00, 0x00, 0x07, 0x18, 0x06, 0x16, 0x00, 0x82, 0x19, 0x06, 0x18, 0x00, 0xf8, 0x00,
    0x00, 0x00, 0x00, 0x00, 0x00, 0x00, 0x00, 0x00, 0x42, 0x5b, 0x02, 0x06, 0x02, 0x5a, 0x00, 0x26,
    0xf8, 0x00, 0x81, 0x92, 0x02, 0x00, 0x00, 0x00, 0x07, 0x17, 0x06, 0x16, 0x00, 0x82, 0x0b, 0x06,
    0x17, 0x00, 0xf8, 0x00, 0x00, 0x00, 0x00, 0x00, 0x00, 0x00, 0x00, 0x00, 0x42, 0x5b, 0x02, 0x06,
    0x02, 0x5a, 0x00, 0x26, 0xf8, 0x00, 0x81, 0x92, 0x02, 0x00, 0x00, 0x00, 0x07, 0x14, 0x06, 0x15,
    0x00, 0x02, 0x13, 0x06, 0x14, 0x00, 0xf8, 0x00, 0x00, 0x00, 0x00, 0x00, 0x00, 0x00, 0x00, 0x00,
    0xd0, 0x00, 0x02, 0x5a, 0x00, 0x26, 0xf8, 0x00, 0x81, 0x92, 0x02, 0x00, 0x00, 0x00, 0x07, 0x12,
    0x06, 0x15, 0x00, 0x82, 0x13, 0x06, 0x12, 0x00, 0xf8, 0x00, 0x00, 0x00, 0x00, 0x00, 0x00, 0x00,
    0x00, 0x00, 0xd0, 0x00, 0x02, 0x5a, 0x00, 0x26, 0xf8, 0x00, 0x81, 0x92, 0x02, 0x00, 0x00, 0x00,
    0x07, 0x10, 0x06, 0x15, 0x00, 0x02, 0x0f, 0x06, 0x10, 0x00, 0xf8, 0x00, 0x00, 0x00, 0x00, 0x00,
    0x00, 0x00, 0x00, 0x00, 0xd0, 0x00, 0x02, 0x5a, 0x00, 0x26, 0xf8, 0x00, 0x81, 0x92, 0x02, 0x00,
    0x00, 0x00, 0x07, 0x0d, 0x06, 0x15, 0x00, 0x82, 0x0f, 0x06, 0x0d, 0x00, 0xf8, 0x00, 0x00, 0x00,
    0x00, 0x00, 0x00, 0x00, 0x00, 0x00, 0x02, 0x5a, 0x00, 0x26, 0xf8, 0x00, 0x81, 0x92, 0x02, 0x00,
    0x00, 0x00, 0x07, 0x11, 0x06, 0x0c, 0x00, 0x02, 0x13, 0x06, 0x11, 0x00, 0xf8, 0x00, 0x00, 0x00,
    0x00, 0x00, 0x00, 0x00, 0x00, 0x00, 0xd0, 0x00, 0x02, 0x5a, 0x00, 0x26, 0xf8, 0x00, 0x81, 0x92,
    0x02, 0x00, 0x00, 0x00, 0x07, 0x18, 0x06, 0x0c, 0x00, 0x82, 0x13, 0x06, 0x18, 0x00, 0xf8, 0x00,
    0x00, 0x00, 0x00, 0x00, 0x00, 0x00, 0x00, 0x00, 0xd0, 0x00, 0x02, 0x5a, 0x00, 0x26, 0xf8, 0x00,
    0x81, 0x92, 0x02, 0x00, 0x00, 0x00, 0x07, 0x0e, 0x06, 0x0c, 0x00, 0x02, 0x0f, 0x06, 0x0e, 0x00,
    0xf8, 0x00, 0x00, 0x00, 0x00, 0x00, 0x00, 0x00, 0x00, 0x00, 0xd0, 0x00, 0x02, 0x5a, 0x00, 0x26,
    0xf8, 0x00, 0x81, 0x92, 0x02, 0x00, 0x00, 0x00, 0x07, 0x17, 0x06, 0x0c, 0x00, 0x82, 0x0f, 0x06,
    0x17, 0x00, 0xf8, 0x00, 0x00, 0x00, 0x00, 0x00, 0x00, 0x00, 0x00, 0x00, 0x02, 0x5a, 0x00, 0x26,
    0xf8, 0x00, 0x81, 0x92, 0x02, 0x00, 0x00, 0x00, 0x07, 0x14, 0x06, 0x16, 0x00, 0x02, 0x0b, 0x06,
    0x14, 0x00, 0xf8, 0x00, 0x00, 0x00, 0x00, 0x00, 0x00, 0x00, 0x00, 0x00, 0xd0, 0x00, 0x02, 0x5a,
    0x00, 0x26, 0xf8, 0x00, 0x81, 0x92, 0x02, 0x00, 0x00, 0x00, 0x07, 0x11, 0x06, 0x15, 0x00, 0x02,
    0x0b, 0x06, 0x11, 0x00, 0xf8, 0x00, 0x00, 0x00, 0x00, 0x00, 0x00, 0x00, 0x00, 0x00, 0x02, 0x5a,
    0x00, 0x26, 0xf8, 0x00, 0x81, 0x92, 0x02, 0x00, 0x00, 0x00, 0x07, 0x12, 0x06, 0x16, 0x00, 0x82,
    0x0b, 0x06, 0x12, 0x00, 0xf8, 0x00, 0x00, 0x00, 0x00, 0x00, 0x00, 0x00, 0x00, 0x00, 0x02, 0x5a,
    0x00, 0x26, 0xf8, 0x00, 0x81, 0x92, 0x02, 0x00, 0x00, 0x00, 0x07, 0x10, 0x06, 0x16, 0x00, 0x02,
    0x19, 0x06, 0x10, 0x00, 0xf8, 0x00, 0x00, 0x00, 0x00, 0x00, 0x00, 0x00, 0x00, 0x00, 0x02, 0x5a,
    0x00, 0x26, 0xf8, 0x00, 0x81, 0x92, 0x02, 0x00, 0x00, 0x00, 0x07, 0x0d, 0x06, 0x16, 0x00, 0x82,
    0x19, 0x06, 0x0d, 0x00, 0xf8, 0x00, 0x00, 0x00, 0x00, 0x00, 0x00, 0x00, 0x00, 0x00, 0xd0, 0x00,
    0x02, 0x5a, 0x00, 0x26, 0xf8, 0x00, 0x81, 0x92, 0x02, 0x00, 0x00, 0x00, 0x07, 0x18, 0x06, 0x15,
    0x00, 0x82, 0x0b, 0x06, 0x18, 0x00, 0xf8, 0x00, 0x00, 0x00, 0x00, 0x00, 0x00, 0x00, 0x00, 0x00,
    0xd0, 0x00, 0x02, 0x5a, 0x00, 0x26, 0xf8, 0x00, 0x81, 0x92, 0x02, 0x00, 0x00, 0x00, 0x07, 0x0e,
    0x06, 0x15, 0x00, 0x02, 0x19, 0x06, 0x0e, 0x00, 0xf8, 0x00, 0x00, 0x00, 0x00, 0x00, 0x00, 0x00,
    0x00, 0x00, 0xd0, 0x00, 0x02, 0x5a, 0x00, 0x26, 0xf8, 0x00, 0x81, 0x92, 0x02, 0x00, 0x00, 0x00,
    0x07, 0x17, 0x06, 0x15, 0x00, 0x82, 0x19, 0x06, 0x17, 0x00, 0xf8, 0x00, 0x00, 0x00, 0x00, 0x00,
    0x00, 0x00, 0x00, 0x00, 0x02, 0x22, 0x08, 0x06, 0xfa, 0x00, 0x42, 0x00, 0x00, 0x00, 0x81, 0x03,
    0x40, 0x00, 0x02, 0x00, 0x00, 0x00, 0x00, 0x00, 0x00, 0x00, 0x00, 0x00, 0x00, 0x00, 0x00, 0x00,
    0x44, 0x00, 0x00, 0x00, 0x01, 0x0b, 0x04, 0x0a, 0xf8, 0x00, 0x04, 0x00, 0x00, 0x00, 0x01, 0x00,
    0x01, 0x02, 0x00, 0x00, 0x02, 0x22, 0x08, 0x06, 0xfa, 0x00, 0x52, 0x00, 0x00, 0x00, 0x03, 0x01,
    0x40, 0x00, 0x02, 0x00, 0x00, 0x00, 0x00, 0x00, 0x00, 0x00, 0x00, 0x00, 0x00, 0x00, 0x00, 0x00,
    0x08, 0x00, 0x00, 0x00, 0x01, 0x0b, 0x04, 0x0a, 0xf8, 0x00, 0x04, 0x00, 0x00, 0x00, 0x41, 0x01,
    0x04, 0x02, 0x00, 0x00, 0x41, 0x0c, 0x50, 0x04, 0x41, 0x0c, 0x50, 0x04, 0x02, 0x38, 0x0e, 0x32,
    0xf8, 0x00, 0x50, 0x11, 0x00, 0x00, 0x00, 0x00, 0x82, 0x00, 0x0a, 0x00, 0x00, 0x82, 0x04, 0x82,
    0x02, 0x00, 0x00, 0x00, 0x00, 0x00, 0x00, 0x00, 0x00, 0x00, 0x00, 0x00, 0x02, 0x38, 0x0e, 0x32,
    0xf8, 0x00, 0x50, 0x11, 0x00, 0x00, 0x00, 0x00, 0x82, 0x00, 0x0a, 0x00, 0x00, 0x82, 0x04, 0x82,
    0x09, 0x00, 0x00, 0x00, 0x00, 0x00, 0x00, 0x00, 0x00, 0x80, 0x00, 0x00, 0x02, 0x38, 0x0e, 0x32,
    0xf8, 0x00, 0x50, 0x11, 0x00, 0x00, 0x00, 0x00, 0x82, 0x00, 0x0a, 0x00, 0x00, 0x82, 0x04, 0x02,
    0x03, 0x00, 0x00, 0x00, 0x00, 0x00, 0x00, 0x00, 0x00, 0x10, 0x00, 0x00, 0x02, 0x38, 0x0e, 0x32,
    0xf8, 0x00, 0x50, 0x11, 0x00, 0x00, 0x00, 0x00, 0x82, 0x00, 0x0a, 0x00, 0x00, 0x82, 0x04, 0x02,
    0x09, 0x00, 0x00, 0x00, 0x00, 0x00, 0x00, 0x00, 0x00, 0x90, 0x00, 0x00, 0x02, 0x38, 0x0e, 0x32,
    0xf8, 0x00, 0x50, 0x11, 0x00, 0x00, 0x00, 0x00, 0x82, 0x00, 0x0a, 0x00, 0x00, 0x82, 0x04, 0x82,
    0x0a, 0x00, 0x00, 0x00, 0x00, 0x00, 0x00, 0x00, 0x20, 0x00, 0x00, 0x00, 0x02, 0x38, 0x0e, 0x32,
    0xf8, 0x00, 0x50, 0x11, 0x00, 0x00, 0x00, 0x00, 0x82, 0x00, 0x0a, 0x00, 0x00, 0x82, 0x04, 0x82,
    0x08, 0x00, 0x00, 0x00, 0x00, 0x00, 0x00, 0x00, 0x20, 0x80, 0x00, 0x00, 0x02, 0x38, 0x0e, 0x32,
    0xf8, 0x00, 0x50, 0x11, 0x00, 0x00, 0x00, 0x00, 0x82, 0x01, 0x0a, 0x00, 0x00, 0x82, 0x04, 0x02,
    0x0a, 0x00, 0x00, 0x00, 0x00, 0x00, 0x00, 0x00, 0x20, 0x00, 0x00, 0x00, 0x02, 0x38, 0x0e, 0x32,
    0xf8, 0x00, 0x50, 0x11, 0x00, 0x00, 0x00, 0x00, 0x82, 0x01, 0x0a, 0x00, 0x00, 0x82, 0x04, 0x02,
    0x08, 0x00, 0x00, 0x00, 0x00, 0x00, 0x00, 0x00, 0x20, 0x80, 0x00, 0x00, 0x02, 0x38, 0x0e, 0x32,
    0xf8, 0x00, 0x50, 0x11, 0x00, 0x00, 0x00, 0x00, 0x82, 0x00, 0x0a, 0x00, 0x00, 0x82, 0x04, 0x82,
    0x07, 0x00, 0x00, 0x00, 0x00, 0x00, 0x00, 0x00, 0x40, 0x00, 0x00, 0x00, 0x02, 0x38, 0x0e, 0x32,
    0xf8, 0x00, 0x50, 0x11, 0x00, 0x00, 0x00, 0x00, 0x82, 0x00, 0x0a, 0x00, 0x00, 0x82, 0x04, 0x02,
    0x07, 0x00, 0x00, 0x00, 0x00, 0x00, 0x00, 0x00, 0x40, 0x80, 0x00, 0x00, 0x02, 0x38, 0x0e, 0x32,
    0xf8, 0x00, 0x50, 0x11, 0x00, 0x00, 0x00, 0x00, 0x82, 0x01, 0x0a, 0x00, 0x00, 0x82, 0x04, 0x82,
    0x06, 0x00, 0x00, 0x00, 0x00, 0x00, 0x00, 0x00, 0x40, 0x00, 0x00, 0x00, 0x02, 0x38, 0x0e, 0x32,
    0xf8, 0x00, 0x50, 0x11, 0x00, 0x00, 0x00, 0x00, 0x82, 0x01, 0x0a, 0x00, 0x00, 0x82, 0x04, 0x02,
    0x06, 0x00, 0x00, 0x00, 0x00, 0x00, 0x00, 0x00, 0x40, 0x80, 0x00, 0x00, 0x02, 0x38, 0x0e, 0x32,
    0xf8, 0x00, 0x50, 0x11, 0x00, 0x00, 0x00, 0x00, 0x82, 0x00, 0x0a, 0x00, 0x00, 0x82, 0x04, 0x82,
    0x05, 0x00, 0x00, 0x00, 0x00, 0x00, 0x00, 0x00, 0x60, 0x00, 0x00, 0x00, 0x02, 0x38, 0x0e, 0x32,
    0xf8, 0x00, 0x50, 0x11, 0x00, 0x00, 0x00, 0x00, 0x82, 0x00, 0x0a, 0x00, 0x00, 0x82, 0x04, 0x02,
    0x05, 0x00, 0x00, 0x00, 0x00, 0x00, 0x00, 0x00, 0x60, 0x80, 0x00, 0x00, 0x02, 0x38, 0x0e, 0x32,
    0xf8, 0x00, 0x50, 0x11, 0x00, 0x00, 0x00, 0x00, 0x82, 0x01, 0x0a, 0x00, 0x00, 0x82, 0x04, 0x82,
    0x04, 0x00, 0x00, 0x00, 0x00, 0x00, 0x00, 0x00, 0x60, 0x00, 0x00, 0x00, 0x02, 0x38, 0x0e, 0x32,
    0xf8, 0x00, 0x50, 0x11, 0x00, 0x00, 0x00, 0x00, 0x82, 0x01, 0x0a, 0x00, 0x00, 0x82, 0x04, 0x02,
    0x04, 0x00, 0x00, 0x00, 0x00, 0x00, 0x00, 0x00, 0x60, 0x80, 0x00, 0x00, 0x50, 0x06, 0xff, 0xff,
    0xff, 0xff, 0x24, 0x00, 0x00, 0x00, 0x00, 0x00, 0x00, 0x00, 0xff, 0xff, 0xff, 0xff, 0xff, 0xff,
    0xff, 0xff, 0x03, 0x00, 0x01, 0x7c, 0xff, 0xff, 0xff, 0xff, 0x0f, 0x0c, 0x81, 0x80, 0x80, 0x28,
    0x00, 0x08, 0xff, 0x81, 0x80, 0x28, 0x08, 0x81, 0x80, 0x80, 0x28, 0x00, 0x00, 0x00, 0xff, 0xff,
    0xff, 0xff, 0x34, 0x00, 0x00, 0x00, 0x00, 0x00, 0x00, 0x00, 0x00, 0x00, 0x00, 0x00, 0x00, 0x00,
    0x00, 0x00, 0x00, 0x00, 0x00, 0x00, 0x00, 0x00, 0x00, 0x00, 0x60, 0x8e, 0x00, 0x00, 0x00, 0x00,
    0x00, 0x00, 0x04, 0x10, 0x00, 0x00, 0x00, 0x04, 0x20, 0x1d, 0x00, 0x00, 0x0c, 0x81, 0x80, 0x80,
    0x28, 0x00, 0x04, 0x20, 0x71, 0x00, 0x00, 0x00, 0x00, 0x00, 0x00, 0x00, 0x00, 0x00, 0x00, 0x00,
    0x04, 0x2f, 0x08, 0x00, 0x13, 0x00, 0x00, 0x00, 0xa7, 0x00, 0x00, 0x00, 0x04, 0x11, 0x08, 0x00,
    0x13, 0x00, 0x00, 0x00, 0x00, 0x00, 0x00, 0x00, 0x04, 0x12, 0x08, 0x00, 0x13, 0x00, 0x00, 0x00,
    0x00, 0x00, 0x00, 0x00, 0x04, 0x37, 0x04, 0x00, 0x80, 0x00, 0x00, 0x00, 0x04, 0x5a, 0x24, 0x00,
    0x8a, 0x9d, 0x22, 0xa4, 0xb1, 0x9d, 0x14, 0x6d, 0x00, 0xb4, 0x2a, 0xf3, 0xf7, 0x58, 0x03, 0x8e,
    0x0c, 0x07, 0x0a, 0x1b, 0xe2, 0xde, 0x8a, 0xd7, 0x52, 0x63, 0x87, 0x0c, 0xd7, 0x2b, 0x07, 0x00,
    0xcd, 0x2b, 0x00, 0x00, 0x04, 0x17, 0x0c, 0x00, 0x00, 0x00, 0x00, 0x00, 0x17, 0x00, 0x7c, 0x00,
    0x00, 0xf0, 0x11, 0x00, 0x04, 0x17, 0x0c, 0x00, 0x00, 0x00, 0x00, 0x00, 0x16, 0x00, 0x78, 0x00,
    0x00, 0xf0, 0x11, 0x00, 0x04, 0x17, 0x0c, 0x00, 0x00, 0x00, 0x00, 0x00, 0x15, 0x00, 0x74, 0x00,
    0x00, 0xf0, 0x11, 0x00, 0x04, 0x17, 0x0c, 0x00, 0x00, 0x00, 0x00, 0x00, 0x14, 0x00, 0x70, 0x00,
    0x00, 0xf0, 0x11, 0x00, 0x04, 0x17, 0x0c, 0x00, 0x00, 0x00, 0x00, 0x00, 0x13, 0x00, 0x6c, 0x00,
    0x00, 0xf0, 0x11, 0x00, 0x04, 0x17, 0x0c, 0x00, 0x00, 0x00, 0x00, 0x00, 0x12, 0x00, 0x68, 0x00,
    0x00, 0xf0, 0x11, 0x00, 0x04, 0x17, 0x0c, 0x00, 0x00, 0x00, 0x00, 0x00, 0x11, 0x00, 0x64, 0x00,
    0x00, 0xf0, 0x11, 0x00, 0x04, 0x17, 0x0c, 0x00, 0x00, 0x00, 0x00, 0x00, 0x10, 0x00, 0x60, 0x00,
    0x00, 0xf0, 0x11, 0x00, 0x04, 0x17, 0x0c, 0x00, 0x00, 0x00, 0x00, 0x00, 0x0f, 0x00, 0x5c, 0x00,
    0x00, 0xf0, 0x11, 0x00, 0x04, 0x17, 0x0c, 0x00, 0x00, 0x00, 0x00, 0x00, 0x0e, 0x00, 0x58, 0x00,
    0x00, 0xf0, 0x11, 0x00, 0x04, 0x17, 0x0c, 0x00, 0x00, 0x00, 0x00, 0x00, 0x0d, 0x00, 0x54, 0x00,
    0x00, 0xf0, 0x11, 0x00, 0x04, 0x17, 0x0c, 0x00, 0x00, 0x00, 0x00, 0x00, 0x0c, 0x00, 0x50, 0x00,
    0x00, 0xf0, 0x11, 0x00, 0x04, 0x17, 0x0c, 0x00, 0x00, 0x00, 0x00, 0x00, 0x0b, 0x00, 0x4c, 0x00,
    0x00, 0xf0, 0x11, 0x00, 0x04, 0x17, 0x0c, 0x00, 0x00, 0x00, 0x00, 0x00, 0x0a, 0x00, 0x48, 0x00,
    0x00, 0xf0, 0x11, 0x00, 0x04, 0x17, 0x0c, 0x00, 0x00, 0x00, 0x00, 0x00, 0x09, 0x00, 0x44, 0x00,
    0x00, 0xf0, 0x11, 0x00, 0x04, 0x17, 0x0c, 0x00, 0x00, 0x00, 0x00, 0x00, 0x08, 0x00, 0x40, 0x00,
    0x00, 0xf0, 0x11, 0x00, 0x04, 0x17, 0x0c, 0x00, 0x00, 0x00, 0x00, 0x00, 0x07, 0x00, 0x38, 0x00,
    0x00, 0xf0, 0x21, 0x00, 0x04, 0x17, 0x0c, 0x00, 0x00, 0x00, 0x00, 0x00, 0x06, 0x00, 0x30, 0x00,
    0x00, 0xf0, 0x21, 0x00, 0x04, 0x17, 0x0c, 0x00, 0x00, 0x00, 0x00, 0x00, 0x05, 0x00, 0x28, 0x00,
    0x00, 0xf0, 0x21, 0x00, 0x04, 0x17, 0x0c, 0x00, 0x00, 0x00, 0x00, 0x00, 0x04, 0x00, 0x20, 0x00,
    0x00, 0xf0, 0x21, 0x00, 0x04, 0x17, 0x0c, 0x00, 0x00, 0x00, 0x00, 0x00, 0x03, 0x00, 0x18, 0x00,
    0x00, 0xf0, 0x21, 0x00, 0x04, 0x17, 0x0c, 0x00, 0x00, 0x00, 0x00, 0x00, 0x02, 0x00, 0x10, 0x00,
    0x00, 0xf0, 0x21, 0x00, 0x04, 0x17, 0x0c, 0x00, 0x00, 0x00, 0x00, 0x00, 0x01, 0x00, 0x08, 0x00,
    0x00, 0xf0, 0x21, 0x00, 0x04, 0x17, 0x0c, 0x00, 0x00, 0x00, 0x00, 0x00, 0x00, 0x00, 0x00, 0x00,
    0x00, 0xf0, 0x21, 0x00, 0x03, 0x50, 0x00, 0x00, 0x03, 0x1b, 0xff, 0x00, 0x02, 0x4c, 0x01, 0x00,
    0x02, 0x4a, 0x00, 0x00, 0x04, 0x1c, 0x08, 0x00, 0x10, 0x8a, 0x00, 0x00, 0x50, 0x8e, 0x00, 0x00,
    0x04, 0x05, 0x0c, 0x00, 0x80, 0x00, 0x00, 0x00, 0x01, 0x00, 0x00, 0x00, 0x01, 0x00, 0x00, 0x00,
    0x04, 0x1e, 0x04, 0x00, 0x00, 0x00, 0x00, 0x00, 0xcc, 0x1e, 0x00, 0x00, 0x00, 0x00, 0x00, 0x00,
    0x03, 0x00, 0x01, 0x00, 0x10, 0x00, 0x00, 0x00, 0x00, 0x00, 0x00, 0x00, 0x00, 0x00, 0x00, 0x00,
    0x48, 0x00, 0x00, 0x00, 0x00, 0x00, 0x00, 0x00, 0x02, 0x00, 0x01, 0x00, 0x0f, 0x00, 0x00, 0x00,
    0x00, 0x00, 0x00, 0x00, 0x00, 0x00, 0x00, 0x00, 0x40, 0x00, 0x00, 0x00, 0x00, 0x00, 0x00, 0x00,
    0x02, 0x00, 0x01, 0x00, 0x0e, 0x00, 0x00, 0x00, 0x00, 0x00, 0x00, 0x00, 0x00, 0x00, 0x00, 0x00,
    0x38, 0x00, 0x00, 0x00, 0x00, 0x00, 0x00, 0x00, 0x02, 0x00, 0x01, 0x00, 0x0d, 0x00, 0x00, 0x00,
    0x00, 0x00, 0x00, 0x00, 0x00, 0x00, 0x00, 0x00, 0x30, 0x00, 0x00, 0x00, 0x00, 0x00, 0x00, 0x00,
    0x02, 0x00, 0x01, 0x00, 0x0c, 0x00, 0x00, 0x00, 0x00, 0x00, 0x00, 0x00, 0x00, 0x00, 0x00, 0x00,
    0x28, 0x00, 0x00, 0x00, 0x00, 0x00, 0x00, 0x00, 0x02, 0x00, 0x01, 0x00, 0x0b, 0x00, 0x00, 0x00,
    0x00, 0x00, 0x00, 0x00, 0x00, 0x00, 0x00, 0x00, 0x20, 0x00, 0x00, 0x00, 0x00, 0x00, 0x00, 0x00,
    0x02, 0x00, 0x01, 0x00, 0x0a, 0x00, 0x00, 0x00, 0x00, 0x00, 0x00, 0x00, 0x00, 0x00, 0x00, 0x00,
    0x18, 0x00, 0x00, 0x00, 0x00, 0x00, 0x00, 0x00, 0x02, 0x00, 0x01, 0x00, 0x09, 0x00, 0x00, 0x00,
    0x00, 0x00, 0x00, 0x00, 0x00, 0x00, 0x00, 0x00, 0x10, 0x00, 0x00, 0x00, 0x00, 0x00, 0x00, 0x00,
    0x02, 0x00, 0x01, 0x00, 0x08, 0x00, 0x00, 0x00, 0x00, 0x00, 0x00, 0x00, 0x00, 0x00, 0x00, 0x00,
    0x08, 0x00, 0x00, 0x00, 0x00, 0x00, 0x00, 0x00, 0x02, 0x00, 0x01, 0x00, 0x07, 0x00, 0x00, 0x00,
    0x00, 0x00, 0x00, 0x00, 0x00, 0x00, 0x00, 0x00, 0x00, 0x00, 0x00, 0x00, 0x00, 0x00, 0x00, 0x00,
    0x02, 0x00, 0x01, 0x00, 0x05, 0x00, 0x00, 0x00, 0x00, 0x00, 0x00, 0x00, 0x00, 0x00, 0x00, 0x00,
    0x44, 0x00, 0x00, 0x00, 0x00, 0x00, 0x00, 0x00, 0x3d, 0x00, 0x01, 0x00, 0x13, 0x00, 0x00, 0x00,
    0x00, 0x00, 0x00, 0x00, 0x00, 0x00, 0x00, 0x00, 0x00, 0x00, 0x00, 0x00, 0x00, 0x00, 0x00, 0x00,
    0x00, 0x00, 0x00, 0x00, 0x00, 0x00, 0x00, 0x00, 0x00, 0x00, 0x00, 0x00, 0x00, 0x00, 0x00, 0x00,
    0x51, 0x00, 0x00, 0x00, 0x03, 0x00, 0x14, 0x00, 0x00, 0x00, 0x00, 0x00, 0x00, 0x00, 0x00, 0x00,
    0x00, 0x00, 0x00, 0x00, 0x00, 0x00, 0x00, 0x00, 0x95, 0x00, 0x00, 0x00, 0x21, 0x00, 0x00, 0x00,
    0x00, 0x00, 0x00, 0x00, 0x00, 0x00, 0x00, 0x00, 0x04, 0x00, 0x00, 0x00, 0x00, 0x00, 0x00, 0x00,
    0xc4, 0x00, 0x00, 0x00, 0x20, 0xa0, 0x1c, 0x00, 0x00, 0x00, 0x00, 0x00, 0x00, 0x00, 0x00, 0x00,
    0x00, 0x00, 0x00, 0x00, 0x00, 0x00, 0x00, 0x00, 0xe5, 0x00, 0x00, 0x00, 0x03, 0x00, 0x12, 0x00,
    0x00, 0x00, 0x00, 0x00, 0x00, 0x00, 0x00, 0x00, 0x00, 0x00, 0x00, 0x00, 0x00, 0x00, 0x00, 0x00,
    0xf0, 0x00, 0x00, 0x00, 0x0d, 0x20, 0x12, 0x00, 0x01, 0x00, 0x00, 0x00, 0x00, 0x00, 0x00, 0x00,
    0x01, 0x00, 0x00, 0x00, 0x00, 0x00, 0x00, 0x00, 0x6b, 0x01, 0x00, 0x00, 0x03, 0x00, 0x1b, 0x00,
    0x00, 0x00, 0x00, 0x00, 0x00, 0x00, 0x00, 0x00, 0x00, 0x00, 0x00, 0x00, 0x00, 0x00, 0x00, 0x00,
    0x7c, 0x01, 0x00, 0x00, 0x0d, 0x20, 0x12, 0x00, 0x06, 0x00, 0x00, 0x00, 0x00, 0x00, 0x00, 0x00,
    0x01, 0x00, 0x00, 0x00, 0x00, 0x00, 0x00, 0x00, 0xf5, 0x01, 0x00, 0x00, 0x0d, 0x20, 0x12, 0x00,
    0x03, 0x00, 0x00, 0x00, 0x00, 0x00, 0x00, 0x00, 0x01, 0x00, 0x00, 0x00, 0x00, 0x00, 0x00, 0x00,
    0x71, 0x02, 0x00, 0x00, 0x0d, 0x20, 0x12, 0x00, 0x08, 0x00, 0x00, 0x00, 0x00, 0x00, 0x00, 0x00,
    0x01, 0x00, 0x00, 0x00, 0x00, 0x00, 0x00, 0x00, 0xeb, 0x02, 0x00, 0x00, 0x0d, 0x20, 0x12, 0x00,
    0x02, 0x00, 0x00, 0x00, 0x00, 0x00, 0x00, 0x00, 0x01, 0x00, 0x00, 0x00, 0x00, 0x00, 0x00, 0x00,
    0x6f, 0x03, 0x00, 0x00, 0x0d, 0x20, 0x12, 0x00, 0x07, 0x00, 0x00, 0x00, 0x00, 0x00, 0x00, 0x00,
    0x01, 0x00, 0x00, 0x00, 0x00, 0x00, 0x00, 0x00, 0xe7, 0x03, 0x00, 0x00, 0x0d, 0x20, 0x12, 0x00,
    0x04, 0x00, 0x00, 0x00, 0x00, 0x00, 0x00, 0x00, 0x01, 0x00, 0x00, 0x00, 0x00, 0x00, 0x00, 0x00,
    0x68, 0x04, 0x00, 0x00, 0x0d, 0x20, 0x12, 0x00, 0x09, 0x00, 0x00, 0x00, 0x00, 0x00, 0x00, 0x00,
    0x01, 0x00, 0x00, 0x00, 0x00, 0x00, 0x00, 0x00, 0xee, 0x04, 0x00, 0x00, 0x0d, 0x20, 0x12, 0x00,
    0x00, 0x00, 0x00, 0x00, 0x00, 0x00, 0x00, 0x00, 0x01, 0x00, 0x00, 0x00, 0x00, 0x00, 0x00, 0x00,
    0x5d, 0x05, 0x00, 0x00, 0x0d, 0x20, 0x12, 0x00, 0x05, 0x00, 0x00, 0x00, 0x00, 0x00, 0x00, 0x00,
    0x01, 0x00, 0x00, 0x00, 0x00, 0x00, 0x00, 0x00, 0xc6, 0x05, 0x00, 0x00, 0x21, 0x00, 0x00, 0x00,
    0x00, 0x00, 0x00, 0x00, 0x00, 0x00, 0x00, 0x00, 0x04, 0x00, 0x00, 0x00, 0x00, 0x00, 0x00, 0x00,
    0x17, 0x06, 0x00, 0x00, 0x03, 0x00, 0x15, 0x00, 0x00, 0x00, 0x00, 0x00, 0x00, 0x00, 0x00, 0x00,
    0x00, 0x00, 0x00, 0x00, 0x00, 0x00, 0x00, 0x00, 0x72, 0x06, 0x00, 0x00, 0x03, 0x00, 0x0a, 0x00,
    0x00, 0x00, 0x00, 0x00, 0x00, 0x00, 0x00, 0x00, 0x00, 0x00, 0x00, 0x00, 0x00, 0x00, 0x00, 0x00,
    0x8e, 0x06, 0x00, 0x00, 0x12, 0x10, 0x14, 0x00, 0x00, 0x00, 0x00, 0x00, 0x00, 0x00, 0x00, 0x00,
    0x60, 0x8e, 0x00, 0x00, 0x00, 0x00, 0x00, 0x00, 0x00, 0x00, 0x00, 0x00, 0x00, 0x00, 0x00, 0x00,
    0x00, 0x00, 0x00, 0x00, 0x00, 0x00, 0x00, 0x00, 0x00, 0x00, 0x00, 0x00, 0x00, 0x00, 0x00, 0x00,
    0x00, 0x00, 0x00, 0x00, 0x00, 0x00, 0x00, 0x00, 0x00, 0x00, 0x00, 0x00, 0x00, 0x00, 0x00, 0x00,
    0x00, 0x00, 0x00, 0x00, 0x00, 0x00, 0x00, 0x00, 0x00, 0x00, 0x00, 0x00, 0x00, 0x00, 0x00, 0x00,
    0x00, 0x00, 0x00, 0x00, 0x00, 0x00, 0x00, 0x00, 0x01, 0x00, 0x00, 0x00, 0x03, 0x00, 0x00, 0x00,
    0x00, 0x00, 0x00, 0x00, 0x00, 0x00, 0x00, 0x00, 0x00, 0x00, 0x00, 0x00, 0x00, 0x00, 0x00, 0x00,
    0x40, 0x00, 0x00, 0x00, 0x00, 0x00, 0x00, 0x00, 0x9a, 0x02, 0x00, 0x00, 0x00, 0x00, 0x00, 0x00,
    0x00, 0x00, 0x00, 0x00, 0x00, 0x00, 0x00, 0x00, 0x01, 0x00, 0x00, 0x00, 0x00, 0x00, 0x00, 0x00,
    0x00, 0x00, 0x00, 0x00, 0x00, 0x00, 0x00, 0x00, 0x0b, 0x00, 0x00, 0x00, 0x03, 0x00, 0x00, 0x00,
    0x00, 0x00, 0x00, 0x00, 0x00, 0x00, 0x00, 0x00, 0x00, 0x00, 0x00, 0x00, 0x00, 0x00, 0x00, 0x00,
    0xfe, 0x02, 0x00, 0x00, 0x00, 0x00, 0x00, 0x00, 0xc6, 0x06, 0x00, 0x00, 0x00, 0x00, 0x00, 0x00,
    0x00, 0x00, 0x00, 0x00, 0x00, 0x00, 0x00, 0x00, 0x01, 0x00, 0x00, 0x00, 0x00, 0x00, 0x00, 0x00,
    0x00, 0x00, 0x00, 0x00, 0x00, 0x00, 0x00, 0x00, 0x13, 0x00, 0x00, 0x00, 0x02, 0x00, 0x00, 0x00,
    0x00, 0x00, 0x00, 0x00, 0x00, 0x00, 0x00, 0x00, 0x00, 0x00, 0x00, 0x00, 0x00, 0x00, 0x00, 0x00,
    0xe0, 0x09, 0x00, 0x00, 0x00, 0x00, 0x00, 0x00, 0xf8, 0x01, 0x00, 0x00, 0x00, 0x00, 0x00, 0x00,
    0x02, 0x00, 0x00, 0x00, 0x13, 0x00, 0x00, 0x00, 0x08, 0x00, 0x00, 0x00, 0x00, 0x00, 0x00, 0x00,
    0x18, 0x00, 0x00, 0x00, 0x00, 0x00, 0x00, 0x00, 0x03, 0x01, 0x00, 0x00, 0x01, 0x00, 0x00, 0x00,
    0x00, 0x00, 0x00, 0x00, 0x00, 0x00, 0x00, 0x00, 0x00, 0x00, 0x00, 0x00, 0x00, 0x00, 0x00, 0x00,
    0xd8, 0x0b, 0x00, 0x00, 0x00, 0x00, 0x00, 0x00, 0x68, 0x00, 0x00, 0x00, 0x00, 0x00, 0x00, 0x00,
    0x00, 0x00, 0x00, 0x00, 0x00, 0x00, 0x00, 0x00, 0x01, 0x00, 0x00, 0x00, 0x00, 0x00, 0x00, 0x00,
    0x00, 0x00, 0x00, 0x00, 0x00, 0x00, 0x00, 0x00, 0x29, 0x00, 0x00, 0x00, 0x07, 0x00, 0x00, 0x00,
    0x00, 0x00, 0x00, 0x02, 0x00, 0x00, 0x00, 0x00, 0x00, 0x00, 0x00, 0x00, 0x00, 0x00, 0x00, 0x00,
    0x40, 0x0c, 0x00, 0x00, 0x00, 0x00, 0x00, 0x00, 0xa4, 0x00, 0x00, 0x00, 0x00, 0x00, 0x00, 0x00,
    0x00, 0x00, 0x00, 0x00, 0x00, 0x00, 0x00, 0x00, 0x04, 0x00, 0x00, 0x00, 0x00, 0x00, 0x00, 0x00,
    0x00, 0x00, 0x00, 0x00, 0x00, 0x00, 0x00, 0x00, 0x39, 0x00, 0x00, 0x00, 0x07, 0x00, 0x00, 0x00,
    0x40, 0x00, 0x00, 0x01, 0x00, 0x00, 0x00, 0x00, 0x00, 0x00, 0x00, 0x00, 0x00, 0x00, 0x00, 0x00,
    0xe4, 0x0c, 0x00, 0x00, 0x00, 0x00, 0x00, 0x00, 0x24, 0x00, 0x00, 0x00, 0x00, 0x00, 0x00, 0x00,
    0x05, 0x00, 0x00, 0x00, 0x09, 0x00, 0x00, 0x00, 0x04, 0x00, 0x00, 0x00, 0x00, 0x00, 0x00, 0x00,
    0x00, 0x00, 0x00, 0x00, 0x00, 0x00, 0x00, 0x00, 0x48, 0x00, 0x00, 0x00, 0x00, 0x00, 0x00, 0x70,
    0x00, 0x00, 0x00, 0x00, 0x00, 0x00, 0x00, 0x00, 0x00, 0x00, 0x00, 0x00, 0x00, 0x00, 0x00, 0x00,
    0x08, 0x0d, 0x00, 0x00, 0x00, 0x00, 0x00, 0x00, 0x24, 0x00, 0x00, 0x00, 0x00, 0x00, 0x00, 0x00,
    0x03, 0x00, 0x00, 0x00, 0x00, 0x00, 0x00, 0x00, 0x04, 0x00, 0x00, 0x00, 0x00, 0x00, 0x00, 0x00,
    0x00, 0x00, 0x00, 0x00, 0x00, 0x00, 0x00, 0x00, 0x65, 0x00, 0x00, 0x00, 0x00, 0x00, 0x00, 0x70,
    0x40, 0x00, 0x00, 0x00, 0x00, 0x00, 0x00, 0x00, 0x00, 0x00, 0x00, 0x00, 0x00, 0x00, 0x00, 0x00,
    0x2c, 0x0d, 0x00, 0x00, 0x00, 0x00, 0x00, 0x00, 0xd4, 0x01, 0x00, 0x00, 0x00, 0x00, 0x00, 0x00,
    0x03, 0x00, 0x00, 0x00, 0x0f, 0x00, 0x00, 0x00, 0x04, 0x00, 0x00, 0x00, 0x00, 0x00, 0x00, 0x00,
    0x00, 0x00, 0x00, 0x00, 0x00, 0x00, 0x00, 0x00, 0xc7, 0x00, 0x00, 0x00, 0x86, 0x00, 0x00, 0x70,
    0x00, 0x00, 0x00, 0x00, 0x00, 0x00, 0x00, 0x00, 0x00, 0x00, 0x00, 0x00, 0x00, 0x00, 0x00, 0x00,
    0x00, 0x0f, 0x00, 0x00, 0x00, 0x00, 0x00, 0x00, 0x10, 0x00, 0x00, 0x00, 0x00, 0x00, 0x00, 0x00,
    0x00, 0x00, 0x00, 0x00, 0x00, 0x00, 0x00, 0x00, 0x04, 0x00, 0x00, 0x00, 0x00, 0x00, 0x00, 0x00,
    0x00, 0x00, 0x00, 0x00, 0x00, 0x00, 0x00, 0x00, 0x5e, 0x01, 0x00, 0x00, 0x01, 0x00, 0x00, 0x70,
    0x00, 0x00, 0x00, 0x00, 0x00, 0x00, 0x00, 0x00, 0x00, 0x00, 0x00, 0x00, 0x00, 0x00, 0x00, 0x00,
    0x10, 0x0f, 0x00, 0x00, 0x00, 0x00, 0x00, 0x00, 0x20, 0x00, 0x00, 0x00, 0x00, 0x00, 0x00, 0x00,
    0x03, 0x00, 0x00, 0x00, 0x00, 0x00, 0x00, 0x00, 0x04, 0x00, 0x00, 0x00, 0x00, 0x00, 0x00, 0x00,
    0x08, 0x00, 0x00, 0x00, 0x00, 0x00, 0x00, 0x00, 0xea, 0x00, 0x00, 0x00, 0x04, 0x00, 0x00, 0x00,
    0x40, 0x00, 0x00, 0x00, 0x00, 0x00, 0x00, 0x00, 0x00, 0x00, 0x00, 0x00, 0x00, 0x00, 0x00, 0x00,
    0x30, 0x0f, 0x00, 0x00, 0x00, 0x00, 0x00, 0x00, 0x00, 0x00, 0x00, 0x00, 0x00, 0x00, 0x00, 0x00,
    0x03, 0x00, 0x00, 0x00, 0x0f, 0x00, 0x00, 0x00, 0x08, 0x00, 0x00, 0x00, 0x00, 0x00, 0x00, 0x00,
    0x18, 0x00, 0x00, 0x00, 0x00, 0x00, 0x00, 0x00, 0x25, 0x01, 0x00, 0x00, 0x04, 0x00, 0x00, 0x00,
    0x40, 0x00, 0x00, 0x00, 0x00, 0x00, 0x00, 0x00, 0x00, 0x00, 0x00, 0x00, 0x00, 0x00, 0x00, 0x00,
    0x30, 0x0f, 0x00, 0x00, 0x00, 0x00, 0x00, 0x00, 0xf0, 0x00, 0x00, 0x00, 0x00, 0x00, 0x00, 0x00,
    0x03, 0x00, 0x00, 0x00, 0x0e, 0x00, 0x00, 0x00, 0x08, 0x00, 0x00, 0x00, 0x00, 0x00, 0x00, 0x00,
    0x18, 0x00, 0x00, 0x00, 0x00, 0x00, 0x00, 0x00, 0x4c, 0x01, 0x00, 0x00, 0x04, 0x00, 0x00, 0x00,
    0x40, 0x00, 0x00, 0x00, 0x00, 0x00, 0x00, 0x00, 0x00, 0x00, 0x00, 0x00, 0x00, 0x00, 0x00, 0x00,
    0x20, 0x10, 0x00, 0x00, 0x00, 0x00, 0x00, 0x00, 0x18, 0x00, 0x00, 0x00, 0x00, 0x00, 0x00, 0x00,
    0x03, 0x00, 0x00, 0x00, 0x04, 0x00, 0x00, 0x00, 0x08, 0x00, 0x00, 0x00, 0x00, 0x00, 0x00, 0x00,
    0x18, 0x00, 0x00, 0x00, 0x00, 0x00, 0x00, 0x00, 0xb6, 0x00, 0x00, 0x00, 0x01, 0x00, 0x00, 0x00,
    0x02, 0x00, 0x00, 0x00, 0x00, 0x00, 0x00, 0x00, 0x00, 0x00, 0x00, 0x00, 0x00, 0x00, 0x00, 0x00,
    0x38, 0x10, 0x00, 0x00, 0x00, 0x00, 0x00, 0x00, 0x50, 0x00, 0x00, 0x00, 0x00, 0x00, 0x00, 0x00,
    0x00, 0x00, 0x00, 0x00, 0x00, 0x00, 0x00, 0x00, 0x08, 0x00, 0x00, 0x00, 0x00, 0x00, 0x00, 0x00,
    0x00, 0x00, 0x00, 0x00, 0x00, 0x00, 0x00, 0x00, 0x51, 0x00, 0x00, 0x00, 0x01, 0x00, 0x00, 0x00,
    0x06, 0x00, 0x00, 0x00, 0x00, 0x00, 0x00, 0x00, 0x00, 0x00, 0x00, 0x00, 0x00, 0x00, 0x00, 0x00,
    0x00, 0x11, 0x00, 0x00, 0x00, 0x00, 0x00, 0x00, 0x00, 0x59, 0x00, 0x00, 0x00, 0x00, 0x00, 0x00,
    0x03, 0x00, 0x00, 0x00, 0x13, 0x00, 0x00, 0x00, 0x80, 0x00, 0x00, 0x00, 0x00, 0x00, 0x00, 0x00,
    0x00, 0x00, 0x00, 0x00, 0x00, 0x00, 0x00, 0x00, 0x7c, 0x00, 0x00, 0x00, 0x08, 0x00, 0x00, 0x00,
    0x43, 0x00, 0x00, 0x00, 0x00, 0x00, 0x00, 0x00, 0x00, 0x00, 0x00, 0x00, 0x00, 0x00, 0x00, 0x00,
    0x00, 0x6c, 0x00, 0x00, 0x00, 0x00, 0x00, 0x00, 0x00, 0x04, 0x00, 0x00, 0x00, 0x00, 0x00, 0x00,
    0x00, 0x00, 0x00, 0x00, 0x0f, 0x00, 0x00, 0x00, 0x00, 0x04, 0x00, 0x00, 0x00, 0x00, 0x00, 0x00,
    0x00, 0x00, 0x00, 0x00, 0x00, 0x00, 0x00, 0x00, 0x95, 0x00, 0x00, 0x00, 0x08, 0x00, 0x00, 0x00,
    0x03, 0x00, 0x00, 0x00, 0x00, 0x00, 0x00, 0x00, 0x00, 0x00, 0x00, 0x00, 0x00, 0x00, 0x00, 0x00,
    0x00, 0x6c, 0x00, 0x00, 0x00, 0x00, 0x00, 0x00, 0x40, 0x00, 0x00, 0x00, 0x00, 0x00, 0x00, 0x00,
    0x00, 0x00, 0x00, 0x00, 0x00, 0x00, 0x00, 0x00, 0x01, 0x00, 0x00, 0x00, 0x00, 0x00, 0x00, 0x00,
    0x00, 0x00, 0x00, 0x00, 0x00, 0x00, 0x00, 0x00, 0xab, 0x00, 0x00, 0x00, 0x08, 0x00, 0x00, 0x00,
    0x03, 0x00, 0x00, 0x00, 0x00, 0x00, 0x00, 0x00, 0x00, 0x00, 0x00, 0x00, 0x00, 0x00, 0x00, 0x00,
    0x00, 0x6c, 0x00, 0x00, 0x00, 0x00, 0x00, 0x00, 0x0a, 0x00, 0x00, 0x00, 0x00, 0x00, 0x00, 0x00,
    0x00, 0x00, 0x00, 0x00, 0x00, 0x00, 0x00, 0x00, 0x01, 0x00, 0x00, 0x00, 0x00, 0x00, 0x00, 0x00,
    0x00, 0x00, 0x00, 0x00, 0x00, 0x00, 0x00, 0x00, 0x7a, 0x01, 0x00, 0x00, 0x01, 0x00, 0x00, 0x00,
    0x42, 0x00, 0x00, 0x00, 0x00, 0x00, 0x00, 0x00, 0x00, 0x00, 0x00, 0x00, 0x00, 0x00, 0x00, 0x00,
    0x00, 0x6c, 0x00, 0x00, 0x00, 0x00, 0x00, 0x00, 0x00, 0x04, 0x00, 0x00, 0x00, 0x00, 0x00, 0x00,
    0x00, 0x00, 0x00, 0x00, 0x0f, 0x00, 0x00, 0x00, 0x04, 0x00, 0x00, 0x00, 0x00, 0x00, 0x00, 0x00,
    0x00, 0x00, 0x00, 0x00, 0x00, 0x00, 0x00, 0x00, 0x96, 0x01, 0x00, 0x00, 0x16, 0x00, 0x00, 0x70,
    0x00, 0x00, 0x00, 0x10, 0x00, 0x00, 0x00, 0x00, 0x00, 0x00, 0x00, 0x00, 0x00, 0x00, 0x00, 0x00,
    0x00, 0x70, 0x00, 0x00, 0x00, 0x00, 0x00, 0x00, 0xce, 0x1a, 0x00, 0x00, 0x00, 0x00, 0x00, 0x00,
    0x1d, 0x00, 0x00, 0x00, 0x13, 0x00, 0x00, 0x00, 0x10, 0x00, 0x00, 0x00, 0x00, 0x00, 0x00, 0x00,
    0x00, 0x00, 0x00, 0x00, 0x00, 0x00, 0x00, 0x00, 0xb5, 0x01, 0x00, 0x00, 0x01, 0x00, 0x00, 0x00,
    0x00, 0x00, 0x00, 0x10, 0x00, 0x00, 0x00, 0x00, 0x00, 0x00, 0x00, 0x00, 0x00, 0x00, 0x00, 0x00,
    0xce, 0x8a, 0x00, 0x00, 0x00, 0x00, 0x00, 0x00, 0x70, 0x00, 0x00, 0x00, 0x00, 0x00, 0x00, 0x00,
    0x00, 0x00, 0x00, 0x00, 0x00, 0x00, 0x00, 0x00, 0x01, 0x00, 0x00, 0x00, 0x00, 0x00, 0x00, 0x00,
    0x00, 0x00, 0x00, 0x00, 0x00, 0x00, 0x00, 0x00, 0xca, 0x01, 0x00, 0x00, 0x83, 0x00, 0x00, 0x70,
    0x00, 0x00, 0x00, 0x10, 0x00, 0x00, 0x00, 0x00, 0x00, 0x00, 0x00, 0x00, 0x00, 0x00, 0x00, 0x00,
    0x40, 0x8b, 0x00, 0x00, 0x00, 0x00, 0x00, 0x00, 0x24, 0x00, 0x00, 0x00, 0x00, 0x00, 0x00, 0x00,
    0x1d, 0x00, 0x00, 0x00, 0x00, 0x00, 0x00, 0x00, 0x04, 0x00, 0x00, 0x00, 0x00, 0x00, 0x00, 0x00,
    0x00, 0x00, 0x00, 0x00, 0x00, 0x00, 0x00, 0x00, 0xdb, 0x01, 0x00, 0x00, 0x83, 0x00, 0x00, 0x70,
    0x40, 0x00, 0x00, 0x10, 0x00, 0x00, 0x00, 0x00, 0x00, 0x00, 0x00, 0x00, 0x00, 0x00, 0x00, 0x00,
    0x64, 0x8b, 0x00, 0x00, 0x00, 0x00, 0x00, 0x00, 0xe4, 0x01, 0x00, 0x00, 0x00, 0x00, 0x00, 0x00,
    0x1d, 0x00, 0x00, 0x00, 0x14, 0x00, 0x00, 0x00, 0x04, 0x00, 0x00, 0x00, 0x00, 0x00, 0x00, 0x00,
    0x00, 0x00, 0x00, 0x00, 0x00, 0x00, 0x00, 0x00, 0xfa, 0x01, 0x00, 0x00, 0x82, 0x00, 0x00, 0x70,
    0x40, 0x00, 0x00, 0x10, 0x00, 0x00, 0x00, 0x00, 0x00, 0x00, 0x00, 0x00, 0x00, 0x00, 0x00, 0x00,
    0x48, 0x8d, 0x00, 0x00, 0x00, 0x00, 0x00, 0x00, 0x18, 0x00, 0x00, 0x00, 0x00, 0x00, 0x00, 0x00,
    0x1d, 0x00, 0x00, 0x00, 0x14, 0x00, 0x00, 0x00, 0x08, 0x00, 0x00, 0x00, 0x00, 0x00, 0x00, 0x00,
    0x18, 0x00, 0x00, 0x00, 0x00, 0x00, 0x00, 0x00, 0x1b, 0x02, 0x00, 0x00, 0x82, 0x00, 0x00, 0x70,
    0x40, 0x00, 0x00, 0x10, 0x00, 0x00, 0x00, 0x00, 0x00, 0x00, 0x00, 0x00, 0x00, 0x00, 0x00, 0x00,
    0x60, 0x8d, 0x00, 0x00, 0x00, 0x00, 0x00, 0x00, 0xf0, 0x00, 0x00, 0x00, 0x00, 0x00, 0x00, 0x00,
    0x1d, 0x00, 0x00, 0x00, 0x1b, 0x00, 0x00, 0x00, 0x08, 0x00, 0x00, 0x00, 0x00, 0x00, 0x00, 0x00,
    0x18, 0x00, 0x00, 0x00, 0x00, 0x00, 0x00, 0x00, 0x39, 0x02, 0x00, 0x00, 0x82, 0x00, 0x00, 0x70,
    0x40, 0x00, 0x00, 0x10, 0x00, 0x00, 0x00, 0x00, 0x00, 0x00, 0x00, 0x00, 0x00, 0x00, 0x00, 0x00,
    0x50, 0x8e, 0x00, 0x00, 0x00, 0x00, 0x00, 0x00, 0x18, 0x00, 0x00, 0x00, 0x00, 0x00, 0x00, 0x00,
    0x1d, 0x00, 0x00, 0x00, 0x15, 0x00, 0x00, 0x00, 0x08, 0x00, 0x00, 0x00, 0x00, 0x00, 0x00, 0x00,
    0x18, 0x00, 0x00, 0x00, 0x00, 0x00, 0x00, 0x00, 0x53, 0x02, 0x00, 0x00, 0x7d, 0x00, 0x00, 0x70,
    0x02, 0x00, 0x00, 0x10, 0x00, 0x00, 0x00, 0x00, 0x00, 0x00, 0x00, 0x00, 0x00, 0x00, 0x00, 0x00,
    0x38, 0x10, 0x00, 0x00, 0x00, 0x00, 0x00, 0x00, 0x50, 0x00, 0x00, 0x00, 0x00, 0x00, 0x00, 0x00,
    0x00, 0x00, 0x00, 0x00, 0x00, 0x00, 0x00, 0x00, 0x08, 0x00, 0x00, 0x00, 0x00, 0x00, 0x00, 0x00,
    0x00, 0x00, 0x00, 0x00, 0x00, 0x00, 0x00, 0x00, 0x6c, 0x02, 0x00, 0x00, 0x15, 0x00, 0x00, 0x70,
    0x03, 0x00, 0x00, 0x10, 0x00, 0x00, 0x00, 0x00, 0x00, 0x00, 0x00, 0x00, 0x00, 0x00, 0x00, 0x00,
    0x68, 0x8e, 0x00, 0x00, 0x00, 0x00, 0x00, 0x00, 0x00, 0x00, 0x00, 0x00, 0x00, 0x00, 0x00, 0x00,
    0x00, 0x00, 0x00, 0x00, 0x00, 0x00, 0x00, 0x00, 0x01, 0x00, 0x00, 0x00, 0x00, 0x00, 0x00, 0x00,
    0x00, 0x00, 0x00, 0x00, 0x00, 0x00, 0x00, 0x00, 0x8a, 0x02, 0x00, 0x00, 0x85, 0x00, 0x00, 0x70,
    0x00, 0x00, 0x00, 0x10, 0x00, 0x00, 0x00, 0x00, 0x00, 0x00, 0x00, 0x00, 0x00, 0x00, 0x00, 0x00,
    0x68, 0x8e, 0x00, 0x00, 0x00, 0x00, 0x00, 0x00, 0xe0, 0x01, 0x00, 0x00, 0x00, 0x00, 0x00, 0x00,
    0x02, 0x00, 0x00, 0x00, 0x13, 0x00, 0x00, 0x00, 0x08, 0x00, 0x00, 0x00, 0x00, 0x00, 0x00, 0x00,
    0x18, 0x00, 0x00, 0x00, 0x00, 0x00, 0x00, 0x00, 0x06, 0x00, 0x00, 0x00, 0x04, 0x00, 0x00, 0x00,
    0xc8, 0x97, 0x00, 0x00, 0x00, 0x00, 0x00, 0x00, 0x00, 0x00, 0x00, 0x00, 0x00, 0x00, 0x00, 0x00,
    0x00, 0x00, 0x00, 0x00, 0x00, 0x00, 0x00, 0x00, 0x50, 0x01, 0x00, 0x00, 0x00, 0x00, 0x00, 0x00,
    0x50, 0x01, 0x00, 0x00, 0x00, 0x00, 0x00, 0x00, 0x08, 0x00, 0x00, 0x00, 0x00, 0x00, 0x00, 0x00,
    0x01, 0x00, 0x00, 0x00, 0x04, 0x00, 0x00, 0x00, 0xc8, 0x97, 0x00, 0x00, 0x00, 0x00, 0x00, 0x00,
    0x00, 0x00, 0x00, 0x00, 0x00, 0x00, 0x00, 0x00, 0x00, 0x00, 0x00, 0x00, 0x00, 0x00, 0x00, 0x00,
    0x50, 0x01, 0x00, 0x00, 0x00, 0x00, 0x00, 0x00, 0x50, 0x01, 0x00, 0x00, 0x00, 0x00, 0x00, 0x00,
    0x08, 0x00, 0x00, 0x00, 0x00, 0x00, 0x00, 0x00, 0x01, 0x00, 0x00, 0x00, 0x04, 0x00, 0x00, 0x00,
    0x38, 0x10, 0x00, 0x00, 0x00, 0x00, 0x00, 0x00, 0x00, 0x00, 0x00, 0x00, 0x00, 0x00, 0x00, 0x00,
    0x00, 0x00, 0x00, 0x00, 0x00, 0x00, 0x00, 0x00, 0x50, 0x00, 0x00, 0x00, 0x00, 0x00, 0x00, 0x00,
    0x50, 0x00, 0x00, 0x00, 0x00, 0x00, 0x00, 0x00, 0x08, 0x00, 0x00, 0x00, 0x00, 0x00, 0x00, 0x00,
    0x01, 0x00, 0x00, 0x00, 0x05, 0x00, 0x00, 0x00, 0x00, 0x11, 0x00, 0x00, 0x00, 0x00, 0x00, 0x00,
    0x00, 0x00, 0x00, 0x00, 0x00, 0x00, 0x00, 0x00, 0x00, 0x00, 0x00, 0x00, 0x00, 0x00, 0x00, 0x00,
    0x00, 0x59, 0x00, 0x00, 0x00, 0x00, 0x00, 0x00, 0x00, 0x59, 0x00, 0x00, 0x00, 0x00, 0x00, 0x00,
    0x08, 0x00, 0x00, 0x00, 0x00, 0x00, 0x00, 0x00, 0x01, 0x00, 0x00, 0x00, 0x06, 0x00, 0x00, 0x00,
    0x00, 0x6c, 0x00, 0x00, 0x00, 0x00, 0x00, 0x00, 0x00, 0x00, 0x00, 0x00, 0x00, 0x00, 0x00, 0x00,
    0x00, 0x00, 0x00, 0x00, 0x00, 0x00, 0x00, 0x00, 0x00, 0x00, 0x00, 0x00, 0x00, 0x00, 0x00, 0x00,
    0x4a, 0x04, 0x00, 0x00, 0x00, 0x00, 0x00, 0x00, 0x08, 0x00, 0x00, 0x00, 0x00, 0x00, 0x00, 0x00,
    0x01, 0x00, 0x00, 0x00, 0x04, 0x00, 0x00, 0x00, 0x00, 0x6c, 0x00, 0x00, 0x00, 0x00, 0x00, 0x00,
    0x00, 0x00, 0x00, 0x00, 0x00, 0x00, 0x00, 0x00, 0x00, 0x00, 0x00, 0x00, 0x00, 0x00, 0x00, 0x00,
    0x00, 0x04, 0x00, 0x00, 0x00, 0x00, 0x00, 0x00, 0x00, 0x04, 0x00, 0x00, 0x00, 0x00, 0x00, 0x00,
    0x08, 0x00, 0x00, 0x00, 0x00, 0x00, 0x00, 0x00,
};
static const unsigned int kCubinSize = (unsigned int)sizeof(kCubinData);

static int32_t ceildiv_i32(int32_t n, int32_t d) {
    return (n + d - 1) / d;
}

static CUresult ensure_loaded(void) {
    if (g_function != NULL) return CUDA_SUCCESS;
    (void)kCubinSize;
    CUresult r = cuModuleLoadData(&g_module, kCubinData);
    if (r != CUDA_SUCCESS) return r;
    r = cuModuleGetFunction(&g_function, g_module, kFuncSymbol);
    if (r != CUDA_SUCCESS) return r;
    return cuFuncSetAttribute(
        g_function,
        CU_FUNC_ATTRIBUTE_MAX_DYNAMIC_SHARED_SIZE_BYTES,
        49152
    );
}

CUresult gated_delta_rule_prefill_chunk_state_sm120_cuda(
    const uint16_t *k,
    const uint16_t *w,
    const uint16_t *u,
    const float *g_cumsum,
    const float *initial_state,
    float *chunk_state,
    uint16_t *v_new,
    float *final_state,
    int32_t seq_len,
    int32_t num_value_heads,
    CUstream stream
) {

    CUresult r = ensure_loaded();
    if (r != CUDA_SUCCESS) return r;

    int32_t args_hv = num_value_heads;
    int32_t args_hv_1 = num_value_heads;
    int32_t args_hv_2 = num_value_heads;
    int32_t args_hv_3 = num_value_heads;
    int32_t args_hv_4 = num_value_heads;
    int32_t args_hv_5 = num_value_heads;
    int32_t args_hv_6 = num_value_heads;
    int32_t args_hv_7 = num_value_heads;
    int32_t args_num_chunks = ceildiv_i32(seq_len, 64);
    int32_t args_num_value_heads = num_value_heads;
    int32_t args_seq_len = seq_len;
    int32_t args_seq_len_1 = seq_len;
    int32_t args_seq_len_2 = seq_len;
    int32_t args_seq_len_3 = seq_len;
    int32_t args_seq_len_4 = seq_len;
    int32_t args_seq_len_5 = seq_len;

    void *args[] = {
        &chunk_state,
        &final_state,
        &g_cumsum,
        &initial_state,
        &k,
        &u,
        &v_new,
        &w,
        &args_hv,
        &args_hv_1,
        &args_hv_2,
        &args_hv_3,
        &args_hv_4,
        &args_hv_5,
        &args_hv_6,
        &args_hv_7,
        &args_num_chunks,
        &args_num_value_heads,
        &args_seq_len,
        &args_seq_len_1,
        &args_seq_len_2,
        &args_seq_len_3,
        &args_seq_len_4,
        &args_seq_len_5,
    };

    int grid_x = 4;
    int grid_y = num_value_heads;
    int grid_z = 1;

    return cuLaunchKernel(
        g_function,
        grid_x, grid_y, grid_z,
        128, 1, 1,
        49152, stream, args, NULL
    );
}
