#include <cuda.h>
#include <stdint.h>

static CUmodule g_module = NULL;
static CUfunction g_function = NULL;
static const char *kFuncSymbol = "kernel_kernel";

static const unsigned char kCubinData[] = {
    0x7f, 0x45, 0x4c, 0x46, 0x02, 0x01, 0x01, 0x41, 0x08, 0x00, 0x00, 0x00, 0x00, 0x00, 0x00, 0x00,
    0x02, 0x00, 0xbe, 0x00, 0x01, 0x00, 0x00, 0x00, 0x00, 0x00, 0x00, 0x00, 0x00, 0x00, 0x00, 0x00,
    0xa8, 0xa2, 0x00, 0x00, 0x00, 0x00, 0x00, 0x00, 0x28, 0x9b, 0x00, 0x00, 0x00, 0x00, 0x00, 0x00,
    0x02, 0x64, 0x00, 0x06, 0x40, 0x00, 0x38, 0x00, 0x06, 0x00, 0x40, 0x00, 0x1e, 0x00, 0x01, 0x00,
    0x00, 0x2e, 0x73, 0x68, 0x73, 0x74, 0x72, 0x74, 0x61, 0x62, 0x00, 0x2e, 0x73, 0x74, 0x72, 0x74,
    0x61, 0x62, 0x00, 0x2e, 0x73, 0x79, 0x6d, 0x74, 0x61, 0x62, 0x00, 0x2e, 0x73, 0x79, 0x6d, 0x74,
    0x61, 0x62, 0x5f, 0x73, 0x68, 0x6e, 0x64, 0x78, 0x00, 0x2e, 0x6e, 0x6f, 0x74, 0x65, 0x2e, 0x6e,
    0x76, 0x2e, 0x74, 0x6b, 0x69, 0x6e, 0x66, 0x6f, 0x00, 0x2e, 0x6e, 0x6f, 0x74, 0x65, 0x2e, 0x6e,
    0x76, 0x2e, 0x63, 0x75, 0x76, 0x65, 0x72, 0x00, 0x2e, 0x6e, 0x76, 0x2e, 0x69, 0x6e, 0x66, 0x6f,
    0x00, 0x2e, 0x74, 0x65, 0x78, 0x74, 0x2e, 0x6b, 0x65, 0x72, 0x6e, 0x65, 0x6c, 0x5f, 0x6b, 0x65,
    0x72, 0x6e, 0x65, 0x6c, 0x00, 0x2e, 0x6e, 0x76, 0x2e, 0x69, 0x6e, 0x66, 0x6f, 0x2e, 0x6b, 0x65,
    0x72, 0x6e, 0x65, 0x6c, 0x5f, 0x6b, 0x65, 0x72, 0x6e, 0x65, 0x6c, 0x00, 0x2e, 0x6e, 0x76, 0x2e,
    0x73, 0x68, 0x61, 0x72, 0x65, 0x64, 0x2e, 0x6b, 0x65, 0x72, 0x6e, 0x65, 0x6c, 0x5f, 0x6b, 0x65,
    0x72, 0x6e, 0x65, 0x6c, 0x00, 0x2e, 0x6e, 0x76, 0x2e, 0x73, 0x68, 0x61, 0x72, 0x65, 0x64, 0x2e,
    0x72, 0x65, 0x73, 0x65, 0x72, 0x76, 0x65, 0x64, 0x2e, 0x30, 0x00, 0x2e, 0x6e, 0x76, 0x2e, 0x67,
    0x6c, 0x6f, 0x62, 0x61, 0x6c, 0x00, 0x2e, 0x6e, 0x76, 0x2e, 0x63, 0x6f, 0x6e, 0x73, 0x74, 0x61,
    0x6e, 0x74, 0x34, 0x00, 0x00, 0x00, 0x00, 0x2e, 0x6e, 0x76, 0x2e, 0x63, 0x6f, 0x6d, 0x70, 0x61,
    0x74, 0x00, 0x2e, 0x72, 0x65, 0x6c, 0x2e, 0x74, 0x65, 0x78, 0x74, 0x2e, 0x6b, 0x65, 0x72, 0x6e,
    0x65, 0x6c, 0x5f, 0x6b, 0x65, 0x72, 0x6e, 0x65, 0x6c, 0x00, 0x2e, 0x72, 0x65, 0x6c, 0x61, 0x2e,
    0x74, 0x65, 0x78, 0x74, 0x2e, 0x6b, 0x65, 0x72, 0x6e, 0x65, 0x6c, 0x5f, 0x6b, 0x65, 0x72, 0x6e,
    0x65, 0x6c, 0x00, 0x2e, 0x64, 0x65, 0x62, 0x75, 0x67, 0x5f, 0x66, 0x72, 0x61, 0x6d, 0x65, 0x00,
    0x2e, 0x72, 0x65, 0x6c, 0x2e, 0x6e, 0x76, 0x2e, 0x63, 0x6f, 0x6e, 0x73, 0x74, 0x61, 0x6e, 0x74,
    0x2e, 0x70, 0x69, 0x63, 0x00, 0x2e, 0x72, 0x65, 0x6c, 0x61, 0x2e, 0x6e, 0x76, 0x2e, 0x63, 0x6f,
    0x6e, 0x73, 0x74, 0x61, 0x6e, 0x74, 0x34, 0x00, 0x00, 0x00, 0x00, 0x2e, 0x72, 0x65, 0x6c, 0x2e,
    0x64, 0x65, 0x62, 0x75, 0x67, 0x5f, 0x66, 0x72, 0x61, 0x6d, 0x65, 0x00, 0x2e, 0x72, 0x65, 0x6c,
    0x61, 0x2e, 0x64, 0x65, 0x62, 0x75, 0x67, 0x5f, 0x66, 0x72, 0x61, 0x6d, 0x65, 0x00, 0x2e, 0x6e,
    0x76, 0x2e, 0x63, 0x61, 0x6c, 0x6c, 0x67, 0x72, 0x61, 0x70, 0x68, 0x00, 0x2e, 0x6e, 0x76, 0x2e,
    0x70, 0x72, 0x6f, 0x74, 0x6f, 0x74, 0x79, 0x70, 0x65, 0x00, 0x2e, 0x6e, 0x76, 0x2e, 0x63, 0x6f,
    0x6e, 0x73, 0x74, 0x61, 0x6e, 0x74, 0x30, 0x2e, 0x6b, 0x65, 0x72, 0x6e, 0x65, 0x6c, 0x5f, 0x6b,
    0x65, 0x72, 0x6e, 0x65, 0x6c, 0x00, 0x2e, 0x6e, 0x76, 0x2e, 0x63, 0x61, 0x70, 0x6d, 0x65, 0x72,
    0x63, 0x2e, 0x74, 0x65, 0x78, 0x74, 0x2e, 0x6b, 0x65, 0x72, 0x6e, 0x65, 0x6c, 0x5f, 0x6b, 0x65,
    0x72, 0x6e, 0x65, 0x6c, 0x00, 0x2e, 0x6e, 0x76, 0x2e, 0x6d, 0x65, 0x72, 0x63, 0x2e, 0x64, 0x65,
    0x62, 0x75, 0x67, 0x5f, 0x66, 0x72, 0x61, 0x6d, 0x65, 0x00, 0x2e, 0x6e, 0x76, 0x2e, 0x6d, 0x65,
    0x72, 0x63, 0x2e, 0x6e, 0x76, 0x2e, 0x69, 0x6e, 0x66, 0x6f, 0x00, 0x2e, 0x6e, 0x76, 0x2e, 0x6d,
    0x65, 0x72, 0x63, 0x2e, 0x6e, 0x76, 0x2e, 0x69, 0x6e, 0x66, 0x6f, 0x2e, 0x6b, 0x65, 0x72, 0x6e,
    0x65, 0x6c, 0x5f, 0x6b, 0x65, 0x72, 0x6e, 0x65, 0x6c, 0x00, 0x2e, 0x6e, 0x76, 0x2e, 0x6d, 0x65,
    0x72, 0x63, 0x2e, 0x72, 0x65, 0x6c, 0x61, 0x2e, 0x74, 0x65, 0x78, 0x74, 0x2e, 0x6b, 0x65, 0x72,
    0x6e, 0x65, 0x6c, 0x5f, 0x6b, 0x65, 0x72, 0x6e, 0x65, 0x6c, 0x00, 0x2e, 0x6e, 0x76, 0x2e, 0x6d,
    0x65, 0x72, 0x63, 0x2e, 0x72, 0x65, 0x6c, 0x61, 0x2e, 0x6e, 0x76, 0x2e, 0x63, 0x6f, 0x6e, 0x73,
    0x74, 0x61, 0x6e, 0x74, 0x2e, 0x70, 0x69, 0x63, 0x00, 0x2e, 0x6e, 0x76, 0x2e, 0x6d, 0x65, 0x72,
    0x63, 0x2e, 0x72, 0x65, 0x6c, 0x61, 0x2e, 0x64, 0x65, 0x62, 0x75, 0x67, 0x5f, 0x66, 0x72, 0x61,
    0x6d, 0x65, 0x00, 0x2e, 0x6e, 0x76, 0x2e, 0x6d, 0x65, 0x72, 0x63, 0x2e, 0x6e, 0x76, 0x2e, 0x63,
    0x6f, 0x6e, 0x73, 0x74, 0x61, 0x6e, 0x74, 0x2e, 0x70, 0x69, 0x63, 0x00, 0x2e, 0x6e, 0x76, 0x2e,
    0x6d, 0x65, 0x72, 0x63, 0x2e, 0x6e, 0x76, 0x2e, 0x73, 0x68, 0x61, 0x72, 0x65, 0x64, 0x2e, 0x72,
    0x65, 0x73, 0x65, 0x72, 0x76, 0x65, 0x64, 0x2e, 0x30, 0x00, 0x2e, 0x6e, 0x76, 0x2e, 0x6d, 0x65,
    0x72, 0x63, 0x2e, 0x73, 0x79, 0x6d, 0x74, 0x61, 0x62, 0x00, 0x00, 0x00, 0x00, 0x00, 0x00, 0x00,
    0x00, 0x00, 0x00, 0x00, 0x00, 0x00, 0x00, 0x00, 0x00, 0x00, 0x00, 0x00, 0x00, 0x00, 0x00, 0x00,
    0x00, 0x00, 0x00, 0x00, 0x00, 0x00, 0x00, 0x00, 0x00, 0x00, 0x00, 0x00, 0x00, 0x00, 0x00, 0x2e,
    0x73, 0x68, 0x73, 0x74, 0x72, 0x74, 0x61, 0x62, 0x00, 0x2e, 0x73, 0x74, 0x72, 0x74, 0x61, 0x62,
    0x00, 0x2e, 0x73, 0x79, 0x6d, 0x74, 0x61, 0x62, 0x00, 0x2e, 0x73, 0x79, 0x6d, 0x74, 0x61, 0x62,
    0x5f, 0x73, 0x68, 0x6e, 0x64, 0x78, 0x00, 0x2e, 0x6e, 0x6f, 0x74, 0x65, 0x2e, 0x6e, 0x76, 0x2e,
    0x74, 0x6b, 0x69, 0x6e, 0x66, 0x6f, 0x00, 0x2e, 0x6e, 0x6f, 0x74, 0x65, 0x2e, 0x6e, 0x76, 0x2e,
    0x63, 0x75, 0x76, 0x65, 0x72, 0x00, 0x2e, 0x6e, 0x76, 0x2e, 0x69, 0x6e, 0x66, 0x6f, 0x00, 0x2e,
    0x74, 0x65, 0x78, 0x74, 0x2e, 0x6b, 0x65, 0x72, 0x6e, 0x65, 0x6c, 0x5f, 0x6b, 0x65, 0x72, 0x6e,
    0x65, 0x6c, 0x00, 0x2e, 0x6e, 0x76, 0x2e, 0x69, 0x6e, 0x66, 0x6f, 0x2e, 0x6b, 0x65, 0x72, 0x6e,
    0x65, 0x6c, 0x5f, 0x6b, 0x65, 0x72, 0x6e, 0x65, 0x6c, 0x00, 0x2e, 0x6e, 0x76, 0x2e, 0x73, 0x68,
    0x61, 0x72, 0x65, 0x64, 0x2e, 0x6b, 0x65, 0x72, 0x6e, 0x65, 0x6c, 0x5f, 0x6b, 0x65, 0x72, 0x6e,
    0x65, 0x6c, 0x00, 0x2e, 0x6e, 0x76, 0x2e, 0x72, 0x65, 0x73, 0x65, 0x72, 0x76, 0x65, 0x64, 0x53,
    0x6d, 0x65, 0x6d, 0x2e, 0x6f, 0x66, 0x66, 0x73, 0x65, 0x74, 0x30, 0x00, 0x2e, 0x6e, 0x76, 0x2e,
    0x73, 0x68, 0x61, 0x72, 0x65, 0x64, 0x2e, 0x72, 0x65, 0x73, 0x65, 0x72, 0x76, 0x65, 0x64, 0x2e,
    0x30, 0x00, 0x5f, 0x5f, 0x6e, 0x76, 0x5f, 0x72, 0x65, 0x73, 0x65, 0x72, 0x76, 0x65, 0x64, 0x53,
    0x4d, 0x45, 0x4d, 0x5f, 0x6f, 0x66, 0x66, 0x73, 0x65, 0x74, 0x5f, 0x30, 0x5f, 0x61, 0x6c, 0x69,
    0x61, 0x73, 0x00, 0x2e, 0x6e, 0x76, 0x2e, 0x67, 0x6c, 0x6f, 0x62, 0x61, 0x6c, 0x00, 0x5f, 0x5a,
    0x4e, 0x38, 0x37, 0x5f, 0x49, 0x4e, 0x54, 0x45, 0x52, 0x4e, 0x41, 0x4c, 0x5f, 0x63, 0x62, 0x32,
    0x30, 0x63, 0x34, 0x35, 0x33, 0x5f, 0x35, 0x36, 0x5f, 0x74, 0x69, 0x6c, 0x65, 0x6c, 0x61, 0x6e,
    0x67, 0x5f, 0x67, 0x61, 0x74, 0x65, 0x64, 0x5f, 0x64, 0x65, 0x6c, 0x74, 0x61, 0x5f, 0x72, 0x75,
    0x6c, 0x65, 0x5f, 0x63, 0x68, 0x75, 0x6e, 0x6b, 0x5f, 0x6f, 0x5f, 0x73, 0x6d, 0x31, 0x30, 0x30,
    0x5f, 0x64, 0x65, 0x76, 0x69, 0x63, 0x65, 0x5f, 0x6b, 0x65, 0x72, 0x6e, 0x65, 0x6c, 0x5f, 0x63,
    0x75, 0x5f, 0x31, 0x62, 0x36, 0x33, 0x65, 0x30, 0x38, 0x35, 0x34, 0x63, 0x75, 0x64, 0x61, 0x33,
    0x73, 0x74, 0x64, 0x33, 0x5f, 0x5f, 0x34, 0x35, 0x5f, 0x5f, 0x63, 0x70, 0x6f, 0x35, 0x62, 0x65,
    0x67, 0x69, 0x6e, 0x45, 0x00, 0x2e, 0x6e, 0x76, 0x2e, 0x63, 0x6f, 0x6e, 0x73, 0x74, 0x61, 0x6e,
    0x74, 0x2e, 0x70, 0x69, 0x63, 0x00, 0x5f, 0x5a, 0x4e, 0x38, 0x37, 0x5f, 0x49, 0x4e, 0x54, 0x45,
    0x52, 0x4e, 0x41, 0x4c, 0x5f, 0x63, 0x62, 0x32, 0x30, 0x63, 0x34, 0x35, 0x33, 0x5f, 0x35, 0x36,
    0x5f, 0x74, 0x69, 0x6c, 0x65, 0x6c, 0x61, 0x6e, 0x67, 0x5f, 0x67, 0x61, 0x74, 0x65, 0x64, 0x5f,
    0x64, 0x65, 0x6c, 0x74, 0x61, 0x5f, 0x72, 0x75, 0x6c, 0x65, 0x5f, 0x63, 0x68, 0x75, 0x6e, 0x6b,
    0x5f, 0x6f, 0x5f, 0x73, 0x6d, 0x31, 0x30, 0x30, 0x5f, 0x64, 0x65, 0x76, 0x69, 0x63, 0x65, 0x5f,
    0x6b, 0x65, 0x72, 0x6e, 0x65, 0x6c, 0x5f, 0x63, 0x75, 0x5f, 0x31, 0x62, 0x36, 0x33, 0x65, 0x30,
    0x38, 0x35, 0x34, 0x63, 0x75, 0x64, 0x61, 0x33, 0x73, 0x74, 0x64, 0x33, 0x5f, 0x5f, 0x34, 0x35,
    0x5f, 0x5f, 0x63, 0x70, 0x6f, 0x33, 0x65, 0x6e, 0x64, 0x45, 0x00, 0x5f, 0x5a, 0x4e, 0x38, 0x37,
    0x5f, 0x49, 0x4e, 0x54, 0x45, 0x52, 0x4e, 0x41, 0x4c, 0x5f, 0x63, 0x62, 0x32, 0x30, 0x63, 0x34,
    0x35, 0x33, 0x5f, 0x35, 0x36, 0x5f, 0x74, 0x69, 0x6c, 0x65, 0x6c, 0x61, 0x6e, 0x67, 0x5f, 0x67,
    0x61, 0x74, 0x65, 0x64, 0x5f, 0x64, 0x65, 0x6c, 0x74, 0x61, 0x5f, 0x72, 0x75, 0x6c, 0x65, 0x5f,
    0x63, 0x68, 0x75, 0x6e, 0x6b, 0x5f, 0x6f, 0x5f, 0x73, 0x6d, 0x31, 0x30, 0x30, 0x5f, 0x64, 0x65,
    0x76, 0x69, 0x63, 0x65, 0x5f, 0x6b, 0x65, 0x72, 0x6e, 0x65, 0x6c, 0x5f, 0x63, 0x75, 0x5f, 0x31,
    0x62, 0x36, 0x33, 0x65, 0x30, 0x38, 0x35, 0x34, 0x63, 0x75, 0x64, 0x61, 0x33, 0x73, 0x74, 0x64,
    0x33, 0x5f, 0x5f, 0x34, 0x35, 0x5f, 0x5f, 0x63, 0x70, 0x6f, 0x36, 0x63, 0x62, 0x65, 0x67, 0x69,
    0x6e, 0x45, 0x00, 0x5f, 0x5a, 0x4e, 0x38, 0x37, 0x5f, 0x49, 0x4e, 0x54, 0x45, 0x52, 0x4e, 0x41,
    0x4c, 0x5f, 0x63, 0x62, 0x32, 0x30, 0x63, 0x34, 0x35, 0x33, 0x5f, 0x35, 0x36, 0x5f, 0x74, 0x69,
    0x6c, 0x65, 0x6c, 0x61, 0x6e, 0x67, 0x5f, 0x67, 0x61, 0x74, 0x65, 0x64, 0x5f, 0x64, 0x65, 0x6c,
    0x74, 0x61, 0x5f, 0x72, 0x75, 0x6c, 0x65, 0x5f, 0x63, 0x68, 0x75, 0x6e, 0x6b, 0x5f, 0x6f, 0x5f,
    0x73, 0x6d, 0x31, 0x30, 0x30, 0x5f, 0x64, 0x65, 0x76, 0x69, 0x63, 0x65, 0x5f, 0x6b, 0x65, 0x72,
    0x6e, 0x65, 0x6c, 0x5f, 0x63, 0x75, 0x5f, 0x31, 0x62, 0x36, 0x33, 0x65, 0x30, 0x38, 0x35, 0x34,
    0x63, 0x75, 0x64, 0x61, 0x33, 0x73, 0x74, 0x64, 0x33, 0x5f, 0x5f, 0x34, 0x35, 0x5f, 0x5f, 0x63,
    0x70, 0x6f, 0x34, 0x63, 0x65, 0x6e, 0x64, 0x45, 0x00, 0x5f, 0x5a, 0x4e, 0x38, 0x37, 0x5f, 0x49,
    0x4e, 0x54, 0x45, 0x52, 0x4e, 0x41, 0x4c, 0x5f, 0x63, 0x62, 0x32, 0x30, 0x63, 0x34, 0x35, 0x33,
    0x5f, 0x35, 0x36, 0x5f, 0x74, 0x69, 0x6c, 0x65, 0x6c, 0x61, 0x6e, 0x67, 0x5f, 0x67, 0x61, 0x74,
    0x65, 0x64, 0x5f, 0x64, 0x65, 0x6c, 0x74, 0x61, 0x5f, 0x72, 0x75, 0x6c, 0x65, 0x5f, 0x63, 0x68,
    0x75, 0x6e, 0x6b, 0x5f, 0x6f, 0x5f, 0x73, 0x6d, 0x31, 0x30, 0x30, 0x5f, 0x64, 0x65, 0x76, 0x69,
    0x63, 0x65, 0x5f, 0x6b, 0x65, 0x72, 0x6e, 0x65, 0x6c, 0x5f, 0x63, 0x75, 0x5f, 0x31, 0x62, 0x36,
    0x33, 0x65, 0x30, 0x38, 0x35, 0x34, 0x63, 0x75, 0x64, 0x61, 0x33, 0x73, 0x74, 0x64, 0x33, 0x5f,
    0x5f, 0x34, 0x31, 0x39, 0x70, 0x69, 0x65, 0x63, 0x65, 0x77, 0x69, 0x73, 0x65, 0x5f, 0x63, 0x6f,
    0x6e, 0x73, 0x74, 0x72, 0x75, 0x63, 0x74, 0x45, 0x00, 0x5f, 0x5a, 0x4e, 0x38, 0x37, 0x5f, 0x49,
    0x4e, 0x54, 0x45, 0x52, 0x4e, 0x41, 0x4c, 0x5f, 0x63, 0x62, 0x32, 0x30, 0x63, 0x34, 0x35, 0x33,
    0x5f, 0x35, 0x36, 0x5f, 0x74, 0x69, 0x6c, 0x65, 0x6c, 0x61, 0x6e, 0x67, 0x5f, 0x67, 0x61, 0x74,
    0x65, 0x64, 0x5f, 0x64, 0x65, 0x6c, 0x74, 0x61, 0x5f, 0x72, 0x75, 0x6c, 0x65, 0x5f, 0x63, 0x68,
    0x75, 0x6e, 0x6b, 0x5f, 0x6f, 0x5f, 0x73, 0x6d, 0x31, 0x30, 0x30, 0x5f, 0x64, 0x65, 0x76, 0x69,
    0x63, 0x65, 0x5f, 0x6b, 0x65, 0x72, 0x6e, 0x65, 0x6c, 0x5f, 0x63, 0x75, 0x5f, 0x31, 0x62, 0x36,
    0x33, 0x65, 0x30, 0x38, 0x35, 0x34, 0x63, 0x75, 0x64, 0x61, 0x33, 0x73, 0x74, 0x64, 0x33, 0x5f,
    0x5f, 0x34, 0x38, 0x69, 0x6e, 0x5f, 0x70, 0x6c, 0x61, 0x63, 0x65, 0x45, 0x00, 0x5f, 0x5a, 0x4e,
    0x38, 0x37, 0x5f, 0x49, 0x4e, 0x54, 0x45, 0x52, 0x4e, 0x41, 0x4c, 0x5f, 0x63, 0x62, 0x32, 0x30,
    0x63, 0x34, 0x35, 0x33, 0x5f, 0x35, 0x36, 0x5f, 0x74, 0x69, 0x6c, 0x65, 0x6c, 0x61, 0x6e, 0x67,
    0x5f, 0x67, 0x61, 0x74, 0x65, 0x64, 0x5f, 0x64, 0x65, 0x6c, 0x74, 0x61, 0x5f, 0x72, 0x75, 0x6c,
    0x65, 0x5f, 0x63, 0x68, 0x75, 0x6e, 0x6b, 0x5f, 0x6f, 0x5f, 0x73, 0x6d, 0x31, 0x30, 0x30, 0x5f,
    0x64, 0x65, 0x76, 0x69, 0x63, 0x65, 0x5f, 0x6b, 0x65, 0x72, 0x6e, 0x65, 0x6c, 0x5f, 0x63, 0x75,
    0x5f, 0x31, 0x62, 0x36, 0x33, 0x65, 0x30, 0x38, 0x35, 0x34, 0x63, 0x75, 0x64, 0x61, 0x33, 0x73,
    0x74, 0x64, 0x36, 0x72, 0x61, 0x6e, 0x67, 0x65, 0x73, 0x33, 0x5f, 0x5f, 0x34, 0x35, 0x5f, 0x5f,
    0x63, 0x70, 0x6f, 0x34, 0x73, 0x77, 0x61, 0x70, 0x45, 0x00, 0x5f, 0x5a, 0x4e, 0x38, 0x37, 0x5f,
    0x49, 0x4e, 0x54, 0x45, 0x52, 0x4e, 0x41, 0x4c, 0x5f, 0x63, 0x62, 0x32, 0x30, 0x63, 0x34, 0x35,
    0x33, 0x5f, 0x35, 0x36, 0x5f, 0x74, 0x69, 0x6c, 0x65, 0x6c, 0x61, 0x6e, 0x67, 0x5f, 0x67, 0x61,
    0x74, 0x65, 0x64, 0x5f, 0x64, 0x65, 0x6c, 0x74, 0x61, 0x5f, 0x72, 0x75, 0x6c, 0x65, 0x5f, 0x63,
    0x68, 0x75, 0x6e, 0x6b, 0x5f, 0x6f, 0x5f, 0x73, 0x6d, 0x31, 0x30, 0x30, 0x5f, 0x64, 0x65, 0x76,
    0x69, 0x63, 0x65, 0x5f, 0x6b, 0x65, 0x72, 0x6e, 0x65, 0x6c, 0x5f, 0x63, 0x75, 0x5f, 0x31, 0x62,
    0x36, 0x33, 0x65, 0x30, 0x38, 0x35, 0x34, 0x63, 0x75, 0x64, 0x61, 0x33, 0x73, 0x74, 0x64, 0x36,
    0x72, 0x61, 0x6e, 0x67, 0x65, 0x73, 0x33, 0x5f, 0x5f, 0x34, 0x35, 0x5f, 0x5f, 0x63, 0x70, 0x6f,
    0x39, 0x69, 0x74, 0x65, 0x72, 0x5f, 0x6d, 0x6f, 0x76, 0x65, 0x45, 0x00, 0x5f, 0x5a, 0x4e, 0x38,
    0x37, 0x5f, 0x49, 0x4e, 0x54, 0x45, 0x52, 0x4e, 0x41, 0x4c, 0x5f, 0x63, 0x62, 0x32, 0x30, 0x63,
    0x34, 0x35, 0x33, 0x5f, 0x35, 0x36, 0x5f, 0x74, 0x69, 0x6c, 0x65, 0x6c, 0x61, 0x6e, 0x67, 0x5f,
    0x67, 0x61, 0x74, 0x65, 0x64, 0x5f, 0x64, 0x65, 0x6c, 0x74, 0x61, 0x5f, 0x72, 0x75, 0x6c, 0x65,
    0x5f, 0x63, 0x68, 0x75, 0x6e, 0x6b, 0x5f, 0x6f, 0x5f, 0x73, 0x6d, 0x31, 0x30, 0x30, 0x5f, 0x64,
    0x65, 0x76, 0x69, 0x63, 0x65, 0x5f, 0x6b, 0x65, 0x72, 0x6e, 0x65, 0x6c, 0x5f, 0x63, 0x75, 0x5f,
    0x31, 0x62, 0x36, 0x33, 0x65, 0x30, 0x38, 0x35, 0x34, 0x63, 0x75, 0x74, 0x65, 0x37, 0x70, 0x72,
    0x6f, 0x64, 0x75, 0x63, 0x74, 0x45, 0x00, 0x5f, 0x5a, 0x4e, 0x38, 0x37, 0x5f, 0x49, 0x4e, 0x54,
    0x45, 0x52, 0x4e, 0x41, 0x4c, 0x5f, 0x63, 0x62, 0x32, 0x30, 0x63, 0x34, 0x35, 0x33, 0x5f, 0x35,
    0x36, 0x5f, 0x74, 0x69, 0x6c, 0x65, 0x6c, 0x61, 0x6e, 0x67, 0x5f, 0x67, 0x61, 0x74, 0x65, 0x64,
    0x5f, 0x64, 0x65, 0x6c, 0x74, 0x61, 0x5f, 0x72, 0x75, 0x6c, 0x65, 0x5f, 0x63, 0x68, 0x75, 0x6e,
    0x6b, 0x5f, 0x6f, 0x5f, 0x73, 0x6d, 0x31, 0x30, 0x30, 0x5f, 0x64, 0x65, 0x76, 0x69, 0x63, 0x65,
    0x5f, 0x6b, 0x65, 0x72, 0x6e, 0x65, 0x6c, 0x5f, 0x63, 0x75, 0x5f, 0x31, 0x62, 0x36, 0x33, 0x65,
    0x30, 0x38, 0x35, 0x34, 0x63, 0x75, 0x74, 0x65, 0x31, 0x5f, 0x45, 0x00, 0x2e, 0x6e, 0x76, 0x2e,
    0x72, 0x65, 0x73, 0x65, 0x72, 0x76, 0x65, 0x64, 0x53, 0x6d, 0x65, 0x6d, 0x2e, 0x63, 0x61, 0x70,
    0x00, 0x2e, 0x6e, 0x76, 0x2e, 0x63, 0x6f, 0x6d, 0x70, 0x61, 0x74, 0x00, 0x2e, 0x72, 0x65, 0x6c,
    0x2e, 0x74, 0x65, 0x78, 0x74, 0x2e, 0x6b, 0x65, 0x72, 0x6e, 0x65, 0x6c, 0x5f, 0x6b, 0x65, 0x72,
    0x6e, 0x65, 0x6c, 0x00, 0x2e, 0x72, 0x65, 0x6c, 0x61, 0x2e, 0x74, 0x65, 0x78, 0x74, 0x2e, 0x6b,
    0x65, 0x72, 0x6e, 0x65, 0x6c, 0x5f, 0x6b, 0x65, 0x72, 0x6e, 0x65, 0x6c, 0x00, 0x2e, 0x64, 0x65,
    0x62, 0x75, 0x67, 0x5f, 0x66, 0x72, 0x61, 0x6d, 0x65, 0x00, 0x2e, 0x72, 0x65, 0x6c, 0x2e, 0x6e,
    0x76, 0x2e, 0x63, 0x6f, 0x6e, 0x73, 0x74, 0x61, 0x6e, 0x74, 0x2e, 0x70, 0x69, 0x63, 0x00, 0x2e,
    0x72, 0x65, 0x6c, 0x61, 0x2e, 0x6e, 0x76, 0x2e, 0x63, 0x6f, 0x6e, 0x73, 0x74, 0x61, 0x6e, 0x74,
    0x2e, 0x70, 0x69, 0x63, 0x00, 0x2e, 0x72, 0x65, 0x6c, 0x2e, 0x64, 0x65, 0x62, 0x75, 0x67, 0x5f,
    0x66, 0x72, 0x61, 0x6d, 0x65, 0x00, 0x2e, 0x72, 0x65, 0x6c, 0x61, 0x2e, 0x64, 0x65, 0x62, 0x75,
    0x67, 0x5f, 0x66, 0x72, 0x61, 0x6d, 0x65, 0x00, 0x2e, 0x6e, 0x76, 0x2e, 0x63, 0x61, 0x6c, 0x6c,
    0x67, 0x72, 0x61, 0x70, 0x68, 0x00, 0x2e, 0x6e, 0x76, 0x2e, 0x70, 0x72, 0x6f, 0x74, 0x6f, 0x74,
    0x79, 0x70, 0x65, 0x00, 0x6b, 0x65, 0x72, 0x6e, 0x65, 0x6c, 0x5f, 0x6b, 0x65, 0x72, 0x6e, 0x65,
    0x6c, 0x00, 0x2e, 0x6e, 0x76, 0x2e, 0x63, 0x6f, 0x6e, 0x73, 0x74, 0x61, 0x6e, 0x74, 0x34, 0x00,
    0x2e, 0x6e, 0x76, 0x2e, 0x63, 0x6f, 0x6e, 0x73, 0x74, 0x61, 0x6e, 0x74, 0x30, 0x2e, 0x6b, 0x65,
    0x72, 0x6e, 0x65, 0x6c, 0x5f, 0x6b, 0x65, 0x72, 0x6e, 0x65, 0x6c, 0x00, 0x00, 0x00, 0x00, 0x00,
    0x00, 0x00, 0x00, 0x00, 0x00, 0x00, 0x00, 0x00, 0x00, 0x00, 0x00, 0x00, 0x00, 0x00, 0x00, 0x00,
    0x00, 0x00, 0x00, 0x00, 0x00, 0x00, 0x00, 0x00, 0x00, 0x00, 0x00, 0x00, 0x00, 0x00, 0x00, 0x00,
    0x00, 0x00, 0x00, 0x00, 0x00, 0x00, 0x00, 0x00, 0x00, 0x00, 0x00, 0x00, 0x00, 0x00, 0x00, 0x00,
    0x51, 0x00, 0x00, 0x00, 0x03, 0x00, 0x0f, 0x00, 0x00, 0x00, 0x00, 0x00, 0x00, 0x00, 0x00, 0x00,
    0x00, 0x00, 0x00, 0x00, 0x00, 0x00, 0x00, 0x00, 0x95, 0x00, 0x00, 0x00, 0x21, 0x00, 0x00, 0x00,
    0x40, 0x00, 0x00, 0x00, 0x00, 0x00, 0x00, 0x00, 0x04, 0x00, 0x00, 0x00, 0x00, 0x00, 0x00, 0x00,
    0xc4, 0x00, 0x00, 0x00, 0x20, 0xa0, 0x11, 0x00, 0x40, 0x00, 0x00, 0x00, 0x00, 0x00, 0x00, 0x00,
    0x00, 0x00, 0x00, 0x00, 0x00, 0x00, 0x00, 0x00, 0xe5, 0x00, 0x00, 0x00, 0x03, 0x00, 0x12, 0x00,
    0x00, 0x00, 0x00, 0x00, 0x00, 0x00, 0x00, 0x00, 0x00, 0x00, 0x00, 0x00, 0x00, 0x00, 0x00, 0x00,
    0xf0, 0x00, 0x00, 0x00, 0x01, 0x00, 0x12, 0x00, 0x01, 0x00, 0x00, 0x00, 0x00, 0x00, 0x00, 0x00,
    0x01, 0x00, 0x00, 0x00, 0x00, 0x00, 0x00, 0x00, 0x74, 0x06, 0x00, 0x00, 0x03, 0x00, 0x0e, 0x00,
    0x00, 0x00, 0x00, 0x00, 0x00, 0x00, 0x00, 0x00, 0x00, 0x00, 0x00, 0x00, 0x00, 0x00, 0x00, 0x00,
    0x78, 0x01, 0x00, 0x00, 0x01, 0x00, 0x12, 0x00, 0x06, 0x00, 0x00, 0x00, 0x00, 0x00, 0x00, 0x00,
    0x01, 0x00, 0x00, 0x00, 0x00, 0x00, 0x00, 0x00, 0xed, 0x01, 0x00, 0x00, 0x01, 0x00, 0x12, 0x00,
    0x03, 0x00, 0x00, 0x00, 0x00, 0x00, 0x00, 0x00, 0x01, 0x00, 0x00, 0x00, 0x00, 0x00, 0x00, 0x00,
    0x65, 0x02, 0x00, 0x00, 0x01, 0x00, 0x12, 0x00, 0x08, 0x00, 0x00, 0x00, 0x00, 0x00, 0x00, 0x00,
    0x01, 0x00, 0x00, 0x00, 0x00, 0x00, 0x00, 0x00, 0xdb, 0x02, 0x00, 0x00, 0x01, 0x00, 0x12, 0x00,
    0x02, 0x00, 0x00, 0x00, 0x00, 0x00, 0x00, 0x00, 0x01, 0x00, 0x00, 0x00, 0x00, 0x00, 0x00, 0x00,
    0x5b, 0x03, 0x00, 0x00, 0x01, 0x00, 0x12, 0x00, 0x07, 0x00, 0x00, 0x00, 0x00, 0x00, 0x00, 0x00,
    0x01, 0x00, 0x00, 0x00, 0x00, 0x00, 0x00, 0x00, 0xcf, 0x03, 0x00, 0x00, 0x01, 0x00, 0x12, 0x00,
    0x04, 0x00, 0x00, 0x00, 0x00, 0x00, 0x00, 0x00, 0x01, 0x00, 0x00, 0x00, 0x00, 0x00, 0x00, 0x00,
    0x4c, 0x04, 0x00, 0x00, 0x01, 0x00, 0x12, 0x00, 0x09, 0x00, 0x00, 0x00, 0x00, 0x00, 0x00, 0x00,
    0x01, 0x00, 0x00, 0x00, 0x00, 0x00, 0x00, 0x00, 0xce, 0x04, 0x00, 0x00, 0x01, 0x00, 0x12, 0x00,
    0x00, 0x00, 0x00, 0x00, 0x00, 0x00, 0x00, 0x00, 0x01, 0x00, 0x00, 0x00, 0x00, 0x00, 0x00, 0x00,
    0x39, 0x05, 0x00, 0x00, 0x01, 0x00, 0x12, 0x00, 0x05, 0x00, 0x00, 0x00, 0x00, 0x00, 0x00, 0x00,
    0x01, 0x00, 0x00, 0x00, 0x00, 0x00, 0x00, 0x00, 0x9e, 0x05, 0x00, 0x00, 0x21, 0x00, 0x00, 0x00,
    0x00, 0x04, 0x00, 0x00, 0x00, 0x00, 0x00, 0x00, 0x04, 0x00, 0x00, 0x00, 0x00, 0x00, 0x00, 0x00,
    0xef, 0x05, 0x00, 0x00, 0x03, 0x00, 0x04, 0x00, 0x00, 0x00, 0x00, 0x00, 0x00, 0x00, 0x00, 0x00,
    0x00, 0x00, 0x00, 0x00, 0x00, 0x00, 0x00, 0x00, 0x4a, 0x06, 0x00, 0x00, 0x03, 0x00, 0x0a, 0x00,
    0x00, 0x00, 0x00, 0x00, 0x00, 0x00, 0x00, 0x00, 0x00, 0x00, 0x00, 0x00, 0x00, 0x00, 0x00, 0x00,
    0x66, 0x06, 0x00, 0x00, 0x12, 0x10, 0x0f, 0x00, 0x00, 0x00, 0x00, 0x00, 0x00, 0x00, 0x00, 0x00,
    0x80, 0x64, 0x00, 0x00, 0x00, 0x00, 0x00, 0x00, 0x82, 0x06, 0x00, 0x00, 0x03, 0x00, 0x13, 0x00,
    0x00, 0x00, 0x00, 0x00, 0x00, 0x00, 0x00, 0x00, 0x00, 0x00, 0x00, 0x00, 0x00, 0x00, 0x00, 0x00,
    0xff, 0xff, 0xff, 0xff, 0x24, 0x00, 0x00, 0x00, 0x00, 0x00, 0x00, 0x00, 0xff, 0xff, 0xff, 0xff,
    0xff, 0xff, 0xff, 0xff, 0x03, 0x00, 0x04, 0x7c, 0xff, 0xff, 0xff, 0xff, 0x0f, 0x0c, 0x81, 0x80,
    0x80, 0x28, 0x00, 0x08, 0xff, 0x81, 0x80, 0x28, 0x08, 0x81, 0x80, 0x80, 0x28, 0x00, 0x00, 0x00,
    0xff, 0xff, 0xff, 0xff, 0x2c, 0x00, 0x00, 0x00, 0x00, 0x00, 0x00, 0x00, 0x00, 0x00, 0x00, 0x00,
    0x00, 0x00, 0x00, 0x00, 0x00, 0x00, 0x00, 0x00, 0x00, 0x00, 0x00, 0x00, 0x80, 0x64, 0x00, 0x00,
    0x00, 0x00, 0x00, 0x00, 0x04, 0x74, 0x0c, 0x00, 0x00, 0x0c, 0x81, 0x80, 0x80, 0x28, 0x00, 0x04,
    0x6c, 0x0c, 0x00, 0x00, 0x00, 0x00, 0x00, 0x00, 0x0c, 0x00, 0x00, 0x00, 0x8c, 0x00, 0x00, 0x00,
    0xd0, 0x07, 0x00, 0x00, 0x4e, 0x56, 0x49, 0x44, 0x49, 0x41, 0x20, 0x43, 0x6f, 0x72, 0x70, 0x00,
    0x80, 0x00, 0x00, 0x00, 0x00, 0x00, 0x00, 0x00, 0x01, 0x00, 0x00, 0x00, 0x07, 0x00, 0x00, 0x00,
    0x36, 0x00, 0x00, 0x00, 0x60, 0x00, 0x00, 0x00, 0x00, 0x70, 0x74, 0x78, 0x61, 0x73, 0x00, 0x43,
    0x75, 0x64, 0x61, 0x20, 0x63, 0x6f, 0x6d, 0x70, 0x69, 0x6c, 0x61, 0x74, 0x69, 0x6f, 0x6e, 0x20,
    0x74, 0x6f, 0x6f, 0x6c, 0x73, 0x2c, 0x20, 0x72, 0x65, 0x6c, 0x65, 0x61, 0x73, 0x65, 0x20, 0x31,
    0x32, 0x2e, 0x38, 0x2c, 0x20, 0x56, 0x31, 0x32, 0x2e, 0x38, 0x2e, 0x39, 0x33, 0x00, 0x42, 0x75,
    0x69, 0x6c, 0x64, 0x20, 0x63, 0x75, 0x64, 0x61, 0x5f, 0x31, 0x32, 0x2e, 0x38, 0x2e, 0x72, 0x31,
    0x32, 0x2e, 0x38, 0x2f, 0x63, 0x6f, 0x6d, 0x70, 0x69, 0x6c, 0x65, 0x72, 0x2e, 0x33, 0x35, 0x35,
    0x38, 0x33, 0x38, 0x37, 0x30, 0x5f, 0x30, 0x00, 0x2d, 0x61, 0x72, 0x63, 0x68, 0x20, 0x73, 0x6d,
    0x5f, 0x31, 0x30, 0x30, 0x20, 0x2d, 0x6d, 0x20, 0x36, 0x34, 0x20, 0x00, 0x0c, 0x00, 0x00, 0x00,
    0x0c, 0x00, 0x00, 0x00, 0xe8, 0x03, 0x00, 0x00, 0x4e, 0x56, 0x49, 0x44, 0x49, 0x41, 0x20, 0x43,
    0x6f, 0x72, 0x70, 0x00, 0x01, 0x00, 0x64, 0x00, 0x01, 0x00, 0x00, 0x00, 0x01, 0x00, 0x00, 0x00,
    0x04, 0x2f, 0x08, 0x00, 0x13, 0x00, 0x00, 0x00, 0xa4, 0x00, 0x00, 0x00, 0x04, 0x11, 0x08, 0x00,
    0x13, 0x00, 0x00, 0x00, 0x00, 0x00, 0x00, 0x00, 0x04, 0x12, 0x08, 0x00, 0x13, 0x00, 0x00, 0x00,
    0x00, 0x00, 0x00, 0x00, 0x04, 0x37, 0x04, 0x00, 0x80, 0x00, 0x00, 0x00, 0x04, 0x17, 0x0c, 0x00,
    0x00, 0x00, 0x00, 0x00, 0x14, 0x00, 0x68, 0x00, 0x00, 0xf0, 0x11, 0x00, 0x04, 0x17, 0x0c, 0x00,
    0x00, 0x00, 0x00, 0x00, 0x13, 0x00, 0x64, 0x00, 0x00, 0xf0, 0x11, 0x00, 0x04, 0x17, 0x0c, 0x00,
    0x00, 0x00, 0x00, 0x00, 0x12, 0x00, 0x60, 0x00, 0x00, 0xf0, 0x11, 0x00, 0x04, 0x17, 0x0c, 0x00,
    0x00, 0x00, 0x00, 0x00, 0x11, 0x00, 0x5c, 0x00, 0x00, 0xf0, 0x11, 0x00, 0x04, 0x17, 0x0c, 0x00,
    0x00, 0x00, 0x00, 0x00, 0x10, 0x00, 0x58, 0x00, 0x00, 0xf0, 0x11, 0x00, 0x04, 0x17, 0x0c, 0x00,
    0x00, 0x00, 0x00, 0x00, 0x0f, 0x00, 0x54, 0x00, 0x00, 0xf0, 0x11, 0x00, 0x04, 0x17, 0x0c, 0x00,
    0x00, 0x00, 0x00, 0x00, 0x0e, 0x00, 0x50, 0x00, 0x00, 0xf0, 0x11, 0x00, 0x04, 0x17, 0x0c, 0x00,
    0x00, 0x00, 0x00, 0x00, 0x0d, 0x00, 0x4c, 0x00, 0x00, 0xf0, 0x11, 0x00, 0x04, 0x17, 0x0c, 0x00,
    0x00, 0x00, 0x00, 0x00, 0x0c, 0x00, 0x48, 0x00, 0x00, 0xf0, 0x11, 0x00, 0x04, 0x17, 0x0c, 0x00,
    0x00, 0x00, 0x00, 0x00, 0x0b, 0x00, 0x44, 0x00, 0x00, 0xf0, 0x11, 0x00, 0x04, 0x17, 0x0c, 0x00,
    0x00, 0x00, 0x00, 0x00, 0x0a, 0x00, 0x40, 0x00, 0x00, 0xf0, 0x11, 0x00, 0x04, 0x17, 0x0c, 0x00,
    0x00, 0x00, 0x00, 0x00, 0x09, 0x00, 0x3c, 0x00, 0x00, 0xf0, 0x11, 0x00, 0x04, 0x17, 0x0c, 0x00,
    0x00, 0x00, 0x00, 0x00, 0x08, 0x00, 0x38, 0x00, 0x00, 0xf0, 0x11, 0x00, 0x04, 0x17, 0x0c, 0x00,
    0x00, 0x00, 0x00, 0x00, 0x07, 0x00, 0x34, 0x00, 0x00, 0xf0, 0x11, 0x00, 0x04, 0x17, 0x0c, 0x00,
    0x00, 0x00, 0x00, 0x00, 0x06, 0x00, 0x30, 0x00, 0x00, 0xf0, 0x11, 0x00, 0x04, 0x17, 0x0c, 0x00,
    0x00, 0x00, 0x00, 0x00, 0x05, 0x00, 0x28, 0x00, 0x00, 0xf0, 0x21, 0x00, 0x04, 0x17, 0x0c, 0x00,
    0x00, 0x00, 0x00, 0x00, 0x04, 0x00, 0x20, 0x00, 0x00, 0xf0, 0x21, 0x00, 0x04, 0x17, 0x0c, 0x00,
    0x00, 0x00, 0x00, 0x00, 0x03, 0x00, 0x18, 0x00, 0x00, 0xf0, 0x21, 0x00, 0x04, 0x17, 0x0c, 0x00,
    0x00, 0x00, 0x00, 0x00, 0x02, 0x00, 0x10, 0x00, 0x00, 0xf0, 0x21, 0x00, 0x04, 0x17, 0x0c, 0x00,
    0x00, 0x00, 0x00, 0x00, 0x01, 0x00, 0x08, 0x00, 0x00, 0xf0, 0x21, 0x00, 0x04, 0x17, 0x0c, 0x00,
    0x00, 0x00, 0x00, 0x00, 0x00, 0x00, 0x00, 0x00, 0x00, 0xf0, 0x21, 0x00, 0x03, 0x50, 0x00, 0x00,
    0x03, 0x1b, 0xff, 0x00, 0x02, 0x4c, 0x01, 0x00, 0x02, 0x4a, 0x00, 0x00, 0x04, 0x1c, 0x0c, 0x00,
    0xf0, 0x62, 0x00, 0x00, 0x60, 0x63, 0x00, 0x00, 0x80, 0x63, 0x00, 0x00, 0x04, 0x05, 0x0c, 0x00,
    0x80, 0x00, 0x00, 0x00, 0x01, 0x00, 0x00, 0x00, 0x01, 0x00, 0x00, 0x00, 0x04, 0x1e, 0x04, 0x00,
    0x00, 0x00, 0x00, 0x00, 0x03, 0x19, 0x6c, 0x00, 0x04, 0x0a, 0x08, 0x00, 0x14, 0x00, 0x00, 0x00,
    0x80, 0x03, 0x6c, 0x00, 0x04, 0x36, 0x04, 0x00, 0x08, 0x00, 0x00, 0x00, 0x02, 0x02, 0x01, 0x00,
    0x02, 0x05, 0x05, 0x00, 0x02, 0x03, 0x00, 0x00, 0x02, 0x06, 0x01, 0x00, 0x00, 0x00, 0x00, 0x00,
    0xff, 0xff, 0xff, 0xff, 0x00, 0x00, 0x00, 0x00, 0xfe, 0xff, 0xff, 0xff, 0x00, 0x00, 0x00, 0x00,
    0xfd, 0xff, 0xff, 0xff, 0x00, 0x00, 0x00, 0x00, 0xfc, 0xff, 0xff, 0xff, 0x00, 0x00, 0x00, 0x00,
    0x48, 0x00, 0x00, 0x00, 0x00, 0x00, 0x00, 0x00, 0x02, 0x00, 0x00, 0x00, 0x0f, 0x00, 0x00, 0x00,
    0x00, 0x00, 0x00, 0x00, 0x00, 0x00, 0x00, 0x00, 0x40, 0x00, 0x00, 0x00, 0x00, 0x00, 0x00, 0x00,
    0x02, 0x00, 0x00, 0x00, 0x0e, 0x00, 0x00, 0x00, 0x00, 0x00, 0x00, 0x00, 0x00, 0x00, 0x00, 0x00,
    0x38, 0x00, 0x00, 0x00, 0x00, 0x00, 0x00, 0x00, 0x02, 0x00, 0x00, 0x00, 0x0d, 0x00, 0x00, 0x00,
    0x00, 0x00, 0x00, 0x00, 0x00, 0x00, 0x00, 0x00, 0x30, 0x00, 0x00, 0x00, 0x00, 0x00, 0x00, 0x00,
    0x02, 0x00, 0x00, 0x00, 0x0c, 0x00, 0x00, 0x00, 0x00, 0x00, 0x00, 0x00, 0x00, 0x00, 0x00, 0x00,
    0x28, 0x00, 0x00, 0x00, 0x00, 0x00, 0x00, 0x00, 0x02, 0x00, 0x00, 0x00, 0x0b, 0x00, 0x00, 0x00,
    0x00, 0x00, 0x00, 0x00, 0x00, 0x00, 0x00, 0x00, 0x20, 0x00, 0x00, 0x00, 0x00, 0x00, 0x00, 0x00,
    0x02, 0x00, 0x00, 0x00, 0x0a, 0x00, 0x00, 0x00, 0x00, 0x00, 0x00, 0x00, 0x00, 0x00, 0x00, 0x00,
    0x18, 0x00, 0x00, 0x00, 0x00, 0x00, 0x00, 0x00, 0x02, 0x00, 0x00, 0x00, 0x09, 0x00, 0x00, 0x00,
    0x00, 0x00, 0x00, 0x00, 0x00, 0x00, 0x00, 0x00, 0x10, 0x00, 0x00, 0x00, 0x00, 0x00, 0x00, 0x00,
    0x02, 0x00, 0x00, 0x00, 0x08, 0x00, 0x00, 0x00, 0x00, 0x00, 0x00, 0x00, 0x00, 0x00, 0x00, 0x00,
    0x08, 0x00, 0x00, 0x00, 0x00, 0x00, 0x00, 0x00, 0x02, 0x00, 0x00, 0x00, 0x07, 0x00, 0x00, 0x00,
    0x00, 0x00, 0x00, 0x00, 0x00, 0x00, 0x00, 0x00, 0x00, 0x00, 0x00, 0x00, 0x00, 0x00, 0x00, 0x00,
    0x02, 0x00, 0x00, 0x00, 0x05, 0x00, 0x00, 0x00, 0x00, 0x00, 0x00, 0x00, 0x00, 0x00, 0x00, 0x00,
    0x44, 0x00, 0x00, 0x00, 0x00, 0x00, 0x00, 0x00, 0x02, 0x00, 0x00, 0x00, 0x13, 0x00, 0x00, 0x00,
    0x00, 0x00, 0x00, 0x00, 0x00, 0x00, 0x00, 0x00, 0x00, 0x00, 0x00, 0x00, 0x00, 0x00, 0x00, 0x00,
    0x00, 0x00, 0x00, 0x00, 0x00, 0x00, 0x00, 0x00, 0x00, 0x00, 0x00, 0x00, 0x00, 0x00, 0x00, 0x00,
    0x00, 0x00, 0x00, 0x00, 0x00, 0x00, 0x00, 0x00, 0x00, 0x00, 0x00, 0x00, 0x00, 0x00, 0x00, 0x00,
    0x00, 0x00, 0x00, 0x00, 0x00, 0x00, 0x00, 0x00, 0x00, 0x00, 0x00, 0x00, 0x00, 0x00, 0x00, 0x00,
    0x00, 0x00, 0x00, 0x00, 0x00, 0x00, 0x00, 0x00, 0x00, 0x00, 0x00, 0x00, 0x00, 0x00, 0x00, 0x00,
    0x00, 0x00, 0x00, 0x00, 0x00, 0x00, 0x00, 0x00, 0x00, 0x00, 0x00, 0x00, 0x00, 0x00, 0x00, 0x00,
    0x00, 0x00, 0x00, 0x00, 0x00, 0x00, 0x00, 0x00, 0x00, 0x00, 0x00, 0x00, 0x00, 0x00, 0x00, 0x00,
    0x00, 0x00, 0x00, 0x00, 0x00, 0x00, 0x00, 0x00, 0x00, 0x00, 0x00, 0x00, 0x00, 0x00, 0x00, 0x00,
    0x00, 0x00, 0x00, 0x00, 0x00, 0x00, 0x00, 0x00, 0x00, 0x00, 0x00, 0x00, 0x00, 0x00, 0x00, 0x00,
    0x00, 0x00, 0x00, 0x00, 0x00, 0x00, 0x00, 0x00, 0x00, 0x00, 0x00, 0x00, 0x00, 0x00, 0x00, 0x00,
    0x82, 0x7b, 0x01, 0xff, 0x00, 0xdf, 0x00, 0x00, 0x00, 0x08, 0x00, 0x00, 0x00, 0x22, 0x0e, 0x00,
    0x19, 0x79, 0x56, 0x00, 0x00, 0x00, 0x00, 0x00, 0x00, 0x26, 0x00, 0x00, 0x00, 0x62, 0x0e, 0x00,
    0xac, 0x77, 0x04, 0xff, 0x00, 0x77, 0x00, 0x00, 0x00, 0x08, 0x00, 0x08, 0x00, 0xa2, 0x0e, 0x00,
    0x19, 0x79, 0x00, 0x00, 0x00, 0x00, 0x00, 0x00, 0x00, 0x21, 0x00, 0x00, 0x00, 0xe2, 0x0e, 0x00,
    0xac, 0x77, 0x08, 0xff, 0x80, 0x7a, 0x00, 0x00, 0x00, 0x08, 0x00, 0x08, 0x00, 0x22, 0x0f, 0x00,
    0x19, 0x79, 0x84, 0x00, 0x00, 0x00, 0x00, 0x00, 0x00, 0x27, 0x00, 0x00, 0x00, 0x62, 0x0f, 0x00,
    0xac, 0x77, 0x05, 0xff, 0x80, 0x7c, 0x00, 0x00, 0x00, 0x08, 0x00, 0x08, 0x00, 0x22, 0x0e, 0x00,
    0xac, 0x77, 0x09, 0xff, 0x00, 0x76, 0x00, 0x00, 0x00, 0x08, 0x00, 0x08, 0x00, 0x22, 0x0e, 0x00,
    0xac, 0x77, 0x06, 0xff, 0x00, 0x72, 0x00, 0x00, 0x00, 0x0a, 0x00, 0x08, 0x00, 0x22, 0x0e, 0x00,
    0x24, 0x78, 0x83, 0x56, 0x40, 0x00, 0x00, 0x00, 0xff, 0x00, 0x8e, 0x07, 0x00, 0xe2, 0x2f, 0x00,
    0x19, 0x78, 0x82, 0xff, 0x04, 0x00, 0x00, 0x00, 0x00, 0x16, 0x01, 0x00, 0x00, 0xe2, 0x8f, 0x10,
    0x24, 0x78, 0x06, 0x00, 0x08, 0x00, 0x00, 0x00, 0xff, 0x00, 0x8e, 0x07, 0x00, 0xe2, 0x0f, 0x00,
    0x19, 0x78, 0x0c, 0xff, 0x06, 0x00, 0x00, 0x00, 0x00, 0x16, 0x01, 0x00, 0x00, 0xc4, 0x0f, 0x00,
    0x12, 0x72, 0x07, 0x82, 0x83, 0x00, 0x00, 0x00, 0xff, 0xfc, 0x8e, 0x07, 0x00, 0xe2, 0x0f, 0x00,
    0x24, 0x78, 0x86, 0x84, 0x80, 0x00, 0x00, 0x00, 0xff, 0x00, 0x8e, 0x07, 0x00, 0xe2, 0x0f, 0x06,
    0x0c, 0x7c, 0x00, 0x84, 0x04, 0x00, 0x00, 0x00, 0x70, 0x62, 0xfc, 0x0b, 0x00, 0xe4, 0x4f, 0x00,
    0x10, 0x78, 0x08, 0x07, 0x20, 0x00, 0x00, 0x00, 0xff, 0xe0, 0xff, 0x07, 0x00, 0xe2, 0x0f, 0x04,
    0x36, 0x78, 0x02, 0x07, 0x08, 0x00, 0x00, 0x00, 0x00, 0x00, 0x00, 0x00, 0x00, 0xe4, 0x0f, 0x04,
    0x36, 0x78, 0x04, 0x07, 0x10, 0x00, 0x00, 0x00, 0x00, 0x00, 0x00, 0x00, 0x00, 0xe2, 0x0f, 0x04,
    0x0c, 0x7c, 0x00, 0x08, 0x08, 0x00, 0x00, 0x00, 0x70, 0x12, 0x78, 0x0f, 0x00, 0xe2, 0x0f, 0x01,
    0x36, 0x78, 0x05, 0x07, 0x18, 0x00, 0x00, 0x00, 0x00, 0x00, 0x00, 0x00, 0x00, 0xe2, 0x0f, 0x00,
    0x0c, 0x7c, 0x00, 0x02, 0x08, 0x00, 0x00, 0x00, 0x70, 0x12, 0x74, 0x0f, 0x00, 0xc4, 0x0f, 0x00,
    0x0c, 0x7c, 0x00, 0x04, 0x08, 0x00, 0x00, 0x00, 0x70, 0x12, 0x7a, 0x0f, 0x00, 0xe4, 0x0f, 0x00,
    0x0c, 0x7c, 0x00, 0x02, 0x05, 0x00, 0x00, 0x00, 0x70, 0x12, 0x74, 0x09, 0x00, 0xe4, 0x1f, 0x00,
    0x0c, 0x7c, 0x00, 0x04, 0x05, 0x00, 0x00, 0x00, 0x70, 0x12, 0xfa, 0x0a, 0x00, 0xe4, 0x0f, 0x00,
    0x0c, 0x7c, 0x00, 0x05, 0x08, 0x00, 0x00, 0x00, 0x70, 0x12, 0x70, 0x0f, 0x00, 0xe4, 0x0f, 0x04,
    0x0c, 0x7c, 0x00, 0x08, 0x05, 0x00, 0x00, 0x00, 0x70, 0x12, 0x78, 0x0a, 0x00, 0xe4, 0x0f, 0x00,
    0x0c, 0x7c, 0x00, 0x05, 0x05, 0x00, 0x00, 0x00, 0x70, 0x12, 0x70, 0x08, 0x00, 0xca, 0x0f, 0x00,
    0x12, 0x28, 0x09, 0x06, 0x78, 0x00, 0x00, 0x00, 0xff, 0xc0, 0x8e, 0x07, 0x00, 0xe2, 0x0f, 0x00,
    0x25, 0x2c, 0x02, 0x02, 0x04, 0x00, 0x00, 0x00, 0xff, 0x00, 0x8e, 0x0f, 0x00, 0xe2, 0x0f, 0x00,
    0x82, 0x2b, 0x14, 0xff, 0x00, 0xe8, 0x00, 0x00, 0x00, 0x0a, 0x00, 0x00, 0x00, 0x26, 0x0e, 0x00,
    0x24, 0x28, 0x09, 0x84, 0x80, 0x00, 0x00, 0x00, 0x09, 0x02, 0x8e, 0x07, 0x00, 0xe2, 0x0f, 0x00,
    0x12, 0x48, 0x11, 0x06, 0x78, 0x00, 0x00, 0x00, 0xff, 0xc0, 0x8e, 0x07, 0x00, 0xe4, 0x0f, 0x04,
    0x12, 0x08, 0x0b, 0x06, 0x78, 0x00, 0x00, 0x00, 0xff, 0xc0, 0x8e, 0x07, 0x00, 0xe4, 0x0f, 0x00,
    0x11, 0x22, 0x0d, 0x02, 0x09, 0x00, 0x00, 0x00, 0xff, 0x38, 0x82, 0x07, 0x00, 0xe2, 0x0f, 0x00,
    0x82, 0x5b, 0x16, 0xff, 0x00, 0xe8, 0x00, 0x00, 0x00, 0x0a, 0x00, 0x00, 0x00, 0x62, 0x0e, 0x00,
    0x12, 0x58, 0x09, 0x06, 0x78, 0x00, 0x00, 0x00, 0xff, 0xc0, 0x8e, 0x07, 0x00, 0xe2, 0x0f, 0x00,
    0x24, 0x08, 0x0b, 0x84, 0x80, 0x00, 0x00, 0x00, 0x0b, 0x02, 0x8e, 0x07, 0x00, 0xe2, 0x0f, 0x00,
    0x11, 0x22, 0x0a, 0x02, 0xff, 0x00, 0x00, 0x00, 0x03, 0x3c, 0x8f, 0x00, 0x00, 0xe2, 0x0f, 0x00,
    0x25, 0x5c, 0x02, 0x04, 0x04, 0x00, 0x00, 0x00, 0xff, 0x00, 0x8e, 0x0f, 0x00, 0xc8, 0x0f, 0x00,
    0x24, 0x58, 0x0f, 0x84, 0x80, 0x00, 0x00, 0x00, 0x09, 0x02, 0x8e, 0x07, 0x00, 0xe2, 0x0f, 0x00,
    0x82, 0x0b, 0x18, 0xff, 0x00, 0xe8, 0x00, 0x00, 0x00, 0x0a, 0x00, 0x00, 0x00, 0xa2, 0x0e, 0x00,
    0x25, 0x0c, 0x04, 0x05, 0x04, 0x00, 0x00, 0x00, 0xff, 0x00, 0x8e, 0x0f, 0x00, 0xc6, 0x0f, 0x00,
    0x11, 0x52, 0x0f, 0x02, 0x0f, 0x00, 0x00, 0x00, 0xff, 0x38, 0x82, 0x07, 0x00, 0xe2, 0x0f, 0x00,
    0x25, 0x4c, 0x08, 0x08, 0x04, 0x00, 0x00, 0x00, 0xff, 0x00, 0x8e, 0x0f, 0x00, 0xc6, 0x0f, 0x00,
    0x82, 0x4b, 0x1a, 0xff, 0x00, 0xe8, 0x00, 0x00, 0x00, 0x0a, 0x00, 0x00, 0x00, 0xe2, 0x0e, 0x00,
    0x24, 0x48, 0x13, 0x84, 0x80, 0x00, 0x00, 0x00, 0x11, 0x02, 0x8e, 0x07, 0x00, 0xe2, 0x0f, 0x00,
    0x11, 0x52, 0x10, 0x02, 0xff, 0x00, 0x00, 0x00, 0x03, 0x3c, 0x8f, 0x00, 0x00, 0xe2, 0x0f, 0x00,
    0x24, 0x72, 0x03, 0xff, 0xff, 0x00, 0x00, 0x00, 0xff, 0x00, 0x8e, 0x07, 0x00, 0xe2, 0x0f, 0x00,
    0x11, 0x02, 0x11, 0x04, 0x0b, 0x00, 0x00, 0x00, 0xff, 0x38, 0x82, 0x07, 0x00, 0xe4, 0x0f, 0x00,
    0x11, 0x42, 0x0b, 0x08, 0x13, 0x00, 0x00, 0x00, 0xff, 0x38, 0x86, 0x07, 0x00, 0xe4, 0x0f, 0x00,
    0x11, 0x02, 0x04, 0x04, 0xff, 0x00, 0x00, 0x00, 0x05, 0x3c, 0x8f, 0x00, 0x00, 0xe4, 0x0f, 0x00,
    0x11, 0x42, 0x12, 0x08, 0xff, 0x00, 0x00, 0x00, 0x09, 0x3c, 0x8f, 0x01, 0x00, 0xc4, 0x0f, 0x00,
    0x10, 0x22, 0x08, 0x0d, 0x14, 0x00, 0x00, 0x00, 0x0d, 0xe0, 0xb3, 0x07, 0x00, 0xe4, 0x1f, 0x00,
    0x12, 0x78, 0x02, 0x00, 0x3f, 0x00, 0x00, 0x00, 0xff, 0xc0, 0x8e, 0x07, 0x00, 0xe4, 0x0f, 0x00,
    0x10, 0x22, 0x09, 0x0a, 0x15, 0x00, 0x00, 0x00, 0x0a, 0x64, 0xfe, 0x00, 0x00, 0xe4, 0x0f, 0x00,
    0x10, 0x52, 0x0e, 0x0f, 0x16, 0x00, 0x00, 0x00, 0x0f, 0xe0, 0xb3, 0x07, 0x00, 0xe4, 0x2f, 0x00,
    0x10, 0x72, 0x0a, 0x83, 0x02, 0x00, 0x00, 0x00, 0xff, 0xe0, 0xff, 0x07, 0x00, 0xe4, 0x0f, 0x00,
    0x10, 0x52, 0x0f, 0x10, 0x17, 0x00, 0x00, 0x00, 0x10, 0x64, 0xfe, 0x00, 0x00, 0xc4, 0x0f, 0x00,
    0x12, 0x72, 0x02, 0x0c, 0x86, 0x00, 0x00, 0x00, 0xff, 0xfc, 0x8e, 0x07, 0x00, 0xe2, 0x0f, 0x00,
    0x24, 0x78, 0x05, 0x0a, 0x80, 0x00, 0x00, 0x00, 0xff, 0x00, 0x8e, 0x07, 0x00, 0xe2, 0x0f, 0x00,
    0x10, 0x02, 0x10, 0x11, 0x18, 0x00, 0x00, 0x00, 0x11, 0xe0, 0xb3, 0x07, 0x00, 0xe4, 0x4f, 0x00,
    0x03, 0x78, 0x15, 0xff, 0x04, 0x00, 0x00, 0x00, 0x00, 0x00, 0x00, 0x00, 0x00, 0xe2, 0x0f, 0x00,
    0x25, 0x7c, 0x02, 0x05, 0x09, 0x00, 0x00, 0x00, 0x02, 0x00, 0x8e, 0x0f, 0x00, 0xe2, 0x0f, 0x00,
    0x10, 0x02, 0x11, 0x04, 0x19, 0x00, 0x00, 0x00, 0x04, 0x64, 0xfe, 0x00, 0x00, 0xe4, 0x0f, 0x00,
    0x10, 0x42, 0x04, 0x0b, 0x1a, 0x00, 0x00, 0x00, 0x0b, 0xe0, 0xb3, 0x07, 0x00, 0xe4, 0x8f, 0x00,
    0x03, 0x78, 0x0d, 0xff, 0x01, 0x00, 0x00, 0x00, 0x00, 0x00, 0x00, 0x00, 0x00, 0xc4, 0x0f, 0x00,
    0x10, 0x42, 0x05, 0x12, 0x1b, 0x00, 0x00, 0x00, 0x12, 0x64, 0xfe, 0x00, 0x00, 0xe4, 0x0f, 0x00,
    0x10, 0x7c, 0x22, 0x02, 0x06, 0x00, 0x00, 0x00, 0x02, 0xe0, 0xb3, 0x0f, 0x00, 0xe2, 0x0f, 0x00,
    0x36, 0x78, 0x02, 0x07, 0x28, 0x00, 0x00, 0x00, 0x00, 0x00, 0x00, 0x00, 0x00, 0xe2, 0x0f, 0x00,
    0x03, 0x78, 0x14, 0xff, 0x20, 0x00, 0x00, 0x00, 0x00, 0x00, 0x00, 0x00, 0x00, 0xe4, 0x0f, 0x00,
    0x10, 0x7c, 0x23, 0x03, 0x07, 0x00, 0x00, 0x00, 0x03, 0x64, 0xfe, 0x08, 0x00, 0xe2, 0x0f, 0x00,
    0xac, 0x77, 0x06, 0xff, 0x00, 0x6b, 0x00, 0x00, 0x00, 0x0a, 0x00, 0x08, 0x00, 0x22, 0x0e, 0x00,
    0x0c, 0x7c, 0x00, 0x02, 0x08, 0x00, 0x00, 0x00, 0x70, 0x12, 0x72, 0x0f, 0x00, 0xc8, 0x0f, 0x00,
    0x0c, 0x7c, 0x00, 0x02, 0x05, 0x00, 0x00, 0x00, 0x70, 0x12, 0xf2, 0x08, 0x00, 0xda, 0x0f, 0x00,
    0x82, 0x1b, 0x12, 0xff, 0x00, 0xe8, 0x00, 0x00, 0x00, 0x0a, 0x00, 0x00, 0x00, 0x62, 0x0e, 0x00,
    0x12, 0x18, 0x0b, 0x06, 0x78, 0x00, 0x00, 0x00, 0xff, 0xc0, 0x8e, 0x07, 0x00, 0xe2, 0x0f, 0x00,
    0x25, 0x1c, 0x02, 0x02, 0x04, 0x00, 0x00, 0x00, 0xff, 0x00, 0x8e, 0x0f, 0x00, 0xc8, 0x0f, 0x00,
    0x24, 0x18, 0x0b, 0x84, 0x80, 0x00, 0x00, 0x00, 0x0b, 0x02, 0x8e, 0x07, 0x00, 0xca, 0x0f, 0x00,
    0x11, 0x12, 0x37, 0x02, 0x0b, 0x00, 0x00, 0x00, 0xff, 0x38, 0x86, 0x07, 0x00, 0xc8, 0x0f, 0x00,
    0x11, 0x12, 0x02, 0x02, 0xff, 0x00, 0x00, 0x00, 0x03, 0x3c, 0x8f, 0x01, 0x00, 0xe4, 0x0f, 0x00,
    0x10, 0x12, 0x36, 0x37, 0x12, 0x00, 0x00, 0x00, 0x37, 0xe0, 0xb5, 0x07, 0x00, 0xc8, 0x2f, 0x00,
    0x10, 0x12, 0x37, 0x02, 0x13, 0x00, 0x00, 0x00, 0x02, 0x64, 0x7e, 0x01, 0x00, 0xe2, 0x0f, 0x00,
    0x36, 0x78, 0x02, 0x07, 0x30, 0x00, 0x00, 0x00, 0x00, 0x00, 0x00, 0x00, 0x00, 0xca, 0x0f, 0x00,
    0x0c, 0x7c, 0x00, 0x02, 0x08, 0x00, 0x00, 0x00, 0x70, 0x12, 0x76, 0x0f, 0x00, 0xc8, 0x0f, 0x00,
    0x0c, 0x7c, 0x00, 0x02, 0x05, 0x00, 0x00, 0x00, 0x70, 0x12, 0xf6, 0x09, 0x00, 0xda, 0x0f, 0x00,
    0x82, 0x3b, 0x12, 0xff, 0x00, 0xe8, 0x00, 0x00, 0x00, 0x0a, 0x00, 0x00, 0x00, 0x62, 0x0e, 0x00,
    0x12, 0x38, 0x0b, 0x06, 0x78, 0x00, 0x00, 0x00, 0xff, 0xc0, 0x8e, 0x07, 0x00, 0xe2, 0x0f, 0x00,
    0x25, 0x3c, 0x02, 0x02, 0x04, 0x00, 0x00, 0x00, 0xff, 0x00, 0x8e, 0x0f, 0x00, 0xc6, 0x0f, 0x00,
    0x11, 0x32, 0x0b, 0x84, 0x0b, 0x00, 0x00, 0x00, 0xff, 0x38, 0x8e, 0x07, 0x00, 0xc8, 0x0f, 0x00,
    0x11, 0x32, 0x39, 0x02, 0x0b, 0x00, 0x00, 0x00, 0xff, 0x38, 0x80, 0x07, 0x00, 0xc8, 0x0f, 0x00,
    0x11, 0x32, 0x02, 0x02, 0xff, 0x00, 0x00, 0x00, 0x03, 0x3c, 0x0f, 0x00, 0x00, 0xe4, 0x0f, 0x00,
    0x10, 0x32, 0x38, 0x39, 0x12, 0x00, 0x00, 0x00, 0x39, 0xe0, 0xa1, 0x07, 0x00, 0xc8, 0x2f, 0x00,
    0x10, 0x32, 0x39, 0x02, 0x13, 0x00, 0x00, 0x00, 0x02, 0x44, 0x7e, 0x00, 0x00, 0xe4, 0x0f, 0x00,
    0x0c, 0x7c, 0x00, 0x84, 0x04, 0x00, 0x00, 0x00, 0x70, 0x62, 0xf0, 0x0b, 0x00, 0xc8, 0x0f, 0x00,
    0x0c, 0x7c, 0x00, 0x07, 0x08, 0x00, 0x00, 0x00, 0x70, 0x66, 0x70, 0x08, 0x00, 0xc8, 0x0f, 0x00,
    0x0c, 0x7c, 0x00, 0x07, 0x05, 0x00, 0x00, 0x00, 0x70, 0x66, 0x70, 0x08, 0x00, 0xc8, 0x0f, 0x00,
    0x03, 0x78, 0x3a, 0xff, 0x01, 0x00, 0x00, 0x00, 0x00, 0x00, 0x00, 0x00, 0x00, 0xd2, 0x0f, 0x00,
    0x82, 0x8b, 0x2c, 0xff, 0x00, 0xe8, 0x00, 0x00, 0x00, 0x0a, 0x00, 0x00, 0x00, 0x62, 0x0e, 0x00,
    0x12, 0x88, 0x0b, 0x06, 0x78, 0x00, 0x00, 0x00, 0xff, 0xc0, 0x8e, 0x07, 0x00, 0xe2, 0x0f, 0x00,
    0x25, 0x8c, 0x02, 0x07, 0x04, 0x00, 0x00, 0x00, 0xff, 0x00, 0x8e, 0x0f, 0x00, 0xc8, 0x0f, 0x00,
    0x24, 0x88, 0x0b, 0x84, 0x80, 0x00, 0x00, 0x00, 0x0b, 0x02, 0x8e, 0x07, 0x00, 0xca, 0x0f, 0x00,
    0x11, 0x82, 0x0b, 0x02, 0x0b, 0x00, 0x00, 0x00, 0xff, 0x38, 0x84, 0x07, 0x00, 0xc8, 0x0f, 0x00,
    0x11, 0x82, 0x02, 0x02, 0xff, 0x00, 0x00, 0x00, 0x03, 0x3c, 0x0f, 0x01, 0x00, 0xe4, 0x0f, 0x00,
    0x10, 0x82, 0x2c, 0x0b, 0x2c, 0x00, 0x00, 0x00, 0x0b, 0xe0, 0xd5, 0x07, 0x00, 0xe4, 0x2f, 0x00,
    0x82, 0x7b, 0x0b, 0xff, 0x00, 0xed, 0x00, 0x00, 0x00, 0x08, 0x00, 0x00, 0x00, 0x64, 0x0e, 0x00,
    0x10, 0x82, 0x2d, 0x02, 0x2d, 0x00, 0x00, 0x00, 0x02, 0xa4, 0x7e, 0x01, 0x00, 0xe2, 0x0f, 0x00,
    0x36, 0x78, 0x02, 0x07, 0x38, 0x00, 0x00, 0x00, 0x00, 0x00, 0x00, 0x00, 0x00, 0xe2, 0x0f, 0x00,
    0x0c, 0x72, 0x00, 0x0d, 0xff, 0x00, 0x00, 0x00, 0x70, 0x52, 0xf0, 0x03, 0x00, 0xc8, 0x0f, 0x00,
    0x0c, 0x7c, 0x00, 0x02, 0x08, 0x00, 0x00, 0x00, 0x70, 0x12, 0x7c, 0x0f, 0x00, 0xc8, 0x0f, 0x00,
    0x0c, 0x7c, 0x00, 0x02, 0x05, 0x00, 0x00, 0x00, 0x70, 0x12, 0x7c, 0x0b, 0x00, 0xe4, 0x0f, 0x00,
    0x16, 0x78, 0x97, 0xff, 0x10, 0x76, 0x00, 0x00, 0x97, 0x00, 0x00, 0x00, 0x00, 0xe4, 0x0f, 0x00,
    0x16, 0x78, 0x96, 0xff, 0x10, 0x76, 0x00, 0x00, 0x96, 0x00, 0x00, 0x00, 0x00, 0xe4, 0x0f, 0x00,
    0x05, 0x88, 0x16, 0x00, 0x00, 0x00, 0x00, 0x00, 0x00, 0xff, 0x01, 0x00, 0x00, 0xe4, 0x0f, 0x00,
    0x16, 0x78, 0x0d, 0xff, 0x10, 0x76, 0x00, 0x00, 0x0d, 0x00, 0x00, 0x00, 0x00, 0xe4, 0x0f, 0x00,
    0x16, 0x78, 0x95, 0xff, 0x10, 0x76, 0x00, 0x00, 0x95, 0x00, 0x00, 0x00, 0x00, 0xc4, 0x0f, 0x00,
    0x16, 0x78, 0x94, 0xff, 0x10, 0x76, 0x00, 0x00, 0x94, 0x00, 0x00, 0x00, 0x00, 0xe4, 0x0f, 0x00,
    0x16, 0x78, 0x93, 0xff, 0x10, 0x76, 0x00, 0x00, 0x93, 0x00, 0x00, 0x00, 0x00, 0xe2, 0x0f, 0x00,
    0x82, 0x6b, 0x12, 0xff, 0x00, 0xe8, 0x00, 0x00, 0x00, 0x0a, 0x00, 0x00, 0x00, 0xa2, 0x0e, 0x00,
    0x12, 0x68, 0x07, 0x06, 0x78, 0x00, 0x00, 0x00, 0xff, 0xc0, 0x8e, 0x07, 0x00, 0xe2, 0x0f, 0x00,
    0x25, 0x6c, 0x02, 0x02, 0x04, 0x00, 0x00, 0x00, 0xff, 0x00, 0x8e, 0x0f, 0x00, 0xe2, 0x0f, 0x00,
    0xac, 0x77, 0x04, 0xff, 0x00, 0x7d, 0x00, 0x00, 0x00, 0x08, 0x00, 0x08, 0x00, 0xe6, 0x0e, 0x00,
    0x24, 0x68, 0x07, 0x84, 0x80, 0x00, 0x00, 0x00, 0x07, 0x02, 0x8e, 0x07, 0x00, 0xe2, 0x0f, 0x00,
    0x16, 0x78, 0x92, 0xff, 0x10, 0x76, 0x00, 0x00, 0x92, 0x00, 0x00, 0x00, 0x00, 0xc4, 0x0f, 0x00,
    0x16, 0x78, 0x91, 0xff, 0x10, 0x76, 0x00, 0x00, 0x91, 0x00, 0x00, 0x00, 0x00, 0xe4, 0x0f, 0x00,
    0x16, 0x78, 0x90, 0xff, 0x10, 0x76, 0x00, 0x00, 0x90, 0x00, 0x00, 0x00, 0x00, 0xe4, 0x0f, 0x00,
    0x16, 0x78, 0x8f, 0xff, 0x10, 0x76, 0x00, 0x00, 0x8f, 0x00, 0x00, 0x00, 0x00, 0xe4, 0x0f, 0x00,
    0x16, 0x78, 0x8e, 0xff, 0x10, 0x76, 0x00, 0x00, 0x8e, 0x00, 0x00, 0x00, 0x00, 0xe4, 0x0f, 0x00,
    0x16, 0x78, 0x8d, 0xff, 0x10, 0x76, 0x00, 0x00, 0x8d, 0x00, 0x00, 0x00, 0x00, 0xe4, 0x0f, 0x00,
    0x16, 0x78, 0x8c, 0xff, 0x10, 0x76, 0x00, 0x00, 0x8c, 0x00, 0x00, 0x00, 0x00, 0xc4, 0x0f, 0x00,
    0x16, 0x78, 0x8b, 0xff, 0x10, 0x76, 0x00, 0x00, 0x8b, 0x00, 0x00, 0x00, 0x00, 0xe4, 0x0f, 0x00,
    0x16, 0x78, 0x8a, 0xff, 0x10, 0x76, 0x00, 0x00, 0x8a, 0x00, 0x00, 0x00, 0x00, 0xe4, 0x0f, 0x00,
    0x16, 0x78, 0x89, 0xff, 0x10, 0x76, 0x00, 0x00, 0x89, 0x00, 0x00, 0x00, 0x00, 0xe4, 0x0f, 0x00,
    0x16, 0x78, 0x88, 0xff, 0x10, 0x76, 0x00, 0x00, 0x88, 0x00, 0x00, 0x00, 0x00, 0xe4, 0x0f, 0x00,
    0x16, 0x78, 0x80, 0xff, 0x10, 0x76, 0x00, 0x00, 0x80, 0x00, 0x00, 0x00, 0x00, 0xe4, 0x0f, 0x00,
    0x16, 0x78, 0x7f, 0xff, 0x10, 0x76, 0x00, 0x00, 0x7f, 0x00, 0x00, 0x00, 0x00, 0xc4, 0x0f, 0x00,
    0x16, 0x78, 0x7e, 0xff, 0x10, 0x76, 0x00, 0x00, 0x7e, 0x00, 0x00, 0x00, 0x00, 0xe4, 0x0f, 0x00,
    0x16, 0x78, 0x7d, 0xff, 0x10, 0x76, 0x00, 0x00, 0x7d, 0x00, 0x00, 0x00, 0x00, 0xe4, 0x0f, 0x00,
    0x16, 0x78, 0x7c, 0xff, 0x10, 0x76, 0x00, 0x00, 0x7c, 0x00, 0x00, 0x00, 0x00, 0xe4, 0x0f, 0x00,
    0x16, 0x78, 0x7b, 0xff, 0x10, 0x76, 0x00, 0x00, 0x7b, 0x00, 0x00, 0x00, 0x00, 0xe4, 0x0f, 0x00,
    0x16, 0x78, 0x7a, 0xff, 0x10, 0x76, 0x00, 0x00, 0x7a, 0x00, 0x00, 0x00, 0x00, 0xe4, 0x0f, 0x00,
    0x16, 0x78, 0x79, 0xff, 0x10, 0x76, 0x00, 0x00, 0x79, 0x00, 0x00, 0x00, 0x00, 0xc4, 0x0f, 0x00,
    0x16, 0x78, 0x78, 0xff, 0x10, 0x76, 0x00, 0x00, 0x78, 0x00, 0x00, 0x00, 0x00, 0xe4, 0x0f, 0x00,
    0x16, 0x78, 0x77, 0xff, 0x10, 0x76, 0x00, 0x00, 0x77, 0x00, 0x00, 0x00, 0x00, 0xe4, 0x0f, 0x00,
    0x16, 0x78, 0x76, 0xff, 0x10, 0x76, 0x00, 0x00, 0x76, 0x00, 0x00, 0x00, 0x00, 0xe4, 0x0f, 0x00,
    0x16, 0x78, 0x75, 0xff, 0x10, 0x76, 0x00, 0x00, 0x75, 0x00, 0x00, 0x00, 0x00, 0xe4, 0x0f, 0x00,
    0x16, 0x78, 0x74, 0xff, 0x10, 0x76, 0x00, 0x00, 0x74, 0x00, 0x00, 0x00, 0x00, 0xe4, 0x0f, 0x00,
    0x16, 0x78, 0x73, 0xff, 0x10, 0x76, 0x00, 0x00, 0x73, 0x00, 0x00, 0x00, 0x00, 0xc4, 0x0f, 0x00,
    0x16, 0x78, 0x72, 0xff, 0x10, 0x76, 0x00, 0x00, 0x72, 0x00, 0x00, 0x00, 0x00, 0xe4, 0x0f, 0x00,
    0x16, 0x78, 0x71, 0xff, 0x10, 0x76, 0x00, 0x00, 0x71, 0x00, 0x00, 0x00, 0x00, 0xe4, 0x0f, 0x00,
    0x16, 0x78, 0x70, 0xff, 0x10, 0x76, 0x00, 0x00, 0x70, 0x00, 0x00, 0x00, 0x00, 0xe4, 0x0f, 0x00,
    0x16, 0x78, 0x6f, 0xff, 0x10, 0x76, 0x00, 0x00, 0x6f, 0x00, 0x00, 0x00, 0x00, 0xe4, 0x0f, 0x00,
    0x16, 0x78, 0x6e, 0xff, 0x10, 0x76, 0x00, 0x00, 0x6e, 0x00, 0x00, 0x00, 0x00, 0xe4, 0x0f, 0x00,
    0x16, 0x78, 0x6d, 0xff, 0x10, 0x76, 0x00, 0x00, 0x6d, 0x00, 0x00, 0x00, 0x00, 0xc4, 0x0f, 0x00,
    0x16, 0x78, 0x6c, 0xff, 0x10, 0x76, 0x00, 0x00, 0x6c, 0x00, 0x00, 0x00, 0x00, 0xe4, 0x0f, 0x00,
    0x16, 0x78, 0x6b, 0xff, 0x10, 0x76, 0x00, 0x00, 0x6b, 0x00, 0x00, 0x00, 0x00, 0xe4, 0x0f, 0x00,
    0x16, 0x78, 0x6a, 0xff, 0x10, 0x76, 0x00, 0x00, 0x6a, 0x00, 0x00, 0x00, 0x00, 0xe4, 0x0f, 0x00,
    0x16, 0x78, 0x69, 0xff, 0x10, 0x76, 0x00, 0x00, 0x69, 0x00, 0x00, 0x00, 0x00, 0xe4, 0x0f, 0x00,
    0x16, 0x78, 0x68, 0xff, 0x10, 0x76, 0x00, 0x00, 0x68, 0x00, 0x00, 0x00, 0x00, 0xe4, 0x0f, 0x00,
    0x16, 0x78, 0x67, 0xff, 0x10, 0x76, 0x00, 0x00, 0x67, 0x00, 0x00, 0x00, 0x00, 0xc4, 0x0f, 0x00,
    0x16, 0x78, 0x66, 0xff, 0x10, 0x76, 0x00, 0x00, 0x66, 0x00, 0x00, 0x00, 0x00, 0xe4, 0x0f, 0x00,
    0x16, 0x78, 0x65, 0xff, 0x10, 0x76, 0x00, 0x00, 0x65, 0x00, 0x00, 0x00, 0x00, 0xe4, 0x0f, 0x00,
    0x16, 0x78, 0x64, 0xff, 0x10, 0x76, 0x00, 0x00, 0x64, 0x00, 0x00, 0x00, 0x00, 0xe4, 0x0f, 0x00,
    0x16, 0x78, 0x63, 0xff, 0x10, 0x76, 0x00, 0x00, 0x63, 0x00, 0x00, 0x00, 0x00, 0xe4, 0x0f, 0x00,
    0x16, 0x78, 0x62, 0xff, 0x10, 0x76, 0x00, 0x00, 0x62, 0x00, 0x00, 0x00, 0x00, 0xe4, 0x0f, 0x00,
    0x16, 0x78, 0x61, 0xff, 0x10, 0x76, 0x00, 0x00, 0x61, 0x00, 0x00, 0x00, 0x00, 0xc4, 0x0f, 0x00,
    0x16, 0x78, 0x60, 0xff, 0x10, 0x76, 0x00, 0x00, 0x60, 0x00, 0x00, 0x00, 0x00, 0xe4, 0x0f, 0x00,
    0x16, 0x78, 0x5f, 0xff, 0x10, 0x76, 0x00, 0x00, 0x5f, 0x00, 0x00, 0x00, 0x00, 0xe4, 0x0f, 0x00,
    0x16, 0x78, 0x5e, 0xff, 0x10, 0x76, 0x00, 0x00, 0x5e, 0x00, 0x00, 0x00, 0x00, 0xe4, 0x0f, 0x00,
    0x16, 0x78, 0x5d, 0xff, 0x10, 0x76, 0x00, 0x00, 0x5d, 0x00, 0x00, 0x00, 0x00, 0xe4, 0x0f, 0x00,
    0x16, 0x78, 0x5c, 0xff, 0x10, 0x76, 0x00, 0x00, 0x5c, 0x00, 0x00, 0x00, 0x00, 0xe2, 0x0f, 0x00,
    0x24, 0x72, 0x87, 0xff, 0xff, 0x00, 0x00, 0x00, 0xff, 0x00, 0x8e, 0x07, 0x00, 0xe2, 0x0f, 0x00,
    0x11, 0x62, 0x55, 0x02, 0x07, 0x00, 0x00, 0x00, 0xff, 0x38, 0x84, 0x07, 0x00, 0xe2, 0x0f, 0x04,
    0xac, 0x77, 0x05, 0xff, 0x00, 0x7c, 0x00, 0x00, 0x00, 0x08, 0x00, 0x08, 0x00, 0x22, 0x0f, 0x00,
    0x82, 0x7b, 0x07, 0xff, 0x00, 0xf2, 0x00, 0x00, 0x00, 0x08, 0x00, 0x00, 0x00, 0x64, 0x0f, 0x00,
    0x11, 0x62, 0x02, 0x02, 0xff, 0x00, 0x00, 0x00, 0x03, 0x3c, 0x0f, 0x01, 0x00, 0xc4, 0x0f, 0x00,
    0x10, 0x62, 0x54, 0x55, 0x12, 0x00, 0x00, 0x00, 0x55, 0xe0, 0xd5, 0x07, 0x00, 0xc8, 0x4f, 0x00,
    0x10, 0x62, 0x55, 0x02, 0x13, 0x00, 0x00, 0x00, 0x02, 0xa4, 0x7e, 0x01, 0x00, 0xe4, 0x0f, 0x00,
    0x0c, 0x72, 0x00, 0x15, 0xff, 0x00, 0x00, 0x00, 0x70, 0x52, 0xf4, 0x03, 0x00, 0xe2, 0x0f, 0x00,
    0x19, 0x79, 0x03, 0x00, 0x00, 0x00, 0x00, 0x00, 0x00, 0x25, 0x00, 0x00, 0x00, 0xa2, 0x0e, 0x00,
    0x0c, 0x72, 0x00, 0x14, 0xff, 0x00, 0x00, 0x00, 0x70, 0x52, 0xfa, 0x03, 0x00, 0xd6, 0x0f, 0x00,
    0x05, 0xa8, 0x18, 0x00, 0x00, 0x00, 0x00, 0x00, 0x00, 0xff, 0x01, 0x00, 0x00, 0xe4, 0x0f, 0x00,
    0x05, 0xa8, 0x1a, 0x00, 0x00, 0x00, 0x00, 0x00, 0x00, 0xff, 0x01, 0x00, 0x00, 0xcc, 0x0f, 0x00,
    0x81, 0x29, 0x18, 0x08, 0x06, 0x00, 0x00, 0x00, 0x00, 0x9d, 0x1e, 0x0c, 0x00, 0x22, 0x11, 0x00,
    0x0c, 0x72, 0x00, 0x56, 0x07, 0x00, 0x00, 0x00, 0x70, 0x62, 0xf4, 0x03, 0x00, 0xe4, 0x0f, 0x02,
    0x05, 0x88, 0x14, 0x00, 0x00, 0x00, 0x00, 0x00, 0x00, 0xff, 0x01, 0x00, 0x00, 0xe4, 0x0f, 0x00,
    0x05, 0xd8, 0x1c, 0x00, 0x00, 0x00, 0x00, 0x00, 0x00, 0xff, 0x01, 0x00, 0x00, 0xe4, 0x0f, 0x00,
    0x05, 0xd8, 0x1e, 0x00, 0x00, 0x00, 0x00, 0x00, 0x00, 0xff, 0x01, 0x00, 0x00, 0xe4, 0x0f, 0x00,
    0x0c, 0x72, 0x00, 0x84, 0x0b, 0x00, 0x00, 0x00, 0x70, 0x12, 0x74, 0x05, 0x00, 0xe2, 0x2f, 0x00,
    0x81, 0x09, 0x14, 0x10, 0x06, 0x00, 0x00, 0x00, 0x00, 0x9d, 0x1e, 0x0c, 0x00, 0x62, 0x0f, 0x00,
    0x16, 0x78, 0x13, 0xff, 0x10, 0x76, 0x00, 0x00, 0x13, 0x00, 0x00, 0x00, 0x00, 0xc4, 0x0f, 0x00,
    0x16, 0x78, 0x12, 0xff, 0x10, 0x76, 0x00, 0x00, 0x12, 0x00, 0x00, 0x00, 0x00, 0xe2, 0x0f, 0x00,
    0x81, 0x59, 0x1c, 0x0e, 0x06, 0x00, 0x00, 0x00, 0x00, 0x9d, 0x1e, 0x0c, 0x00, 0x22, 0x03, 0x00,
    0x25, 0x78, 0x86, 0x03, 0x20, 0x00, 0x00, 0x00, 0x86, 0x00, 0x8e, 0x07, 0x00, 0xe2, 0x4f, 0x00,
    0x0c, 0x72, 0x00, 0x3a, 0xff, 0x00, 0x00, 0x00, 0x70, 0x52, 0xfa, 0x03, 0x00, 0xcc, 0x0f, 0x00,
    0x02, 0x22, 0x09, 0x00, 0xff, 0x00, 0x00, 0x00, 0x00, 0x0f, 0x00, 0x00, 0x00, 0xe2, 0x1f, 0x00,
    0x24, 0x28, 0x08, 0x84, 0x00, 0x40, 0x00, 0x00, 0xff, 0x00, 0x8e, 0x07, 0x00, 0xe2, 0x0f, 0x00,
    0x82, 0x2b, 0x48, 0xff, 0x00, 0xe0, 0x00, 0x00, 0x00, 0x0a, 0x00, 0x00, 0x00, 0x22, 0x0e, 0x00,
    0x24, 0x28, 0x02, 0x00, 0x10, 0x00, 0x00, 0x00, 0xff, 0x00, 0x8e, 0x07, 0x00, 0xe4, 0x0f, 0x00,
    0x25, 0x28, 0x08, 0x03, 0x20, 0x00, 0x00, 0x00, 0x08, 0x00, 0x8e, 0x07, 0x00, 0xc6, 0x0f, 0x00,
    0x12, 0x28, 0x07, 0x02, 0x80, 0x07, 0x00, 0x00, 0xff, 0xc0, 0x8e, 0x07, 0x00, 0xe2, 0x0f, 0x00,
    0x24, 0x28, 0x24, 0x84, 0x00, 0x40, 0x00, 0x00, 0xff, 0x00, 0x8e, 0x07, 0x00, 0xe2, 0x0f, 0x00,
    0x16, 0x78, 0x0e, 0xff, 0x10, 0x76, 0x00, 0x00, 0x0e, 0x00, 0x00, 0x00, 0x00, 0xe2, 0x2f, 0x00,
    0x24, 0x28, 0x26, 0x00, 0x10, 0x00, 0x00, 0x00, 0xff, 0x00, 0x8e, 0x07, 0x00, 0xe2, 0x0f, 0x00,
    0x10, 0x22, 0x07, 0x07, 0x08, 0x00, 0x00, 0x00, 0xff, 0xe0, 0xf1, 0x07, 0x00, 0xe2, 0x0f, 0x00,
    0x82, 0x2b, 0x46, 0xff, 0x00, 0xe0, 0x00, 0x00, 0x00, 0x0a, 0x00, 0x00, 0x00, 0x62, 0x0e, 0x00,
    0x16, 0x78, 0x0f, 0xff, 0x10, 0x76, 0x00, 0x00, 0x0f, 0x00, 0x00, 0x00, 0x00, 0xe2, 0x0f, 0x00,
    0x24, 0x28, 0x4c, 0x84, 0x00, 0x40, 0x00, 0x00, 0xff, 0x00, 0x8e, 0x07, 0x00, 0xe2, 0x0f, 0x04,
    0x16, 0x78, 0x11, 0xff, 0x10, 0x76, 0x00, 0x00, 0x11, 0x00, 0x00, 0x00, 0x00, 0xe2, 0x0f, 0x00,
    0x24, 0x22, 0x21, 0xff, 0xff, 0x00, 0x00, 0x00, 0x09, 0x06, 0x0e, 0x00, 0x00, 0xe2, 0x0f, 0x10,
    0x0c, 0x7c, 0x00, 0x84, 0x09, 0x00, 0x00, 0x00, 0x70, 0x62, 0xf0, 0x0b, 0x00, 0xe2, 0x0f, 0x00,
    0x24, 0x78, 0x02, 0x00, 0x04, 0x00, 0x00, 0x00, 0xff, 0x00, 0x8e, 0x07, 0x00, 0xe2, 0x0f, 0x00,
    0x16, 0x78, 0x10, 0xff, 0x10, 0x76, 0x00, 0x00, 0x10, 0x00, 0x00, 0x00, 0x00, 0xe2, 0x0f, 0x00,
    0x82, 0x2b, 0x50, 0xff, 0x00, 0xe0, 0x00, 0x00, 0x00, 0x0a, 0x00, 0x00, 0x00, 0xa2, 0x0e, 0x00,
    0x0c, 0x7c, 0x00, 0x0a, 0x08, 0x00, 0x00, 0x00, 0x70, 0x12, 0x70, 0x0c, 0x00, 0xe2, 0x0f, 0x00,
    0x24, 0x22, 0x4d, 0xff, 0xff, 0x00, 0x00, 0x00, 0xff, 0x00, 0x8e, 0x07, 0x00, 0xe2, 0x0f, 0x00,
    0x12, 0x28, 0x20, 0x07, 0x1c, 0x00, 0x00, 0x00, 0x02, 0xf8, 0x8e, 0x07, 0x00, 0xe2, 0x0f, 0x00,
    0x24, 0x28, 0x4a, 0x84, 0x00, 0x40, 0x00, 0x00, 0xff, 0x00, 0x8e, 0x07, 0x00, 0xe2, 0x0f, 0x00,
    0x0c, 0x7c, 0x00, 0x0a, 0x04, 0x00, 0x00, 0x00, 0x70, 0x12, 0x70, 0x08, 0x00, 0xe2, 0x8f, 0x00,
    0x24, 0x28, 0x07, 0x56, 0x00, 0x40, 0x00, 0x00, 0xff, 0x00, 0x8e, 0x07, 0x00, 0xe2, 0x0f, 0x00,
    0x16, 0x78, 0x08, 0xff, 0x10, 0x76, 0x00, 0x00, 0x08, 0x00, 0x00, 0x00, 0x00, 0xe2, 0x0f, 0x00,
    0x24, 0x22, 0x4b, 0xff, 0xff, 0x00, 0x00, 0x00, 0xff, 0x00, 0x8e, 0x07, 0x00, 0xe2, 0x0f, 0x00,
    0x16, 0x78, 0x09, 0xff, 0x10, 0x76, 0x00, 0x00, 0x09, 0x00, 0x00, 0x00, 0x00, 0xe2, 0x0f, 0x00,
    0x25, 0x22, 0x20, 0x07, 0x0b, 0x00, 0x00, 0x00, 0x20, 0x00, 0x8e, 0x07, 0x00, 0xe2, 0x0f, 0x00,
    0x16, 0x78, 0x0a, 0xff, 0x10, 0x76, 0x00, 0x00, 0x0a, 0x00, 0x00, 0x00, 0x00, 0xe2, 0x0f, 0x00,
    0xac, 0x77, 0x04, 0xff, 0x80, 0x77, 0x00, 0x00, 0x00, 0x08, 0x00, 0x08, 0x00, 0xe2, 0x0e, 0x00,
    0x16, 0x78, 0x07, 0xff, 0x10, 0x76, 0x00, 0x00, 0x07, 0x00, 0x00, 0x00, 0x00, 0xe2, 0x0f, 0x00,
    0x24, 0x22, 0x45, 0xff, 0xff, 0x00, 0x00, 0x00, 0xff, 0x00, 0x8e, 0x07, 0x00, 0xe2, 0x0f, 0x00,
    0x02, 0x22, 0x25, 0x00, 0xff, 0x00, 0x00, 0x00, 0x00, 0x0f, 0x00, 0x00, 0x00, 0xe2, 0x0f, 0x00,
    0x24, 0x28, 0x40, 0x84, 0x00, 0x40, 0x00, 0x00, 0xff, 0x00, 0x8e, 0x07, 0x00, 0xe2, 0x0f, 0x04,
    0x19, 0x28, 0x44, 0x84, 0x0e, 0x00, 0x00, 0x00, 0xff, 0x06, 0x00, 0x00, 0x00, 0xe2, 0x0f, 0x00,
    0x81, 0x09, 0x08, 0x22, 0x06, 0x00, 0x00, 0x00, 0x00, 0x95, 0x1e, 0x0c, 0x00, 0xe2, 0x0e, 0x00,
    0x12, 0x28, 0x27, 0x26, 0x80, 0x07, 0x00, 0x00, 0xff, 0xc0, 0x8e, 0x07, 0x00, 0xe2, 0x0f, 0x00,
    0x25, 0x28, 0x24, 0x03, 0x20, 0x00, 0x00, 0x00, 0x24, 0x00, 0x8e, 0x07, 0x00, 0xe2, 0x0f, 0x00,
    0x82, 0x2b, 0x3c, 0xff, 0x00, 0xe0, 0x00, 0x00, 0x00, 0x0a, 0x00, 0x00, 0x00, 0x22, 0x0e, 0x00,
    0x81, 0x09, 0x0d, 0x22, 0x06, 0x04, 0x00, 0x00, 0x00, 0x95, 0x1e, 0x0c, 0x00, 0xe8, 0x0e, 0x00,
    0x81, 0x09, 0x09, 0x22, 0x06, 0x08, 0x00, 0x00, 0x00, 0x95, 0x1e, 0x0c, 0x00, 0xe2, 0x0e, 0x00,
    0x05, 0xb8, 0x28, 0x00, 0x00, 0x00, 0x00, 0x00, 0x00, 0xff, 0x01, 0x00, 0x00, 0xc4, 0x0f, 0x00,
    0x05, 0xb8, 0x2a, 0x00, 0x00, 0x00, 0x00, 0x00, 0x00, 0xff, 0x01, 0x00, 0x00, 0xe4, 0x0f, 0x00,
    0x05, 0xe8, 0x30, 0x00, 0x00, 0x00, 0x00, 0x00, 0x00, 0xff, 0x01, 0x00, 0x00, 0xe2, 0x0f, 0x00,
    0x81, 0x09, 0x0e, 0x22, 0x06, 0x0c, 0x00, 0x00, 0x00, 0x95, 0x1e, 0x0c, 0x00, 0xe2, 0x0e, 0x00,
    0x05, 0xe8, 0x32, 0x00, 0x00, 0x00, 0x00, 0x00, 0x00, 0xff, 0x01, 0x00, 0x00, 0xe2, 0x0f, 0x00,
    0x82, 0x2b, 0x34, 0xff, 0x00, 0xe0, 0x00, 0x00, 0x00, 0x0a, 0x00, 0x00, 0x00, 0x24, 0x0e, 0x00,
    0x81, 0x09, 0x0a, 0x22, 0x06, 0x10, 0x00, 0x00, 0x00, 0x95, 0x1e, 0x0c, 0x00, 0xe8, 0x0e, 0x00,
    0x81, 0x09, 0x0f, 0x22, 0x06, 0x14, 0x00, 0x00, 0x00, 0x95, 0x1e, 0x0c, 0x00, 0xe4, 0x0e, 0x00,
    0x82, 0x2b, 0x3e, 0xff, 0x00, 0xe0, 0x00, 0x00, 0x00, 0x0a, 0x00, 0x00, 0x00, 0x24, 0x0e, 0x00,
    0x81, 0x09, 0x11, 0x22, 0x06, 0x18, 0x00, 0x00, 0x00, 0x95, 0x1e, 0x0c, 0x00, 0xe8, 0x0e, 0x00,
    0x81, 0x09, 0x10, 0x22, 0x06, 0x1c, 0x00, 0x00, 0x00, 0x95, 0x1e, 0x0c, 0x00, 0xe8, 0x0e, 0x00,
    0x81, 0x09, 0x07, 0x22, 0x06, 0x20, 0x00, 0x00, 0x00, 0x95, 0x1e, 0x0c, 0x00, 0xe8, 0x0e, 0x00,
    0x81, 0x09, 0x97, 0x22, 0x06, 0x24, 0x00, 0x00, 0x00, 0x95, 0x1e, 0x0c, 0x00, 0xe8, 0x0e, 0x00,
    0x81, 0x09, 0x96, 0x22, 0x06, 0x28, 0x00, 0x00, 0x00, 0x95, 0x1e, 0x0c, 0x00, 0xe8, 0x0e, 0x00,
    0x81, 0x09, 0x95, 0x22, 0x06, 0x2c, 0x00, 0x00, 0x00, 0x95, 0x1e, 0x0c, 0x00, 0xe8, 0x0e, 0x00,
    0x81, 0x09, 0x94, 0x22, 0x06, 0x30, 0x00, 0x00, 0x00, 0x95, 0x1e, 0x0c, 0x00, 0xe8, 0x0e, 0x00,
    0x81, 0x09, 0x93, 0x22, 0x06, 0x34, 0x00, 0x00, 0x00, 0x95, 0x1e, 0x0c, 0x00, 0xe8, 0x0e, 0x00,
    0x81, 0x09, 0x92, 0x22, 0x06, 0x38, 0x00, 0x00, 0x00, 0x95, 0x1e, 0x0c, 0x00, 0x28, 0x0f, 0x00,
    0x81, 0x09, 0x91, 0x22, 0x06, 0x3c, 0x00, 0x00, 0x00, 0x95, 0x1e, 0x0c, 0x00, 0x28, 0x0f, 0x00,
    0x81, 0x09, 0x90, 0x22, 0x06, 0x40, 0x00, 0x00, 0x00, 0x95, 0x1e, 0x0c, 0x00, 0x28, 0x0f, 0x00,
    0x81, 0x09, 0x8f, 0x22, 0x06, 0x44, 0x00, 0x00, 0x00, 0x95, 0x1e, 0x0c, 0x00, 0x28, 0x0f, 0x00,
    0x81, 0x09, 0x8e, 0x22, 0x06, 0x48, 0x00, 0x00, 0x00, 0x95, 0x1e, 0x0c, 0x00, 0x68, 0x0f, 0x00,
    0x81, 0x09, 0x8d, 0x22, 0x06, 0x4c, 0x00, 0x00, 0x00, 0x95, 0x1e, 0x0c, 0x00, 0x68, 0x0f, 0x00,
    0x81, 0x09, 0x8c, 0x22, 0x06, 0x50, 0x00, 0x00, 0x00, 0x95, 0x1e, 0x0c, 0x00, 0x68, 0x0f, 0x00,
    0x81, 0x09, 0x8b, 0x22, 0x06, 0x54, 0x00, 0x00, 0x00, 0x95, 0x1e, 0x0c, 0x00, 0x68, 0x0f, 0x00,
    0x81, 0x09, 0x8a, 0x22, 0x06, 0x58, 0x00, 0x00, 0x00, 0x95, 0x1e, 0x0c, 0x00, 0x68, 0x0f, 0x00,
    0x81, 0x09, 0x89, 0x22, 0x06, 0x5c, 0x00, 0x00, 0x00, 0x95, 0x1e, 0x0c, 0x00, 0x68, 0x0f, 0x00,
    0x81, 0x09, 0x88, 0x22, 0x06, 0x60, 0x00, 0x00, 0x00, 0x95, 0x1e, 0x0c, 0x00, 0x68, 0x0f, 0x00,
    0x81, 0x09, 0x80, 0x22, 0x06, 0x64, 0x00, 0x00, 0x00, 0x95, 0x1e, 0x0c, 0x00, 0x68, 0x0f, 0x00,
    0x81, 0x09, 0x7f, 0x22, 0x06, 0x68, 0x00, 0x00, 0x00, 0x95, 0x1e, 0x0c, 0x00, 0x68, 0x0f, 0x00,
    0x81, 0x09, 0x7e, 0x22, 0x06, 0x6c, 0x00, 0x00, 0x00, 0x95, 0x1e, 0x0c, 0x00, 0x68, 0x0f, 0x00,
    0x81, 0x09, 0x7d, 0x22, 0x06, 0x70, 0x00, 0x00, 0x00, 0x95, 0x1e, 0x0c, 0x00, 0x68, 0x0f, 0x00,
    0x81, 0x09, 0x7c, 0x22, 0x06, 0x74, 0x00, 0x00, 0x00, 0x95, 0x1e, 0x0c, 0x00, 0x68, 0x0f, 0x00,
    0x81, 0x09, 0x7b, 0x22, 0x06, 0x78, 0x00, 0x00, 0x00, 0x95, 0x1e, 0x0c, 0x00, 0x68, 0x0f, 0x00,
    0x81, 0x09, 0x7a, 0x22, 0x06, 0x7c, 0x00, 0x00, 0x00, 0x95, 0x1e, 0x0c, 0x00, 0x68, 0x0f, 0x00,
    0x81, 0x09, 0x79, 0x22, 0x06, 0x80, 0x00, 0x00, 0x00, 0x95, 0x1e, 0x0c, 0x00, 0x68, 0x0f, 0x00,
    0x81, 0x09, 0x78, 0x22, 0x06, 0x84, 0x00, 0x00, 0x00, 0x95, 0x1e, 0x0c, 0x00, 0x68, 0x0f, 0x00,
    0x81, 0x09, 0x77, 0x22, 0x06, 0x88, 0x00, 0x00, 0x00, 0x95, 0x1e, 0x0c, 0x00, 0x68, 0x0f, 0x00,
    0x81, 0x09, 0x76, 0x22, 0x06, 0x8c, 0x00, 0x00, 0x00, 0x95, 0x1e, 0x0c, 0x00, 0x68, 0x0f, 0x00,
    0x81, 0x09, 0x75, 0x22, 0x06, 0x90, 0x00, 0x00, 0x00, 0x95, 0x1e, 0x0c, 0x00, 0x68, 0x0f, 0x00,
    0x81, 0x09, 0x74, 0x22, 0x06, 0x94, 0x00, 0x00, 0x00, 0x95, 0x1e, 0x0c, 0x00, 0x68, 0x0f, 0x00,
    0x81, 0x09, 0x73, 0x22, 0x06, 0x98, 0x00, 0x00, 0x00, 0x95, 0x1e, 0x0c, 0x00, 0x68, 0x0f, 0x00,
    0x81, 0x09, 0x72, 0x22, 0x06, 0x9c, 0x00, 0x00, 0x00, 0x95, 0x1e, 0x0c, 0x00, 0x68, 0x0f, 0x00,
    0x81, 0x09, 0x71, 0x22, 0x06, 0xa0, 0x00, 0x00, 0x00, 0x95, 0x1e, 0x0c, 0x00, 0x68, 0x0f, 0x00,
    0x81, 0x09, 0x70, 0x22, 0x06, 0xa4, 0x00, 0x00, 0x00, 0x95, 0x1e, 0x0c, 0x00, 0x68, 0x0f, 0x00,
    0x81, 0x09, 0x6f, 0x22, 0x06, 0xa8, 0x00, 0x00, 0x00, 0x95, 0x1e, 0x0c, 0x00, 0x68, 0x0f, 0x00,
    0x81, 0x09, 0x6e, 0x22, 0x06, 0xac, 0x00, 0x00, 0x00, 0x95, 0x1e, 0x0c, 0x00, 0x68, 0x0f, 0x00,
    0x81, 0x09, 0x6d, 0x22, 0x06, 0xb0, 0x00, 0x00, 0x00, 0x95, 0x1e, 0x0c, 0x00, 0x68, 0x0f, 0x00,
    0x81, 0x09, 0x6c, 0x22, 0x06, 0xb4, 0x00, 0x00, 0x00, 0x95, 0x1e, 0x0c, 0x00, 0x68, 0x0f, 0x00,
    0x81, 0x09, 0x6b, 0x22, 0x06, 0xb8, 0x00, 0x00, 0x00, 0x95, 0x1e, 0x0c, 0x00, 0x68, 0x0f, 0x00,
    0x81, 0x09, 0x6a, 0x22, 0x06, 0xbc, 0x00, 0x00, 0x00, 0x95, 0x1e, 0x0c, 0x00, 0x68, 0x0f, 0x00,
    0x81, 0x09, 0x69, 0x22, 0x06, 0xc0, 0x00, 0x00, 0x00, 0x95, 0x1e, 0x0c, 0x00, 0x68, 0x0f, 0x00,
    0x81, 0x09, 0x68, 0x22, 0x06, 0xc4, 0x00, 0x00, 0x00, 0x95, 0x1e, 0x0c, 0x00, 0x68, 0x0f, 0x00,
    0x81, 0x09, 0x67, 0x22, 0x06, 0xc8, 0x00, 0x00, 0x00, 0x95, 0x1e, 0x0c, 0x00, 0x68, 0x0f, 0x00,
    0x81, 0x09, 0x66, 0x22, 0x06, 0xcc, 0x00, 0x00, 0x00, 0x95, 0x1e, 0x0c, 0x00, 0x68, 0x0f, 0x00,
    0x81, 0x09, 0x65, 0x22, 0x06, 0xd0, 0x00, 0x00, 0x00, 0x95, 0x1e, 0x0c, 0x00, 0x68, 0x0f, 0x00,
    0x81, 0x09, 0x64, 0x22, 0x06, 0xd4, 0x00, 0x00, 0x00, 0x95, 0x1e, 0x0c, 0x00, 0x68, 0x0f, 0x00,
    0x81, 0x09, 0x63, 0x22, 0x06, 0xd8, 0x00, 0x00, 0x00, 0x95, 0x1e, 0x0c, 0x00, 0x68, 0x0f, 0x00,
    0x81, 0x09, 0x62, 0x22, 0x06, 0xdc, 0x00, 0x00, 0x00, 0x95, 0x1e, 0x0c, 0x00, 0x68, 0x0f, 0x00,
    0x81, 0x09, 0x61, 0x22, 0x06, 0xe0, 0x00, 0x00, 0x00, 0x95, 0x1e, 0x0c, 0x00, 0x68, 0x0f, 0x00,
    0x81, 0x09, 0x60, 0x22, 0x06, 0xe4, 0x00, 0x00, 0x00, 0x95, 0x1e, 0x0c, 0x00, 0x68, 0x0f, 0x00,
    0x81, 0x09, 0x5f, 0x22, 0x06, 0xe8, 0x00, 0x00, 0x00, 0x95, 0x1e, 0x0c, 0x00, 0x68, 0x0f, 0x00,
    0x81, 0x09, 0x5e, 0x22, 0x06, 0xec, 0x00, 0x00, 0x00, 0x95, 0x1e, 0x0c, 0x00, 0x68, 0x0f, 0x00,
    0x81, 0x09, 0x5d, 0x22, 0x06, 0xf0, 0x00, 0x00, 0x00, 0x95, 0x1e, 0x0c, 0x00, 0x68, 0x0f, 0x00,
    0x81, 0x09, 0x5c, 0x22, 0x06, 0xf4, 0x00, 0x00, 0x00, 0x95, 0x1e, 0x0c, 0x00, 0x68, 0x0f, 0x00,
    0x81, 0x09, 0x13, 0x22, 0x06, 0xf8, 0x00, 0x00, 0x00, 0x95, 0x1e, 0x0c, 0x00, 0x68, 0x0f, 0x00,
    0x81, 0x09, 0x12, 0x22, 0x06, 0xfc, 0x00, 0x00, 0x00, 0x95, 0x1e, 0x0c, 0x00, 0x62, 0x03, 0x00,
    0x11, 0x22, 0x48, 0x20, 0x48, 0x00, 0x00, 0x00, 0xff, 0x10, 0x80, 0x07, 0x00, 0xe2, 0x1f, 0x00,
    0x25, 0x28, 0x4c, 0x03, 0x20, 0x00, 0x00, 0x00, 0x4c, 0x00, 0x8e, 0x07, 0x00, 0xc4, 0x0f, 0x00,
    0x81, 0xd9, 0x2c, 0x2c, 0x06, 0x00, 0x00, 0x00, 0x00, 0x9d, 0x1e, 0x0c, 0x00, 0x62, 0x0f, 0x00,
    0x11, 0x22, 0x49, 0x20, 0x49, 0x00, 0x00, 0x00, 0x21, 0x14, 0x0f, 0x00, 0x00, 0xe2, 0x0f, 0x00,
    0x24, 0x28, 0x20, 0x84, 0x00, 0x40, 0x00, 0x00, 0xff, 0x00, 0x8e, 0x07, 0x00, 0xe2, 0x0f, 0x00,
    0x10, 0x22, 0x27, 0x27, 0x24, 0x00, 0x00, 0x00, 0xff, 0xe0, 0xf1, 0x07, 0x00, 0xe2, 0x0f, 0x00,
    0x24, 0x28, 0x24, 0x00, 0x10, 0x00, 0x00, 0x00, 0xff, 0x00, 0x8e, 0x07, 0x00, 0xe2, 0x0f, 0x00,
    0x81, 0x39, 0x28, 0x38, 0x06, 0x00, 0x00, 0x00, 0x00, 0x9d, 0x1e, 0x0c, 0x00, 0x62, 0x01, 0x00,
    0x24, 0x22, 0x21, 0xff, 0xff, 0x00, 0x00, 0x00, 0xff, 0x00, 0x8e, 0x07, 0x00, 0xc6, 0x0f, 0x00,
    0x12, 0x28, 0x23, 0x24, 0x80, 0x07, 0x00, 0x00, 0xff, 0xc0, 0x8e, 0x07, 0x00, 0xe2, 0x2f, 0x00,
    0x25, 0x28, 0x20, 0x03, 0x20, 0x00, 0x00, 0x00, 0x20, 0x00, 0x8e, 0x07, 0x00, 0xe2, 0x0f, 0x00,
    0x12, 0x28, 0x24, 0x27, 0x1c, 0x00, 0x00, 0x00, 0x02, 0xf8, 0x8e, 0x07, 0x00, 0xe2, 0x0f, 0x00,
    0x81, 0x69, 0x30, 0x54, 0x06, 0x00, 0x00, 0x00, 0x00, 0x9d, 0x1e, 0x0c, 0x00, 0x64, 0x0f, 0x00,
    0x24, 0x22, 0x25, 0xff, 0xff, 0x00, 0x00, 0x00, 0x25, 0x06, 0x0e, 0x00, 0x00, 0xe2, 0x0f, 0x00,
    0x10, 0x22, 0x23, 0x23, 0x20, 0x00, 0x00, 0x00, 0xff, 0xe0, 0xf1, 0x07, 0x00, 0xe2, 0x0f, 0x00,
    0x24, 0x28, 0x22, 0x56, 0x00, 0x40, 0x00, 0x00, 0xff, 0x00, 0x8e, 0x07, 0x00, 0xe2, 0x0f, 0x00,
    0x82, 0x2b, 0x38, 0xff, 0x00, 0xe0, 0x00, 0x00, 0x00, 0x0a, 0x00, 0x00, 0x00, 0x24, 0x1e, 0x00,
    0x10, 0x22, 0x21, 0xff, 0x21, 0x00, 0x00, 0x00, 0xff, 0xe4, 0x7f, 0x00, 0x00, 0xe2, 0x0f, 0x00,
    0x25, 0x22, 0x24, 0x22, 0x0b, 0x00, 0x00, 0x00, 0x24, 0x00, 0x8e, 0x07, 0x00, 0xe2, 0x0f, 0x00,
    0x12, 0x28, 0x20, 0x23, 0x1c, 0x00, 0x00, 0x00, 0x02, 0xf8, 0x8e, 0x07, 0x00, 0xc6, 0x0f, 0x00,
    0x24, 0x28, 0x23, 0x56, 0x00, 0x40, 0x00, 0x00, 0xff, 0x00, 0x8e, 0x07, 0x00, 0xe2, 0x0f, 0x00,
    0x11, 0x22, 0x46, 0x24, 0x46, 0x00, 0x00, 0x00, 0xff, 0x10, 0x80, 0x07, 0x00, 0xc6, 0x0f, 0x00,
    0x25, 0x22, 0x20, 0x23, 0x0b, 0x00, 0x00, 0x00, 0x20, 0x00, 0x8e, 0x07, 0x00, 0xe2, 0x0f, 0x00,
    0x11, 0x22, 0x47, 0x24, 0x47, 0x00, 0x00, 0x00, 0x25, 0x14, 0x0f, 0x00, 0x00, 0xc6, 0x0f, 0x00,
    0x24, 0x28, 0x22, 0x84, 0x00, 0x40, 0x00, 0x00, 0xff, 0x00, 0x8e, 0x07, 0x00, 0xe2, 0x0f, 0x00,
    0x11, 0x22, 0x50, 0x20, 0x50, 0x00, 0x00, 0x00, 0xff, 0x10, 0x80, 0x07, 0x00, 0xe2, 0x4f, 0x00,
    0x24, 0x28, 0x24, 0x00, 0x10, 0x00, 0x00, 0x00, 0xff, 0x00, 0x8e, 0x07, 0x00, 0xe4, 0x0f, 0x00,
    0x24, 0x22, 0x23, 0xff, 0xff, 0x00, 0x00, 0x00, 0xff, 0x00, 0x8e, 0x07, 0x00, 0xe2, 0x0f, 0x00,
    0x11, 0x22, 0x51, 0x20, 0x51, 0x00, 0x00, 0x00, 0x21, 0x14, 0x0f, 0x00, 0x00, 0xe2, 0x0f, 0x00,
    0x24, 0x28, 0x20, 0x00, 0x10, 0x00, 0x00, 0x00, 0xff, 0x00, 0x8e, 0x07, 0x00, 0xe2, 0x0f, 0x00,
    0x12, 0x28, 0x25, 0x24, 0x80, 0x07, 0x00, 0x00, 0xff, 0xc0, 0x8e, 0x07, 0x00, 0xe2, 0x0f, 0x00,
    0x25, 0x28, 0x22, 0x03, 0x20, 0x00, 0x00, 0x00, 0x22, 0x00, 0x8e, 0x07, 0x00, 0xc6, 0x0f, 0x00,
    0x12, 0x28, 0x21, 0x20, 0x80, 0x07, 0x00, 0x00, 0xff, 0xc0, 0x8e, 0x07, 0x00, 0xe4, 0x0f, 0x00,
    0x10, 0x22, 0x25, 0x25, 0x22, 0x00, 0x00, 0x00, 0xff, 0xe0, 0xf1, 0x07, 0x00, 0xe2, 0x0f, 0x00,
    0x25, 0x28, 0x4a, 0x03, 0x20, 0x00, 0x00, 0x00, 0x4a, 0x00, 0x8e, 0x07, 0x00, 0xc6, 0x0f, 0x00,
    0x10, 0x22, 0x4f, 0xff, 0x23, 0x00, 0x00, 0x00, 0xff, 0xe4, 0x7f, 0x00, 0x00, 0xe4, 0x0f, 0x00,
    0x10, 0x22, 0x21, 0x21, 0x4c, 0x00, 0x00, 0x00, 0xff, 0xe0, 0xf1, 0x07, 0x00, 0xe4, 0x0f, 0x00,
    0x12, 0x28, 0x23, 0x20, 0x80, 0x07, 0x00, 0x00, 0xff, 0xc0, 0x8e, 0x07, 0x00, 0xe2, 0x0f, 0x04,
    0x25, 0x28, 0x44, 0x03, 0x20, 0x00, 0x00, 0x00, 0x44, 0x00, 0x8e, 0x07, 0x00, 0xe2, 0x0f, 0x00,
    0x12, 0x28, 0x3b, 0x20, 0x80, 0x07, 0x00, 0x00, 0xff, 0xc0, 0x8e, 0x07, 0x00, 0xc6, 0x0f, 0x00,
    0x24, 0x22, 0x4d, 0xff, 0xff, 0x00, 0x00, 0x00, 0x4d, 0x06, 0x0e, 0x00, 0x00, 0xe2, 0x0f, 0x00,
    0x10, 0x22, 0x23, 0x23, 0x4a, 0x00, 0x00, 0x00, 0xff, 0xe0, 0xf1, 0x07, 0x00, 0xe2, 0x0f, 0x00,
    0x24, 0x22, 0x41, 0xff, 0xff, 0x00, 0x00, 0x00, 0xff, 0x00, 0x8e, 0x07, 0x00, 0xe2, 0x0f, 0x00,
    0x12, 0x28, 0x4e, 0x25, 0x1c, 0x00, 0x00, 0x00, 0x02, 0xf8, 0x8e, 0x07, 0x00, 0xe4, 0x0f, 0x10,
    0x12, 0x28, 0x4a, 0x23, 0x1c, 0x00, 0x00, 0x00, 0x02, 0xf8, 0x8e, 0x07, 0x00, 0xe2, 0x0f, 0x00,
    0x24, 0x22, 0x4b, 0xff, 0xff, 0x00, 0x00, 0x00, 0x4b, 0x06, 0x0e, 0x00, 0x00, 0xe2, 0x0f, 0x00,
    0x10, 0x22, 0x3b, 0x3b, 0x44, 0x00, 0x00, 0x00, 0xff, 0xe0, 0xf1, 0x07, 0x00, 0xe2, 0x0f, 0x00,
    0x25, 0x28, 0x40, 0x03, 0x20, 0x00, 0x00, 0x00, 0x40, 0x00, 0x8e, 0x07, 0x00, 0xe2, 0x0f, 0x00,
    0x12, 0x28, 0x57, 0x20, 0x80, 0x07, 0x00, 0x00, 0xff, 0xc0, 0x8e, 0x07, 0x00, 0xc6, 0x0f, 0x00,
    0x24, 0x28, 0x03, 0x56, 0x00, 0x40, 0x00, 0x00, 0xff, 0x00, 0x8e, 0x07, 0x00, 0xe2, 0x0f, 0x04,
    0x12, 0x28, 0x4c, 0x21, 0x1c, 0x00, 0x00, 0x00, 0x02, 0xf8, 0x8e, 0x07, 0x00, 0xe2, 0x0f, 0x00,
    0x24, 0x28, 0x20, 0x56, 0x00, 0x40, 0x00, 0x00, 0xff, 0x00, 0x8e, 0x07, 0x00, 0xe2, 0x0f, 0x00,
    0x10, 0x22, 0x45, 0xff, 0x45, 0x00, 0x00, 0x00, 0xff, 0xe4, 0x7f, 0x00, 0x00, 0xe2, 0x0f, 0x00,
    0x25, 0x22, 0x4e, 0x03, 0x0b, 0x00, 0x00, 0x00, 0x4e, 0x00, 0x8e, 0x07, 0x00, 0xe2, 0x0f, 0x00,
    0x10, 0x22, 0x57, 0x57, 0x40, 0x00, 0x00, 0x00, 0xff, 0xe0, 0xf1, 0x07, 0x00, 0xc6, 0x0f, 0x00,
    0x25, 0x22, 0x4a, 0x03, 0x0b, 0x00, 0x00, 0x00, 0x4a, 0x00, 0x8e, 0x07, 0x00, 0xe2, 0x0f, 0x08,
    0x19, 0x78, 0x03, 0xff, 0x02, 0x00, 0x00, 0x00, 0x00, 0x16, 0x01, 0x00, 0x00, 0xe4, 0x0f, 0x00,
    0x05, 0x98, 0x26, 0x00, 0x00, 0x00, 0x00, 0x00, 0x00, 0xff, 0x01, 0x00, 0x00, 0xe4, 0x0f, 0x00,
    0x02, 0xc2, 0x22, 0x00, 0xff, 0x00, 0x00, 0x00, 0x00, 0x0f, 0x00, 0x00, 0x00, 0xe2, 0x0f, 0x00,
    0x25, 0x22, 0x4c, 0x20, 0x0b, 0x00, 0x00, 0x00, 0x4c, 0x00, 0x8e, 0x07, 0x00, 0xc8, 0x0f, 0x00,
    0x24, 0xc2, 0x20, 0xff, 0xff, 0x00, 0x00, 0x00, 0xff, 0x00, 0x8e, 0x07, 0x00, 0xe4, 0x0f, 0x00,
    0x24, 0xc2, 0x21, 0xff, 0xff, 0x00, 0x00, 0x00, 0xff, 0x00, 0x8e, 0x07, 0x00, 0xe4, 0x0f, 0x00,
    0x24, 0xc2, 0x23, 0xff, 0xff, 0x00, 0x00, 0x00, 0xff, 0x00, 0x8e, 0x07, 0x00, 0xe4, 0x0f, 0x00,
    0x24, 0x92, 0x24, 0xff, 0xff, 0x00, 0x00, 0x00, 0xff, 0x00, 0x8e, 0x07, 0x00, 0xe4, 0x0f, 0x00,
    0x24, 0x92, 0x25, 0xff, 0xff, 0x00, 0x00, 0x00, 0xff, 0x00, 0x8e, 0x07, 0x00, 0xe4, 0x0f, 0x00,
    0x24, 0x22, 0x41, 0xff, 0xff, 0x00, 0x00, 0x00, 0x41, 0x06, 0x0e, 0x00, 0x00, 0xe2, 0x0f, 0x00,
    0x0c, 0x7c, 0x00, 0x84, 0x04, 0x00, 0x00, 0x00, 0x70, 0x62, 0xf0, 0x0b, 0x00, 0xe2, 0x8f, 0x00,
    0x24, 0x78, 0x59, 0x83, 0x01, 0x00, 0x00, 0x00, 0x03, 0x02, 0x8e, 0x07, 0x00, 0xe2, 0x0f, 0x00,
    0x81, 0x49, 0x20, 0x04, 0x06, 0x00, 0x00, 0x00, 0x00, 0x9d, 0x1e, 0x0c, 0x00, 0xa8, 0x02, 0x00,
    0x81, 0x19, 0x24, 0x36, 0x06, 0x00, 0x00, 0x00, 0x00, 0x9d, 0x1e, 0x0c, 0x00, 0xa2, 0x06, 0x00,
    0x0c, 0x7c, 0x00, 0x59, 0x08, 0x00, 0x00, 0x00, 0x70, 0x66, 0x72, 0x08, 0x00, 0xe2, 0x0f, 0x04,
    0x36, 0x78, 0x05, 0x59, 0x20, 0x00, 0x00, 0x00, 0x00, 0x00, 0x00, 0x00, 0x00, 0xc6, 0x2f, 0x00,
    0x0c, 0x7c, 0x00, 0x59, 0x05, 0x00, 0x00, 0x00, 0x70, 0x66, 0xf2, 0x08, 0x00, 0xe2, 0x0f, 0x01,
    0x82, 0x2b, 0x36, 0xff, 0x00, 0xe0, 0x00, 0x00, 0x00, 0x0a, 0x00, 0x00, 0x00, 0x62, 0x8e, 0x00,
    0x0c, 0x7c, 0x00, 0x05, 0x08, 0x00, 0x00, 0x00, 0x70, 0x66, 0x70, 0x08, 0x00, 0xc8, 0x0f, 0x00,
    0x0c, 0x7c, 0x00, 0x05, 0x05, 0x00, 0x00, 0x00, 0x70, 0x66, 0x70, 0x08, 0x00, 0xe4, 0x0f, 0x00,
    0x0c, 0x72, 0x00, 0x3a, 0xff, 0x00, 0x00, 0x00, 0x70, 0x52, 0xfc, 0x03, 0x00, 0xe4, 0x0f, 0x00,
    0x12, 0x28, 0x44, 0x3b, 0x1c, 0x00, 0x00, 0x00, 0x02, 0xf8, 0x8e, 0x07, 0x00, 0xc6, 0x0f, 0x00,
    0x82, 0x9b, 0x3a, 0xff, 0x00, 0xea, 0x00, 0x00, 0x00, 0x0a, 0x00, 0x00, 0x00, 0xe2, 0x0e, 0x00,
    0x11, 0x22, 0x52, 0x4e, 0x3c, 0x00, 0x00, 0x00, 0xff, 0x10, 0x88, 0x07, 0x00, 0xe4, 0x0f, 0x00,
    0x12, 0x78, 0x04, 0x06, 0x18, 0x00, 0x00, 0x00, 0xff, 0xc0, 0x8e, 0x07, 0x00, 0xe4, 0x0f, 0x00,
    0x11, 0x22, 0x53, 0x4e, 0x3d, 0x00, 0x00, 0x00, 0x4f, 0x14, 0x0f, 0x02, 0x00, 0xc6, 0x0f, 0x00,
    0x82, 0x8b, 0x3c, 0xff, 0x00, 0xea, 0x00, 0x00, 0x00, 0x0a, 0x00, 0x00, 0x00, 0x22, 0x0f, 0x00,
    0x10, 0x72, 0x42, 0x04, 0x86, 0x00, 0x00, 0x00, 0xff, 0xe0, 0xf7, 0x07, 0x00, 0xe2, 0x0f, 0x00,
    0xa5, 0x78, 0x04, 0x04, 0x80, 0x00, 0x00, 0x00, 0xff, 0x00, 0x8e, 0x0f, 0x00, 0xe2, 0x0f, 0x00,
    0x19, 0x28, 0x40, 0x56, 0x0e, 0x00, 0x00, 0x00, 0xff, 0x06, 0x00, 0x00, 0x00, 0xc6, 0x0f, 0x00,
    0x24, 0x72, 0x43, 0xff, 0xff, 0x00, 0x00, 0x00, 0x87, 0x06, 0x8e, 0x01, 0x00, 0xe4, 0x0f, 0x00,
    0x25, 0x22, 0x44, 0x40, 0x0b, 0x00, 0x00, 0x00, 0x44, 0x00, 0x8e, 0x07, 0x00, 0xe2, 0x0f, 0x00,
    0x12, 0x28, 0x40, 0x57, 0x1c, 0x00, 0x00, 0x00, 0x02, 0xf8, 0x8e, 0x07, 0x00, 0xe4, 0x0f, 0x00,
    0x11, 0x22, 0x54, 0x4c, 0x34, 0x00, 0x00, 0x00, 0xff, 0x10, 0x86, 0x07, 0x00, 0xe2, 0x0f, 0x00,
    0x25, 0x9c, 0x98, 0x59, 0x04, 0x00, 0x00, 0x00, 0x42, 0x00, 0x8e, 0x0f, 0x00, 0xe2, 0x0f, 0x00,
    0x11, 0x22, 0x9c, 0x4a, 0x36, 0x00, 0x00, 0x00, 0xff, 0x10, 0x88, 0x07, 0x00, 0xc6, 0x2f, 0x00,
    0x24, 0x28, 0x56, 0x56, 0x00, 0x40, 0x00, 0x00, 0xff, 0x00, 0x8e, 0x07, 0x00, 0xe4, 0x0f, 0x00,
    0x24, 0x9c, 0x59, 0x59, 0x05, 0x00, 0x00, 0x00, 0xff, 0x02, 0x8e, 0x0f, 0x00, 0xe4, 0x0f, 0x00,
    0x24, 0x82, 0x9e, 0xff, 0xff, 0x00, 0x00, 0x00, 0x42, 0x00, 0x8e, 0x07, 0x00, 0xe4, 0x0f, 0x00,
    0x24, 0x82, 0x9f, 0xff, 0xff, 0x00, 0x00, 0x00, 0x43, 0x00, 0x8e, 0x07, 0x00, 0xe2, 0x0f, 0x00,
    0x11, 0x22, 0x9a, 0x44, 0x38, 0x00, 0x00, 0x00, 0xff, 0x10, 0x8a, 0x07, 0x00, 0xe2, 0x1f, 0x00,
    0x25, 0x22, 0x40, 0x56, 0x0b, 0x00, 0x00, 0x00, 0x40, 0x00, 0x8e, 0x07, 0x00, 0xe2, 0x0f, 0x00,
    0x11, 0x22, 0x55, 0x4c, 0x35, 0x00, 0x00, 0x00, 0x4d, 0x14, 0x8f, 0x01, 0x00, 0xe4, 0x0f, 0x00,
    0x11, 0x22, 0x9d, 0x4a, 0x37, 0x00, 0x00, 0x00, 0x4b, 0x14, 0x0f, 0x02, 0x00, 0xe2, 0x0f, 0x00,
    0x24, 0x98, 0x34, 0x99, 0x01, 0x00, 0x00, 0x00, 0x59, 0x02, 0x8e, 0x07, 0x00, 0xe2, 0x0f, 0x00,
    0x10, 0x92, 0x98, 0x98, 0x3a, 0x00, 0x00, 0x00, 0x98, 0xe0, 0xc7, 0x07, 0x00, 0xe2, 0x8f, 0x00,
    0x25, 0x8c, 0x9e, 0x05, 0x04, 0x00, 0x00, 0x00, 0x9e, 0x00, 0x8e, 0x0f, 0x00, 0xe2, 0x0f, 0x00,
    0x11, 0x22, 0x9b, 0x44, 0x39, 0x00, 0x00, 0x00, 0x45, 0x14, 0x8f, 0x02, 0x00, 0xc6, 0x0f, 0x00,
    0x24, 0x8c, 0x05, 0x05, 0x05, 0x00, 0x00, 0x00, 0xff, 0x02, 0x8e, 0x0f, 0x00, 0xe2, 0x0f, 0x00,
    0x11, 0x22, 0xa0, 0x40, 0x3e, 0x00, 0x00, 0x00, 0xff, 0x10, 0x8a, 0x07, 0x00, 0xe4, 0x0f, 0x00,
    0x10, 0x92, 0x99, 0x34, 0x3b, 0x00, 0x00, 0x00, 0x34, 0x84, 0xfe, 0x01, 0x00, 0xe4, 0x0f, 0x00,
    0x10, 0x82, 0x3e, 0x9f, 0x05, 0x00, 0x00, 0x00, 0xff, 0xe0, 0xff, 0x07, 0x00, 0xe4, 0x0f, 0x00,
    0x10, 0x82, 0x9e, 0x9e, 0x3c, 0x00, 0x00, 0x00, 0x9e, 0xe0, 0xc7, 0x07, 0x00, 0xe4, 0x0f, 0x01,
    0x05, 0x78, 0x38, 0x00, 0x00, 0x00, 0x00, 0x00, 0x00, 0xff, 0x01, 0x00, 0x00, 0xe4, 0x0f, 0x00,
    0x11, 0x22, 0xa1, 0x40, 0x3f, 0x00, 0x00, 0x00, 0x41, 0x14, 0x8f, 0x02, 0x00, 0xc4, 0x0f, 0x00,
    0x05, 0x78, 0x3a, 0x00, 0x00, 0x00, 0x00, 0x00, 0x00, 0xff, 0x01, 0x00, 0x00, 0xe4, 0x0f, 0x00,
    0x10, 0x82, 0x9f, 0x3e, 0x3d, 0x00, 0x00, 0x00, 0x3e, 0x84, 0xfe, 0x01, 0x00, 0xe4, 0x0f, 0x00,
    0x05, 0x78, 0x3c, 0x00, 0x00, 0x00, 0x00, 0x00, 0x00, 0xff, 0x01, 0x00, 0x00, 0xe4, 0x0f, 0x00,
    0x05, 0x78, 0x3e, 0x00, 0x00, 0x00, 0x00, 0x00, 0x00, 0xff, 0x01, 0x00, 0x00, 0xe2, 0x0f, 0x00,
    0x24, 0x72, 0x40, 0xff, 0xff, 0x00, 0x00, 0x00, 0xff, 0x00, 0x8e, 0x07, 0x00, 0xe2, 0x0f, 0x00,
    0x05, 0x78, 0x42, 0x00, 0x00, 0x00, 0x00, 0x00, 0x00, 0xff, 0x01, 0x00, 0x00, 0xe2, 0x0f, 0x00,
    0x24, 0x72, 0x41, 0xff, 0xff, 0x00, 0x00, 0x00, 0xff, 0x00, 0x8e, 0x07, 0x00, 0xe2, 0x0f, 0x00,
    0x05, 0x78, 0x34, 0x00, 0x00, 0x00, 0x00, 0x00, 0x00, 0xff, 0x01, 0x00, 0x00, 0xc4, 0x0f, 0x00,
    0x05, 0x78, 0x36, 0x00, 0x00, 0x00, 0x00, 0x00, 0x00, 0xff, 0x01, 0x00, 0x00, 0xe2, 0x0f, 0x00,
    0x81, 0x29, 0x38, 0x46, 0x06, 0x00, 0x20, 0x00, 0x00, 0x9d, 0x1e, 0x0c, 0x00, 0xe2, 0x00, 0x00,
    0x24, 0x72, 0x44, 0xff, 0xff, 0x00, 0x00, 0x00, 0xff, 0x00, 0x8e, 0x07, 0x00, 0xe2, 0x0f, 0x00,
    0x05, 0x78, 0x4e, 0x00, 0x00, 0x00, 0x00, 0x00, 0x00, 0xff, 0x01, 0x00, 0x00, 0xe2, 0x0f, 0x00,
    0x24, 0x72, 0x45, 0xff, 0xff, 0x00, 0x00, 0x00, 0xff, 0x00, 0x8e, 0x07, 0x00, 0xe2, 0x0f, 0x00,
    0x81, 0x29, 0x3c, 0x50, 0x06, 0x00, 0x40, 0x00, 0x00, 0x9d, 0x1e, 0x0c, 0x00, 0x22, 0x03, 0x00,
    0x24, 0x72, 0x4c, 0xff, 0xff, 0x00, 0x00, 0x00, 0xff, 0x00, 0x8e, 0x07, 0x00, 0xe2, 0x0f, 0x00,
    0x02, 0x72, 0x4b, 0x00, 0xff, 0x00, 0x00, 0x00, 0x00, 0x0f, 0x00, 0x00, 0x00, 0xe2, 0x0f, 0x00,
    0x24, 0x72, 0x4d, 0xff, 0xff, 0x00, 0x00, 0x00, 0xff, 0x00, 0x8e, 0x07, 0x00, 0xe2, 0x0f, 0x00,
    0x81, 0x29, 0x40, 0x52, 0x06, 0x00, 0x60, 0x00, 0x00, 0x9d, 0x1e, 0x0c, 0x00, 0xe2, 0x02, 0x00,
    0x24, 0x72, 0x4a, 0xff, 0xff, 0x00, 0x00, 0x00, 0xff, 0x00, 0x8e, 0x07, 0x00, 0xe2, 0x0f, 0x00,
    0x05, 0x78, 0x46, 0x00, 0x00, 0x00, 0x00, 0x00, 0x00, 0xff, 0x01, 0x00, 0x00, 0xc4, 0x1f, 0x00,
    0x81, 0x29, 0x34, 0x48, 0x06, 0x00, 0x00, 0x00, 0x00, 0x9d, 0x1e, 0x0c, 0x00, 0xe2, 0x00, 0x00,
    0x05, 0x78, 0x50, 0x00, 0x00, 0x00, 0x00, 0x00, 0x00, 0xff, 0x01, 0x00, 0x00, 0xe4, 0x2f, 0x00,
    0x05, 0x78, 0x56, 0x00, 0x00, 0x00, 0x00, 0x00, 0x00, 0xff, 0x01, 0x00, 0x00, 0xe2, 0x0f, 0x00,
    0x81, 0x29, 0x44, 0x54, 0x06, 0x00, 0x80, 0x00, 0x00, 0x9d, 0x1e, 0x0c, 0x00, 0xe2, 0x02, 0x00,
    0x05, 0x78, 0x52, 0x00, 0x00, 0x00, 0x00, 0x00, 0x00, 0xff, 0x01, 0x00, 0x00, 0xe4, 0x0f, 0x00,
    0x05, 0x78, 0x58, 0x00, 0x00, 0x00, 0x00, 0x00, 0x00, 0xff, 0x01, 0x00, 0x00, 0xe2, 0x0f, 0x00,
    0x81, 0x29, 0x4c, 0x9a, 0x06, 0x00, 0xc0, 0x00, 0x00, 0x9d, 0x1e, 0x0c, 0x00, 0xe2, 0x02, 0x00,
    0x05, 0x78, 0x48, 0x00, 0x00, 0x00, 0x00, 0x00, 0x00, 0xff, 0x01, 0x00, 0x00, 0xe4, 0x1f, 0x00,
    0x05, 0x78, 0x5a, 0x00, 0x00, 0x00, 0x00, 0x00, 0x00, 0xff, 0x01, 0x00, 0x00, 0xe2, 0x0f, 0x00,
    0x81, 0x29, 0x50, 0xa0, 0x06, 0x00, 0xe0, 0x00, 0x00, 0x9d, 0x1e, 0x0c, 0x00, 0xe2, 0x0e, 0x00,
    0x05, 0x78, 0x54, 0x00, 0x00, 0x00, 0x00, 0x00, 0x00, 0xff, 0x01, 0x00, 0x00, 0xc6, 0x2f, 0x00,
    0x81, 0x29, 0x48, 0x9c, 0x06, 0x00, 0xa0, 0x00, 0x00, 0x9d, 0x1e, 0x0c, 0x00, 0xe8, 0x0e, 0x00,
    0x81, 0x99, 0x54, 0x98, 0x06, 0x00, 0x00, 0x00, 0x00, 0x9d, 0x1e, 0x0c, 0x00, 0xe8, 0x00, 0x00,
    0x81, 0x89, 0x58, 0x9e, 0x06, 0x00, 0x00, 0x00, 0x00, 0x9d, 0x1e, 0x0c, 0x00, 0xe2, 0x02, 0x00,
    0x19, 0x78, 0x81, 0xff, 0x03, 0x00, 0x00, 0x00, 0x00, 0x16, 0x01, 0x00, 0x00, 0xe2, 0x0f, 0x00,
    0x24, 0x78, 0x05, 0x00, 0x00, 0x02, 0x00, 0x00, 0xff, 0x00, 0x8e, 0x07, 0x00, 0xc4, 0x0f, 0x00,
    0x24, 0x78, 0x0b, 0x0c, 0x01, 0x00, 0x00, 0x00, 0x03, 0x02, 0x8e, 0x07, 0x00, 0xe4, 0x0f, 0x00,
    0x24, 0x78, 0x9a, 0x81, 0x01, 0x00, 0x00, 0x00, 0x0c, 0x02, 0x8e, 0x07, 0x00, 0xe2, 0x0f, 0x00,
    0x12, 0x78, 0x0c, 0x05, 0xc0, 0x11, 0x00, 0x00, 0x02, 0xc8, 0x8e, 0x07, 0x00, 0xe4, 0x0f, 0x00,
    0x19, 0x78, 0x0b, 0x0b, 0x05, 0x00, 0x00, 0x00, 0xff, 0x06, 0x00, 0x00, 0x00, 0xe4, 0x0f, 0x00,
    0x19, 0x78, 0x05, 0xff, 0x01, 0x00, 0x00, 0x00, 0x00, 0x16, 0x01, 0x00, 0x00, 0xe2, 0x0f, 0x10,
    0x24, 0x78, 0x9a, 0x9a, 0x08, 0x00, 0x00, 0x00, 0xff, 0x00, 0x8e, 0x07, 0x00, 0xe2, 0x0f, 0x00,
    0x12, 0x78, 0x0c, 0x0c, 0x20, 0x00, 0x00, 0x00, 0x0b, 0xf8, 0x8e, 0x07, 0x00, 0xe2, 0x0f, 0x00,
    0x24, 0x78, 0x99, 0x81, 0x01, 0x00, 0x00, 0x00, 0x00, 0x02, 0x8e, 0x07, 0x00, 0xe2, 0x1f, 0x00,
    0x12, 0x78, 0x9b, 0x00, 0x47, 0x00, 0x00, 0x00, 0xff, 0xc0, 0x8e, 0x07, 0x00, 0xe2, 0x0f, 0x00,
    0x24, 0x78, 0x0b, 0x82, 0x01, 0x00, 0x00, 0x00, 0x05, 0x02, 0x8e, 0x07, 0x00, 0xe2, 0x0f, 0x00,
    0xc3, 0x79, 0x05, 0x00, 0x00, 0x00, 0x00, 0x00, 0x00, 0x88, 0x00, 0x00, 0x00, 0x22, 0x0e, 0x00,
    0x12, 0x78, 0x9f, 0x06, 0xe0, 0x03, 0x00, 0x00, 0xff, 0xc0, 0x8e, 0x07, 0x00, 0xe2, 0x2f, 0x00,
    0x24, 0x78, 0x9c, 0x99, 0x08, 0x00, 0x00, 0x00, 0xff, 0x00, 0x8e, 0x07, 0x00, 0xe2, 0x0f, 0x00,
    0x11, 0x72, 0x98, 0x00, 0x03, 0x00, 0x00, 0x00, 0xff, 0xd8, 0x8f, 0x07, 0x00, 0xc4, 0x0f, 0x00,
    0x12, 0x78, 0x9b, 0x9b, 0x08, 0x00, 0x00, 0x00, 0x9a, 0xf8, 0x8e, 0x07, 0x00, 0xe4, 0x0f, 0x00,
    0x11, 0x72, 0x06, 0x00, 0x05, 0x00, 0x00, 0x00, 0xff, 0xd8, 0x8f, 0x07, 0x00, 0xe4, 0x0f, 0x00,
    0x12, 0x78, 0x9a, 0x0b, 0x01, 0x00, 0x00, 0x00, 0xff, 0xc0, 0x8e, 0x07, 0x00, 0xe2, 0x0f, 0x00,
    0x24, 0x78, 0x98, 0x98, 0x10, 0x00, 0x00, 0x00, 0xff, 0x00, 0x8e, 0x07, 0x00, 0xe2, 0x0f, 0x00,
    0x19, 0x78, 0x99, 0x06, 0x04, 0x00, 0x00, 0x00, 0xff, 0x06, 0x00, 0x00, 0x00, 0xe4, 0x0f, 0x00,
    0x12, 0x78, 0x9d, 0x02, 0xe4, 0x01, 0x00, 0x00, 0xff, 0xc0, 0x8e, 0x07, 0x00, 0xe2, 0x0f, 0x00,
    0x24, 0x78, 0x9f, 0x9a, 0x10, 0x00, 0x00, 0x00, 0x9f, 0x02, 0x8e, 0x07, 0x00, 0xe2, 0x0f, 0x00,
    0x12, 0x78, 0x06, 0x9c, 0x08, 0x00, 0x00, 0x00, 0xff, 0xc0, 0x8e, 0x07, 0x00, 0xc4, 0x0f, 0x00,
    0x12, 0x78, 0x9c, 0x9d, 0x10, 0x00, 0x00, 0x00, 0x98, 0xf8, 0x8e, 0x07, 0x00, 0xe2, 0x0f, 0x00,
    0x24, 0x78, 0x9a, 0x00, 0x20, 0x00, 0x00, 0x00, 0xff, 0x00, 0x8e, 0x07, 0x00, 0xe4, 0x0f, 0x00,
    0x24, 0x78, 0x98, 0x06, 0x01, 0x00, 0x00, 0x00, 0x9f, 0x02, 0x8e, 0x07, 0x00, 0xe4, 0x0f, 0x00,
    0x24, 0x78, 0x06, 0x82, 0x01, 0x00, 0x00, 0x00, 0x00, 0x02, 0x8e, 0x07, 0x00, 0xe2, 0x0f, 0x00,
    0x12, 0x78, 0x0c, 0x0c, 0x10, 0x00, 0x00, 0x00, 0x99, 0xf8, 0x8e, 0x07, 0x00, 0xe4, 0x0f, 0x00,
    0x12, 0x78, 0x9d, 0x00, 0x07, 0x00, 0x00, 0x00, 0xff, 0xc0, 0x8e, 0x07, 0x00, 0xe4, 0x0f, 0x00,
    0x19, 0x78, 0x99, 0x06, 0x03, 0x00, 0x00, 0x00, 0xff, 0x06, 0x00, 0x00, 0x00, 0xc4, 0x0f, 0x00,
    0x12, 0x78, 0x06, 0x9a, 0x00, 0x0c, 0x00, 0x00, 0xff, 0xc0, 0x8e, 0x07, 0x00, 0xe2, 0x0f, 0x00,
    0x82, 0x78, 0x04, 0x00, 0x00, 0x04, 0x00, 0x00, 0x00, 0x00, 0x00, 0x00, 0x00, 0xe2, 0x0f, 0x00,
    0x12, 0x78, 0x81, 0x81, 0x01, 0x00, 0x00, 0x00, 0xff, 0xc0, 0x8e, 0x07, 0x00, 0xe2, 0x0f, 0x00,
    0x24, 0x78, 0xa0, 0x00, 0x40, 0x00, 0x00, 0x00, 0xff, 0x00, 0x8e, 0x07, 0x00, 0xe2, 0x0f, 0x00,
    0x12, 0x78, 0x99, 0x99, 0x08, 0x00, 0x00, 0x00, 0xff, 0xc0, 0x8e, 0x07, 0x00, 0xe2, 0x0f, 0x00,
    0x24, 0x78, 0x0b, 0x0b, 0x08, 0x00, 0x00, 0x00, 0xff, 0x00, 0x8e, 0x07, 0x00, 0xe2, 0x0f, 0x00,
    0x91, 0x72, 0x04, 0x05, 0x04, 0x00, 0x00, 0x00, 0xff, 0xc0, 0x8e, 0x0f, 0x00, 0xe2, 0x1f, 0x00,
    0x24, 0x78, 0x9a, 0x9d, 0x40, 0x00, 0x00, 0x00, 0x06, 0x02, 0x8e, 0x07, 0x00, 0xe4, 0x0f, 0x00,
    0x24, 0x78, 0x9e, 0x05, 0x10, 0x00, 0x00, 0x00, 0xff, 0x00, 0x8e, 0x07, 0x00, 0xe2, 0x0f, 0x00,
    0x12, 0x72, 0x0c, 0x0c, 0x99, 0x00, 0x00, 0x00, 0xff, 0xfc, 0x8e, 0x07, 0x00, 0xe2, 0x0f, 0x00,
    0x24, 0x78, 0x9a, 0x81, 0x00, 0x02, 0x00, 0x00, 0x9a, 0x02, 0x8e, 0x07, 0x00, 0xe2, 0x0f, 0x00,
    0x12, 0x78, 0xa0, 0xa0, 0xc0, 0x03, 0x00, 0x00, 0xff, 0xc0, 0x8e, 0x07, 0x00, 0xc4, 0x0f, 0x00,
    0x12, 0x78, 0x9d, 0x0b, 0x08, 0x00, 0x00, 0x00, 0xff, 0xc0, 0x8e, 0x07, 0x00, 0xe4, 0x0f, 0x00,
    0x12, 0x78, 0x0b, 0x9e, 0x10, 0x00, 0x00, 0x00, 0xff, 0xc0, 0x8e, 0x07, 0x00, 0xe4, 0x0f, 0x00,
    0x10, 0x7c, 0x9e, 0x0c, 0x04, 0x00, 0x00, 0x00, 0x0c, 0xe0, 0xff, 0x0f, 0x00, 0xe2, 0x0f, 0x00,
    0x24, 0x78, 0x0c, 0x99, 0x01, 0x00, 0x00, 0x00, 0x9a, 0x02, 0x8e, 0x07, 0x00, 0xe2, 0x0f, 0x00,
    0x12, 0x72, 0x9c, 0x9c, 0x9d, 0x00, 0x00, 0x00, 0xff, 0xfc, 0x8e, 0x07, 0x00, 0xe4, 0x0f, 0x00,
    0x12, 0x72, 0x9a, 0xa0, 0x99, 0x00, 0x00, 0x00, 0xff, 0xfc, 0x8e, 0x07, 0x00, 0xe4, 0x0f, 0x04,
    0x10, 0x72, 0x9d, 0xa0, 0x9d, 0x00, 0x00, 0x00, 0x9d, 0xe0, 0xff, 0x07, 0x00, 0xc4, 0x0f, 0x00,
    0x12, 0x72, 0x99, 0x0b, 0xa0, 0x00, 0x00, 0x00, 0x99, 0xfe, 0x8e, 0x07, 0x00, 0xe4, 0x0f, 0x00,
    0x12, 0x78, 0xa0, 0x00, 0x10, 0x00, 0x00, 0x00, 0xff, 0x0c, 0x8e, 0x07, 0x00, 0xe4, 0x0f, 0x04,
    0x12, 0x78, 0x9f, 0x00, 0x20, 0x00, 0x00, 0x00, 0xff, 0xc0, 0x8e, 0x07, 0x00, 0xe4, 0x0f, 0x04,
    0x10, 0x72, 0xa0, 0x9b, 0xa0, 0x00, 0x00, 0x00, 0xff, 0xe0, 0xff, 0x07, 0x00, 0xe4, 0x0f, 0x04,
    0x12, 0x78, 0xa1, 0x00, 0x20, 0x00, 0x00, 0x00, 0xff, 0x0c, 0x8e, 0x07, 0x00, 0xe4, 0x0f, 0x00,
    0x12, 0x78, 0x9b, 0x9b, 0x10, 0x00, 0x00, 0x00, 0x00, 0xf8, 0x8e, 0x07, 0x00, 0xe2, 0x0f, 0x00,
    0x24, 0x78, 0x9f, 0x9f, 0x01, 0x00, 0x00, 0x00, 0xa0, 0x02, 0x8e, 0x07, 0x00, 0xc4, 0x0f, 0x00,
    0x24, 0x78, 0xa0, 0xa0, 0x01, 0x00, 0x00, 0x00, 0xa1, 0x02, 0x8e, 0x07, 0x00, 0xe4, 0x0f, 0x10,
    0x24, 0x78, 0xa1, 0x9b, 0x01, 0x00, 0x00, 0x00, 0xa1, 0x02, 0x8e, 0x07, 0x00, 0xe2, 0x0f, 0x04,
    0x12, 0x78, 0x9b, 0x9b, 0x20, 0x00, 0x00, 0x00, 0x00, 0xf8, 0x8e, 0x07, 0x00, 0xe2, 0x0f, 0x00,
    0x88, 0x73, 0x00, 0x9e, 0x14, 0x00, 0x0c, 0x00, 0x00, 0x0c, 0x00, 0x00, 0x00, 0xe2, 0x01, 0x02,
    0x05, 0x68, 0x2c, 0x00, 0x00, 0x00, 0x00, 0x00, 0x00, 0xff, 0x01, 0x00, 0x00, 0xe4, 0x0f, 0x00,
    0x05, 0x68, 0x2e, 0x00, 0x00, 0x00, 0x00, 0x00, 0x00, 0xff, 0x01, 0x00, 0x00, 0xe4, 0x0f, 0x00,
    0x10, 0x7c, 0x9f, 0x9f, 0x04, 0x00, 0x00, 0x00, 0x9f, 0xe0, 0xff, 0x0f, 0x00, 0xe2, 0x0f, 0x00,
    0x88, 0x73, 0x00, 0x9e, 0x18, 0x00, 0x04, 0x00, 0x00, 0x0c, 0x00, 0x00, 0x00, 0xe8, 0x0f, 0x00,
    0x88, 0x73, 0x00, 0x9e, 0x1c, 0x00, 0x08, 0x00, 0x00, 0x0c, 0x00, 0x00, 0x00, 0xe8, 0x0f, 0x00,
    0x88, 0x73, 0x00, 0x9e, 0x28, 0x00, 0x18, 0x00, 0x00, 0x0c, 0x00, 0x00, 0x00, 0xe2, 0x0f, 0x00,
    0x10, 0x7c, 0x14, 0x9b, 0x04, 0x00, 0x00, 0x00, 0x9b, 0xe0, 0xff, 0x0f, 0x00, 0xc4, 0x1f, 0x00,
    0x10, 0x7c, 0x16, 0xa1, 0x04, 0x00, 0x00, 0x00, 0xa1, 0xe0, 0xff, 0x0f, 0x00, 0xe2, 0x0f, 0x00,
    0x88, 0x73, 0x00, 0x9e, 0x2c, 0x00, 0x00, 0x00, 0x00, 0x0c, 0x00, 0x00, 0x00, 0xe2, 0x0f, 0x00,
    0x10, 0x7c, 0x15, 0xa0, 0x04, 0x00, 0x00, 0x00, 0xa0, 0xe0, 0xff, 0x0f, 0x00, 0xc6, 0x0f, 0x00,
    0x88, 0x73, 0x00, 0x9e, 0x30, 0x00, 0x1c, 0x00, 0x00, 0x0c, 0x00, 0x00, 0x00, 0xe2, 0x0f, 0x00,
    0x10, 0x7c, 0x9c, 0x9c, 0x04, 0x00, 0x00, 0x00, 0x9c, 0xe0, 0xff, 0x0f, 0x00, 0xe4, 0x0f, 0x00,
    0x10, 0x7c, 0x98, 0x98, 0x04, 0x00, 0x00, 0x00, 0x98, 0xe0, 0xff, 0x0f, 0x00, 0xe2, 0x0f, 0x00,
    0x88, 0x73, 0x00, 0x9e, 0x20, 0x00, 0x10, 0x00, 0x00, 0x0c, 0x00, 0x00, 0x00, 0xe8, 0x4f, 0x00,
    0x88, 0x73, 0x00, 0x9e, 0x24, 0x00, 0x14, 0x00, 0x00, 0x0c, 0x00, 0x00, 0x00, 0xe8, 0x0f, 0x00,
    0x88, 0x73, 0x00, 0x14, 0x08, 0x00, 0x40, 0x00, 0x00, 0x04, 0x00, 0x00, 0x00, 0xe8, 0x0f, 0x00,
    0x88, 0x73, 0x00, 0x9f, 0x0d, 0x00, 0x41, 0x00, 0x00, 0x04, 0x00, 0x00, 0x00, 0xe8, 0x0f, 0x00,
    0x88, 0x73, 0x00, 0x16, 0x09, 0x00, 0x42, 0x00, 0x00, 0x04, 0x00, 0x00, 0x00, 0xe8, 0x0f, 0x00,
    0x88, 0x73, 0x00, 0x15, 0x0e, 0x00, 0x43, 0x00, 0x00, 0x04, 0x00, 0x00, 0x00, 0xe8, 0x01, 0x00,
    0x88, 0x73, 0x00, 0x14, 0x0a, 0x00, 0x44, 0x00, 0x00, 0x04, 0x00, 0x00, 0x00, 0xe8, 0x0f, 0x00,
    0x88, 0x73, 0x00, 0x9f, 0x0f, 0x00, 0x45, 0x00, 0x00, 0x04, 0x00, 0x00, 0x00, 0xe8, 0x03, 0x00,
    0x88, 0x73, 0x00, 0x16, 0x11, 0x00, 0x46, 0x00, 0x00, 0x04, 0x00, 0x00, 0x00, 0xe8, 0x0f, 0x00,
    0x88, 0x73, 0x00, 0x15, 0x10, 0x00, 0x47, 0x00, 0x00, 0x04, 0x00, 0x00, 0x00, 0xe8, 0x0f, 0x00,
    0x88, 0x73, 0x00, 0x14, 0x07, 0x00, 0x48, 0x00, 0x00, 0x04, 0x00, 0x00, 0x00, 0xe8, 0x05, 0x00,
    0x88, 0x73, 0x00, 0x9f, 0x97, 0x00, 0x49, 0x00, 0x00, 0x04, 0x00, 0x00, 0x00, 0xe8, 0x0f, 0x00,
    0x88, 0x73, 0x00, 0x16, 0x96, 0x00, 0x4a, 0x00, 0x00, 0x04, 0x00, 0x00, 0x00, 0xe8, 0x0f, 0x00,
    0x88, 0x73, 0x00, 0x15, 0x95, 0x00, 0x4b, 0x00, 0x00, 0x04, 0x00, 0x00, 0x00, 0xe8, 0x0f, 0x00,
    0x88, 0x73, 0x00, 0x14, 0x94, 0x00, 0x4c, 0x00, 0x00, 0x04, 0x00, 0x00, 0x00, 0xe8, 0x0f, 0x00,
    0x88, 0x73, 0x00, 0x9f, 0x93, 0x00, 0x4d, 0x00, 0x00, 0x04, 0x00, 0x00, 0x00, 0xe8, 0x0f, 0x00,
    0x88, 0x73, 0x00, 0x16, 0x92, 0x00, 0x4e, 0x00, 0x00, 0x04, 0x00, 0x00, 0x00, 0xe8, 0x0f, 0x00,
    0x88, 0x73, 0x00, 0x15, 0x91, 0x00, 0x4f, 0x00, 0x00, 0x04, 0x00, 0x00, 0x00, 0xe8, 0x0f, 0x00,
    0x88, 0x73, 0x00, 0x14, 0x90, 0x00, 0x50, 0x00, 0x00, 0x04, 0x00, 0x00, 0x00, 0xe8, 0x0f, 0x00,
    0x88, 0x73, 0x00, 0x9f, 0x8f, 0x00, 0x51, 0x00, 0x00, 0x04, 0x00, 0x00, 0x00, 0xe8, 0x0f, 0x00,
    0x88, 0x73, 0x00, 0x16, 0x8e, 0x00, 0x52, 0x00, 0x00, 0x04, 0x00, 0x00, 0x00, 0xe8, 0x0f, 0x00,
    0x88, 0x73, 0x00, 0x15, 0x8d, 0x00, 0x53, 0x00, 0x00, 0x04, 0x00, 0x00, 0x00, 0xe8, 0x0f, 0x00,
    0x88, 0x73, 0x00, 0x14, 0x8c, 0x00, 0x54, 0x00, 0x00, 0x04, 0x00, 0x00, 0x00, 0xe8, 0x0f, 0x00,
    0x88, 0x73, 0x00, 0x9f, 0x8b, 0x00, 0x55, 0x00, 0x00, 0x04, 0x00, 0x00, 0x00, 0xe8, 0x0f, 0x00,
    0x88, 0x73, 0x00, 0x16, 0x8a, 0x00, 0x56, 0x00, 0x00, 0x04, 0x00, 0x00, 0x00, 0xe8, 0x0f, 0x00,
    0x88, 0x73, 0x00, 0x15, 0x89, 0x00, 0x57, 0x00, 0x00, 0x04, 0x00, 0x00, 0x00, 0xe8, 0x0f, 0x00,
    0x88, 0x73, 0x00, 0x14, 0x88, 0x00, 0x58, 0x00, 0x00, 0x04, 0x00, 0x00, 0x00, 0xe8, 0x0f, 0x00,
    0x88, 0x73, 0x00, 0x9f, 0x80, 0x00, 0x59, 0x00, 0x00, 0x04, 0x00, 0x00, 0x00, 0xe8, 0x0f, 0x00,
    0x88, 0x73, 0x00, 0x16, 0x7f, 0x00, 0x5a, 0x00, 0x00, 0x04, 0x00, 0x00, 0x00, 0xe8, 0x0f, 0x00,
    0x88, 0x73, 0x00, 0x15, 0x7e, 0x00, 0x5b, 0x00, 0x00, 0x04, 0x00, 0x00, 0x00, 0xe8, 0x0f, 0x00,
    0x88, 0x73, 0x00, 0x14, 0x7d, 0x00, 0x5c, 0x00, 0x00, 0x04, 0x00, 0x00, 0x00, 0xe8, 0x0f, 0x00,
    0x88, 0x73, 0x00, 0x9f, 0x7c, 0x00, 0x5d, 0x00, 0x00, 0x04, 0x00, 0x00, 0x00, 0xe8, 0x0f, 0x00,
    0x88, 0x73, 0x00, 0x16, 0x7b, 0x00, 0x5e, 0x00, 0x00, 0x04, 0x00, 0x00, 0x00, 0xe8, 0x0f, 0x00,
    0x88, 0x73, 0x00, 0x15, 0x7a, 0x00, 0x5f, 0x00, 0x00, 0x04, 0x00, 0x00, 0x00, 0xe8, 0x0f, 0x00,
    0x88, 0x73, 0x00, 0x14, 0x79, 0x00, 0x60, 0x00, 0x00, 0x04, 0x00, 0x00, 0x00, 0xe8, 0x0f, 0x00,
    0x88, 0x73, 0x00, 0x9f, 0x78, 0x00, 0x61, 0x00, 0x00, 0x04, 0x00, 0x00, 0x00, 0xe8, 0x0f, 0x00,
    0x88, 0x73, 0x00, 0x16, 0x77, 0x00, 0x62, 0x00, 0x00, 0x04, 0x00, 0x00, 0x00, 0xe8, 0x0f, 0x00,
    0x88, 0x73, 0x00, 0x15, 0x76, 0x00, 0x63, 0x00, 0x00, 0x04, 0x00, 0x00, 0x00, 0xe8, 0x0f, 0x00,
    0x88, 0x73, 0x00, 0x14, 0x75, 0x00, 0x64, 0x00, 0x00, 0x04, 0x00, 0x00, 0x00, 0xe8, 0x0f, 0x00,
    0x88, 0x73, 0x00, 0x9f, 0x74, 0x00, 0x65, 0x00, 0x00, 0x04, 0x00, 0x00, 0x00, 0xe8, 0x0f, 0x00,
    0x88, 0x73, 0x00, 0x16, 0x73, 0x00, 0x66, 0x00, 0x00, 0x04, 0x00, 0x00, 0x00, 0xe8, 0x0f, 0x00,
    0x88, 0x73, 0x00, 0x15, 0x72, 0x00, 0x67, 0x00, 0x00, 0x04, 0x00, 0x00, 0x00, 0xe8, 0x0f, 0x00,
    0x88, 0x73, 0x00, 0x14, 0x71, 0x00, 0x68, 0x00, 0x00, 0x04, 0x00, 0x00, 0x00, 0xe8, 0x0f, 0x00,
    0x88, 0x73, 0x00, 0x9f, 0x70, 0x00, 0x69, 0x00, 0x00, 0x04, 0x00, 0x00, 0x00, 0xe8, 0x0f, 0x00,
    0x88, 0x73, 0x00, 0x16, 0x6f, 0x00, 0x6a, 0x00, 0x00, 0x04, 0x00, 0x00, 0x00, 0xe8, 0x0f, 0x00,
    0x88, 0x73, 0x00, 0x15, 0x6e, 0x00, 0x6b, 0x00, 0x00, 0x04, 0x00, 0x00, 0x00, 0xe8, 0x0f, 0x00,
    0x88, 0x73, 0x00, 0x14, 0x6d, 0x00, 0x6c, 0x00, 0x00, 0x04, 0x00, 0x00, 0x00, 0xe8, 0x0f, 0x00,
    0x88, 0x73, 0x00, 0x9f, 0x6c, 0x00, 0x6d, 0x00, 0x00, 0x04, 0x00, 0x00, 0x00, 0xe8, 0x0f, 0x00,
    0x88, 0x73, 0x00, 0x16, 0x6b, 0x00, 0x6e, 0x00, 0x00, 0x04, 0x00, 0x00, 0x00, 0xe8, 0x0f, 0x00,
    0x88, 0x73, 0x00, 0x15, 0x6a, 0x00, 0x6f, 0x00, 0x00, 0x04, 0x00, 0x00, 0x00, 0xe8, 0x0f, 0x00,
    0x88, 0x73, 0x00, 0x14, 0x69, 0x00, 0x70, 0x00, 0x00, 0x04, 0x00, 0x00, 0x00, 0xe8, 0x0f, 0x00,
    0x88, 0x73, 0x00, 0x9f, 0x68, 0x00, 0x71, 0x00, 0x00, 0x04, 0x00, 0x00, 0x00, 0xe8, 0x0f, 0x00,
    0x88, 0x73, 0x00, 0x16, 0x67, 0x00, 0x72, 0x00, 0x00, 0x04, 0x00, 0x00, 0x00, 0xe8, 0x0f, 0x00,
    0x88, 0x73, 0x00, 0x15, 0x66, 0x00, 0x73, 0x00, 0x00, 0x04, 0x00, 0x00, 0x00, 0xe8, 0x0f, 0x00,
    0x88, 0x73, 0x00, 0x14, 0x65, 0x00, 0x74, 0x00, 0x00, 0x04, 0x00, 0x00, 0x00, 0xe8, 0x0f, 0x00,
    0x88, 0x73, 0x00, 0x9f, 0x64, 0x00, 0x75, 0x00, 0x00, 0x04, 0x00, 0x00, 0x00, 0xe8, 0x0f, 0x00,
    0x88, 0x73, 0x00, 0x16, 0x63, 0x00, 0x76, 0x00, 0x00, 0x04, 0x00, 0x00, 0x00, 0xe2, 0x0f, 0x00,
    0x3e, 0x72, 0x34, 0x35, 0x34, 0x00, 0x00, 0x00, 0xff, 0x10, 0x00, 0x00, 0x00, 0xc6, 0x8f, 0x00,
    0x88, 0x73, 0x00, 0x15, 0x62, 0x00, 0x77, 0x00, 0x00, 0x04, 0x00, 0x00, 0x00, 0xe2, 0x0f, 0x00,
    0x3e, 0x72, 0x38, 0x39, 0x38, 0x00, 0x00, 0x00, 0xff, 0x10, 0x00, 0x00, 0x00, 0xc6, 0x0f, 0x00,
    0x88, 0x73, 0x00, 0x14, 0x61, 0x00, 0x78, 0x00, 0x00, 0x04, 0x00, 0x00, 0x00, 0xe2, 0x0f, 0x00,
    0x3e, 0x72, 0x3c, 0x3d, 0x3c, 0x00, 0x00, 0x00, 0xff, 0x10, 0x00, 0x00, 0x00, 0xe4, 0x0f, 0x01,
    0x3e, 0x72, 0x40, 0x41, 0x40, 0x00, 0x00, 0x00, 0xff, 0x10, 0x00, 0x00, 0x00, 0xe2, 0x0f, 0x00,
    0x88, 0x73, 0x00, 0x9f, 0x60, 0x00, 0x79, 0x00, 0x00, 0x04, 0x00, 0x00, 0x00, 0xe2, 0x0f, 0x00,
    0x3e, 0x72, 0x44, 0x45, 0x44, 0x00, 0x00, 0x00, 0xff, 0x10, 0x00, 0x00, 0x00, 0xe4, 0x0f, 0x00,
    0x3e, 0x72, 0x4c, 0x4d, 0x4c, 0x00, 0x00, 0x00, 0xff, 0x10, 0x00, 0x00, 0x00, 0xe2, 0x0f, 0x00,
    0x88, 0x73, 0x00, 0x16, 0x5f, 0x00, 0x7a, 0x00, 0x00, 0x04, 0x00, 0x00, 0x00, 0xe2, 0x0f, 0x00,
    0x3e, 0x72, 0x50, 0x51, 0x50, 0x00, 0x00, 0x00, 0xff, 0x10, 0x00, 0x00, 0x00, 0xe4, 0x0f, 0x00,
    0x3e, 0x72, 0x35, 0x37, 0x36, 0x00, 0x00, 0x00, 0xff, 0x10, 0x00, 0x00, 0x00, 0xe2, 0x0f, 0x00,
    0x88, 0x73, 0x00, 0x15, 0x5e, 0x00, 0x7b, 0x00, 0x00, 0x04, 0x00, 0x00, 0x00, 0xe2, 0x0f, 0x00,
    0x3e, 0x72, 0x39, 0x3b, 0x3a, 0x00, 0x00, 0x00, 0xff, 0x10, 0x00, 0x00, 0x00, 0xc4, 0x0f, 0x00,
    0x3e, 0x72, 0x3d, 0x3f, 0x3e, 0x00, 0x00, 0x00, 0xff, 0x10, 0x00, 0x00, 0x00, 0xe2, 0x0f, 0x00,
    0x88, 0x73, 0x00, 0x14, 0x5d, 0x00, 0x7c, 0x00, 0x00, 0x04, 0x00, 0x00, 0x00, 0xe2, 0x0f, 0x00,
    0x3e, 0x72, 0x41, 0x43, 0x42, 0x00, 0x00, 0x00, 0xff, 0x10, 0x00, 0x00, 0x00, 0xe4, 0x0f, 0x00,
    0x3e, 0x72, 0x45, 0x47, 0x46, 0x00, 0x00, 0x00, 0xff, 0x10, 0x00, 0x00, 0x00, 0xe4, 0x0f, 0x00,
    0x3e, 0x72, 0x0e, 0x49, 0x48, 0x00, 0x00, 0x00, 0xff, 0x10, 0x00, 0x00, 0x00, 0xe4, 0x1f, 0x00,
    0x3e, 0x72, 0x0f, 0x4b, 0x4a, 0x00, 0x00, 0x00, 0xff, 0x10, 0x00, 0x00, 0x00, 0xe4, 0x2f, 0x00,
    0x3e, 0x72, 0x4d, 0x4f, 0x4e, 0x00, 0x00, 0x00, 0xff, 0x10, 0x00, 0x00, 0x00, 0xc4, 0x0f, 0x00,
    0x3e, 0x72, 0x51, 0x53, 0x52, 0x00, 0x00, 0x00, 0xff, 0x10, 0x00, 0x00, 0x00, 0xe2, 0x0f, 0x00,
    0x88, 0x73, 0x00, 0x9f, 0x5c, 0x00, 0x7d, 0x00, 0x00, 0x04, 0x00, 0x00, 0x00, 0xe8, 0x0f, 0x00,
    0x88, 0x73, 0x00, 0x16, 0x13, 0x00, 0x7e, 0x00, 0x00, 0x04, 0x00, 0x00, 0x00, 0xe8, 0x0f, 0x00,
    0x88, 0x73, 0x00, 0x15, 0x12, 0x00, 0x7f, 0x00, 0x00, 0x04, 0x00, 0x00, 0x00, 0xe8, 0x0f, 0x00,
    0x88, 0x73, 0x00, 0x9c, 0x34, 0x00, 0x80, 0x00, 0x00, 0x0a, 0x00, 0x00, 0x00, 0xe8, 0x0f, 0x00,
    0x88, 0x73, 0x00, 0x9c, 0x38, 0x00, 0x84, 0x00, 0x00, 0x0a, 0x00, 0x00, 0x00, 0xe8, 0x0f, 0x00,
    0x88, 0x73, 0x00, 0x9c, 0x3c, 0x00, 0x88, 0x00, 0x00, 0x0a, 0x00, 0x00, 0x00, 0xe8, 0x0f, 0x00,
    0x88, 0x73, 0x00, 0x9c, 0x40, 0x00, 0x8c, 0x00, 0x00, 0x0a, 0x00, 0x00, 0x00, 0xe8, 0x0f, 0x00,
    0x88, 0x73, 0x00, 0x9c, 0x44, 0x00, 0x90, 0x00, 0x00, 0x0a, 0x00, 0x00, 0x00, 0xe8, 0x0f, 0x00,
    0x88, 0x73, 0x00, 0x9c, 0x0e, 0x00, 0x94, 0x00, 0x00, 0x0a, 0x00, 0x00, 0x00, 0xe8, 0x01, 0x00,
    0x88, 0x73, 0x00, 0x9c, 0x4c, 0x00, 0x98, 0x00, 0x00, 0x0a, 0x00, 0x00, 0x00, 0xe8, 0x0f, 0x00,
    0x88, 0x73, 0x00, 0x9c, 0x50, 0x00, 0x9c, 0x00, 0x00, 0x0a, 0x00, 0x00, 0x00, 0xe8, 0x0f, 0x00,
    0x88, 0x73, 0x00, 0x98, 0x54, 0x00, 0xa0, 0x00, 0x00, 0x0c, 0x00, 0x00, 0x00, 0xe8, 0x0f, 0x00,
    0x88, 0x73, 0x00, 0x98, 0x58, 0x00, 0xa8, 0x00, 0x00, 0x0c, 0x00, 0x00, 0x00, 0xe2, 0x0f, 0x00,
    0x24, 0x78, 0x48, 0x03, 0x20, 0x00, 0x00, 0x00, 0xff, 0x00, 0x8e, 0x07, 0x00, 0xca, 0x0f, 0x00,
    0x12, 0x78, 0x48, 0x48, 0x20, 0x00, 0x00, 0x00, 0xff, 0xc0, 0x8e, 0x07, 0x00, 0xc8, 0x0f, 0x00,
    0x12, 0x72, 0x07, 0x48, 0x0c, 0x00, 0x00, 0x00, 0x0b, 0xfe, 0x8e, 0x07, 0x00, 0xe4, 0x4f, 0x04,
    0x12, 0x72, 0x08, 0x48, 0x9d, 0x00, 0x00, 0x00, 0xff, 0xfc, 0x8e, 0x07, 0x00, 0xe2, 0x0f, 0x00,
    0x1d, 0x7b, 0x00, 0x00, 0x00, 0x00, 0x00, 0x00, 0x00, 0x00, 0x01, 0x00, 0x00, 0xe2, 0x0f, 0x00,
    0x10, 0x7c, 0x07, 0x07, 0x04, 0x00, 0x00, 0x00, 0x07, 0xe0, 0xff, 0x0f, 0x00, 0xe4, 0x0f, 0x00,
    0x12, 0x78, 0x0d, 0x9a, 0x10, 0x00, 0x00, 0x00, 0x0b, 0xf6, 0x8e, 0x07, 0x00, 0xe4, 0x0f, 0x10,
    0x12, 0x78, 0x49, 0x0c, 0x10, 0x00, 0x00, 0x00, 0x0b, 0xf6, 0x8e, 0x07, 0x00, 0xe4, 0x0f, 0x00,
    0x12, 0x72, 0x0f, 0x99, 0x48, 0x00, 0x00, 0x00, 0xff, 0xfc, 0x8e, 0x07, 0x00, 0xc4, 0x1f, 0x00,
    0x12, 0x78, 0x80, 0x99, 0x20, 0x00, 0x00, 0x00, 0x48, 0xf6, 0x8e, 0x07, 0x00, 0xe4, 0x0f, 0x10,
    0x12, 0x72, 0x0e, 0x0d, 0x48, 0x00, 0x00, 0x00, 0xff, 0xfc, 0x8e, 0x07, 0x00, 0xe4, 0x0f, 0x0c,
    0x12, 0x78, 0x0d, 0x0d, 0x20, 0x00, 0x00, 0x00, 0x48, 0xf6, 0x8e, 0x07, 0x00, 0xe2, 0x0f, 0x00,
    0x3b, 0x78, 0x14, 0x07, 0x00, 0x00, 0x00, 0x00, 0x00, 0x02, 0x00, 0x00, 0x00, 0xe8, 0x0f, 0x00,
    0x3b, 0x78, 0x1c, 0x08, 0x04, 0x00, 0x80, 0x00, 0x00, 0x42, 0x00, 0x08, 0x00, 0x22, 0x0e, 0x00,
    0x12, 0x72, 0x0a, 0x49, 0x48, 0x00, 0x00, 0x00, 0xff, 0xfc, 0x8e, 0x07, 0x00, 0xc4, 0x0f, 0x00,
    0x12, 0x78, 0x09, 0x9d, 0x20, 0x00, 0x00, 0x00, 0x48, 0xf6, 0x8e, 0x07, 0x00, 0xe2, 0x0f, 0x00,
    0x3b, 0x78, 0x30, 0x08, 0x04, 0x00, 0x84, 0x00, 0x00, 0x42, 0x00, 0x08, 0x00, 0xe2, 0x0f, 0x00,
    0x10, 0x7c, 0x0f, 0x0f, 0x04, 0x00, 0x00, 0x00, 0x0f, 0xe0, 0xff, 0x0f, 0x00, 0xe4, 0x0f, 0x00,
    0x10, 0x7c, 0x0e, 0x0e, 0x04, 0x00, 0x00, 0x00, 0x0e, 0xe0, 0xff, 0x0f, 0x00, 0xe2, 0x0f, 0x00,
    0x3b, 0x78, 0x3c, 0x09, 0x04, 0x00, 0x80, 0x00, 0x00, 0x42, 0x00, 0x08, 0x00, 0x62, 0x0e, 0x00,
    0x10, 0x7c, 0x80, 0x80, 0x04, 0x00, 0x00, 0x00, 0x80, 0xe0, 0xff, 0x0f, 0x00, 0xe4, 0x0f, 0x00,
    0x10, 0x7c, 0x0a, 0x0a, 0x04, 0x00, 0x00, 0x00, 0x0a, 0xe0, 0xff, 0x0f, 0x00, 0xe2, 0x0f, 0x00,
    0x3b, 0x78, 0x38, 0x0f, 0x00, 0x00, 0x40, 0x00, 0x00, 0x42, 0x00, 0x00, 0x00, 0xa2, 0x0e, 0x00,
    0x10, 0x7c, 0x0d, 0x0d, 0x04, 0x00, 0x00, 0x00, 0x0d, 0xe0, 0xff, 0x0f, 0x00, 0xc6, 0x0f, 0x00,
    0x3b, 0x78, 0x20, 0x0e, 0x00, 0x00, 0x40, 0x00, 0x00, 0x42, 0x00, 0x00, 0x00, 0xe8, 0x0e, 0x00,
    0x3b, 0x78, 0x28, 0x80, 0x00, 0x00, 0x40, 0x00, 0x00, 0x42, 0x00, 0x00, 0x00, 0x28, 0x0f, 0x00,
    0x3b, 0x78, 0x34, 0x0d, 0x00, 0x00, 0x40, 0x00, 0x00, 0x42, 0x00, 0x00, 0x00, 0x68, 0x0f, 0x00,
    0x3b, 0x78, 0x44, 0x0a, 0x00, 0x00, 0x00, 0x00, 0x00, 0x02, 0x00, 0x00, 0x00, 0xe8, 0x0e, 0x00,
    0x3b, 0x78, 0x40, 0x0f, 0x00, 0x00, 0x48, 0x00, 0x00, 0x42, 0x00, 0x00, 0x00, 0xe8, 0x0e, 0x00,
    0x3b, 0x78, 0x10, 0x09, 0x04, 0x00, 0x84, 0x00, 0x00, 0x42, 0x00, 0x08, 0x00, 0x22, 0x0f, 0x00,
    0x3c, 0x72, 0x4c, 0x14, 0x1c, 0x00, 0x00, 0x00, 0xff, 0x18, 0x04, 0x00, 0x00, 0xe2, 0x1f, 0x00,
    0x12, 0x72, 0x0b, 0x0c, 0x0b, 0x00, 0x00, 0x00, 0xff, 0xfc, 0x8e, 0x07, 0x00, 0xc4, 0x0f, 0x00,
    0x3b, 0x78, 0x68, 0x0d, 0x00, 0x00, 0x48, 0x00, 0x00, 0x42, 0x00, 0x00, 0x00, 0xe8, 0x0f, 0x00,
    0x3b, 0x78, 0x64, 0x08, 0x04, 0x00, 0x88, 0x00, 0x00, 0x42, 0x00, 0x08, 0x00, 0xe2, 0x0f, 0x00,
    0x3c, 0x72, 0x1c, 0x14, 0x1e, 0x00, 0x00, 0x00, 0xff, 0x18, 0x04, 0x00, 0x00, 0xe6, 0x0f, 0x04,
    0x3b, 0x78, 0x60, 0x0f, 0x00, 0x00, 0x50, 0x00, 0x00, 0x42, 0x00, 0x00, 0x00, 0xe8, 0x0f, 0x00,
    0x3b, 0x78, 0x50, 0x0e, 0x00, 0x00, 0x50, 0x00, 0x00, 0x42, 0x00, 0x00, 0x00, 0xe2, 0x0f, 0x00,
    0x3c, 0x72, 0x58, 0x14, 0x3c, 0x00, 0x00, 0x00, 0xff, 0x18, 0x04, 0x00, 0x00, 0xe6, 0x2f, 0x04,
    0x3b, 0x78, 0x54, 0x08, 0x04, 0x00, 0x8c, 0x00, 0x00, 0x42, 0x00, 0x08, 0x00, 0xe8, 0x0f, 0x00,
    0x3b, 0x78, 0x5c, 0x09, 0x04, 0x00, 0x8c, 0x00, 0x00, 0x42, 0x00, 0x08, 0x00, 0xe2, 0x0f, 0x00,
    0x3c, 0x72, 0x74, 0x14, 0x38, 0x00, 0x00, 0x00, 0xff, 0x18, 0x04, 0x00, 0x00, 0xe6, 0x4f, 0x04,
    0x3b, 0x78, 0x70, 0x08, 0x04, 0x00, 0x98, 0x00, 0x00, 0x42, 0x00, 0x08, 0x00, 0xe8, 0x0f, 0x00,
    0x3b, 0x78, 0x78, 0x09, 0x04, 0x00, 0x98, 0x00, 0x00, 0x42, 0x00, 0x08, 0x00, 0xe2, 0x0f, 0x00,
    0x3c, 0x72, 0x18, 0x14, 0x20, 0x00, 0x00, 0x00, 0xff, 0x18, 0x04, 0x00, 0x00, 0xe6, 0x8f, 0x04,
    0x3b, 0x78, 0x7c, 0x0f, 0x00, 0x00, 0x70, 0x00, 0x00, 0x42, 0x00, 0x00, 0x00, 0xea, 0x0f, 0x00,
    0x3c, 0x72, 0x24, 0x14, 0x28, 0x00, 0x00, 0x00, 0xff, 0x18, 0x04, 0x00, 0x00, 0xf0, 0x0f, 0x05,
    0x3c, 0x72, 0x3c, 0x14, 0x3e, 0x00, 0x00, 0x00, 0xff, 0x18, 0x04, 0x00, 0x00, 0xf0, 0x0f, 0x04,
    0x3c, 0x72, 0x38, 0x14, 0x3a, 0x00, 0x00, 0x00, 0xff, 0x18, 0x04, 0x00, 0x00, 0xf0, 0x0f, 0x04,
    0x3c, 0x72, 0x20, 0x14, 0x22, 0x00, 0x00, 0x00, 0xff, 0x18, 0x04, 0x00, 0x00, 0xf0, 0x0f, 0x04,
    0x3c, 0x72, 0x28, 0x14, 0x2a, 0x00, 0x00, 0x00, 0xff, 0x18, 0x04, 0x00, 0x00, 0xf0, 0x0f, 0x04,
    0x3c, 0x72, 0x2c, 0x14, 0x34, 0x00, 0x00, 0x00, 0xff, 0x18, 0x04, 0x00, 0x00, 0xf0, 0x0f, 0x02,
    0x3c, 0x72, 0x4c, 0x44, 0x30, 0x00, 0x00, 0x00, 0x4c, 0x18, 0x04, 0x00, 0x00, 0xf0, 0x0f, 0x00,
    0x3c, 0x72, 0x14, 0x14, 0x36, 0x00, 0x00, 0x00, 0xff, 0x18, 0x04, 0x00, 0x00, 0xe2, 0x0f, 0x00,
    0x3b, 0x78, 0x34, 0x80, 0x00, 0x00, 0x48, 0x00, 0x00, 0x42, 0x00, 0x00, 0x00, 0x2e, 0x0e, 0x00,
    0x3c, 0x72, 0x30, 0x44, 0x32, 0x00, 0x00, 0x00, 0x1c, 0x18, 0x04, 0x00, 0x00, 0xe2, 0x0f, 0x00,
    0x3b, 0x78, 0x1c, 0x0e, 0x00, 0x00, 0x48, 0x00, 0x00, 0x42, 0x00, 0x00, 0x00, 0x62, 0x0e, 0x00,
    0x12, 0x78, 0x0b, 0x0b, 0x20, 0x00, 0x00, 0x00, 0x48, 0xf6, 0x8e, 0x07, 0x00, 0xc8, 0x0f, 0x00,
    0x10, 0x7c, 0x0b, 0x0b, 0x04, 0x00, 0x00, 0x00, 0x0b, 0xe0, 0xff, 0x0f, 0x00, 0xe4, 0x0f, 0x00,
    0x3c, 0x72, 0x74, 0x44, 0x40, 0x00, 0x00, 0x00, 0x74, 0x18, 0x04, 0x00, 0x00, 0xe2, 0x0f, 0x04,
    0x12, 0x78, 0x0c, 0x49, 0x20, 0x00, 0x00, 0x00, 0x48, 0xf6, 0x8e, 0x07, 0x00, 0xe4, 0x0f, 0x00,
    0x3b, 0x78, 0x48, 0x80, 0x00, 0x00, 0x50, 0x00, 0x00, 0x42, 0x00, 0x00, 0x00, 0xe8, 0x0f, 0x00,
    0x3b, 0x78, 0x6c, 0x0b, 0x00, 0x00, 0x20, 0x00, 0x00, 0x02, 0x00, 0x00, 0x00, 0xe2, 0x0f, 0x00,
    0x3c, 0x72, 0x40, 0x44, 0x42, 0x00, 0x00, 0x00, 0x38, 0x18, 0x04, 0x00, 0x00, 0xe6, 0x0f, 0x00,
    0x3b, 0x78, 0x38, 0x0b, 0x00, 0x00, 0x00, 0x00, 0x00, 0x02, 0x00, 0x00, 0x00, 0xa2, 0x0e, 0x00,
    0x10, 0x7c, 0x0c, 0x0c, 0x04, 0x00, 0x00, 0x00, 0x0c, 0xe0, 0xff, 0x0f, 0x00, 0xc8, 0x0f, 0x00,
    0x3c, 0x72, 0x58, 0x44, 0x10, 0x00, 0x00, 0x00, 0x58, 0x18, 0x04, 0x00, 0x00, 0xf0, 0x0f, 0x04,
    0x3c, 0x72, 0x10, 0x44, 0x12, 0x00, 0x00, 0x00, 0x3c, 0x18, 0x04, 0x00, 0x00, 0xe2, 0x0f, 0x04,
    0x3b, 0x78, 0x3c, 0x0d, 0x00, 0x00, 0x50, 0x00, 0x00, 0x42, 0x00, 0x00, 0x00, 0xee, 0x0f, 0x00,
    0x3c, 0x72, 0x24, 0x44, 0x34, 0x00, 0x00, 0x00, 0x24, 0x18, 0x04, 0x00, 0x00, 0xf0, 0x1f, 0x04,
    0x3c, 0x72, 0x18, 0x44, 0x1c, 0x00, 0x00, 0x00, 0x18, 0x18, 0x04, 0x00, 0x00, 0xf0, 0x2f, 0x04,
    0x3c, 0x72, 0x20, 0x44, 0x1e, 0x00, 0x00, 0x00, 0x20, 0x18, 0x04, 0x00, 0x00, 0xe2, 0x0f, 0x04,
    0x3b, 0x78, 0x1c, 0x09, 0x04, 0x00, 0x88, 0x00, 0x00, 0x42, 0x00, 0x08, 0x00, 0x2e, 0x0e, 0x00,
    0x3c, 0x72, 0x28, 0x44, 0x36, 0x00, 0x00, 0x00, 0x28, 0x18, 0x04, 0x00, 0x00, 0xe2, 0x0f, 0x04,
    0x3b, 0x78, 0x34, 0x0c, 0x00, 0x00, 0x00, 0x00, 0x00, 0x02, 0x00, 0x00, 0x00, 0x6e, 0x0e, 0x00,
    0x3c, 0x72, 0x2c, 0x44, 0x68, 0x00, 0x00, 0x00, 0x2c, 0x18, 0x04, 0x00, 0x00, 0xf0, 0x0f, 0x00,
    0x3c, 0x72, 0x4c, 0x38, 0x64, 0x00, 0x00, 0x00, 0x4c, 0x18, 0x04, 0x00, 0x00, 0xf0, 0x4f, 0x00,
    0x3c, 0x72, 0x44, 0x44, 0x6a, 0x00, 0x00, 0x00, 0x14, 0x18, 0x04, 0x00, 0x00, 0xe2, 0x0f, 0x00,
    0x3b, 0x78, 0x14, 0x0f, 0x00, 0x00, 0x58, 0x00, 0x00, 0x42, 0x00, 0x00, 0x00, 0xa8, 0x0e, 0x00,
    0x3b, 0x78, 0x68, 0x0d, 0x00, 0x00, 0x68, 0x00, 0x00, 0x42, 0x00, 0x00, 0x00, 0xe6, 0x0f, 0x00,
    0x3c, 0x72, 0x30, 0x38, 0x66, 0x00, 0x00, 0x00, 0x30, 0x18, 0x04, 0x00, 0x00, 0xe2, 0x0f, 0x04,
    0x3b, 0x78, 0x64, 0x08, 0x04, 0x00, 0x90, 0x00, 0x00, 0x42, 0x00, 0x08, 0x00, 0xee, 0x0f, 0x00,
    0x3c, 0x72, 0x58, 0x38, 0x1c, 0x00, 0x00, 0x00, 0x58, 0x18, 0x04, 0x00, 0x00, 0xf0, 0x1f, 0x04,
    0x3c, 0x72, 0x10, 0x38, 0x1e, 0x00, 0x00, 0x00, 0x10, 0x18, 0x04, 0x00, 0x00, 0xe2, 0x0f, 0x04,
    0x3b, 0x78, 0x1c, 0x0e, 0x00, 0x00, 0x58, 0x00, 0x00, 0x42, 0x00, 0x00, 0x00, 0x2e, 0x0e, 0x00,
    0x3c, 0x72, 0x74, 0x38, 0x60, 0x00, 0x00, 0x00, 0x74, 0x18, 0x04, 0x00, 0x00, 0xf0, 0x0f, 0x04,
    0x3c, 0x72, 0x40, 0x38, 0x62, 0x00, 0x00, 0x00, 0x40, 0x18, 0x04, 0x00, 0x00, 0xe2, 0x0f, 0x04,
    0x3b, 0x78, 0x60, 0x09, 0x04, 0x00, 0x90, 0x00, 0x00, 0x42, 0x00, 0x08, 0x00, 0xee, 0x0f, 0x00,
    0x3c, 0x72, 0x18, 0x38, 0x50, 0x00, 0x00, 0x00, 0x18, 0x18, 0x04, 0x00, 0x00, 0xf0, 0x0f, 0x04,
    0x3c, 0x72, 0x20, 0x38, 0x52, 0x00, 0x00, 0x00, 0x20, 0x18, 0x04, 0x00, 0x00, 0xe2, 0x0f, 0x04,
    0x3b, 0x78, 0x50, 0x0f, 0x00, 0x00, 0x68, 0x00, 0x00, 0x42, 0x00, 0x00, 0x00, 0xee, 0x0f, 0x00,
    0x3c, 0x72, 0x24, 0x38, 0x48, 0x00, 0x00, 0x00, 0x24, 0x18, 0x04, 0x00, 0x00, 0xf0, 0x0f, 0x04,
    0x3c, 0x72, 0x28, 0x38, 0x4a, 0x00, 0x00, 0x00, 0x28, 0x18, 0x04, 0x00, 0x00, 0xe2, 0x0f, 0x04,
    0x3b, 0x78, 0x48, 0x09, 0x04, 0x00, 0x94, 0x00, 0x00, 0x42, 0x00, 0x08, 0x00, 0xee, 0x0f, 0x00,
    0x3c, 0x72, 0x2c, 0x38, 0x3c, 0x00, 0x00, 0x00, 0x2c, 0x18, 0x04, 0x00, 0x00, 0xf0, 0x0f, 0x00,
    0x3c, 0x72, 0x4c, 0x34, 0x54, 0x00, 0x00, 0x00, 0x4c, 0x18, 0x04, 0x00, 0x00, 0xf0, 0x2f, 0x00,
    0x3c, 0x72, 0x38, 0x38, 0x3e, 0x00, 0x00, 0x00, 0x44, 0x18, 0x04, 0x00, 0x00, 0xe2, 0x0f, 0x00,
    0x3b, 0x78, 0x3c, 0x0d, 0x00, 0x00, 0x58, 0x00, 0x00, 0x42, 0x00, 0x00, 0x00, 0xe8, 0x0f, 0x00,
    0x3b, 0x78, 0x44, 0x08, 0x04, 0x00, 0x94, 0x00, 0x00, 0x42, 0x00, 0x08, 0x00, 0xe6, 0x0f, 0x00,
    0x3c, 0x72, 0x54, 0x34, 0x56, 0x00, 0x00, 0x00, 0x30, 0x18, 0x04, 0x00, 0x00, 0xe2, 0x0f, 0x04,
    0x3b, 0x78, 0x30, 0x80, 0x00, 0x00, 0x58, 0x00, 0x00, 0x42, 0x00, 0x00, 0x00, 0x6e, 0x0e, 0x00,
    0x3c, 0x72, 0x58, 0x34, 0x5c, 0x00, 0x00, 0x00, 0x58, 0x18, 0x04, 0x00, 0x00, 0xf0, 0x0f, 0x04,
    0x3c, 0x72, 0x5c, 0x34, 0x5e, 0x00, 0x00, 0x00, 0x10, 0x18, 0x04, 0x00, 0x00, 0xe2, 0x0f, 0x04,
    0x3b, 0x78, 0x10, 0x07, 0x00, 0x00, 0x20, 0x00, 0x00, 0x02, 0x00, 0x00, 0x00, 0xee, 0x0e, 0x00,
    0x3c, 0x72, 0x74, 0x34, 0x14, 0x00, 0x00, 0x00, 0x74, 0x18, 0x04, 0x00, 0x00, 0xf0, 0x4f, 0x04,
    0x3c, 0x72, 0x18, 0x34, 0x1c, 0x00, 0x00, 0x00, 0x18, 0x18, 0x04, 0x00, 0x00, 0xf0, 0x1f, 0x04,
    0x3c, 0x72, 0x14, 0x34, 0x16, 0x00, 0x00, 0x00, 0x40, 0x18, 0x04, 0x00, 0x00, 0xe2, 0x0f, 0x04,
    0x3b, 0x78, 0x40, 0x0a, 0x00, 0x00, 0x20, 0x00, 0x00, 0x02, 0x00, 0x00, 0x00, 0xee, 0x0f, 0x00,
    0x3c, 0x72, 0x1c, 0x34, 0x1e, 0x00, 0x00, 0x00, 0x20, 0x18, 0x04, 0x00, 0x00, 0xe2, 0x0f, 0x04,
    0x3b, 0x78, 0x20, 0x0f, 0x00, 0x00, 0x60, 0x00, 0x00, 0x42, 0x00, 0x00, 0x00, 0x2e, 0x0e, 0x00,
    0x3c, 0x72, 0x24, 0x34, 0x30, 0x00, 0x00, 0x00, 0x24, 0x18, 0x04, 0x00, 0x00, 0xf0, 0x2f, 0x04,
    0x3c, 0x72, 0x28, 0x34, 0x32, 0x00, 0x00, 0x00, 0x28, 0x18, 0x04, 0x00, 0x00, 0xe2, 0x0f, 0x04,
    0x3b, 0x78, 0x30, 0x0e, 0x00, 0x00, 0x60, 0x00, 0x00, 0x42, 0x00, 0x00, 0x00, 0x6e, 0x0e, 0x00,
    0x3c, 0x72, 0x2c, 0x34, 0x3c, 0x00, 0x00, 0x00, 0x2c, 0x18, 0x04, 0x00, 0x00, 0xf0, 0x0f, 0x04,
    0x3c, 0x72, 0x34, 0x34, 0x3e, 0x00, 0x00, 0x00, 0x38, 0x18, 0x04, 0x00, 0x00, 0xe2, 0x0f, 0x00,
    0x3b, 0x78, 0x38, 0x80, 0x00, 0x00, 0x60, 0x00, 0x00, 0x42, 0x00, 0x00, 0x00, 0xa8, 0x0e, 0x00,
    0x3b, 0x78, 0x3c, 0x0d, 0x00, 0x00, 0x60, 0x00, 0x00, 0x42, 0x00, 0x00, 0x00, 0x26, 0x0f, 0x00,
    0x3c, 0x72, 0x4c, 0x10, 0x64, 0x00, 0x00, 0x00, 0x4c, 0x18, 0x04, 0x00, 0x00, 0xf0, 0x8f, 0x04,
    0x3c, 0x72, 0x54, 0x10, 0x66, 0x00, 0x00, 0x00, 0x54, 0x18, 0x04, 0x00, 0x00, 0xe2, 0x0f, 0x04,
    0x3b, 0x78, 0x64, 0x80, 0x00, 0x00, 0x68, 0x00, 0x00, 0x42, 0x00, 0x00, 0x00, 0xee, 0x0f, 0x00,
    0x3c, 0x72, 0x58, 0x10, 0x60, 0x00, 0x00, 0x00, 0x58, 0x18, 0x04, 0x00, 0x00, 0xf0, 0x0f, 0x04,
    0x3c, 0x72, 0x5c, 0x10, 0x62, 0x00, 0x00, 0x00, 0x5c, 0x18, 0x04, 0x00, 0x00, 0xe2, 0x0f, 0x04,
    0x3b, 0x78, 0x60, 0x0e, 0x00, 0x00, 0x68, 0x00, 0x00, 0x42, 0x00, 0x00, 0x00, 0xee, 0x0e, 0x00,
    0x3c, 0x72, 0x74, 0x10, 0x20, 0x00, 0x00, 0x00, 0x74, 0x18, 0x04, 0x00, 0x00, 0xf0, 0x1f, 0x04,
    0x3c, 0x72, 0x14, 0x10, 0x22, 0x00, 0x00, 0x00, 0x14, 0x18, 0x04, 0x00, 0x00, 0xe2, 0x0f, 0x04,
    0x3b, 0x78, 0x20, 0x80, 0x00, 0x00, 0x70, 0x00, 0x00, 0x42, 0x00, 0x00, 0x00, 0xee, 0x0f, 0x00,
    0x3c, 0x72, 0x18, 0x10, 0x30, 0x00, 0x00, 0x00, 0x18, 0x18, 0x04, 0x00, 0x00, 0xf0, 0x2f, 0x04,
    0x3c, 0x72, 0x1c, 0x10, 0x32, 0x00, 0x00, 0x00, 0x1c, 0x18, 0x04, 0x00, 0x00, 0xe2, 0x0f, 0x04,
    0x3b, 0x78, 0x30, 0x0d, 0x00, 0x00, 0x70, 0x00, 0x00, 0x42, 0x00, 0x00, 0x00, 0xee, 0x0f, 0x00,
    0x3c, 0x72, 0x24, 0x10, 0x38, 0x00, 0x00, 0x00, 0x24, 0x18, 0x04, 0x00, 0x00, 0xf0, 0x4f, 0x04,
    0x3c, 0x72, 0x28, 0x10, 0x3a, 0x00, 0x00, 0x00, 0x28, 0x18, 0x04, 0x00, 0x00, 0xe2, 0x0f, 0x04,
    0x3b, 0x78, 0x38, 0x0c, 0x00, 0x00, 0x20, 0x00, 0x00, 0x02, 0x00, 0x00, 0x00, 0xee, 0x0f, 0x00,
    0x3c, 0x72, 0x2c, 0x10, 0x3c, 0x00, 0x00, 0x00, 0x2c, 0x18, 0x04, 0x00, 0x00, 0xf0, 0x0f, 0x05,
    0x3c, 0x72, 0x34, 0x10, 0x3e, 0x00, 0x00, 0x00, 0x34, 0x18, 0x04, 0x00, 0x00, 0xe2, 0x0f, 0x00,
    0x3b, 0x78, 0x10, 0x0e, 0x00, 0x00, 0x70, 0x00, 0x00, 0x42, 0x00, 0x00, 0x00, 0x28, 0x0e, 0x00,
    0x3b, 0x78, 0x3c, 0x0d, 0x00, 0x00, 0x78, 0x00, 0x00, 0x42, 0x00, 0x00, 0x00, 0x66, 0x0e, 0x00,
    0x3c, 0x72, 0x4c, 0x40, 0x44, 0x00, 0x00, 0x00, 0x4c, 0x18, 0x04, 0x00, 0x00, 0xf0, 0x0f, 0x04,
    0x3c, 0x72, 0x54, 0x40, 0x46, 0x00, 0x00, 0x00, 0x54, 0x18, 0x04, 0x00, 0x00, 0xe2, 0x0f, 0x04,
    0x3b, 0x78, 0x44, 0x0e, 0x00, 0x00, 0x78, 0x00, 0x00, 0x42, 0x00, 0x00, 0x00, 0xee, 0x05, 0x00,
    0x3c, 0x72, 0x58, 0x40, 0x48, 0x00, 0x00, 0x00, 0x58, 0x18, 0x04, 0x00, 0x00, 0xf0, 0x0f, 0x04,
    0x3c, 0x72, 0x5c, 0x40, 0x4a, 0x00, 0x00, 0x00, 0x5c, 0x18, 0x04, 0x00, 0x00, 0xe2, 0x0f, 0x04,
    0x3b, 0x78, 0x48, 0x08, 0x04, 0x00, 0x9c, 0x00, 0x00, 0x42, 0x00, 0x08, 0x00, 0xee, 0x0f, 0x00,
    0x3c, 0x72, 0x74, 0x40, 0x50, 0x00, 0x00, 0x00, 0x74, 0x18, 0x04, 0x00, 0x00, 0xf0, 0x0f, 0x04,
    0x3c, 0x72, 0x14, 0x40, 0x52, 0x00, 0x00, 0x00, 0x14, 0x18, 0x04, 0x00, 0x00, 0xe2, 0x0f, 0x04,
    0x3b, 0x78, 0x50, 0x80, 0x00, 0x00, 0x78, 0x00, 0x00, 0x42, 0x00, 0x00, 0x00, 0xee, 0x0f, 0x00,
    0x3c, 0x72, 0x18, 0x40, 0x60, 0x00, 0x00, 0x00, 0x18, 0x18, 0x04, 0x00, 0x00, 0xf0, 0x8f, 0x04,
    0x3c, 0x72, 0x1c, 0x40, 0x62, 0x00, 0x00, 0x00, 0x1c, 0x18, 0x04, 0x00, 0x00, 0xe2, 0x0f, 0x04,
    0x3b, 0x78, 0x60, 0x09, 0x04, 0x00, 0x9c, 0x00, 0x00, 0x42, 0x00, 0x08, 0x00, 0xee, 0x0f, 0x00,
    0x3c, 0x72, 0x24, 0x40, 0x64, 0x00, 0x00, 0x00, 0x24, 0x18, 0x04, 0x00, 0x00, 0xf0, 0x0f, 0x04,
    0x3c, 0x72, 0x28, 0x40, 0x66, 0x00, 0x00, 0x00, 0x28, 0x18, 0x04, 0x00, 0x00, 0xf0, 0x0f, 0x04,
    0x3c, 0x72, 0x2c, 0x40, 0x68, 0x00, 0x00, 0x00, 0x2c, 0x18, 0x04, 0x00, 0x00, 0xf0, 0x0f, 0x04,
    0x3c, 0x72, 0x34, 0x40, 0x6a, 0x00, 0x00, 0x00, 0x34, 0x18, 0x04, 0x00, 0x00, 0xe2, 0x0f, 0x00,
    0x3b, 0x78, 0x40, 0x0f, 0x00, 0x00, 0x78, 0x00, 0x00, 0x42, 0x00, 0x00, 0x00, 0xee, 0x0e, 0x00,
    0x3c, 0x72, 0x4c, 0x6c, 0x70, 0x00, 0x00, 0x00, 0x4c, 0x18, 0x04, 0x00, 0x00, 0xf0, 0x0f, 0x04,
    0x3c, 0x72, 0x54, 0x6c, 0x72, 0x00, 0x00, 0x00, 0x54, 0x18, 0x04, 0x00, 0x00, 0xf0, 0x0f, 0x04,
    0x3c, 0x72, 0x58, 0x6c, 0x78, 0x00, 0x00, 0x00, 0x58, 0x18, 0x04, 0x00, 0x00, 0xf0, 0x0f, 0x04,
    0x3c, 0x72, 0x74, 0x6c, 0x7c, 0x00, 0x00, 0x00, 0x74, 0x18, 0x04, 0x00, 0x00, 0xf0, 0x0f, 0x04,
    0x3c, 0x72, 0x14, 0x6c, 0x7e, 0x00, 0x00, 0x00, 0x14, 0x18, 0x04, 0x00, 0x00, 0xf0, 0x0f, 0x04,
    0x3c, 0x72, 0x18, 0x6c, 0x10, 0x00, 0x00, 0x00, 0x18, 0x18, 0x04, 0x00, 0x00, 0xf0, 0x1f, 0x04,
    0x3c, 0x72, 0x1c, 0x6c, 0x12, 0x00, 0x00, 0x00, 0x1c, 0x18, 0x04, 0x00, 0x00, 0xf0, 0x0f, 0x04,
    0x3c, 0x72, 0x24, 0x6c, 0x20, 0x00, 0x00, 0x00, 0x24, 0x18, 0x04, 0x00, 0x00, 0xf0, 0x0f, 0x04,
    0x3c, 0x72, 0x34, 0x6c, 0x32, 0x00, 0x00, 0x00, 0x34, 0x18, 0x04, 0x00, 0x00, 0xf0, 0x0f, 0x04,
    0x3c, 0x72, 0x28, 0x6c, 0x22, 0x00, 0x00, 0x00, 0x28, 0x18, 0x04, 0x00, 0x00, 0xf0, 0x0f, 0x04,
    0x3c, 0x72, 0x5c, 0x6c, 0x7a, 0x00, 0x00, 0x00, 0x5c, 0x18, 0x04, 0x00, 0x00, 0xf0, 0x0f, 0x04,
    0x3c, 0x72, 0x2c, 0x6c, 0x30, 0x00, 0x00, 0x00, 0x2c, 0x18, 0x04, 0x00, 0x00, 0xe2, 0x0f, 0x00,
    0x0c, 0x78, 0x00, 0x00, 0x3f, 0x00, 0x00, 0x00, 0x70, 0x40, 0xf0, 0x03, 0x00, 0xe2, 0x0f, 0x00,
    0x45, 0x79, 0x00, 0x00, 0x20, 0x02, 0x00, 0x00, 0x00, 0x02, 0x80, 0x03, 0x00, 0xe2, 0x0f, 0x00,
    0x12, 0x78, 0x0e, 0x03, 0x01, 0x00, 0x00, 0x00, 0xff, 0xc0, 0x8e, 0x07, 0x00, 0xc4, 0x4f, 0x00,
    0x12, 0x78, 0x0d, 0x03, 0x01, 0x00, 0x00, 0x00, 0xff, 0x0c, 0x8e, 0x07, 0x00, 0xc6, 0x0f, 0x00,
    0x3c, 0x72, 0x34, 0x38, 0x3e, 0x00, 0x00, 0x00, 0x34, 0x18, 0x04, 0x00, 0x00, 0xf0, 0x2f, 0x04,
    0x3c, 0x72, 0x74, 0x38, 0x40, 0x00, 0x00, 0x00, 0x74, 0x18, 0x04, 0x00, 0x00, 0xf0, 0x8f, 0x04,
    0x3c, 0x72, 0x14, 0x38, 0x42, 0x00, 0x00, 0x00, 0x14, 0x18, 0x04, 0x00, 0x00, 0xf0, 0x0f, 0x04,
    0x3c, 0x72, 0x18, 0x38, 0x44, 0x00, 0x00, 0x00, 0x18, 0x18, 0x04, 0x00, 0x00, 0xf0, 0x0f, 0x04,
    0x3c, 0x72, 0x1c, 0x38, 0x46, 0x00, 0x00, 0x00, 0x1c, 0x18, 0x04, 0x00, 0x00, 0xf0, 0x0f, 0x04,
    0x3c, 0x72, 0x24, 0x38, 0x50, 0x00, 0x00, 0x00, 0x24, 0x18, 0x04, 0x00, 0x00, 0xf0, 0x0f, 0x04,
    0x3c, 0x72, 0x28, 0x38, 0x52, 0x00, 0x00, 0x00, 0x28, 0x18, 0x04, 0x00, 0x00, 0xf0, 0x0f, 0x04,
    0x3c, 0x72, 0x4c, 0x38, 0x48, 0x00, 0x00, 0x00, 0x4c, 0x18, 0x04, 0x00, 0x00, 0xf0, 0x0f, 0x04,
    0x3c, 0x72, 0x54, 0x38, 0x4a, 0x00, 0x00, 0x00, 0x54, 0x18, 0x04, 0x00, 0x00, 0xf0, 0x0f, 0x04,
    0x3c, 0x72, 0x58, 0x38, 0x60, 0x00, 0x00, 0x00, 0x58, 0x18, 0x04, 0x00, 0x00, 0xf0, 0x0f, 0x04,
    0x3c, 0x72, 0x5c, 0x38, 0x62, 0x00, 0x00, 0x00, 0x5c, 0x18, 0x04, 0x00, 0x00, 0xf0, 0x0f, 0x04,
    0x3c, 0x72, 0x2c, 0x38, 0x3c, 0x00, 0x00, 0x00, 0x2c, 0x18, 0x04, 0x00, 0x00, 0xe2, 0x0f, 0x00,
    0x1d, 0x7b, 0x00, 0x00, 0x00, 0x00, 0x00, 0x00, 0x00, 0x00, 0x01, 0x00, 0x00, 0xec, 0x0f, 0x00,
    0x47, 0x09, 0x44, 0x00, 0x00, 0x00, 0x00, 0x00, 0x00, 0x00, 0x80, 0x03, 0x00, 0xda, 0x0f, 0x00,
    0x82, 0x7b, 0x0f, 0xff, 0x00, 0xf1, 0x00, 0x00, 0x00, 0x08, 0x00, 0x00, 0x00, 0x22, 0x0e, 0x00,
    0xac, 0x77, 0x05, 0xff, 0x80, 0x7b, 0x00, 0x00, 0x00, 0x08, 0x00, 0x08, 0x00, 0x62, 0x0e, 0x00,
    0x24, 0x78, 0x11, 0x83, 0x01, 0x00, 0x00, 0x00, 0x00, 0x02, 0x8e, 0x07, 0x00, 0xe2, 0x0f, 0x00,
    0x45, 0x79, 0x01, 0x00, 0xc0, 0x00, 0x00, 0x00, 0x00, 0x02, 0x80, 0x03, 0x00, 0xe2, 0x0f, 0x00,
    0x02, 0x72, 0x13, 0x00, 0xff, 0x00, 0x00, 0x00, 0x00, 0x0f, 0x00, 0x00, 0x00, 0xe4, 0x0f, 0x00,
    0x0c, 0x72, 0x00, 0x84, 0x0f, 0x00, 0x00, 0x00, 0x70, 0x62, 0xf0, 0x03, 0x00, 0xc8, 0x1f, 0x00,
    0x0c, 0x7c, 0x00, 0x11, 0x08, 0x00, 0x00, 0x00, 0x70, 0x66, 0x70, 0x08, 0x00, 0xc8, 0x0f, 0x00,
    0x0c, 0x7c, 0x00, 0x11, 0x05, 0x00, 0x00, 0x00, 0x70, 0x66, 0x70, 0x08, 0x00, 0xda, 0x2f, 0x00,
    0x47, 0x09, 0x18, 0x00, 0x00, 0x00, 0x00, 0x00, 0x00, 0x00, 0x80, 0x03, 0x00, 0xea, 0x0f, 0x00,
    0xac, 0x77, 0x0a, 0xff, 0x00, 0x71, 0x00, 0x00, 0x00, 0x0a, 0x00, 0x08, 0x00, 0x22, 0x0e, 0x00,
    0x24, 0x72, 0x85, 0xff, 0xff, 0x00, 0x00, 0x00, 0xff, 0x00, 0x8e, 0x07, 0x00, 0xe4, 0x0f, 0x00,
    0x25, 0x72, 0x10, 0x11, 0x0f, 0x00, 0x00, 0x00, 0x84, 0x00, 0x8e, 0x07, 0x00, 0xc6, 0x0f, 0x00,
    0x11, 0x7c, 0x12, 0x10, 0x0a, 0x00, 0x00, 0x00, 0xff, 0x10, 0x80, 0x0f, 0x00, 0xc8, 0x1f, 0x00,
    0x11, 0x7c, 0x13, 0x10, 0x0b, 0x00, 0x00, 0x00, 0x11, 0x14, 0x0f, 0x08, 0x00, 0xcc, 0x0f, 0x00,
    0x81, 0x79, 0x13, 0x12, 0x06, 0x00, 0x00, 0x00, 0x00, 0x99, 0x1e, 0x0c, 0x00, 0x66, 0x01, 0x00,
    0x41, 0x79, 0x01, 0x00, 0x00, 0x00, 0x00, 0x00, 0x00, 0x02, 0x80, 0x03, 0x00, 0xea, 0x0f, 0x00,
    0x88, 0x79, 0x00, 0x02, 0x13, 0x00, 0x00, 0x00, 0x04, 0x08, 0x00, 0x08, 0x00, 0xe4, 0x03, 0x02,
    0x41, 0x79, 0x00, 0x00, 0x00, 0x00, 0x00, 0x00, 0x00, 0x02, 0x80, 0x03, 0x00, 0xea, 0x0f, 0x00,
    0x12, 0x78, 0x12, 0x03, 0x07, 0x00, 0x00, 0x00, 0xff, 0xc0, 0x8e, 0x07, 0x00, 0xe2, 0x1f, 0x00,
    0x1d, 0x7b, 0x00, 0x00, 0x00, 0x00, 0x00, 0x00, 0x00, 0x00, 0x01, 0x00, 0x00, 0xe2, 0x0f, 0x00,
    0x24, 0x78, 0x03, 0x00, 0x01, 0x00, 0x00, 0x00, 0x00, 0x02, 0x8e, 0x07, 0x00, 0xe4, 0x0f, 0x00,
    0x12, 0x78, 0x20, 0x12, 0x30, 0x00, 0x00, 0x00, 0x05, 0xf8, 0x8e, 0x07, 0x00, 0xe2, 0x0f, 0x00,
    0x24, 0x74, 0x10, 0xff, 0x9d, 0x98, 0xbb, 0x3b, 0xff, 0x00, 0x8e, 0x07, 0x00, 0xe4, 0x0f, 0x00,
    0x12, 0x78, 0x03, 0x03, 0x06, 0x00, 0x00, 0x00, 0xff, 0xc0, 0x8e, 0x07, 0x00, 0xe2, 0x0f, 0x00,
    0x45, 0x79, 0x00, 0x00, 0x10, 0x02, 0x00, 0x00, 0x00, 0x02, 0x80, 0x03, 0x00, 0xe2, 0x0f, 0x00,
    0x24, 0x78, 0x00, 0x83, 0x01, 0x00, 0x00, 0x00, 0x20, 0x02, 0x8e, 0x07, 0x00, 0xe2, 0x0f, 0x00,
    0x11, 0x7c, 0x13, 0x20, 0x04, 0x00, 0x00, 0x00, 0xff, 0x10, 0x8e, 0x0f, 0x00, 0xe2, 0x2f, 0x00,
    0x24, 0x72, 0x11, 0xff, 0xff, 0x00, 0x00, 0x00, 0xff, 0x00, 0x8e, 0x07, 0x00, 0xe2, 0x0f, 0x00,
    0x12, 0x78, 0x05, 0x03, 0x08, 0x00, 0x00, 0x00, 0xff, 0xfc, 0x8e, 0x07, 0x00, 0xe2, 0x0f, 0x00,
    0x36, 0x78, 0x02, 0x00, 0x08, 0x00, 0x00, 0x00, 0x00, 0x00, 0x00, 0x00, 0x00, 0xe2, 0x0f, 0x04,
    0x0c, 0x7c, 0x00, 0x00, 0x08, 0x00, 0x00, 0x00, 0x70, 0x62, 0xf8, 0x0b, 0x00, 0xe2, 0x0f, 0x00,
    0x24, 0x78, 0x83, 0x83, 0x01, 0x00, 0x00, 0x00, 0x03, 0x02, 0x8e, 0x07, 0x00, 0xc6, 0x0f, 0x00,
    0x0c, 0x7c, 0x00, 0x02, 0x08, 0x00, 0x00, 0x00, 0x70, 0x62, 0xf6, 0x0b, 0x00, 0xe4, 0x0f, 0x00,
    0x0c, 0x72, 0x00, 0x05, 0x20, 0x00, 0x00, 0x00, 0x70, 0x44, 0x72, 0x02, 0x00, 0xe2, 0x0f, 0x08,
    0x36, 0x78, 0x05, 0x83, 0x08, 0x00, 0x00, 0x00, 0x00, 0x00, 0x00, 0x00, 0x00, 0xe2, 0x0f, 0x00,
    0x0c, 0x72, 0x00, 0x03, 0x20, 0x00, 0x00, 0x00, 0x70, 0x44, 0xf0, 0x01, 0x00, 0xe4, 0x0f, 0x0c,
    0x0c, 0x72, 0x00, 0x03, 0x20, 0x00, 0x00, 0x00, 0x70, 0x44, 0x7a, 0x02, 0x00, 0xe4, 0x0f, 0x00,
    0x0c, 0x7c, 0x00, 0x05, 0x08, 0x00, 0x00, 0x00, 0x70, 0x64, 0xf2, 0x08, 0x00, 0xe4, 0x0f, 0x04,
    0x0c, 0x7c, 0x00, 0x05, 0x08, 0x00, 0x00, 0x00, 0x70, 0x64, 0x70, 0x08, 0x00, 0xc4, 0x0f, 0x00,
    0x84, 0x79, 0x05, 0x13, 0x00, 0x00, 0x00, 0x00, 0x00, 0x08, 0x00, 0x00, 0x00, 0x62, 0x00, 0x00,
    0x0c, 0x7c, 0x00, 0x83, 0x08, 0x00, 0x00, 0x00, 0x70, 0x64, 0xfa, 0x0a, 0x00, 0xe4, 0x0f, 0x04,
    0x10, 0x78, 0x0f, 0x83, 0x01, 0x00, 0x00, 0x00, 0xff, 0xe0, 0xff, 0x07, 0x00, 0xe4, 0x0f, 0x00,
    0x03, 0x78, 0x38, 0xff, 0x01, 0x00, 0x00, 0x00, 0x00, 0x00, 0x00, 0x00, 0x00, 0xe4, 0x0f, 0x00,
    0x0c, 0x7c, 0x00, 0x0f, 0x08, 0x00, 0x00, 0x00, 0x70, 0x60, 0xf4, 0x0b, 0x00, 0xe2, 0x0f, 0x00,
    0x24, 0x74, 0x0f, 0xff, 0x00, 0x00, 0x7c, 0x43, 0xff, 0x00, 0x8e, 0x07, 0x00, 0xcc, 0x0f, 0x00,
    0x47, 0x59, 0x2c, 0x00, 0x00, 0x00, 0x00, 0x00, 0x00, 0x00, 0x80, 0x03, 0x00, 0xec, 0x1f, 0x00,
    0x84, 0x79, 0x22, 0x04, 0x04, 0x00, 0x00, 0x00, 0x00, 0x08, 0x00, 0x08, 0x00, 0x24, 0x0e, 0x00,
    0x21, 0x72, 0x11, 0x05, 0x22, 0x00, 0x00, 0x80, 0x00, 0x00, 0x00, 0x00, 0x00, 0xc8, 0x3f, 0x00,
    0x23, 0x74, 0x22, 0x11, 0x00, 0x00, 0x00, 0x3f, 0x10, 0x20, 0x00, 0x00, 0x00, 0xc8, 0x0f, 0x00,
    0x23, 0x74, 0x22, 0x22, 0x01, 0x00, 0x40, 0x4b, 0x0f, 0x40, 0x00, 0x00, 0x00, 0xc8, 0x0f, 0x00,
    0x21, 0x74, 0x30, 0x22, 0x7f, 0x00, 0x40, 0xcb, 0x00, 0x00, 0x00, 0x00, 0x00, 0xe2, 0x0f, 0x04,
    0x24, 0x78, 0x22, 0x22, 0x00, 0x00, 0x80, 0x00, 0xff, 0x00, 0x8e, 0x07, 0x00, 0xc6, 0x0f, 0x00,
    0x23, 0x78, 0x30, 0x11, 0x3b, 0xaa, 0xb8, 0x3f, 0x30, 0x08, 0x00, 0x00, 0x00, 0xc8, 0x0f, 0x00,
    0x23, 0x78, 0x30, 0x11, 0x60, 0x70, 0xa5, 0x32, 0x30, 0x00, 0x00, 0x00, 0x00, 0xc8, 0x0f, 0x00,
    0x08, 0x73, 0x11, 0x00, 0x30, 0x00, 0x00, 0x00, 0x00, 0x08, 0x00, 0x00, 0x00, 0x24, 0x0e, 0x00,
    0x20, 0x72, 0x11, 0x22, 0x11, 0x00, 0x00, 0x00, 0x00, 0x00, 0x40, 0x00, 0x00, 0xc8, 0x1f, 0x00,
    0x20, 0x72, 0x11, 0x74, 0x11, 0x00, 0x00, 0x00, 0x00, 0x00, 0x40, 0x00, 0x00, 0xce, 0x0f, 0x00,
    0x41, 0x79, 0x00, 0x00, 0x00, 0x00, 0x00, 0x00, 0x00, 0x02, 0x80, 0x03, 0x00, 0xea, 0x0f, 0x00,
    0x0c, 0x72, 0x00, 0x03, 0x20, 0x00, 0x00, 0x00, 0x70, 0x64, 0x70, 0x01, 0x00, 0xe2, 0x0f, 0x0c,
    0x36, 0x78, 0x31, 0x03, 0x09, 0x00, 0x00, 0x00, 0x00, 0x00, 0x00, 0x00, 0x00, 0xe2, 0x0f, 0x00,
    0x45, 0x79, 0x00, 0x00, 0x30, 0x01, 0x00, 0x00, 0x00, 0x02, 0x80, 0x03, 0x00, 0xe2, 0x0f, 0x00,
    0x02, 0x72, 0x22, 0x00, 0xff, 0x00, 0x00, 0x00, 0x00, 0x0f, 0x00, 0x00, 0x00, 0xe2, 0x0f, 0x00,
    0x36, 0x78, 0x32, 0x83, 0x09, 0x00, 0x00, 0x00, 0x00, 0x00, 0x00, 0x00, 0x00, 0xe2, 0x0f, 0x04,
    0x0c, 0x7c, 0x00, 0x00, 0x08, 0x00, 0x00, 0x00, 0x70, 0x66, 0x70, 0x08, 0x00, 0xe4, 0x0f, 0x00,
    0x12, 0x78, 0x21, 0x20, 0x08, 0x00, 0x00, 0x00, 0xff, 0xfc, 0x8e, 0x07, 0x00, 0xe4, 0x0f, 0x00,
    0x0c, 0x7c, 0x00, 0x83, 0x08, 0x00, 0x00, 0x00, 0x70, 0x60, 0xfa, 0x0b, 0x00, 0xe4, 0x0f, 0x00,
    0x0c, 0x72, 0x00, 0x31, 0x20, 0x00, 0x00, 0x00, 0x70, 0x44, 0x7c, 0x02, 0x00, 0xce, 0x0f, 0x00,
    0x47, 0x09, 0x2c, 0x00, 0x00, 0x00, 0x00, 0x00, 0x00, 0x00, 0x80, 0x03, 0x00, 0xec, 0x0f, 0x00,
    0x84, 0x79, 0x22, 0x04, 0x04, 0x04, 0x00, 0x00, 0x00, 0x08, 0x00, 0x08, 0x00, 0x24, 0x0e, 0x00,
    0x21, 0x72, 0x23, 0x05, 0x22, 0x00, 0x00, 0x80, 0x00, 0x00, 0x00, 0x00, 0x00, 0xc8, 0x3f, 0x00,
    0x23, 0x74, 0x22, 0x23, 0x00, 0x00, 0x00, 0x3f, 0x10, 0x20, 0x00, 0x00, 0x00, 0xc8, 0x0f, 0x00,
    0x23, 0x74, 0x22, 0x22, 0x01, 0x00, 0x40, 0x4b, 0x0f, 0x40, 0x00, 0x00, 0x00, 0xc8, 0x0f, 0x00,
    0x21, 0x74, 0x30, 0x22, 0x7f, 0x00, 0x40, 0xcb, 0x00, 0x00, 0x00, 0x00, 0x00, 0xe2, 0x0f, 0x04,
    0x24, 0x78, 0x22, 0x22, 0x00, 0x00, 0x80, 0x00, 0xff, 0x00, 0x8e, 0x07, 0x00, 0xc6, 0x0f, 0x00,
    0x23, 0x78, 0x30, 0x23, 0x3b, 0xaa, 0xb8, 0x3f, 0x30, 0x08, 0x00, 0x00, 0x00, 0xc8, 0x0f, 0x00,
    0x23, 0x78, 0x30, 0x23, 0x60, 0x70, 0xa5, 0x32, 0x30, 0x00, 0x00, 0x00, 0x00, 0xc8, 0x0f, 0x00,
    0x08, 0x73, 0x23, 0x00, 0x30, 0x00, 0x00, 0x00, 0x00, 0x08, 0x00, 0x00, 0x00, 0x24, 0x0e, 0x00,
    0x20, 0x72, 0x22, 0x22, 0x23, 0x00, 0x00, 0x00, 0x00, 0x00, 0x40, 0x00, 0x00, 0xc8, 0x1f, 0x00,
    0x20, 0x72, 0x22, 0x75, 0x22, 0x00, 0x00, 0x00, 0x00, 0x00, 0x40, 0x00, 0x00, 0xce, 0x0f, 0x00,
    0x41, 0x79, 0x00, 0x00, 0x00, 0x00, 0x00, 0x00, 0x00, 0x02, 0x80, 0x03, 0x00, 0xea, 0x0f, 0x00,
    0x84, 0x79, 0x13, 0x13, 0x00, 0x20, 0x00, 0x00, 0x00, 0x08, 0x00, 0x00, 0x00, 0x22, 0x0e, 0x00,
    0x0c, 0x7c, 0x00, 0x02, 0x08, 0x00, 0x00, 0x00, 0x70, 0x66, 0xfa, 0x0a, 0x00, 0xe2, 0x0f, 0x00,
    0x45, 0x79, 0x00, 0x00, 0x10, 0x01, 0x00, 0x00, 0x00, 0x02, 0x80, 0x03, 0x00, 0xe2, 0x0f, 0x00,
    0x0c, 0x7c, 0x00, 0x32, 0x08, 0x00, 0x00, 0x00, 0x70, 0x64, 0x70, 0x0b, 0x00, 0xe2, 0x0f, 0x00,
    0x24, 0x72, 0x23, 0xff, 0xff, 0x00, 0x00, 0x00, 0xff, 0x00, 0x8e, 0x07, 0x00, 0xe2, 0x0f, 0x00,
    0x0c, 0x72, 0x00, 0x31, 0x21, 0x00, 0x00, 0x00, 0x70, 0x44, 0xfc, 0x01, 0x00, 0xc8, 0x0f, 0x00,
    0x0c, 0x7c, 0x00, 0x32, 0x08, 0x00, 0x00, 0x00, 0x70, 0x64, 0x7c, 0x0b, 0x00, 0xca, 0x0f, 0x00,
    0x47, 0x59, 0x2c, 0x00, 0x00, 0x00, 0x00, 0x00, 0x00, 0x00, 0x80, 0x03, 0x00, 0xf0, 0x0f, 0x00,
    0x84, 0x79, 0x30, 0x04, 0x04, 0x00, 0x00, 0x00, 0x00, 0x08, 0x00, 0x08, 0x00, 0xa4, 0x0e, 0x00,
    0x21, 0x72, 0x23, 0x13, 0x30, 0x00, 0x00, 0x80, 0x00, 0x00, 0x00, 0x00, 0x00, 0xc8, 0x5f, 0x00,
    0x23, 0x74, 0x30, 0x23, 0x00, 0x00, 0x00, 0x3f, 0x10, 0x20, 0x00, 0x00, 0x00, 0xc8, 0x0f, 0x00,
    0x23, 0x74, 0x30, 0x30, 0x01, 0x00, 0x40, 0x4b, 0x0f, 0x40, 0x00, 0x00, 0x00, 0xc8, 0x0f, 0x00,
    0x21, 0x74, 0x32, 0x30, 0x7f, 0x00, 0x40, 0xcb, 0x00, 0x00, 0x00, 0x00, 0x00, 0xe2, 0x0f, 0x04,
    0x24, 0x78, 0x30, 0x30, 0x00, 0x00, 0x80, 0x00, 0xff, 0x00, 0x8e, 0x07, 0x00, 0xc6, 0x0f, 0x00,
    0x23, 0x78, 0x32, 0x23, 0x3b, 0xaa, 0xb8, 0x3f, 0x32, 0x08, 0x00, 0x00, 0x00, 0xc8, 0x0f, 0x00,
    0x23, 0x78, 0x32, 0x23, 0x60, 0x70, 0xa5, 0x32, 0x32, 0x00, 0x00, 0x00, 0x00, 0xc8, 0x0f, 0x00,
    0x08, 0x73, 0x23, 0x00, 0x32, 0x00, 0x00, 0x00, 0x00, 0x08, 0x00, 0x00, 0x00, 0x24, 0x0e, 0x00,
    0x20, 0x72, 0x23, 0x30, 0x23, 0x00, 0x00, 0x00, 0x00, 0x00, 0x40, 0x00, 0x00, 0xc8, 0x1f, 0x00,
    0x20, 0x72, 0x23, 0x76, 0x23, 0x00, 0x00, 0x00, 0x00, 0x00, 0x40, 0x00, 0x00, 0xce, 0x0f, 0x00,
    0x41, 0x79, 0x00, 0x00, 0x00, 0x00, 0x00, 0x00, 0x00, 0x02, 0x80, 0x03, 0x00, 0xea, 0x0f, 0x00,
    0x0c, 0x7c, 0x00, 0x02, 0x08, 0x00, 0x00, 0x00, 0x70, 0x66, 0x74, 0x09, 0x00, 0xe2, 0x0f, 0x00,
    0x45, 0x79, 0x00, 0x00, 0x10, 0x01, 0x00, 0x00, 0x00, 0x02, 0x80, 0x03, 0x00, 0xe2, 0x0f, 0x00,
    0x12, 0x78, 0x33, 0x03, 0x10, 0x00, 0x00, 0x00, 0xff, 0xfc, 0x8e, 0x07, 0x00, 0xe2, 0x0f, 0x00,
    0x36, 0x78, 0x34, 0x83, 0x10, 0x00, 0x00, 0x00, 0x00, 0x00, 0x00, 0x00, 0x00, 0xe2, 0x0f, 0x00,
    0x02, 0x72, 0x30, 0x00, 0xff, 0x00, 0x00, 0x00, 0x00, 0x0f, 0x00, 0x00, 0x00, 0xe4, 0x0f, 0x00,
    0x0c, 0x72, 0x00, 0x33, 0x20, 0x00, 0x00, 0x00, 0x70, 0x44, 0x7a, 0x02, 0x00, 0xce, 0x0f, 0x00,
    0x47, 0x29, 0x2c, 0x00, 0x00, 0x00, 0x00, 0x00, 0x00, 0x00, 0x80, 0x03, 0x00, 0xec, 0x0f, 0x00,
    0x84, 0x79, 0x30, 0x04, 0x04, 0x04, 0x00, 0x00, 0x00, 0x08, 0x00, 0x08, 0x00, 0xa4, 0x0e, 0x00,
    0x21, 0x72, 0x31, 0x13, 0x30, 0x00, 0x00, 0x80, 0x00, 0x00, 0x00, 0x00, 0x00, 0xc8, 0x5f, 0x00,
    0x23, 0x74, 0x30, 0x31, 0x00, 0x00, 0x00, 0x3f, 0x10, 0x20, 0x00, 0x00, 0x00, 0xc8, 0x0f, 0x00,
    0x23, 0x74, 0x30, 0x30, 0x01, 0x00, 0x40, 0x4b, 0x0f, 0x40, 0x00, 0x00, 0x00, 0xc8, 0x0f, 0x00,
    0x21, 0x74, 0x32, 0x30, 0x7f, 0x00, 0x40, 0xcb, 0x00, 0x00, 0x00, 0x00, 0x00, 0xe2, 0x0f, 0x04,
    0x24, 0x78, 0x30, 0x30, 0x00, 0x00, 0x80, 0x00, 0xff, 0x00, 0x8e, 0x07, 0x00, 0xc6, 0x0f, 0x00,
    0x23, 0x78, 0x32, 0x31, 0x3b, 0xaa, 0xb8, 0x3f, 0x32, 0x08, 0x00, 0x00, 0x00, 0xc8, 0x0f, 0x00,
    0x23, 0x78, 0x32, 0x31, 0x60, 0x70, 0xa5, 0x32, 0x32, 0x00, 0x00, 0x00, 0x00, 0xc8, 0x0f, 0x00,
    0x08, 0x73, 0x31, 0x00, 0x32, 0x00, 0x00, 0x00, 0x00, 0x08, 0x00, 0x00, 0x00, 0x24, 0x0e, 0x00,
    0x20, 0x72, 0x30, 0x30, 0x31, 0x00, 0x00, 0x00, 0x00, 0x00, 0x40, 0x00, 0x00, 0xc8, 0x1f, 0x00,
    0x20, 0x72, 0x30, 0x77, 0x30, 0x00, 0x00, 0x00, 0x00, 0x00, 0x40, 0x00, 0x00, 0xce, 0x0f, 0x00,
    0x41, 0x79, 0x00, 0x00, 0x00, 0x00, 0x00, 0x00, 0x00, 0x02, 0x80, 0x03, 0x00, 0xea, 0x0f, 0x00,
    0x0c, 0x7c, 0x00, 0x34, 0x08, 0x00, 0x00, 0x00, 0x70, 0x64, 0xfa, 0x0a, 0x00, 0xe2, 0x0f, 0x04,
    0x45, 0x79, 0x00, 0x00, 0x20, 0x01, 0x00, 0x00, 0x00, 0x02, 0x80, 0x03, 0x00, 0xe2, 0x0f, 0x00,
    0x0c, 0x72, 0x00, 0x33, 0x21, 0x00, 0x00, 0x00, 0x70, 0x44, 0xf4, 0x01, 0x00, 0xe2, 0x0f, 0x00,
    0x36, 0x78, 0x35, 0x03, 0x11, 0x00, 0x00, 0x00, 0x00, 0x00, 0x00, 0x00, 0x00, 0xe2, 0x0f, 0x00,
    0x03, 0x78, 0x39, 0xff, 0x20, 0x00, 0x00, 0x00, 0x00, 0x00, 0x00, 0x00, 0x00, 0xe2, 0x0f, 0x00,
    0x24, 0x72, 0x31, 0xff, 0xff, 0x00, 0x00, 0x00, 0xff, 0x00, 0x8e, 0x07, 0x00, 0xe2, 0x0f, 0x00,
    0x0c, 0x7c, 0x00, 0x34, 0x08, 0x00, 0x00, 0x00, 0x70, 0x64, 0x74, 0x09, 0x00, 0xe2, 0x0f, 0x00,
    0x47, 0x19, 0x2c, 0x00, 0x00, 0x00, 0x00, 0x00, 0x00, 0x00, 0x80, 0x03, 0x00, 0xd8, 0x0f, 0x00,
    0x84, 0x79, 0x32, 0x04, 0x04, 0x20, 0x00, 0x00, 0x00, 0x08, 0x00, 0x08, 0x00, 0xa4, 0x0e, 0x00,
    0x21, 0x72, 0x31, 0x05, 0x32, 0x00, 0x00, 0x80, 0x00, 0x00, 0x00, 0x00, 0x00, 0xc8, 0x6f, 0x00,
    0x23, 0x74, 0x32, 0x31, 0x00, 0x00, 0x00, 0x3f, 0x10, 0x20, 0x00, 0x00, 0x00, 0xc8, 0x0f, 0x00,
    0x23, 0x74, 0x32, 0x32, 0x01, 0x00, 0x40, 0x4b, 0x0f, 0x40, 0x00, 0x00, 0x00, 0xc8, 0x0f, 0x00,
    0x21, 0x74, 0x34, 0x32, 0x7f, 0x00, 0x40, 0xcb, 0x00, 0x00, 0x00, 0x00, 0x00, 0xe2, 0x0f, 0x04,
    0x24, 0x78, 0x32, 0x32, 0x00, 0x00, 0x80, 0x00, 0xff, 0x00, 0x8e, 0x07, 0x00, 0xc6, 0x0f, 0x00,
    0x23, 0x78, 0x34, 0x31, 0x3b, 0xaa, 0xb8, 0x3f, 0x34, 0x08, 0x00, 0x00, 0x00, 0xc8, 0x0f, 0x00,
    0x23, 0x78, 0x34, 0x31, 0x60, 0x70, 0xa5, 0x32, 0x34, 0x00, 0x00, 0x00, 0x00, 0xc8, 0x0f, 0x00,
    0x08, 0x73, 0x31, 0x00, 0x34, 0x00, 0x00, 0x00, 0x00, 0x08, 0x00, 0x00, 0x00, 0x64, 0x0e, 0x00,
    0x20, 0x72, 0x31, 0x32, 0x31, 0x00, 0x00, 0x00, 0x00, 0x00, 0x40, 0x00, 0x00, 0xc8, 0x2f, 0x00,
    0x20, 0x72, 0x31, 0x14, 0x31, 0x00, 0x00, 0x00, 0x00, 0x00, 0x40, 0x00, 0x00, 0xce, 0x0f, 0x00,
    0x41, 0x79, 0x00, 0x00, 0x00, 0x00, 0x00, 0x00, 0x00, 0x02, 0x80, 0x03, 0x00, 0xea, 0x0f, 0x00,
    0x45, 0x79, 0x00, 0x00, 0x00, 0x01, 0x00, 0x00, 0x00, 0x02, 0x80, 0x03, 0x00, 0xe2, 0x0f, 0x00,
    0x02, 0x72, 0x14, 0x00, 0xff, 0x00, 0x00, 0x00, 0x00, 0x0f, 0x00, 0x00, 0x00, 0xe2, 0x0f, 0x00,
    0x36, 0x78, 0x34, 0x83, 0x11, 0x00, 0x00, 0x00, 0x00, 0x00, 0x00, 0x00, 0x00, 0xe2, 0x0f, 0x00,
    0x0c, 0x72, 0x00, 0x35, 0x20, 0x00, 0x00, 0x00, 0x70, 0x44, 0x72, 0x02, 0x00, 0xe2, 0x0f, 0x00,
    0x47, 0x09, 0x2c, 0x00, 0x00, 0x00, 0x00, 0x00, 0x00, 0x00, 0x80, 0x03, 0x00, 0xd8, 0x0f, 0x00,
    0x84, 0x79, 0x14, 0x04, 0x04, 0x24, 0x00, 0x00, 0x00, 0x08, 0x00, 0x08, 0x00, 0xa4, 0x0e, 0x00,
    0x21, 0x72, 0x33, 0x05, 0x14, 0x00, 0x00, 0x80, 0x00, 0x00, 0x00, 0x00, 0x00, 0xc8, 0x6f, 0x00,
    0x23, 0x74, 0x14, 0x33, 0x00, 0x00, 0x00, 0x3f, 0x10, 0x20, 0x00, 0x00, 0x00, 0xc8, 0x0f, 0x00,
    0x23, 0x74, 0x14, 0x14, 0x01, 0x00, 0x40, 0x4b, 0x0f, 0x40, 0x00, 0x00, 0x00, 0xc8, 0x0f, 0x00,
    0x21, 0x74, 0x32, 0x14, 0x7f, 0x00, 0x40, 0xcb, 0x00, 0x00, 0x00, 0x00, 0x00, 0xe2, 0x0f, 0x04,
    0x24, 0x78, 0x14, 0x14, 0x00, 0x00, 0x80, 0x00, 0xff, 0x00, 0x8e, 0x07, 0x00, 0xc6, 0x0f, 0x00,
    0x23, 0x78, 0x32, 0x33, 0x3b, 0xaa, 0xb8, 0x3f, 0x32, 0x08, 0x00, 0x00, 0x00, 0xc8, 0x0f, 0x00,
    0x23, 0x78, 0x32, 0x33, 0x60, 0x70, 0xa5, 0x32, 0x32, 0x00, 0x00, 0x00, 0x00, 0xc8, 0x0f, 0x00,
    0x08, 0x73, 0x33, 0x00, 0x32, 0x00, 0x00, 0x00, 0x00, 0x08, 0x00, 0x00, 0x00, 0x64, 0x0e, 0x00,
    0x20, 0x72, 0x14, 0x14, 0x33, 0x00, 0x00, 0x00, 0x00, 0x00, 0x40, 0x00, 0x00, 0xc8, 0x2f, 0x00,
    0x20, 0x72, 0x14, 0x15, 0x14, 0x00, 0x00, 0x00, 0x00, 0x00, 0x40, 0x00, 0x00, 0xce, 0x0f, 0x00,
    0x41, 0x79, 0x00, 0x00, 0x00, 0x00, 0x00, 0x00, 0x00, 0x02, 0x80, 0x03, 0x00, 0xea, 0x0f, 0x00,
    0x0c, 0x72, 0x00, 0x38, 0xff, 0x00, 0x00, 0x00, 0x70, 0x52, 0xfa, 0x03, 0x00, 0xe2, 0x0f, 0x00,
    0x45, 0x79, 0x00, 0x00, 0x20, 0x01, 0x00, 0x00, 0x00, 0x02, 0x80, 0x03, 0x00, 0xe2, 0x0f, 0x00,
    0x0c, 0x72, 0x00, 0x35, 0x21, 0x00, 0x00, 0x00, 0x70, 0x44, 0xf0, 0x01, 0x00, 0xe2, 0x0f, 0x00,
    0x24, 0x72, 0x15, 0xff, 0xff, 0x00, 0x00, 0x00, 0xff, 0x00, 0x8e, 0x07, 0x00, 0xe2, 0x0f, 0x00,
    0x0c, 0x7c, 0x00, 0x34, 0x08, 0x00, 0x00, 0x00, 0x70, 0x64, 0xf2, 0x08, 0x00, 0xe4, 0x0f, 0x04,
    0x0c, 0x7c, 0x00, 0x34, 0x08, 0x00, 0x00, 0x00, 0x70, 0x64, 0x70, 0x08, 0x00, 0xe4, 0x0f, 0x00,
    0x12, 0x78, 0x35, 0x03, 0x18, 0x00, 0x00, 0x00, 0xff, 0xfc, 0x8e, 0x07, 0x00, 0xca, 0x0f, 0x00,
    0x47, 0x59, 0x2c, 0x00, 0x00, 0x00, 0x00, 0x00, 0x00, 0x00, 0x80, 0x03, 0x00, 0xec, 0x0f, 0x00,
    0x84, 0x79, 0x32, 0x04, 0x04, 0x20, 0x00, 0x00, 0x00, 0x08, 0x00, 0x08, 0x00, 0xa4, 0x0e, 0x00,
    0x21, 0x72, 0x15, 0x13, 0x32, 0x00, 0x00, 0x80, 0x00, 0x00, 0x00, 0x00, 0x00, 0xc8, 0x5f, 0x00,
    0x23, 0x74, 0x32, 0x15, 0x00, 0x00, 0x00, 0x3f, 0x10, 0x20, 0x00, 0x00, 0x00, 0xc8, 0x0f, 0x00,
    0x23, 0x74, 0x32, 0x32, 0x01, 0x00, 0x40, 0x4b, 0x0f, 0x40, 0x00, 0x00, 0x00, 0xc8, 0x0f, 0x00,
    0x21, 0x74, 0x34, 0x32, 0x7f, 0x00, 0x40, 0xcb, 0x00, 0x00, 0x00, 0x00, 0x00, 0xe2, 0x0f, 0x04,
    0x24, 0x78, 0x32, 0x32, 0x00, 0x00, 0x80, 0x00, 0xff, 0x00, 0x8e, 0x07, 0x00, 0xc6, 0x0f, 0x00,
    0x23, 0x78, 0x34, 0x15, 0x3b, 0xaa, 0xb8, 0x3f, 0x34, 0x08, 0x00, 0x00, 0x00, 0xc8, 0x0f, 0x00,
    0x23, 0x78, 0x34, 0x15, 0x60, 0x70, 0xa5, 0x32, 0x34, 0x00, 0x00, 0x00, 0x00, 0xc8, 0x0f, 0x00,
    0x08, 0x73, 0x15, 0x00, 0x34, 0x00, 0x00, 0x00, 0x00, 0x08, 0x00, 0x00, 0x00, 0x24, 0x0e, 0x00,
    0x20, 0x72, 0x15, 0x32, 0x15, 0x00, 0x00, 0x00, 0x00, 0x00, 0x40, 0x00, 0x00, 0xc8, 0x1f, 0x00,
    0x20, 0x72, 0x15, 0x16, 0x15, 0x00, 0x00, 0x00, 0x00, 0x00, 0x40, 0x00, 0x00, 0xce, 0x0f, 0x00,
    0x41, 0x79, 0x00, 0x00, 0x00, 0x00, 0x00, 0x00, 0x00, 0x02, 0x80, 0x03, 0x00, 0xea, 0x0f, 0x00,
    0x45, 0x79, 0x00, 0x00, 0x00, 0x01, 0x00, 0x00, 0x00, 0x02, 0x80, 0x03, 0x00, 0xe2, 0x0f, 0x00,
    0x24, 0x72, 0x16, 0xff, 0xff, 0x00, 0x00, 0x00, 0xff, 0x00, 0x8e, 0x07, 0x00, 0xe2, 0x0f, 0x00,
    0x10, 0x78, 0x34, 0x83, 0x18, 0x00, 0x00, 0x00, 0xff, 0xe0, 0xff, 0x07, 0x00, 0xe4, 0x0f, 0x00,
    0x0c, 0x72, 0x00, 0x35, 0x20, 0x00, 0x00, 0x00, 0x70, 0x44, 0x7a, 0x02, 0x00, 0xe2, 0x0f, 0x00,
    0x47, 0x69, 0x2c, 0x00, 0x00, 0x00, 0x00, 0x00, 0x00, 0x00, 0x80, 0x03, 0x00, 0xd8, 0x0f, 0x00,
    0x84, 0x79, 0x16, 0x04, 0x04, 0x24, 0x00, 0x00, 0x00, 0x08, 0x00, 0x08, 0x00, 0xa4, 0x0e, 0x00,
    0x21, 0x72, 0x33, 0x13, 0x16, 0x00, 0x00, 0x80, 0x00, 0x00, 0x00, 0x00, 0x00, 0xc8, 0x5f, 0x00,
    0x23, 0x74, 0x16, 0x33, 0x00, 0x00, 0x00, 0x3f, 0x10, 0x20, 0x00, 0x00, 0x00, 0xc8, 0x0f, 0x00,
    0x23, 0x74, 0x16, 0x16, 0x01, 0x00, 0x40, 0x4b, 0x0f, 0x40, 0x00, 0x00, 0x00, 0xc8, 0x0f, 0x00,
    0x21, 0x74, 0x32, 0x16, 0x7f, 0x00, 0x40, 0xcb, 0x00, 0x00, 0x00, 0x00, 0x00, 0xe2, 0x0f, 0x04,
    0x24, 0x78, 0x16, 0x16, 0x00, 0x00, 0x80, 0x00, 0xff, 0x00, 0x8e, 0x07, 0x00, 0xc6, 0x0f, 0x00,
    0x23, 0x78, 0x32, 0x33, 0x3b, 0xaa, 0xb8, 0x3f, 0x32, 0x08, 0x00, 0x00, 0x00, 0xc8, 0x0f, 0x00,
    0x23, 0x78, 0x32, 0x33, 0x60, 0x70, 0xa5, 0x32, 0x32, 0x00, 0x00, 0x00, 0x00, 0xc8, 0x0f, 0x00,
    0x08, 0x73, 0x33, 0x00, 0x32, 0x00, 0x00, 0x00, 0x00, 0x08, 0x00, 0x00, 0x00, 0x24, 0x0e, 0x00,
    0x20, 0x72, 0x16, 0x16, 0x33, 0x00, 0x00, 0x00, 0x00, 0x00, 0x40, 0x00, 0x00, 0xc8, 0x1f, 0x00,
    0x20, 0x72, 0x16, 0x17, 0x16, 0x00, 0x00, 0x00, 0x00, 0x00, 0x40, 0x00, 0x00, 0xce, 0x0f, 0x00,
    0x41, 0x79, 0x00, 0x00, 0x00, 0x00, 0x00, 0x00, 0x00, 0x02, 0x80, 0x03, 0x00, 0xea, 0x0f, 0x00,
    0x0c, 0x72, 0x00, 0x35, 0x21, 0x00, 0x00, 0x00, 0x70, 0x44, 0xfc, 0x01, 0x00, 0xe2, 0x0f, 0x00,
    0x45, 0x79, 0x00, 0x00, 0x30, 0x01, 0x00, 0x00, 0x00, 0x02, 0x80, 0x03, 0x00, 0xe2, 0x0f, 0x00,
    0x0c, 0x7c, 0x00, 0x34, 0x08, 0x00, 0x00, 0x00, 0x70, 0x64, 0xfa, 0x0a, 0x00, 0xe2, 0x0f, 0x04,
    0x36, 0x78, 0x35, 0x03, 0x19, 0x00, 0x00, 0x00, 0x00, 0x00, 0x00, 0x00, 0x00, 0xe2, 0x0f, 0x00,
    0x0c, 0x7c, 0x00, 0x34, 0x08, 0x00, 0x00, 0x00, 0x70, 0x64, 0x7c, 0x0b, 0x00, 0xe2, 0x0f, 0x00,
    0x24, 0x72, 0x17, 0xff, 0xff, 0x00, 0x00, 0x00, 0xff, 0x00, 0x8e, 0x07, 0x00, 0xc6, 0x0f, 0x00,
    0x03, 0x78, 0x38, 0xff, 0x40, 0x00, 0x00, 0x00, 0x00, 0x00, 0x00, 0x00, 0x00, 0xe4, 0x0f, 0x00,
    0x0c, 0x72, 0x00, 0x39, 0xff, 0x00, 0x00, 0x00, 0x70, 0x52, 0xfc, 0x03, 0x00, 0xda, 0x0f, 0x00,
    0x47, 0x69, 0x2c, 0x00, 0x00, 0x00, 0x00, 0x00, 0x00, 0x00, 0x80, 0x03, 0x00, 0xea, 0x0f, 0x00,
    0x84, 0x79, 0x32, 0x04, 0x04, 0x40, 0x00, 0x00, 0x00, 0x08, 0x00, 0x08, 0x00, 0xa4, 0x0e, 0x00,
    0x21, 0x72, 0x17, 0x05, 0x32, 0x00, 0x00, 0x80, 0x00, 0x00, 0x00, 0x00, 0x00, 0xc8, 0x6f, 0x00,
    0x23, 0x74, 0x32, 0x17, 0x00, 0x00, 0x00, 0x3f, 0x10, 0x20, 0x00, 0x00, 0x00, 0xc8, 0x0f, 0x00,
    0x23, 0x74, 0x32, 0x32, 0x01, 0x00, 0x40, 0x4b, 0x0f, 0x40, 0x00, 0x00, 0x00, 0xc8, 0x0f, 0x00,
    0x21, 0x74, 0x34, 0x32, 0x7f, 0x00, 0x40, 0xcb, 0x00, 0x00, 0x00, 0x00, 0x00, 0xe2, 0x0f, 0x04,
    0x24, 0x78, 0x32, 0x32, 0x00, 0x00, 0x80, 0x00, 0xff, 0x00, 0x8e, 0x07, 0x00, 0xc6, 0x0f, 0x00,
    0x23, 0x78, 0x34, 0x17, 0x3b, 0xaa, 0xb8, 0x3f, 0x34, 0x08, 0x00, 0x00, 0x00, 0xc8, 0x0f, 0x00,
    0x23, 0x78, 0x34, 0x17, 0x60, 0x70, 0xa5, 0x32, 0x34, 0x00, 0x00, 0x00, 0x00, 0xc8, 0x0f, 0x00,
    0x08, 0x73, 0x17, 0x00, 0x34, 0x00, 0x00, 0x00, 0x00, 0x08, 0x00, 0x00, 0x00, 0x64, 0x0e, 0x00,
    0x20, 0x72, 0x17, 0x32, 0x17, 0x00, 0x00, 0x00, 0x00, 0x00, 0x40, 0x00, 0x00, 0xc8, 0x2f, 0x00,
    0x20, 0x72, 0x17, 0x18, 0x17, 0x00, 0x00, 0x00, 0x00, 0x00, 0x40, 0x00, 0x00, 0xce, 0x0f, 0x00,
    0x41, 0x79, 0x00, 0x00, 0x00, 0x00, 0x00, 0x00, 0x00, 0x02, 0x80, 0x03, 0x00, 0xea, 0x0f, 0x00,
    0x45, 0x79, 0x00, 0x00, 0x00, 0x01, 0x00, 0x00, 0x00, 0x02, 0x80, 0x03, 0x00, 0xe2, 0x0f, 0x00,
    0x24, 0x72, 0x18, 0xff, 0xff, 0x00, 0x00, 0x00, 0xff, 0x00, 0x8e, 0x07, 0x00, 0xe2, 0x0f, 0x00,
    0x10, 0x78, 0x34, 0x83, 0x19, 0x00, 0x00, 0x00, 0xff, 0xe0, 0xff, 0x07, 0x00, 0xe4, 0x0f, 0x00,
    0x0c, 0x72, 0x00, 0x35, 0x20, 0x00, 0x00, 0x00, 0x70, 0x44, 0x7c, 0x02, 0x00, 0xe2, 0x0f, 0x00,
    0x47, 0x19, 0x2c, 0x00, 0x00, 0x00, 0x00, 0x00, 0x00, 0x00, 0x80, 0x03, 0x00, 0xd8, 0x0f, 0x00,
    0x84, 0x79, 0x18, 0x04, 0x04, 0x44, 0x00, 0x00, 0x00, 0x08, 0x00, 0x08, 0x00, 0xa4, 0x0e, 0x00,
    0x21, 0x72, 0x33, 0x05, 0x18, 0x00, 0x00, 0x80, 0x00, 0x00, 0x00, 0x00, 0x00, 0xc8, 0x6f, 0x00,
    0x23, 0x74, 0x18, 0x33, 0x00, 0x00, 0x00, 0x3f, 0x10, 0x20, 0x00, 0x00, 0x00, 0xc8, 0x0f, 0x00,
    0x23, 0x74, 0x18, 0x18, 0x01, 0x00, 0x40, 0x4b, 0x0f, 0x40, 0x00, 0x00, 0x00, 0xc8, 0x0f, 0x00,
    0x21, 0x74, 0x32, 0x18, 0x7f, 0x00, 0x40, 0xcb, 0x00, 0x00, 0x00, 0x00, 0x00, 0xe2, 0x0f, 0x04,
    0x24, 0x78, 0x18, 0x18, 0x00, 0x00, 0x80, 0x00, 0xff, 0x00, 0x8e, 0x07, 0x00, 0xc6, 0x0f, 0x00,
    0x23, 0x78, 0x32, 0x33, 0x3b, 0xaa, 0xb8, 0x3f, 0x32, 0x08, 0x00, 0x00, 0x00, 0xc8, 0x0f, 0x00,
    0x23, 0x78, 0x32, 0x33, 0x60, 0x70, 0xa5, 0x32, 0x32, 0x00, 0x00, 0x00, 0x00, 0xc8, 0x0f, 0x00,
    0x08, 0x73, 0x33, 0x00, 0x32, 0x00, 0x00, 0x00, 0x00, 0x08, 0x00, 0x00, 0x00, 0x64, 0x0e, 0x00,
    0x20, 0x72, 0x18, 0x18, 0x33, 0x00, 0x00, 0x00, 0x00, 0x00, 0x40, 0x00, 0x00, 0xc8, 0x2f, 0x00,
    0x20, 0x72, 0x18, 0x19, 0x18, 0x00, 0x00, 0x00, 0x00, 0x00, 0x40, 0x00, 0x00, 0xce, 0x0f, 0x00,
    0x41, 0x79, 0x00, 0x00, 0x00, 0x00, 0x00, 0x00, 0x00, 0x02, 0x80, 0x03, 0x00, 0xea, 0x0f, 0x00,
    0x0c, 0x72, 0x00, 0x35, 0x21, 0x00, 0x00, 0x00, 0x70, 0x44, 0xf2, 0x01, 0x00, 0xe2, 0x0f, 0x00,
    0x45, 0x79, 0x00, 0x00, 0x10, 0x01, 0x00, 0x00, 0x00, 0x02, 0x80, 0x03, 0x00, 0xe2, 0x0f, 0x00,
    0x0c, 0x7c, 0x00, 0x34, 0x08, 0x00, 0x00, 0x00, 0x70, 0x64, 0x7c, 0x0b, 0x00, 0xe2, 0x0f, 0x04,
    0x24, 0x72, 0x19, 0xff, 0xff, 0x00, 0x00, 0x00, 0xff, 0x00, 0x8e, 0x07, 0x00, 0xe2, 0x0f, 0x00,
    0x0c, 0x7c, 0x00, 0x34, 0x08, 0x00, 0x00, 0x00, 0x70, 0x64, 0xf2, 0x08, 0x00, 0xe4, 0x0f, 0x00,
    0x12, 0x78, 0x35, 0x03, 0x20, 0x00, 0x00, 0x00, 0xff, 0xfc, 0x8e, 0x07, 0x00, 0xe2, 0x0f, 0x00,
    0x47, 0x29, 0x2c, 0x00, 0x00, 0x00, 0x00, 0x00, 0x00, 0x00, 0x80, 0x03, 0x00, 0xf4, 0x0f, 0x00,
    0x84, 0x79, 0x32, 0x04, 0x04, 0x40, 0x00, 0x00, 0x00, 0x08, 0x00, 0x08, 0x00, 0xa4, 0x0e, 0x00,
    0x21, 0x72, 0x19, 0x13, 0x32, 0x00, 0x00, 0x80, 0x00, 0x00, 0x00, 0x00, 0x00, 0xc8, 0x5f, 0x00,
    0x23, 0x74, 0x32, 0x19, 0x00, 0x00, 0x00, 0x3f, 0x10, 0x20, 0x00, 0x00, 0x00, 0xc8, 0x0f, 0x00,
    0x23, 0x74, 0x32, 0x32, 0x01, 0x00, 0x40, 0x4b, 0x0f, 0x40, 0x00, 0x00, 0x00, 0xc8, 0x0f, 0x00,
    0x21, 0x74, 0x34, 0x32, 0x7f, 0x00, 0x40, 0xcb, 0x00, 0x00, 0x00, 0x00, 0x00, 0xe2, 0x0f, 0x04,
    0x24, 0x78, 0x32, 0x32, 0x00, 0x00, 0x80, 0x00, 0xff, 0x00, 0x8e, 0x07, 0x00, 0xc6, 0x0f, 0x00,
    0x23, 0x78, 0x34, 0x19, 0x3b, 0xaa, 0xb8, 0x3f, 0x34, 0x08, 0x00, 0x00, 0x00, 0xc8, 0x0f, 0x00,
    0x23, 0x78, 0x34, 0x19, 0x60, 0x70, 0xa5, 0x32, 0x34, 0x00, 0x00, 0x00, 0x00, 0xc8, 0x0f, 0x00,
    0x08, 0x73, 0x19, 0x00, 0x34, 0x00, 0x00, 0x00, 0x00, 0x08, 0x00, 0x00, 0x00, 0x24, 0x0e, 0x00,
    0x20, 0x72, 0x19, 0x32, 0x19, 0x00, 0x00, 0x00, 0x00, 0x00, 0x40, 0x00, 0x00, 0xc8, 0x1f, 0x00,
    0x20, 0x72, 0x19, 0x1a, 0x19, 0x00, 0x00, 0x00, 0x00, 0x00, 0x40, 0x00, 0x00, 0xce, 0x0f, 0x00,
    0x41, 0x79, 0x00, 0x00, 0x00, 0x00, 0x00, 0x00, 0x00, 0x02, 0x80, 0x03, 0x00, 0xea, 0x0f, 0x00,
    0x45, 0x79, 0x00, 0x00, 0x00, 0x01, 0x00, 0x00, 0x00, 0x02, 0x80, 0x03, 0x00, 0xe2, 0x0f, 0x00,
    0x24, 0x72, 0x1a, 0xff, 0xff, 0x00, 0x00, 0x00, 0xff, 0x00, 0x8e, 0x07, 0x00, 0xe2, 0x0f, 0x00,
    0x0c, 0x72, 0x00, 0x35, 0x20, 0x00, 0x00, 0x00, 0x70, 0x44, 0x74, 0x02, 0x00, 0xe2, 0x0f, 0x00,
    0x36, 0x78, 0x34, 0x83, 0x20, 0x00, 0x00, 0x00, 0x00, 0x00, 0x00, 0x00, 0x00, 0xe2, 0x0f, 0x00,
    0x47, 0x09, 0x2c, 0x00, 0x00, 0x00, 0x00, 0x00, 0x00, 0x00, 0x80, 0x03, 0x00, 0xf6, 0x0f, 0x00,
    0x84, 0x79, 0x1a, 0x04, 0x04, 0x44, 0x00, 0x00, 0x00, 0x08, 0x00, 0x08, 0x00, 0xa4, 0x0e, 0x00,
    0x21, 0x72, 0x33, 0x13, 0x1a, 0x00, 0x00, 0x80, 0x00, 0x00, 0x00, 0x00, 0x00, 0xc8, 0x5f, 0x00,
    0x23, 0x74, 0x1a, 0x33, 0x00, 0x00, 0x00, 0x3f, 0x10, 0x20, 0x00, 0x00, 0x00, 0xc8, 0x0f, 0x00,
    0x23, 0x74, 0x1a, 0x1a, 0x01, 0x00, 0x40, 0x4b, 0x0f, 0x40, 0x00, 0x00, 0x00, 0xc8, 0x0f, 0x00,
    0x21, 0x74, 0x32, 0x1a, 0x7f, 0x00, 0x40, 0xcb, 0x00, 0x00, 0x00, 0x00, 0x00, 0xe2, 0x0f, 0x04,
    0x19, 0x78, 0x1a, 0x1a, 0x17, 0x00, 0x00, 0x00, 0xff, 0x06, 0x00, 0x00, 0x00, 0xc6, 0x0f, 0x00,
    0x23, 0x78, 0x32, 0x33, 0x3b, 0xaa, 0xb8, 0x3f, 0x32, 0x08, 0x00, 0x00, 0x00, 0xc8, 0x0f, 0x00,
    0x23, 0x78, 0x32, 0x33, 0x60, 0x70, 0xa5, 0x32, 0x32, 0x00, 0x00, 0x00, 0x00, 0xc8, 0x0f, 0x00,
    0x08, 0x73, 0x33, 0x00, 0x32, 0x00, 0x00, 0x00, 0x00, 0x08, 0x00, 0x00, 0x00, 0x24, 0x0e, 0x00,
    0x20, 0x72, 0x1a, 0x1a, 0x33, 0x00, 0x00, 0x00, 0x00, 0x00, 0x40, 0x00, 0x00, 0xc8, 0x1f, 0x00,
    0x20, 0x72, 0x1a, 0x1b, 0x1a, 0x00, 0x00, 0x00, 0x00, 0x00, 0x40, 0x00, 0x00, 0xce, 0x0f, 0x00,
    0x41, 0x79, 0x00, 0x00, 0x00, 0x00, 0x00, 0x00, 0x00, 0x02, 0x80, 0x03, 0x00, 0xea, 0x0f, 0x00,
    0x0c, 0x7c, 0x00, 0x34, 0x08, 0x00, 0x00, 0x00, 0x70, 0x64, 0x70, 0x09, 0x00, 0xe2, 0x0f, 0x04,
    0x45, 0x79, 0x00, 0x00, 0x20, 0x01, 0x00, 0x00, 0x00, 0x02, 0x80, 0x03, 0x00, 0xe2, 0x0f, 0x00,
    0x0c, 0x72, 0x00, 0x35, 0x21, 0x00, 0x00, 0x00, 0x70, 0x44, 0xf4, 0x01, 0x00, 0xe2, 0x0f, 0x00,
    0x36, 0x78, 0x35, 0x03, 0x21, 0x00, 0x00, 0x00, 0x00, 0x00, 0x00, 0x00, 0x00, 0xe4, 0x0f, 0x00,
    0x24, 0x72, 0x1b, 0xff, 0xff, 0x00, 0x00, 0x00, 0xff, 0x00, 0x8e, 0x07, 0x00, 0xe2, 0x0f, 0x00,
    0x0c, 0x7c, 0x00, 0x34, 0x08, 0x00, 0x00, 0x00, 0x70, 0x64, 0x74, 0x09, 0x00, 0xc8, 0x0f, 0x00,
    0x03, 0x78, 0x39, 0xff, 0x04, 0x00, 0x00, 0x00, 0x00, 0x00, 0x00, 0x00, 0x00, 0xe2, 0x0f, 0x00,
    0x47, 0x59, 0x2c, 0x00, 0x00, 0x00, 0x00, 0x00, 0x00, 0x00, 0x80, 0x03, 0x00, 0xf0, 0x0f, 0x00,
    0x84, 0x79, 0x32, 0x04, 0x04, 0x60, 0x00, 0x00, 0x00, 0x08, 0x00, 0x08, 0x00, 0xa4, 0x0e, 0x00,
    0x21, 0x72, 0x1b, 0x05, 0x32, 0x00, 0x00, 0x80, 0x00, 0x00, 0x00, 0x00, 0x00, 0xc8, 0x6f, 0x00,
    0x23, 0x74, 0x32, 0x1b, 0x00, 0x00, 0x00, 0x3f, 0x10, 0x20, 0x00, 0x00, 0x00, 0xc8, 0x0f, 0x00,
    0x23, 0x74, 0x32, 0x32, 0x01, 0x00, 0x40, 0x4b, 0x0f, 0x40, 0x00, 0x00, 0x00, 0xc8, 0x0f, 0x00,
    0x21, 0x74, 0x34, 0x32, 0x7f, 0x00, 0x40, 0xcb, 0x00, 0x00, 0x00, 0x00, 0x00, 0xe2, 0x0f, 0x04,
    0x24, 0x78, 0x32, 0x32, 0x00, 0x00, 0x80, 0x00, 0xff, 0x00, 0x8e, 0x07, 0x00, 0xc6, 0x0f, 0x00,
    0x23, 0x78, 0x34, 0x1b, 0x3b, 0xaa, 0xb8, 0x3f, 0x34, 0x08, 0x00, 0x00, 0x00, 0xc8, 0x0f, 0x00,
    0x23, 0x78, 0x34, 0x1b, 0x60, 0x70, 0xa5, 0x32, 0x34, 0x00, 0x00, 0x00, 0x00, 0xc8, 0x0f, 0x00,
    0x08, 0x73, 0x1b, 0x00, 0x34, 0x00, 0x00, 0x00, 0x00, 0x08, 0x00, 0x00, 0x00, 0x64, 0x0e, 0x00,
    0x20, 0x72, 0x1b, 0x32, 0x1b, 0x00, 0x00, 0x00, 0x00, 0x00, 0x40, 0x00, 0x00, 0xc8, 0x2f, 0x00,
    0x20, 0x72, 0x1b, 0x1c, 0x1b, 0x00, 0x00, 0x00, 0x00, 0x00, 0x40, 0x00, 0x00, 0xce, 0x0f, 0x00,
    0x41, 0x79, 0x00, 0x00, 0x00, 0x00, 0x00, 0x00, 0x00, 0x02, 0x80, 0x03, 0x00, 0xea, 0x0f, 0x00,
    0x45, 0x79, 0x00, 0x00, 0x00, 0x01, 0x00, 0x00, 0x00, 0x02, 0x80, 0x03, 0x00, 0xe2, 0x0f, 0x00,
    0x24, 0x72, 0x1c, 0xff, 0xff, 0x00, 0x00, 0x00, 0xff, 0x00, 0x8e, 0x07, 0x00, 0xe2, 0x0f, 0x00,
    0x0c, 0x72, 0x00, 0x35, 0x20, 0x00, 0x00, 0x00, 0x70, 0x44, 0x74, 0x02, 0x00, 0xe2, 0x0f, 0x00,
    0x36, 0x78, 0x34, 0x83, 0x21, 0x00, 0x00, 0x00, 0x00, 0x00, 0x00, 0x00, 0x00, 0xe2, 0x0f, 0x00,
    0x47, 0x69, 0x2c, 0x00, 0x00, 0x00, 0x00, 0x00, 0x00, 0x00, 0x80, 0x03, 0x00, 0xf6, 0x0f, 0x00,
    0x84, 0x79, 0x1c, 0x04, 0x04, 0x64, 0x00, 0x00, 0x00, 0x08, 0x00, 0x08, 0x00, 0xa4, 0x0e, 0x00,
    0x21, 0x72, 0x33, 0x05, 0x1c, 0x00, 0x00, 0x80, 0x00, 0x00, 0x00, 0x00, 0x00, 0xc8, 0x6f, 0x00,
    0x23, 0x74, 0x1c, 0x33, 0x00, 0x00, 0x00, 0x3f, 0x10, 0x20, 0x00, 0x00, 0x00, 0xc8, 0x0f, 0x00,
    0x23, 0x74, 0x1c, 0x1c, 0x01, 0x00, 0x40, 0x4b, 0x0f, 0x40, 0x00, 0x00, 0x00, 0xc8, 0x0f, 0x00,
    0x21, 0x74, 0x32, 0x1c, 0x7f, 0x00, 0x40, 0xcb, 0x00, 0x00, 0x00, 0x00, 0x00, 0xe2, 0x0f, 0x04,
    0x19, 0x78, 0x1c, 0x1c, 0x17, 0x00, 0x00, 0x00, 0xff, 0x06, 0x00, 0x00, 0x00, 0xc6, 0x0f, 0x00,
    0x23, 0x78, 0x32, 0x33, 0x3b, 0xaa, 0xb8, 0x3f, 0x32, 0x08, 0x00, 0x00, 0x00, 0xc8, 0x0f, 0x00,
    0x23, 0x78, 0x32, 0x33, 0x60, 0x70, 0xa5, 0x32, 0x32, 0x00, 0x00, 0x00, 0x00, 0xc8, 0x0f, 0x00,
    0x08, 0x73, 0x33, 0x00, 0x32, 0x00, 0x00, 0x00, 0x00, 0x08, 0x00, 0x00, 0x00, 0x64, 0x0e, 0x00,
    0x20, 0x72, 0x1c, 0x1c, 0x33, 0x00, 0x00, 0x00, 0x00, 0x00, 0x40, 0x00, 0x00, 0xc8, 0x2f, 0x00,
    0x20, 0x72, 0x1c, 0x1d, 0x1c, 0x00, 0x00, 0x00, 0x00, 0x00, 0x40, 0x00, 0x00, 0xce, 0x0f, 0x00,
    0x41, 0x79, 0x00, 0x00, 0x00, 0x00, 0x00, 0x00, 0x00, 0x02, 0x80, 0x03, 0x00, 0xea, 0x0f, 0x00,
    0x0c, 0x7c, 0x00, 0x34, 0x08, 0x00, 0x00, 0x00, 0x70, 0x64, 0x7c, 0x09, 0x00, 0xe2, 0x0f, 0x00,
    0x45, 0x79, 0x00, 0x00, 0x20, 0x01, 0x00, 0x00, 0x00, 0x02, 0x80, 0x03, 0x00, 0xe2, 0x0f, 0x00,
    0x0c, 0x72, 0x00, 0x38, 0xff, 0x00, 0x00, 0x00, 0x70, 0x52, 0xf4, 0x03, 0x00, 0xe2, 0x0f, 0x00,
    0x24, 0x72, 0x1d, 0xff, 0xff, 0x00, 0x00, 0x00, 0xff, 0x00, 0x8e, 0x07, 0x00, 0xe2, 0x0f, 0x00,
    0x0c, 0x72, 0x00, 0x35, 0x21, 0x00, 0x00, 0x00, 0x70, 0x44, 0xfa, 0x01, 0x00, 0xe4, 0x0f, 0x00,
    0x12, 0x78, 0x35, 0x03, 0x28, 0x00, 0x00, 0x00, 0xff, 0xfc, 0x8e, 0x07, 0x00, 0xe4, 0x0f, 0x00,
    0x0c, 0x7c, 0x00, 0x34, 0x08, 0x00, 0x00, 0x00, 0x70, 0x64, 0xfa, 0x0a, 0x00, 0xce, 0x0f, 0x00,
    0x47, 0x29, 0x2c, 0x00, 0x00, 0x00, 0x00, 0x00, 0x00, 0x00, 0x80, 0x03, 0x00, 0xec, 0x0f, 0x00,
    0x84, 0x79, 0x32, 0x04, 0x04, 0x60, 0x00, 0x00, 0x00, 0x08, 0x00, 0x08, 0x00, 0xa4, 0x0e, 0x00,
    0x21, 0x72, 0x1d, 0x13, 0x32, 0x00, 0x00, 0x80, 0x00, 0x00, 0x00, 0x00, 0x00, 0xc8, 0x5f, 0x00,
    0x23, 0x74, 0x32, 0x1d, 0x00, 0x00, 0x00, 0x3f, 0x10, 0x20, 0x00, 0x00, 0x00, 0xc8, 0x0f, 0x00,
    0x23, 0x74, 0x32, 0x32, 0x01, 0x00, 0x40, 0x4b, 0x0f, 0x40, 0x00, 0x00, 0x00, 0xc8, 0x0f, 0x00,
    0x21, 0x74, 0x34, 0x32, 0x7f, 0x00, 0x40, 0xcb, 0x00, 0x00, 0x00, 0x00, 0x00, 0xe2, 0x0f, 0x04,
    0x24, 0x78, 0x32, 0x32, 0x00, 0x00, 0x80, 0x00, 0xff, 0x00, 0x8e, 0x07, 0x00, 0xc6, 0x0f, 0x00,
    0x23, 0x78, 0x34, 0x1d, 0x3b, 0xaa, 0xb8, 0x3f, 0x34, 0x08, 0x00, 0x00, 0x00, 0xc8, 0x0f, 0x00,
    0x23, 0x78, 0x34, 0x1d, 0x60, 0x70, 0xa5, 0x32, 0x34, 0x00, 0x00, 0x00, 0x00, 0xc8, 0x0f, 0x00,
    0x08, 0x73, 0x1d, 0x00, 0x34, 0x00, 0x00, 0x00, 0x00, 0x08, 0x00, 0x00, 0x00, 0x24, 0x0e, 0x00,
    0x20, 0x72, 0x1d, 0x32, 0x1d, 0x00, 0x00, 0x00, 0x00, 0x00, 0x40, 0x00, 0x00, 0xc8, 0x1f, 0x00,
    0x20, 0x72, 0x1d, 0x1e, 0x1d, 0x00, 0x00, 0x00, 0x00, 0x00, 0x40, 0x00, 0x00, 0xce, 0x0f, 0x00,
    0x41, 0x79, 0x00, 0x00, 0x00, 0x00, 0x00, 0x00, 0x00, 0x02, 0x80, 0x03, 0x00, 0xea, 0x0f, 0x00,
    0x45, 0x79, 0x00, 0x00, 0x00, 0x01, 0x00, 0x00, 0x00, 0x02, 0x80, 0x03, 0x00, 0xe2, 0x0f, 0x00,
    0x24, 0x72, 0x1e, 0xff, 0xff, 0x00, 0x00, 0x00, 0xff, 0x00, 0x8e, 0x07, 0x00, 0xe2, 0x0f, 0x00,
    0x0c, 0x72, 0x00, 0x35, 0x20, 0x00, 0x00, 0x00, 0x70, 0x44, 0x74, 0x02, 0x00, 0xe2, 0x0f, 0x00,
    0x36, 0x78, 0x34, 0x83, 0x28, 0x00, 0x00, 0x00, 0x00, 0x00, 0x00, 0x00, 0x00, 0xe2, 0x0f, 0x00,
    0x47, 0x19, 0x2c, 0x00, 0x00, 0x00, 0x00, 0x00, 0x00, 0x00, 0x80, 0x03, 0x00, 0xf6, 0x0f, 0x00,
    0x84, 0x79, 0x1e, 0x04, 0x04, 0x64, 0x00, 0x00, 0x00, 0x08, 0x00, 0x08, 0x00, 0xa4, 0x0e, 0x00,
    0x21, 0x72, 0x33, 0x13, 0x1e, 0x00, 0x00, 0x80, 0x00, 0x00, 0x00, 0x00, 0x00, 0xc8, 0x5f, 0x00,
    0x23, 0x74, 0x1e, 0x33, 0x00, 0x00, 0x00, 0x3f, 0x10, 0x20, 0x00, 0x00, 0x00, 0xc8, 0x0f, 0x00,
    0x23, 0x74, 0x1e, 0x1e, 0x01, 0x00, 0x40, 0x4b, 0x0f, 0x40, 0x00, 0x00, 0x00, 0xc8, 0x0f, 0x00,
    0x21, 0x74, 0x32, 0x1e, 0x7f, 0x00, 0x40, 0xcb, 0x00, 0x00, 0x00, 0x00, 0x00, 0xe2, 0x0f, 0x04,
    0x24, 0x78, 0x1e, 0x1e, 0x00, 0x00, 0x80, 0x00, 0xff, 0x00, 0x8e, 0x07, 0x00, 0xc6, 0x0f, 0x00,
    0x23, 0x78, 0x32, 0x33, 0x3b, 0xaa, 0xb8, 0x3f, 0x32, 0x08, 0x00, 0x00, 0x00, 0xc8, 0x0f, 0x00,
    0x23, 0x78, 0x32, 0x33, 0x60, 0x70, 0xa5, 0x32, 0x32, 0x00, 0x00, 0x00, 0x00, 0xc8, 0x0f, 0x00,
    0x08, 0x73, 0x33, 0x00, 0x32, 0x00, 0x00, 0x00, 0x00, 0x08, 0x00, 0x00, 0x00, 0x24, 0x0e, 0x00,
    0x20, 0x72, 0x1e, 0x1e, 0x33, 0x00, 0x00, 0x00, 0x00, 0x00, 0x40, 0x00, 0x00, 0xc8, 0x1f, 0x00,
    0x20, 0x72, 0x1e, 0x1f, 0x1e, 0x00, 0x00, 0x00, 0x00, 0x00, 0x40, 0x00, 0x00, 0xce, 0x0f, 0x00,
    0x41, 0x79, 0x00, 0x00, 0x00, 0x00, 0x00, 0x00, 0x00, 0x02, 0x80, 0x03, 0x00, 0xea, 0x0f, 0x00,
    0x0c, 0x72, 0x00, 0x35, 0x21, 0x00, 0x00, 0x00, 0x70, 0x44, 0xf2, 0x01, 0x00, 0xe2, 0x0f, 0x00,
    0x45, 0x79, 0x00, 0x00, 0x20, 0x01, 0x00, 0x00, 0x00, 0x02, 0x80, 0x03, 0x00, 0xe2, 0x0f, 0x00,
    0x0c, 0x7c, 0x00, 0x34, 0x08, 0x00, 0x00, 0x00, 0x70, 0x64, 0x74, 0x09, 0x00, 0xe2, 0x0f, 0x04,
    0x24, 0x72, 0x1f, 0xff, 0xff, 0x00, 0x00, 0x00, 0xff, 0x00, 0x8e, 0x07, 0x00, 0xe2, 0x0f, 0x00,
    0x0c, 0x7c, 0x00, 0x34, 0x08, 0x00, 0x00, 0x00, 0x70, 0x64, 0xf2, 0x08, 0x00, 0xe4, 0x0f, 0x00,
    0x10, 0x78, 0x35, 0x03, 0x29, 0x00, 0x00, 0x00, 0xff, 0xe0, 0xff, 0x07, 0x00, 0xe4, 0x0f, 0x00,
    0x03, 0x78, 0x38, 0xff, 0x02, 0x00, 0x00, 0x00, 0x00, 0x00, 0x00, 0x00, 0x00, 0xe2, 0x0f, 0x00,
    0x47, 0x09, 0x2c, 0x00, 0x00, 0x00, 0x00, 0x00, 0x00, 0x00, 0x80, 0x03, 0x00, 0xf0, 0x0f, 0x00,
    0x84, 0x79, 0x32, 0x04, 0x04, 0x80, 0x00, 0x00, 0x00, 0x08, 0x00, 0x08, 0x00, 0xa4, 0x0e, 0x00,
    0x21, 0x72, 0x1f, 0x05, 0x32, 0x00, 0x00, 0x80, 0x00, 0x00, 0x00, 0x00, 0x00, 0xc8, 0x6f, 0x00,
    0x23, 0x74, 0x32, 0x1f, 0x00, 0x00, 0x00, 0x3f, 0x10, 0x20, 0x00, 0x00, 0x00, 0xc8, 0x0f, 0x00,
    0x23, 0x74, 0x32, 0x32, 0x01, 0x00, 0x40, 0x4b, 0x0f, 0x40, 0x00, 0x00, 0x00, 0xc8, 0x0f, 0x00,
    0x21, 0x74, 0x34, 0x32, 0x7f, 0x00, 0x40, 0xcb, 0x00, 0x00, 0x00, 0x00, 0x00, 0xe2, 0x0f, 0x04,
    0x24, 0x78, 0x32, 0x32, 0x00, 0x00, 0x80, 0x00, 0xff, 0x00, 0x8e, 0x07, 0x00, 0xc6, 0x0f, 0x00,
    0x23, 0x78, 0x34, 0x1f, 0x3b, 0xaa, 0xb8, 0x3f, 0x34, 0x08, 0x00, 0x00, 0x00, 0xc8, 0x0f, 0x00,
    0x23, 0x78, 0x34, 0x1f, 0x60, 0x70, 0xa5, 0x32, 0x34, 0x00, 0x00, 0x00, 0x00, 0xc8, 0x0f, 0x00,
    0x08, 0x73, 0x1f, 0x00, 0x34, 0x00, 0x00, 0x00, 0x00, 0x08, 0x00, 0x00, 0x00, 0x64, 0x0e, 0x00,
    0x20, 0x72, 0x1f, 0x32, 0x1f, 0x00, 0x00, 0x00, 0x00, 0x00, 0x40, 0x00, 0x00, 0xc8, 0x2f, 0x00,
    0x20, 0x72, 0x1f, 0x24, 0x1f, 0x00, 0x00, 0x00, 0x00, 0x00, 0x40, 0x00, 0x00, 0xce, 0x0f, 0x00,
    0x41, 0x79, 0x00, 0x00, 0x00, 0x00, 0x00, 0x00, 0x00, 0x02, 0x80, 0x03, 0x00, 0xea, 0x0f, 0x00,
    0x45, 0x79, 0x00, 0x00, 0x00, 0x01, 0x00, 0x00, 0x00, 0x02, 0x80, 0x03, 0x00, 0xe2, 0x0f, 0x00,
    0x24, 0x72, 0x24, 0xff, 0xff, 0x00, 0x00, 0x00, 0xff, 0x00, 0x8e, 0x07, 0x00, 0xe2, 0x0f, 0x00,
    0x0c, 0x72, 0x00, 0x35, 0x20, 0x00, 0x00, 0x00, 0x70, 0x44, 0x70, 0x02, 0x00, 0xe2, 0x0f, 0x00,
    0x36, 0x78, 0x34, 0x83, 0x29, 0x00, 0x00, 0x00, 0x00, 0x00, 0x00, 0x00, 0x00, 0xe2, 0x0f, 0x00,
    0x47, 0x69, 0x2c, 0x00, 0x00, 0x00, 0x00, 0x00, 0x00, 0x00, 0x80, 0x03, 0x00, 0xf6, 0x0f, 0x00,
    0x84, 0x79, 0x24, 0x04, 0x04, 0x84, 0x00, 0x00, 0x00, 0x08, 0x00, 0x08, 0x00, 0xa4, 0x0e, 0x00,
    0x21, 0x72, 0x33, 0x05, 0x24, 0x00, 0x00, 0x80, 0x00, 0x00, 0x00, 0x00, 0x00, 0xc8, 0x6f, 0x00,
    0x23, 0x74, 0x24, 0x33, 0x00, 0x00, 0x00, 0x3f, 0x10, 0x20, 0x00, 0x00, 0x00, 0xc8, 0x0f, 0x00,
    0x23, 0x74, 0x24, 0x24, 0x01, 0x00, 0x40, 0x4b, 0x0f, 0x40, 0x00, 0x00, 0x00, 0xc8, 0x0f, 0x00,
    0x21, 0x74, 0x32, 0x24, 0x7f, 0x00, 0x40, 0xcb, 0x00, 0x00, 0x00, 0x00, 0x00, 0xe2, 0x0f, 0x04,
    0x19, 0x78, 0x24, 0x24, 0x17, 0x00, 0x00, 0x00, 0xff, 0x06, 0x00, 0x00, 0x00, 0xc6, 0x0f, 0x00,
    0x23, 0x78, 0x32, 0x33, 0x3b, 0xaa, 0xb8, 0x3f, 0x32, 0x08, 0x00, 0x00, 0x00, 0xc8, 0x0f, 0x00,
    0x23, 0x78, 0x32, 0x33, 0x60, 0x70, 0xa5, 0x32, 0x32, 0x00, 0x00, 0x00, 0x00, 0xc8, 0x0f, 0x00,
    0x08, 0x73, 0x33, 0x00, 0x32, 0x00, 0x00, 0x00, 0x00, 0x08, 0x00, 0x00, 0x00, 0x64, 0x0e, 0x00,
    0x20, 0x72, 0x24, 0x24, 0x33, 0x00, 0x00, 0x00, 0x00, 0x00, 0x40, 0x00, 0x00, 0xc8, 0x2f, 0x00,
    0x20, 0x72, 0x24, 0x25, 0x24, 0x00, 0x00, 0x00, 0x00, 0x00, 0x40, 0x00, 0x00, 0xce, 0x0f, 0x00,
    0x41, 0x79, 0x00, 0x00, 0x00, 0x00, 0x00, 0x00, 0x00, 0x02, 0x80, 0x03, 0x00, 0xea, 0x0f, 0x00,
    0x0c, 0x72, 0x00, 0x39, 0xff, 0x00, 0x00, 0x00, 0x70, 0x52, 0xf2, 0x03, 0x00, 0xe2, 0x0f, 0x00,
    0x45, 0x79, 0x00, 0x00, 0x20, 0x01, 0x00, 0x00, 0x00, 0x02, 0x80, 0x03, 0x00, 0xe2, 0x0f, 0x00,
    0x0c, 0x7c, 0x00, 0x34, 0x08, 0x00, 0x00, 0x00, 0x70, 0x64, 0x7c, 0x08, 0x00, 0xe2, 0x0f, 0x04,
    0x24, 0x72, 0x25, 0xff, 0xff, 0x00, 0x00, 0x00, 0xff, 0x00, 0x8e, 0x07, 0x00, 0xe2, 0x0f, 0x00,
    0x0c, 0x72, 0x00, 0x35, 0x21, 0x00, 0x00, 0x00, 0x70, 0x44, 0xf0, 0x01, 0x00, 0xe4, 0x0f, 0x00,
    0x12, 0x78, 0x35, 0x03, 0x30, 0x00, 0x00, 0x00, 0xff, 0xfc, 0x8e, 0x07, 0x00, 0xe4, 0x0f, 0x00,
    0x0c, 0x7c, 0x00, 0x34, 0x08, 0x00, 0x00, 0x00, 0x70, 0x64, 0x70, 0x08, 0x00, 0xca, 0x0f, 0x00,
    0x47, 0x19, 0x2c, 0x00, 0x00, 0x00, 0x00, 0x00, 0x00, 0x00, 0x80, 0x03, 0x00, 0xf0, 0x0f, 0x00,
    0x84, 0x79, 0x32, 0x04, 0x04, 0x80, 0x00, 0x00, 0x00, 0x08, 0x00, 0x08, 0x00, 0xa4, 0x0e, 0x00,
    0x21, 0x72, 0x25, 0x13, 0x32, 0x00, 0x00, 0x80, 0x00, 0x00, 0x00, 0x00, 0x00, 0xc8, 0x5f, 0x00,
    0x23, 0x74, 0x32, 0x25, 0x00, 0x00, 0x00, 0x3f, 0x10, 0x20, 0x00, 0x00, 0x00, 0xc8, 0x0f, 0x00,
    0x23, 0x74, 0x32, 0x32, 0x01, 0x00, 0x40, 0x4b, 0x0f, 0x40, 0x00, 0x00, 0x00, 0xc8, 0x0f, 0x00,
    0x21, 0x74, 0x34, 0x32, 0x7f, 0x00, 0x40, 0xcb, 0x00, 0x00, 0x00, 0x00, 0x00, 0xe2, 0x0f, 0x04,
    0x24, 0x78, 0x32, 0x32, 0x00, 0x00, 0x80, 0x00, 0xff, 0x00, 0x8e, 0x07, 0x00, 0xc6, 0x0f, 0x00,
    0x23, 0x78, 0x34, 0x25, 0x3b, 0xaa, 0xb8, 0x3f, 0x34, 0x08, 0x00, 0x00, 0x00, 0xc8, 0x0f, 0x00,
    0x23, 0x78, 0x34, 0x25, 0x60, 0x70, 0xa5, 0x32, 0x34, 0x00, 0x00, 0x00, 0x00, 0xc8, 0x0f, 0x00,
    0x08, 0x73, 0x25, 0x00, 0x34, 0x00, 0x00, 0x00, 0x00, 0x08, 0x00, 0x00, 0x00, 0x24, 0x0e, 0x00,
    0x20, 0x72, 0x25, 0x32, 0x25, 0x00, 0x00, 0x00, 0x00, 0x00, 0x40, 0x00, 0x00, 0xc8, 0x1f, 0x00,
    0x20, 0x72, 0x25, 0x26, 0x25, 0x00, 0x00, 0x00, 0x00, 0x00, 0x40, 0x00, 0x00, 0xce, 0x0f, 0x00,
    0x41, 0x79, 0x00, 0x00, 0x00, 0x00, 0x00, 0x00, 0x00, 0x02, 0x80, 0x03, 0x00, 0xea, 0x0f, 0x00,
    0x45, 0x79, 0x00, 0x00, 0x00, 0x01, 0x00, 0x00, 0x00, 0x02, 0x80, 0x03, 0x00, 0xe2, 0x0f, 0x00,
    0x24, 0x72, 0x26, 0xff, 0xff, 0x00, 0x00, 0x00, 0xff, 0x00, 0x8e, 0x07, 0x00, 0xe2, 0x0f, 0x00,
    0x0c, 0x72, 0x00, 0x35, 0x20, 0x00, 0x00, 0x00, 0x70, 0x44, 0x72, 0x02, 0x00, 0xe2, 0x0f, 0x00,
    0x36, 0x78, 0x34, 0x83, 0x30, 0x00, 0x00, 0x00, 0x00, 0x00, 0x00, 0x00, 0x00, 0xe2, 0x0f, 0x00,
    0x47, 0x59, 0x2c, 0x00, 0x00, 0x00, 0x00, 0x00, 0x00, 0x00, 0x80, 0x03, 0x00, 0xf6, 0x0f, 0x00,
    0x84, 0x79, 0x26, 0x04, 0x04, 0x84, 0x00, 0x00, 0x00, 0x08, 0x00, 0x08, 0x00, 0xa4, 0x0e, 0x00,
    0x21, 0x72, 0x33, 0x13, 0x26, 0x00, 0x00, 0x80, 0x00, 0x00, 0x00, 0x00, 0x00, 0xc8, 0x5f, 0x00,
    0x23, 0x74, 0x26, 0x33, 0x00, 0x00, 0x00, 0x3f, 0x10, 0x20, 0x00, 0x00, 0x00, 0xc8, 0x0f, 0x00,
    0x23, 0x74, 0x26, 0x26, 0x01, 0x00, 0x40, 0x4b, 0x0f, 0x40, 0x00, 0x00, 0x00, 0xc8, 0x0f, 0x00,
    0x21, 0x74, 0x32, 0x26, 0x7f, 0x00, 0x40, 0xcb, 0x00, 0x00, 0x00, 0x00, 0x00, 0xe2, 0x0f, 0x04,
    0x19, 0x78, 0x26, 0x26, 0x17, 0x00, 0x00, 0x00, 0xff, 0x06, 0x00, 0x00, 0x00, 0xc6, 0x0f, 0x00,
    0x23, 0x78, 0x32, 0x33, 0x3b, 0xaa, 0xb8, 0x3f, 0x32, 0x08, 0x00, 0x00, 0x00, 0xc8, 0x0f, 0x00,
    0x23, 0x78, 0x32, 0x33, 0x60, 0x70, 0xa5, 0x32, 0x32, 0x00, 0x00, 0x00, 0x00, 0xc8, 0x0f, 0x00,
    0x08, 0x73, 0x33, 0x00, 0x32, 0x00, 0x00, 0x00, 0x00, 0x08, 0x00, 0x00, 0x00, 0x24, 0x0e, 0x00,
    0x20, 0x72, 0x26, 0x26, 0x33, 0x00, 0x00, 0x00, 0x00, 0x00, 0x40, 0x00, 0x00, 0xc8, 0x1f, 0x00,
    0x20, 0x72, 0x26, 0x27, 0x26, 0x00, 0x00, 0x00, 0x00, 0x00, 0x40, 0x00, 0x00, 0xce, 0x0f, 0x00,
    0x41, 0x79, 0x00, 0x00, 0x00, 0x00, 0x00, 0x00, 0x00, 0x02, 0x80, 0x03, 0x00, 0xea, 0x0f, 0x00,
    0x0c, 0x72, 0x00, 0x35, 0x21, 0x00, 0x00, 0x00, 0x70, 0x44, 0xfa, 0x01, 0x00, 0xe2, 0x0f, 0x00,
    0x24, 0x78, 0x27, 0x06, 0x01, 0x00, 0x00, 0x00, 0x03, 0x02, 0x8e, 0x07, 0x00, 0xe2, 0x0f, 0x00,
    0x45, 0x79, 0x00, 0x00, 0x20, 0x01, 0x00, 0x00, 0x00, 0x02, 0x80, 0x03, 0x00, 0xe2, 0x0f, 0x00,
    0x0c, 0x7c, 0x00, 0x34, 0x08, 0x00, 0x00, 0x00, 0x70, 0x64, 0xf2, 0x08, 0x00, 0xe2, 0x0f, 0x04,
    0x24, 0x72, 0x06, 0xff, 0xff, 0x00, 0x00, 0x00, 0xff, 0x00, 0x8e, 0x07, 0x00, 0xe2, 0x0f, 0x00,
    0x0c, 0x7c, 0x00, 0x34, 0x08, 0x00, 0x00, 0x00, 0x70, 0x64, 0xfa, 0x0a, 0x00, 0xe2, 0x0f, 0x00,
    0x24, 0x78, 0x33, 0x12, 0x40, 0x00, 0x00, 0x00, 0x27, 0x02, 0x8e, 0x07, 0x00, 0xc6, 0x0f, 0x00,
    0x03, 0x78, 0x3a, 0xff, 0x20, 0x00, 0x00, 0x00, 0x00, 0x00, 0x00, 0x00, 0x00, 0xe2, 0x0f, 0x00,
    0x47, 0x29, 0x2c, 0x00, 0x00, 0x00, 0x00, 0x00, 0x00, 0x00, 0x80, 0x03, 0x00, 0xf0, 0x0f, 0x00,
    0x84, 0x79, 0x06, 0x04, 0x04, 0xa0, 0x00, 0x00, 0x00, 0x08, 0x00, 0x08, 0x00, 0xa4, 0x0e, 0x00,
    0x21, 0x72, 0x27, 0x05, 0x06, 0x00, 0x00, 0x80, 0x00, 0x00, 0x00, 0x00, 0x00, 0xc8, 0x6f, 0x00,
    0x23, 0x74, 0x06, 0x27, 0x00, 0x00, 0x00, 0x3f, 0x10, 0x20, 0x00, 0x00, 0x00, 0xc8, 0x0f, 0x00,
    0x23, 0x74, 0x06, 0x06, 0x01, 0x00, 0x40, 0x4b, 0x0f, 0x40, 0x00, 0x00, 0x00, 0xc8, 0x0f, 0x00,
    0x21, 0x74, 0x12, 0x06, 0x7f, 0x00, 0x40, 0xcb, 0x00, 0x00, 0x00, 0x00, 0x00, 0xe2, 0x0f, 0x04,
    0x24, 0x78, 0x06, 0x06, 0x00, 0x00, 0x80, 0x00, 0xff, 0x00, 0x8e, 0x07, 0x00, 0xc6, 0x0f, 0x00,
    0x23, 0x78, 0x12, 0x27, 0x3b, 0xaa, 0xb8, 0x3f, 0x12, 0x08, 0x00, 0x00, 0x00, 0xc8, 0x0f, 0x00,
    0x23, 0x78, 0x12, 0x27, 0x60, 0x70, 0xa5, 0x32, 0x12, 0x00, 0x00, 0x00, 0x00, 0xc8, 0x0f, 0x00,
    0x08, 0x73, 0x27, 0x00, 0x12, 0x00, 0x00, 0x00, 0x00, 0x08, 0x00, 0x00, 0x00, 0x64, 0x0e, 0x00,
    0x20, 0x72, 0x27, 0x06, 0x27, 0x00, 0x00, 0x00, 0x00, 0x00, 0x40, 0x00, 0x00, 0xc8, 0x2f, 0x00,
    0x20, 0x72, 0x06, 0x28, 0x27, 0x00, 0x00, 0x00, 0x00, 0x00, 0x40, 0x00, 0x00, 0xce, 0x0f, 0x00,
    0x41, 0x79, 0x00, 0x00, 0x00, 0x00, 0x00, 0x00, 0x00, 0x02, 0x80, 0x03, 0x00, 0xea, 0x0f, 0x00,
    0x10, 0x78, 0x28, 0x03, 0x31, 0x00, 0x00, 0x00, 0xff, 0xe0, 0xff, 0x07, 0x00, 0xe2, 0x0f, 0x00,
    0x45, 0x79, 0x00, 0x00, 0x10, 0x01, 0x00, 0x00, 0x00, 0x02, 0x80, 0x03, 0x00, 0xe2, 0x0f, 0x00,
    0x24, 0x78, 0x82, 0x82, 0x20, 0x00, 0x00, 0x00, 0xff, 0x00, 0x8e, 0x07, 0x00, 0xe4, 0x0f, 0x00,
    0x24, 0x72, 0x27, 0xff, 0xff, 0x00, 0x00, 0x00, 0xff, 0x00, 0x8e, 0x07, 0x00, 0xe2, 0x0f, 0x00,
    0x0c, 0x72, 0x00, 0x28, 0x20, 0x00, 0x00, 0x00, 0x70, 0x44, 0x74, 0x02, 0x00, 0xe2, 0x0f, 0x00,
    0x36, 0x78, 0x32, 0x83, 0x31, 0x00, 0x00, 0x00, 0x00, 0x00, 0x00, 0x00, 0x00, 0xe2, 0x0f, 0x00,
    0x47, 0x69, 0x2c, 0x00, 0x00, 0x00, 0x00, 0x00, 0x00, 0x00, 0x80, 0x03, 0x00, 0xf6, 0x0f, 0x00,
    0x84, 0x79, 0x12, 0x04, 0x04, 0xa4, 0x00, 0x00, 0x00, 0x08, 0x00, 0x08, 0x00, 0xa4, 0x0e, 0x00,
    0x21, 0x72, 0x27, 0x05, 0x12, 0x00, 0x00, 0x80, 0x00, 0x00, 0x00, 0x00, 0x00, 0xc8, 0x6f, 0x00,
    0x23, 0x74, 0x12, 0x27, 0x00, 0x00, 0x00, 0x3f, 0x10, 0x20, 0x00, 0x00, 0x00, 0xc8, 0x0f, 0x00,
    0x23, 0x74, 0x12, 0x12, 0x01, 0x00, 0x40, 0x4b, 0x0f, 0x40, 0x00, 0x00, 0x00, 0xc8, 0x0f, 0x00,
    0x21, 0x74, 0x20, 0x12, 0x7f, 0x00, 0x40, 0xcb, 0x00, 0x00, 0x00, 0x00, 0x00, 0xe2, 0x0f, 0x04,
    0x24, 0x78, 0x12, 0x12, 0x00, 0x00, 0x80, 0x00, 0xff, 0x00, 0x8e, 0x07, 0x00, 0xc6, 0x0f, 0x00,
    0x23, 0x78, 0x20, 0x27, 0x3b, 0xaa, 0xb8, 0x3f, 0x20, 0x08, 0x00, 0x00, 0x00, 0xc8, 0x0f, 0x00,
    0x23, 0x78, 0x20, 0x27, 0x60, 0x70, 0xa5, 0x32, 0x20, 0x00, 0x00, 0x00, 0x00, 0xc8, 0x0f, 0x00,
    0x08, 0x73, 0x27, 0x00, 0x20, 0x00, 0x00, 0x00, 0x00, 0x08, 0x00, 0x00, 0x00, 0x64, 0x0e, 0x00,
    0x20, 0x72, 0x12, 0x12, 0x27, 0x00, 0x00, 0x00, 0x00, 0x00, 0x40, 0x00, 0x00, 0xc8, 0x2f, 0x00,
    0x20, 0x72, 0x27, 0x29, 0x12, 0x00, 0x00, 0x00, 0x00, 0x00, 0x40, 0x00, 0x00, 0xce, 0x0f, 0x00,
    0x41, 0x79, 0x00, 0x00, 0x00, 0x00, 0x00, 0x00, 0x00, 0x02, 0x80, 0x03, 0x00, 0xea, 0x0f, 0x00,
    0x0c, 0x7c, 0x00, 0x32, 0x08, 0x00, 0x00, 0x00, 0x70, 0x64, 0x7c, 0x09, 0x00, 0xe2, 0x0f, 0x00,
    0x45, 0x79, 0x00, 0x00, 0x70, 0x01, 0x00, 0x00, 0x00, 0x02, 0x80, 0x03, 0x00, 0xe2, 0x0f, 0x00,
    0x0c, 0x72, 0x00, 0x38, 0xff, 0x00, 0x00, 0x00, 0x70, 0x52, 0xf4, 0x03, 0x00, 0xe2, 0x0f, 0x00,
    0x24, 0x78, 0x81, 0x81, 0x10, 0x00, 0x00, 0x00, 0xff, 0x00, 0x8e, 0x07, 0x00, 0xe2, 0x0f, 0x00,
    0x12, 0x78, 0x82, 0x82, 0x20, 0x00, 0x00, 0x00, 0xff, 0xc0, 0x8e, 0x07, 0x00, 0xe4, 0x0f, 0x00,
    0x0c, 0x72, 0x00, 0x28, 0x21, 0x00, 0x00, 0x00, 0x70, 0x44, 0xfa, 0x01, 0x00, 0xe4, 0x0f, 0x00,
    0x12, 0x78, 0x12, 0x82, 0x20, 0x00, 0x00, 0x00, 0xff, 0x3c, 0x8e, 0x07, 0x00, 0xe4, 0x0f, 0x00,
    0x0c, 0x7c, 0x00, 0x32, 0x08, 0x00, 0x00, 0x00, 0x70, 0x64, 0xfa, 0x0a, 0x00, 0xc4, 0x0f, 0x00,
    0x10, 0x72, 0x82, 0x82, 0x33, 0x00, 0x00, 0x00, 0xff, 0xe0, 0xff, 0x07, 0x00, 0xe2, 0x0f, 0x00,
    0x24, 0x78, 0x34, 0x33, 0x01, 0x00, 0x00, 0x00, 0x12, 0x02, 0x8e, 0x07, 0x00, 0xe2, 0x0f, 0x00,
    0x12, 0x78, 0x28, 0x03, 0x38, 0x00, 0x00, 0x00, 0xff, 0xfc, 0x8e, 0x07, 0x00, 0xe2, 0x0f, 0x00,
    0x24, 0x72, 0x12, 0xff, 0xff, 0x00, 0x00, 0x00, 0xff, 0x00, 0x8e, 0x07, 0x00, 0xe2, 0x0f, 0x00,
    0x47, 0x29, 0x2c, 0x00, 0x00, 0x00, 0x00, 0x00, 0x00, 0x00, 0x80, 0x03, 0x00, 0xee, 0x0f, 0x00,
    0x84, 0x79, 0x12, 0x04, 0x04, 0xa0, 0x00, 0x00, 0x00, 0x08, 0x00, 0x08, 0x00, 0xa4, 0x0e, 0x00,
    0x21, 0x72, 0x29, 0x13, 0x12, 0x00, 0x00, 0x80, 0x00, 0x00, 0x00, 0x00, 0x00, 0xc8, 0x5f, 0x00,
    0x23, 0x74, 0x12, 0x29, 0x00, 0x00, 0x00, 0x3f, 0x10, 0x20, 0x00, 0x00, 0x00, 0xc8, 0x0f, 0x00,
    0x23, 0x74, 0x12, 0x12, 0x01, 0x00, 0x40, 0x4b, 0x0f, 0x40, 0x00, 0x00, 0x00, 0xc8, 0x0f, 0x00,
    0x21, 0x74, 0x20, 0x12, 0x7f, 0x00, 0x40, 0xcb, 0x00, 0x00, 0x00, 0x00, 0x00, 0xe2, 0x0f, 0x04,
    0x24, 0x78, 0x12, 0x12, 0x00, 0x00, 0x80, 0x00, 0xff, 0x00, 0x8e, 0x07, 0x00, 0xc6, 0x0f, 0x00,
    0x23, 0x78, 0x20, 0x29, 0x3b, 0xaa, 0xb8, 0x3f, 0x20, 0x08, 0x00, 0x00, 0x00, 0xc8, 0x0f, 0x00,
    0x23, 0x78, 0x20, 0x29, 0x60, 0x70, 0xa5, 0x32, 0x20, 0x00, 0x00, 0x00, 0x00, 0xc8, 0x0f, 0x00,
    0x08, 0x73, 0x29, 0x00, 0x20, 0x00, 0x00, 0x00, 0x00, 0x08, 0x00, 0x00, 0x00, 0x24, 0x0e, 0x00,
    0x20, 0x72, 0x29, 0x12, 0x29, 0x00, 0x00, 0x00, 0x00, 0x00, 0x40, 0x00, 0x00, 0xc8, 0x1f, 0x00,
    0x20, 0x72, 0x12, 0x2a, 0x29, 0x00, 0x00, 0x00, 0x00, 0x00, 0x40, 0x00, 0x00, 0xce, 0x0f, 0x00,
    0x41, 0x79, 0x00, 0x00, 0x00, 0x00, 0x00, 0x00, 0x00, 0x02, 0x80, 0x03, 0x00, 0xea, 0x0f, 0x00,
    0x12, 0x78, 0x29, 0x81, 0x10, 0x00, 0x00, 0x00, 0xff, 0x3c, 0x8e, 0x07, 0x00, 0xe2, 0x0f, 0x04,
    0x24, 0x78, 0x32, 0x81, 0x01, 0x00, 0x00, 0x00, 0x82, 0x02, 0x8e, 0x07, 0x00, 0xe2, 0x0f, 0x00,
    0x10, 0x78, 0x20, 0x83, 0x38, 0x00, 0x00, 0x00, 0xff, 0xe0, 0xff, 0x07, 0x00, 0xe2, 0x0f, 0x00,
    0x45, 0x79, 0x00, 0x00, 0x40, 0x01, 0x00, 0x00, 0x00, 0x02, 0x80, 0x03, 0x00, 0xe2, 0x0f, 0x00,
    0x0c, 0x72, 0x00, 0x28, 0x21, 0x00, 0x00, 0x00, 0x70, 0x44, 0xf4, 0x01, 0x00, 0xe2, 0x0f, 0x00,
    0x24, 0x78, 0x81, 0x81, 0x01, 0x00, 0x00, 0x00, 0x34, 0x02, 0x8e, 0x07, 0x00, 0xe2, 0x0f, 0x10,
    0x10, 0x78, 0x2a, 0x03, 0x39, 0x00, 0x00, 0x00, 0xff, 0xe0, 0xff, 0x07, 0x00, 0xe2, 0x0f, 0x00,
    0x24, 0x78, 0x82, 0x82, 0x01, 0x00, 0x00, 0x00, 0x29, 0x02, 0x8e, 0x07, 0x00, 0xe2, 0x0f, 0x00,
    0x0c, 0x7c, 0x00, 0x20, 0x08, 0x00, 0x00, 0x00, 0x70, 0x64, 0x74, 0x09, 0x00, 0xe2, 0x0f, 0x00,
    0x24, 0x78, 0x34, 0x29, 0x01, 0x00, 0x00, 0x00, 0x34, 0x02, 0x8e, 0x07, 0x00, 0xe4, 0x0f, 0x00,
    0x24, 0x72, 0x29, 0xff, 0xff, 0x00, 0x00, 0x00, 0xff, 0x00, 0x8e, 0x07, 0x00, 0xe2, 0x0f, 0x00,
    0x47, 0x09, 0x2c, 0x00, 0x00, 0x00, 0x00, 0x00, 0x00, 0x00, 0x80, 0x03, 0x00, 0xf2, 0x0f, 0x00,
    0x84, 0x79, 0x20, 0x04, 0x04, 0xa4, 0x00, 0x00, 0x00, 0x08, 0x00, 0x08, 0x00, 0xa4, 0x0e, 0x00,
    0x21, 0x72, 0x29, 0x13, 0x20, 0x00, 0x00, 0x80, 0x00, 0x00, 0x00, 0x00, 0x00, 0xc8, 0x5f, 0x00,
    0x23, 0x74, 0x20, 0x29, 0x00, 0x00, 0x00, 0x3f, 0x10, 0x20, 0x00, 0x00, 0x00, 0xc8, 0x0f, 0x00,
    0x23, 0x74, 0x20, 0x20, 0x01, 0x00, 0x40, 0x4b, 0x0f, 0x40, 0x00, 0x00, 0x00, 0xc8, 0x0f, 0x00,
    0x21, 0x74, 0x28, 0x20, 0x7f, 0x00, 0x40, 0xcb, 0x00, 0x00, 0x00, 0x00, 0x00, 0xe2, 0x0f, 0x04,
    0x24, 0x78, 0x20, 0x20, 0x00, 0x00, 0x80, 0x00, 0xff, 0x00, 0x8e, 0x07, 0x00, 0xc6, 0x0f, 0x00,
    0x23, 0x78, 0x28, 0x29, 0x3b, 0xaa, 0xb8, 0x3f, 0x28, 0x08, 0x00, 0x00, 0x00, 0xc8, 0x0f, 0x00,
    0x23, 0x78, 0x28, 0x29, 0x60, 0x70, 0xa5, 0x32, 0x28, 0x00, 0x00, 0x00, 0x00, 0xc8, 0x0f, 0x00,
    0x08, 0x73, 0x29, 0x00, 0x28, 0x00, 0x00, 0x00, 0x00, 0x08, 0x00, 0x00, 0x00, 0x24, 0x0e, 0x00,
    0x20, 0x72, 0x20, 0x20, 0x29, 0x00, 0x00, 0x00, 0x00, 0x00, 0x40, 0x00, 0x00, 0xc8, 0x1f, 0x00,
    0x20, 0x72, 0x29, 0x2b, 0x20, 0x00, 0x00, 0x00, 0x00, 0x00, 0x40, 0x00, 0x00, 0xce, 0x0f, 0x00,
    0x41, 0x79, 0x00, 0x00, 0x00, 0x00, 0x00, 0x00, 0x00, 0x02, 0x80, 0x03, 0x00, 0xea, 0x0f, 0x00,
    0x36, 0x78, 0x83, 0x83, 0x39, 0x00, 0x00, 0x00, 0x00, 0x00, 0x00, 0x00, 0x00, 0xe2, 0x0f, 0x00,
    0x0c, 0x72, 0x00, 0x2a, 0x21, 0x00, 0x00, 0x00, 0x70, 0x44, 0xf0, 0x01, 0x00, 0xe2, 0x0f, 0x00,
    0x45, 0x79, 0x00, 0x00, 0x70, 0x01, 0x00, 0x00, 0x00, 0x02, 0x80, 0x03, 0x00, 0xe2, 0x0f, 0x00,
    0x24, 0x78, 0x39, 0x0e, 0x08, 0x00, 0x00, 0x00, 0x82, 0x02, 0x8e, 0x07, 0x00, 0xe2, 0x0f, 0x04,
    0x11, 0x72, 0x38, 0x0d, 0x32, 0x00, 0x00, 0x00, 0xff, 0x18, 0x8e, 0x07, 0x00, 0xe2, 0x0f, 0x00,
    0x24, 0x78, 0x35, 0x0e, 0x08, 0x00, 0x00, 0x00, 0x32, 0x02, 0x8e, 0x07, 0x00, 0xe2, 0x0f, 0x04,
    0x0c, 0x7c, 0x00, 0x83, 0x08, 0x00, 0x00, 0x00, 0x70, 0x64, 0x70, 0x08, 0x00, 0xe2, 0x0f, 0x00,
    0x24, 0x78, 0x82, 0x0d, 0x08, 0x00, 0x00, 0x00, 0x82, 0x02, 0x8e, 0x07, 0x00, 0xe4, 0x0f, 0x04,
    0x24, 0x78, 0x20, 0x0e, 0x08, 0x00, 0x00, 0x00, 0x81, 0x02, 0x8e, 0x07, 0x00, 0xe2, 0x0f, 0x14,
    0x11, 0x72, 0x0e, 0x0e, 0x34, 0x00, 0x00, 0x00, 0xff, 0x18, 0x8e, 0x07, 0x00, 0xe2, 0x0f, 0x00,
    0x24, 0x78, 0x21, 0x0d, 0x08, 0x00, 0x00, 0x00, 0x81, 0x02, 0x8e, 0x07, 0x00, 0xc4, 0x0f, 0x00,
    0x24, 0x78, 0x0d, 0x0d, 0x08, 0x00, 0x00, 0x00, 0x34, 0x02, 0x8e, 0x07, 0x00, 0xe4, 0x0f, 0x00,
    0x24, 0x72, 0x2b, 0xff, 0xff, 0x00, 0x00, 0x00, 0xff, 0x00, 0x8e, 0x07, 0x00, 0xe2, 0x0f, 0x00,
    0x47, 0x19, 0x2c, 0x00, 0x00, 0x00, 0x00, 0x00, 0x00, 0x00, 0x80, 0x03, 0x00, 0xec, 0x0f, 0x00,
    0x84, 0x79, 0x28, 0x04, 0x04, 0xc0, 0x00, 0x00, 0x00, 0x08, 0x00, 0x08, 0x00, 0xa4, 0x0e, 0x00,
    0x21, 0x72, 0x2b, 0x05, 0x28, 0x00, 0x00, 0x80, 0x00, 0x00, 0x00, 0x00, 0x00, 0xc8, 0x6f, 0x00,
    0x23, 0x74, 0x28, 0x2b, 0x00, 0x00, 0x00, 0x3f, 0x10, 0x20, 0x00, 0x00, 0x00, 0xc8, 0x0f, 0x00,
    0x23, 0x74, 0x28, 0x28, 0x01, 0x00, 0x40, 0x4b, 0x0f, 0x40, 0x00, 0x00, 0x00, 0xc8, 0x0f, 0x00,
    0x21, 0x74, 0x2a, 0x28, 0x7f, 0x00, 0x40, 0xcb, 0x00, 0x00, 0x00, 0x00, 0x00, 0xe2, 0x0f, 0x04,
    0x24, 0x78, 0x28, 0x28, 0x00, 0x00, 0x80, 0x00, 0xff, 0x00, 0x8e, 0x07, 0x00, 0xc6, 0x0f, 0x00,
    0x23, 0x78, 0x2a, 0x2b, 0x3b, 0xaa, 0xb8, 0x3f, 0x2a, 0x08, 0x00, 0x00, 0x00, 0xc8, 0x0f, 0x00,
    0x23, 0x78, 0x2a, 0x2b, 0x60, 0x70, 0xa5, 0x32, 0x2a, 0x00, 0x00, 0x00, 0x00, 0xc8, 0x0f, 0x00,
    0x08, 0x73, 0x2b, 0x00, 0x2a, 0x00, 0x00, 0x00, 0x00, 0x08, 0x00, 0x00, 0x00, 0x64, 0x0e, 0x00,
    0x20, 0x72, 0x2b, 0x28, 0x2b, 0x00, 0x00, 0x00, 0x00, 0x00, 0x40, 0x00, 0x00, 0xc8, 0x2f, 0x00,
    0x20, 0x72, 0x2b, 0x2c, 0x2b, 0x00, 0x00, 0x00, 0x00, 0x00, 0x40, 0x00, 0x00, 0xce, 0x0f, 0x00,
    0x41, 0x79, 0x00, 0x00, 0x00, 0x00, 0x00, 0x00, 0x00, 0x02, 0x80, 0x03, 0x00, 0xea, 0x0f, 0x00,
    0x45, 0x79, 0x00, 0x00, 0xe0, 0x00, 0x00, 0x00, 0x00, 0x02, 0x80, 0x03, 0x00, 0xe2, 0x0f, 0x00,
    0x24, 0x72, 0x2c, 0xff, 0xff, 0x00, 0x00, 0x00, 0xff, 0x00, 0x8e, 0x07, 0x00, 0xc6, 0x0f, 0x00,
    0x47, 0x69, 0x2c, 0x00, 0x00, 0x00, 0x00, 0x00, 0x00, 0x00, 0x80, 0x03, 0x00, 0xea, 0x0f, 0x00,
    0x84, 0x79, 0x28, 0x04, 0x04, 0xc4, 0x00, 0x00, 0x00, 0x08, 0x00, 0x08, 0x00, 0xa4, 0x0e, 0x00,
    0x21, 0x72, 0x33, 0x05, 0x28, 0x00, 0x00, 0x80, 0x00, 0x00, 0x00, 0x00, 0x00, 0xc8, 0x6f, 0x00,
    0x23, 0x74, 0x28, 0x33, 0x00, 0x00, 0x00, 0x3f, 0x10, 0x20, 0x00, 0x00, 0x00, 0xc8, 0x0f, 0x00,
    0x23, 0x74, 0x28, 0x28, 0x01, 0x00, 0x40, 0x4b, 0x0f, 0x40, 0x00, 0x00, 0x00, 0xc8, 0x0f, 0x00,
    0x21, 0x74, 0x2a, 0x28, 0x7f, 0x00, 0x40, 0xcb, 0x00, 0x00, 0x00, 0x00, 0x00, 0xe2, 0x0f, 0x04,
    0x19, 0x78, 0x28, 0x28, 0x17, 0x00, 0x00, 0x00, 0xff, 0x06, 0x00, 0x00, 0x00, 0xc6, 0x0f, 0x00,
    0x23, 0x78, 0x2a, 0x33, 0x3b, 0xaa, 0xb8, 0x3f, 0x2a, 0x08, 0x00, 0x00, 0x00, 0xc8, 0x0f, 0x00,
    0x23, 0x78, 0x2a, 0x33, 0x60, 0x70, 0xa5, 0x32, 0x2a, 0x00, 0x00, 0x00, 0x00, 0xc8, 0x0f, 0x00,
    0x08, 0x73, 0x33, 0x00, 0x2a, 0x00, 0x00, 0x00, 0x00, 0x08, 0x00, 0x00, 0x00, 0x64, 0x0e, 0x00,
    0x20, 0x72, 0x28, 0x28, 0x33, 0x00, 0x00, 0x00, 0x00, 0x00, 0x40, 0x00, 0x00, 0xc8, 0x2f, 0x00,
    0x20, 0x72, 0x2c, 0x2d, 0x28, 0x00, 0x00, 0x00, 0x00, 0x00, 0x40, 0x00, 0x00, 0xce, 0x0f, 0x00,
    0x41, 0x79, 0x00, 0x00, 0x00, 0x00, 0x00, 0x00, 0x00, 0x02, 0x80, 0x03, 0x00, 0xea, 0x0f, 0x00,
    0x0c, 0x72, 0x00, 0x3a, 0xff, 0x00, 0x00, 0x00, 0x70, 0x52, 0xf2, 0x03, 0x00, 0xe2, 0x0f, 0x00,
    0x45, 0x79, 0x00, 0x00, 0xe0, 0x00, 0x00, 0x00, 0x00, 0x02, 0x80, 0x03, 0x00, 0xe2, 0x0f, 0x00,
    0x24, 0x72, 0x2d, 0xff, 0xff, 0x00, 0x00, 0x00, 0xff, 0x00, 0x8e, 0x07, 0x00, 0xd6, 0x0f, 0x00,
    0x47, 0x19, 0x2c, 0x00, 0x00, 0x00, 0x00, 0x00, 0x00, 0x00, 0x80, 0x03, 0x00, 0xea, 0x0f, 0x00,
    0x84, 0x79, 0x28, 0x04, 0x04, 0xc0, 0x00, 0x00, 0x00, 0x08, 0x00, 0x08, 0x00, 0xa4, 0x0e, 0x00,
    0x21, 0x72, 0x2d, 0x13, 0x28, 0x00, 0x00, 0x80, 0x00, 0x00, 0x00, 0x00, 0x00, 0xc8, 0x5f, 0x00,
    0x23, 0x74, 0x28, 0x2d, 0x00, 0x00, 0x00, 0x3f, 0x10, 0x20, 0x00, 0x00, 0x00, 0xc8, 0x0f, 0x00,
    0x23, 0x74, 0x28, 0x28, 0x01, 0x00, 0x40, 0x4b, 0x0f, 0x40, 0x00, 0x00, 0x00, 0xc8, 0x0f, 0x00,
    0x21, 0x74, 0x2a, 0x28, 0x7f, 0x00, 0x40, 0xcb, 0x00, 0x00, 0x00, 0x00, 0x00, 0xe2, 0x0f, 0x04,
    0x24, 0x78, 0x28, 0x28, 0x00, 0x00, 0x80, 0x00, 0xff, 0x00, 0x8e, 0x07, 0x00, 0xc6, 0x0f, 0x00,
    0x23, 0x78, 0x2a, 0x2d, 0x3b, 0xaa, 0xb8, 0x3f, 0x2a, 0x08, 0x00, 0x00, 0x00, 0xc8, 0x0f, 0x00,
    0x23, 0x78, 0x2a, 0x2d, 0x60, 0x70, 0xa5, 0x32, 0x2a, 0x00, 0x00, 0x00, 0x00, 0xc8, 0x0f, 0x00,
    0x08, 0x73, 0x2d, 0x00, 0x2a, 0x00, 0x00, 0x00, 0x00, 0x08, 0x00, 0x00, 0x00, 0x24, 0x0e, 0x00,
    0x20, 0x72, 0x2d, 0x28, 0x2d, 0x00, 0x00, 0x00, 0x00, 0x00, 0x40, 0x00, 0x00, 0xc8, 0x1f, 0x00,
    0x20, 0x72, 0x2d, 0x2e, 0x2d, 0x00, 0x00, 0x00, 0x00, 0x00, 0x40, 0x00, 0x00, 0xce, 0x0f, 0x00,
    0x41, 0x79, 0x00, 0x00, 0x00, 0x00, 0x00, 0x00, 0x00, 0x02, 0x80, 0x03, 0x00, 0xea, 0x0f, 0x00,
    0x45, 0x79, 0x00, 0x00, 0xe0, 0x00, 0x00, 0x00, 0x00, 0x02, 0x80, 0x03, 0x00, 0xe2, 0x0f, 0x00,
    0x24, 0x72, 0x2e, 0xff, 0xff, 0x00, 0x00, 0x00, 0xff, 0x00, 0x8e, 0x07, 0x00, 0xc6, 0x0f, 0x00,
    0x47, 0x59, 0x2c, 0x00, 0x00, 0x00, 0x00, 0x00, 0x00, 0x00, 0x80, 0x03, 0x00, 0xea, 0x0f, 0x00,
    0x84, 0x79, 0x28, 0x04, 0x04, 0xc4, 0x00, 0x00, 0x00, 0x08, 0x00, 0x08, 0x00, 0xa4, 0x0e, 0x00,
    0x21, 0x72, 0x33, 0x13, 0x28, 0x00, 0x00, 0x80, 0x00, 0x00, 0x00, 0x00, 0x00, 0xc8, 0x5f, 0x00,
    0x23, 0x74, 0x28, 0x33, 0x00, 0x00, 0x00, 0x3f, 0x10, 0x20, 0x00, 0x00, 0x00, 0xc8, 0x0f, 0x00,
    0x23, 0x74, 0x28, 0x28, 0x01, 0x00, 0x40, 0x4b, 0x0f, 0x40, 0x00, 0x00, 0x00, 0xc8, 0x0f, 0x00,
    0x21, 0x74, 0x2a, 0x28, 0x7f, 0x00, 0x40, 0xcb, 0x00, 0x00, 0x00, 0x00, 0x00, 0xe2, 0x0f, 0x04,
    0x24, 0x78, 0x28, 0x28, 0x00, 0x00, 0x80, 0x00, 0xff, 0x00, 0x8e, 0x07, 0x00, 0xc6, 0x0f, 0x00,
    0x23, 0x78, 0x2a, 0x33, 0x3b, 0xaa, 0xb8, 0x3f, 0x2a, 0x08, 0x00, 0x00, 0x00, 0xc8, 0x0f, 0x00,
    0x23, 0x78, 0x2a, 0x33, 0x60, 0x70, 0xa5, 0x32, 0x2a, 0x00, 0x00, 0x00, 0x00, 0xc8, 0x0f, 0x00,
    0x08, 0x73, 0x33, 0x00, 0x2a, 0x00, 0x00, 0x00, 0x00, 0x08, 0x00, 0x00, 0x00, 0x24, 0x0e, 0x00,
    0x20, 0x72, 0x28, 0x28, 0x33, 0x00, 0x00, 0x00, 0x00, 0x00, 0x40, 0x00, 0x00, 0xc8, 0x1f, 0x00,
    0x20, 0x72, 0x2e, 0x2f, 0x28, 0x00, 0x00, 0x00, 0x00, 0x00, 0x40, 0x00, 0x00, 0xce, 0x0f, 0x00,
    0x41, 0x79, 0x00, 0x00, 0x00, 0x00, 0x00, 0x00, 0x00, 0x02, 0x80, 0x03, 0x00, 0xea, 0x0f, 0x00,
    0x45, 0x79, 0x00, 0x00, 0x00, 0x01, 0x00, 0x00, 0x00, 0x02, 0x80, 0x03, 0x00, 0xe2, 0x0f, 0x00,
    0x23, 0x74, 0x28, 0x05, 0x00, 0x00, 0x00, 0x3f, 0x10, 0x20, 0x00, 0x00, 0x00, 0xe2, 0x2f, 0x08,
    0x23, 0x74, 0x2a, 0x13, 0x00, 0x00, 0x00, 0x3f, 0x10, 0x20, 0x00, 0x00, 0x00, 0xe2, 0x1f, 0x00,
    0x02, 0x72, 0x2f, 0x00, 0xff, 0x00, 0x00, 0x00, 0x00, 0x0f, 0x00, 0x00, 0x00, 0xe2, 0x0f, 0x00,
    0x47, 0x29, 0x2c, 0x00, 0x00, 0x00, 0x00, 0x00, 0x00, 0x00, 0x80, 0x03, 0x00, 0xec, 0x0f, 0x00,
    0x84, 0x79, 0x32, 0x04, 0x04, 0xe0, 0x00, 0x00, 0x00, 0x08, 0x00, 0x08, 0x00, 0x24, 0x0e, 0x00,
    0x21, 0x72, 0x2f, 0x13, 0x32, 0x00, 0x00, 0x80, 0x00, 0x00, 0x00, 0x00, 0x00, 0xc8, 0x1f, 0x00,
    0x23, 0x74, 0x32, 0x2f, 0x00, 0x00, 0x00, 0x3f, 0x10, 0x20, 0x00, 0x00, 0x00, 0xc8, 0x0f, 0x00,
    0x23, 0x74, 0x32, 0x32, 0x01, 0x00, 0x40, 0x4b, 0x0f, 0x40, 0x00, 0x00, 0x00, 0xc8, 0x0f, 0x00,
    0x21, 0x74, 0x34, 0x32, 0x7f, 0x00, 0x40, 0xcb, 0x00, 0x00, 0x00, 0x00, 0x00, 0xe2, 0x0f, 0x04,
    0x24, 0x78, 0x32, 0x32, 0x00, 0x00, 0x80, 0x00, 0xff, 0x00, 0x8e, 0x07, 0x00, 0xc6, 0x0f, 0x00,
    0x23, 0x78, 0x34, 0x2f, 0x3b, 0xaa, 0xb8, 0x3f, 0x34, 0x08, 0x00, 0x00, 0x00, 0xc8, 0x0f, 0x00,
    0x23, 0x78, 0x34, 0x2f, 0x60, 0x70, 0xa5, 0x32, 0x34, 0x00, 0x00, 0x00, 0x00, 0xc8, 0x0f, 0x00,
    0x08, 0x73, 0x2f, 0x00, 0x34, 0x00, 0x00, 0x00, 0x00, 0x08, 0x00, 0x00, 0x00, 0x24, 0x0e, 0x00,
    0x20, 0x72, 0x2f, 0x32, 0x2f, 0x00, 0x00, 0x00, 0x00, 0x00, 0x40, 0x00, 0x00, 0xc8, 0x1f, 0x00,
    0x20, 0x72, 0x2f, 0x36, 0x2f, 0x00, 0x00, 0x00, 0x00, 0x00, 0x40, 0x00, 0x00, 0xce, 0x0f, 0x00,
    0x41, 0x79, 0x00, 0x00, 0x00, 0x00, 0x00, 0x00, 0x00, 0x02, 0x80, 0x03, 0x00, 0xea, 0x0f, 0x00,
    0x45, 0x79, 0x00, 0x00, 0x00, 0x01, 0x00, 0x00, 0x00, 0x02, 0x80, 0x03, 0x00, 0xe2, 0x0f, 0x00,
    0x23, 0x74, 0x28, 0x28, 0x01, 0x00, 0x40, 0x4b, 0x0f, 0x40, 0x00, 0x00, 0x00, 0xe2, 0x0f, 0x08,
    0x23, 0x74, 0x2a, 0x2a, 0x01, 0x00, 0x40, 0x4b, 0x0f, 0x40, 0x00, 0x00, 0x00, 0xe2, 0x0f, 0x00,
    0x24, 0x72, 0x32, 0xff, 0xff, 0x00, 0x00, 0x00, 0xff, 0x00, 0x8e, 0x07, 0x00, 0xe2, 0x0f, 0x00,
    0x47, 0x09, 0x2c, 0x00, 0x00, 0x00, 0x00, 0x00, 0x00, 0x00, 0x80, 0x03, 0x00, 0xec, 0x0f, 0x00,
    0x84, 0x79, 0x04, 0x04, 0x04, 0xe4, 0x00, 0x00, 0x00, 0x08, 0x00, 0x08, 0x00, 0x24, 0x0e, 0x00,
    0x21, 0x72, 0x33, 0x13, 0x04, 0x00, 0x00, 0x80, 0x00, 0x00, 0x00, 0x00, 0x00, 0xc8, 0x1f, 0x00,
    0x23, 0x74, 0x10, 0x33, 0x00, 0x00, 0x00, 0x3f, 0x10, 0x20, 0x00, 0x00, 0x00, 0xc8, 0x0f, 0x00,
    0x23, 0x74, 0x10, 0x10, 0x01, 0x00, 0x40, 0x4b, 0x0f, 0x40, 0x00, 0x00, 0x00, 0xc8, 0x0f, 0x00,
    0x21, 0x74, 0x32, 0x10, 0x7f, 0x00, 0x40, 0xcb, 0x00, 0x00, 0x00, 0x00, 0x00, 0xe2, 0x0f, 0x04,
    0x24, 0x78, 0x10, 0x10, 0x00, 0x00, 0x80, 0x00, 0xff, 0x00, 0x8e, 0x07, 0x00, 0xc6, 0x0f, 0x00,
    0x23, 0x78, 0x32, 0x33, 0x3b, 0xaa, 0xb8, 0x3f, 0x32, 0x08, 0x00, 0x00, 0x00, 0xc8, 0x0f, 0x00,
    0x23, 0x78, 0x33, 0x33, 0x60, 0x70, 0xa5, 0x32, 0x32, 0x00, 0x00, 0x00, 0x00, 0xcc, 0x0f, 0x00,
    0x08, 0x73, 0x33, 0x00, 0x33, 0x00, 0x00, 0x00, 0x00, 0x08, 0x00, 0x00, 0x00, 0x24, 0x0e, 0x00,
    0x20, 0x72, 0x10, 0x10, 0x33, 0x00, 0x00, 0x00, 0x00, 0x00, 0x40, 0x00, 0x00, 0xc8, 0x1f, 0x00,
    0x20, 0x72, 0x32, 0x37, 0x10, 0x00, 0x00, 0x00, 0x00, 0x00, 0x40, 0x00, 0x00, 0xce, 0x0f, 0x00,
    0x41, 0x79, 0x00, 0x00, 0x00, 0x00, 0x00, 0x00, 0x00, 0x02, 0x80, 0x03, 0x00, 0xea, 0x0f, 0x00,
    0x1d, 0x7b, 0x00, 0x00, 0x00, 0x00, 0x00, 0x00, 0x00, 0x00, 0x01, 0x00, 0x00, 0xe2, 0x0f, 0x00,
    0x3e, 0x72, 0x11, 0x22, 0x11, 0x00, 0x00, 0x00, 0xff, 0x10, 0x00, 0x00, 0x00, 0xe4, 0x0f, 0x00,
    0x3e, 0x72, 0x23, 0x30, 0x23, 0x00, 0x00, 0x00, 0xff, 0x10, 0x00, 0x00, 0x00, 0xe4, 0x0f, 0x00,
    0x10, 0x7c, 0x04, 0x35, 0x04, 0x00, 0x00, 0x00, 0x35, 0xe0, 0xff, 0x0f, 0x00, 0xe2, 0x0f, 0x00,
    0xac, 0x77, 0x08, 0xff, 0x00, 0x78, 0x00, 0x00, 0x00, 0x08, 0x00, 0x08, 0x00, 0x22, 0x0e, 0x00,
    0x3e, 0x72, 0x14, 0x14, 0x31, 0x00, 0x00, 0x00, 0xff, 0x10, 0x00, 0x00, 0x00, 0xe2, 0x0f, 0x00,
    0x45, 0x79, 0x00, 0x00, 0xd0, 0x06, 0x00, 0x00, 0x00, 0x02, 0x80, 0x03, 0x00, 0xe2, 0x0f, 0x00,
    0x3e, 0x72, 0x16, 0x16, 0x15, 0x00, 0x00, 0x00, 0xff, 0x10, 0x00, 0x00, 0x00, 0xe2, 0x0f, 0x00,
    0xac, 0x77, 0x0a, 0xff, 0x00, 0x73, 0x00, 0x00, 0x00, 0x0a, 0x00, 0x08, 0x00, 0x62, 0x0e, 0x00,
    0x3e, 0x72, 0x27, 0x27, 0x06, 0x00, 0x00, 0x00, 0xff, 0x10, 0x00, 0x00, 0x00, 0xc4, 0x0f, 0x00,
    0x10, 0x7c, 0x0f, 0x38, 0x04, 0x00, 0x00, 0x00, 0x38, 0xe0, 0xff, 0x0f, 0x00, 0xe4, 0x0f, 0x00,
    0x3e, 0x72, 0x17, 0x18, 0x17, 0x00, 0x00, 0x00, 0xff, 0x10, 0x00, 0x00, 0x00, 0xe4, 0x0f, 0x00,
    0x3e, 0x72, 0x19, 0x1a, 0x19, 0x00, 0x00, 0x00, 0xff, 0x10, 0x00, 0x00, 0x00, 0xe4, 0x0f, 0x00,
    0x10, 0x7c, 0x06, 0x39, 0x04, 0x00, 0x00, 0x00, 0x39, 0xe0, 0xff, 0x0f, 0x00, 0xe4, 0x0f, 0x00,
    0x3e, 0x72, 0x1b, 0x1c, 0x1b, 0x00, 0x00, 0x00, 0xff, 0x10, 0x00, 0x00, 0x00, 0xe4, 0x0f, 0x00,
    0x3e, 0x72, 0x1d, 0x1e, 0x1d, 0x00, 0x00, 0x00, 0xff, 0x10, 0x00, 0x00, 0x00, 0xe2, 0x0f, 0x00,
    0x88, 0x73, 0x00, 0x04, 0x11, 0x00, 0x00, 0x00, 0x00, 0x08, 0x00, 0x00, 0x00, 0xe2, 0x0f, 0x00,
    0x10, 0x7c, 0x82, 0x82, 0x04, 0x00, 0x00, 0x00, 0x82, 0xe0, 0xff, 0x0f, 0x00, 0xc4, 0x0f, 0x00,
    0x3e, 0x72, 0x1f, 0x24, 0x1f, 0x00, 0x00, 0x00, 0xff, 0x10, 0x00, 0x00, 0x00, 0xe2, 0x0f, 0x00,
    0x88, 0x73, 0x00, 0x04, 0x23, 0x00, 0x04, 0x00, 0x00, 0x08, 0x00, 0x00, 0x00, 0xe2, 0x05, 0x00,
    0x3e, 0x72, 0x25, 0x26, 0x25, 0x00, 0x00, 0x00, 0xff, 0x10, 0x00, 0x00, 0x00, 0xe4, 0x0f, 0x00,
    0x10, 0x7c, 0x20, 0x20, 0x04, 0x00, 0x00, 0x00, 0x20, 0xe0, 0xff, 0x0f, 0x00, 0xe2, 0x0f, 0x00,
    0x88, 0x73, 0x00, 0x0f, 0x14, 0x00, 0x00, 0x00, 0x00, 0x08, 0x00, 0x00, 0x00, 0xe2, 0x0f, 0x00,
    0x3e, 0x72, 0x29, 0x29, 0x12, 0x00, 0x00, 0x00, 0xff, 0x10, 0x00, 0x00, 0x00, 0xe4, 0x0f, 0x00,
    0x10, 0x7c, 0x10, 0x21, 0x04, 0x00, 0x00, 0x00, 0x21, 0xe0, 0xff, 0x0f, 0x00, 0xe2, 0x0f, 0x00,
    0x88, 0x73, 0x00, 0x0f, 0x16, 0x00, 0x04, 0x00, 0x00, 0x08, 0x00, 0x00, 0x00, 0xe2, 0x07, 0x00,
    0x3e, 0x72, 0x2b, 0x2c, 0x2b, 0x00, 0x00, 0x00, 0xff, 0x10, 0x00, 0x00, 0x00, 0xe2, 0x0f, 0x00,
    0x21, 0x74, 0x04, 0x28, 0x7f, 0x00, 0x40, 0xcb, 0x00, 0x00, 0x00, 0x00, 0x00, 0xe2, 0x4f, 0x00,
    0x3e, 0x72, 0x2d, 0x2e, 0x2d, 0x00, 0x00, 0x00, 0xff, 0x10, 0x00, 0x00, 0x00, 0xe2, 0x0f, 0x00,
    0x88, 0x73, 0x00, 0x06, 0x17, 0x00, 0x00, 0x00, 0x00, 0x08, 0x00, 0x00, 0x00, 0xe2, 0x0f, 0x00,
    0x10, 0x7c, 0x0e, 0x0e, 0x04, 0x00, 0x00, 0x00, 0x0e, 0xe0, 0xff, 0x0f, 0x00, 0xe2, 0x0f, 0x00,
    0x23, 0x78, 0x04, 0x05, 0x3b, 0xaa, 0xb8, 0x3f, 0x04, 0x08, 0x00, 0x00, 0x00, 0xe2, 0x0f, 0x00,
    0x3e, 0x72, 0x2f, 0x32, 0x2f, 0x00, 0x00, 0x00, 0xff, 0x10, 0x00, 0x00, 0x00, 0xe2, 0x0f, 0x00,
    0x88, 0x73, 0x00, 0x06, 0x19, 0x00, 0x04, 0x00, 0x00, 0x08, 0x00, 0x00, 0x00, 0xe2, 0x05, 0x00,
    0x10, 0x7c, 0x12, 0x0d, 0x04, 0x00, 0x00, 0x00, 0x0d, 0xe0, 0xff, 0x0f, 0x00, 0xe2, 0x0f, 0x00,
    0x23, 0x78, 0x04, 0x05, 0x60, 0x70, 0xa5, 0x32, 0x04, 0x00, 0x00, 0x00, 0x00, 0xe2, 0x0f, 0x00,
    0x3e, 0x72, 0x0f, 0xff, 0xff, 0x00, 0x00, 0x00, 0xff, 0x10, 0x00, 0x00, 0x00, 0xe2, 0x8f, 0x00,
    0x88, 0x73, 0x00, 0x82, 0x1b, 0x00, 0x00, 0x00, 0x00, 0x08, 0x00, 0x00, 0x00, 0xe2, 0x0f, 0x00,
    0x24, 0x78, 0x28, 0x28, 0x00, 0x00, 0x80, 0x00, 0xff, 0x00, 0x8e, 0x07, 0x00, 0xe2, 0x0f, 0x00,
    0x08, 0x73, 0x05, 0x00, 0x04, 0x00, 0x00, 0x00, 0x00, 0x08, 0x00, 0x00, 0x00, 0xe4, 0x0e, 0x00,
    0x88, 0x73, 0x00, 0x82, 0x1d, 0x00, 0x04, 0x00, 0x00, 0x08, 0x00, 0x00, 0x00, 0xe2, 0x0f, 0x00,
    0x21, 0x74, 0x06, 0x2a, 0x7f, 0x00, 0x40, 0xcb, 0x00, 0x00, 0x00, 0x00, 0x00, 0xe2, 0x4f, 0x04,
    0x19, 0x78, 0x2a, 0x2a, 0x17, 0x00, 0x00, 0x00, 0xff, 0x06, 0x00, 0x00, 0x00, 0xc4, 0x0f, 0x00,
    0x88, 0x73, 0x00, 0x20, 0x1f, 0x00, 0x00, 0x00, 0x00, 0x08, 0x00, 0x00, 0x00, 0xe2, 0x0f, 0x00,
    0x23, 0x78, 0x06, 0x13, 0x3b, 0xaa, 0xb8, 0x3f, 0x06, 0x08, 0x00, 0x00, 0x00, 0xc6, 0x0f, 0x00,
    0x88, 0x73, 0x00, 0x20, 0x25, 0x00, 0x04, 0x00, 0x00, 0x08, 0x00, 0x00, 0x00, 0xe2, 0x0f, 0x00,
    0x23, 0x78, 0x06, 0x13, 0x60, 0x70, 0xa5, 0x32, 0x06, 0x00, 0x00, 0x00, 0x00, 0xc6, 0x0f, 0x00,
    0x88, 0x73, 0x00, 0x10, 0x27, 0x00, 0x00, 0x00, 0x00, 0x08, 0x00, 0x00, 0x00, 0xe2, 0x0f, 0x00,
    0x08, 0x73, 0x0d, 0x00, 0x06, 0x00, 0x00, 0x00, 0x00, 0x08, 0x00, 0x00, 0x00, 0xa2, 0x0e, 0x00,
    0x20, 0x72, 0x05, 0x28, 0x05, 0x00, 0x00, 0x00, 0x00, 0x00, 0x40, 0x00, 0x00, 0xe4, 0x8f, 0x00,
    0x88, 0x73, 0x00, 0x10, 0x29, 0x00, 0x04, 0x00, 0x00, 0x08, 0x00, 0x00, 0x00, 0xe4, 0x0f, 0x00,
    0x4a, 0x72, 0x4c, 0x4c, 0x05, 0x00, 0x00, 0x00, 0x00, 0x00, 0x00, 0x01, 0x00, 0xe4, 0x0f, 0x08,
    0x88, 0x73, 0x00, 0x0e, 0x2b, 0x00, 0x00, 0x00, 0x00, 0x08, 0x00, 0x00, 0x00, 0xe2, 0x0f, 0x00,
    0x4a, 0x72, 0x54, 0x54, 0x05, 0x00, 0x00, 0x00, 0x00, 0x00, 0x00, 0x01, 0x00, 0xe4, 0x0f, 0x08,
    0x4a, 0x72, 0x58, 0x58, 0x05, 0x00, 0x00, 0x00, 0x00, 0x00, 0x00, 0x01, 0x00, 0xe2, 0x0f, 0x08,
    0x88, 0x73, 0x00, 0x0e, 0x2d, 0x00, 0x04, 0x00, 0x00, 0x08, 0x00, 0x00, 0x00, 0xe2, 0x0f, 0x00,
    0x4a, 0x72, 0x5c, 0x5c, 0x05, 0x00, 0x00, 0x00, 0x00, 0x00, 0x00, 0x01, 0x00, 0xc6, 0x0f, 0x00,
    0x88, 0x73, 0x00, 0x12, 0x0f, 0x00, 0x00, 0x00, 0x00, 0x08, 0x00, 0x00, 0x00, 0xe2, 0x0f, 0x00,
    0x20, 0x72, 0x0d, 0x2a, 0x0d, 0x00, 0x00, 0x00, 0x00, 0x00, 0x40, 0x00, 0x00, 0xc6, 0x4f, 0x00,
    0x88, 0x73, 0x00, 0x12, 0x2f, 0x00, 0x04, 0x00, 0x00, 0x08, 0x00, 0x00, 0x00, 0xe2, 0x0f, 0x00,
    0x4a, 0x72, 0x4e, 0x4e, 0x0d, 0x00, 0x00, 0x00, 0x00, 0x00, 0x00, 0x01, 0x00, 0xe2, 0x0f, 0x08,
    0x1d, 0x7b, 0x00, 0x00, 0x00, 0x00, 0x00, 0x00, 0x00, 0x00, 0x01, 0x00, 0x00, 0xe2, 0x0f, 0x00,
    0x4a, 0x72, 0x56, 0x56, 0x0d, 0x00, 0x00, 0x00, 0x00, 0x00, 0x00, 0x01, 0x00, 0xe4, 0x0f, 0x08,
    0x4a, 0x72, 0x5a, 0x5a, 0x0d, 0x00, 0x00, 0x00, 0x00, 0x00, 0x00, 0x01, 0x00, 0xe4, 0x0f, 0x08,
    0x4a, 0x72, 0x5e, 0x5e, 0x0d, 0x00, 0x00, 0x00, 0x00, 0x00, 0x00, 0x01, 0x00, 0xe2, 0x0f, 0x00,
    0x3b, 0x78, 0x14, 0x07, 0x00, 0x00, 0x00, 0x00, 0x00, 0x02, 0x00, 0x00, 0x00, 0xe8, 0x0f, 0x00,
    0x3b, 0x78, 0x18, 0x08, 0x04, 0x00, 0xa0, 0x00, 0x00, 0x42, 0x00, 0x08, 0x00, 0xa8, 0x0e, 0x00,
    0x3b, 0x78, 0x10, 0x09, 0x04, 0x00, 0xa0, 0x00, 0x00, 0x42, 0x00, 0x08, 0x00, 0xe8, 0x0e, 0x00,
    0x3b, 0x78, 0x1c, 0x0a, 0x00, 0x00, 0x00, 0x00, 0x00, 0x02, 0x00, 0x00, 0x00, 0xe8, 0x0f, 0x00,
    0x3b, 0x78, 0x20, 0x08, 0x04, 0x00, 0xa4, 0x00, 0x00, 0x42, 0x00, 0x08, 0x00, 0x28, 0x0f, 0x00,
    0x3b, 0x78, 0x24, 0x09, 0x04, 0x00, 0xa4, 0x00, 0x00, 0x42, 0x00, 0x08, 0x00, 0x68, 0x0f, 0x00,
    0x3b, 0x78, 0x28, 0x08, 0x04, 0x00, 0xa8, 0x00, 0x00, 0x42, 0x00, 0x08, 0x00, 0xe8, 0x0f, 0x00,
    0x3b, 0x78, 0x04, 0x09, 0x04, 0x00, 0xa8, 0x00, 0x00, 0x42, 0x00, 0x08, 0x00, 0xe8, 0x0f, 0x00,
    0x3b, 0x78, 0x0c, 0x0c, 0x00, 0x00, 0x00, 0x00, 0x00, 0x02, 0x00, 0x00, 0x00, 0xe2, 0x0f, 0x00,
    0x3c, 0x72, 0x4c, 0x14, 0x18, 0x00, 0x00, 0x00, 0x4c, 0x18, 0x04, 0x00, 0x00, 0xf0, 0x4f, 0x04,
    0x3c, 0x72, 0x54, 0x14, 0x1a, 0x00, 0x00, 0x00, 0x54, 0x18, 0x04, 0x00, 0x00, 0xe2, 0x0f, 0x04,
    0x3b, 0x78, 0x18, 0x0b, 0x00, 0x00, 0x00, 0x00, 0x00, 0x02, 0x00, 0x00, 0x00, 0xae, 0x0e, 0x00,
    0x3c, 0x72, 0x58, 0x14, 0x10, 0x00, 0x00, 0x00, 0x58, 0x18, 0x04, 0x00, 0x00, 0xf0, 0x8f, 0x04,
    0x3c, 0x72, 0x5c, 0x14, 0x12, 0x00, 0x00, 0x00, 0x5c, 0x18, 0x04, 0x00, 0x00, 0xe2, 0x0f, 0x00,
    0x3b, 0x78, 0x10, 0x08, 0x04, 0x00, 0xac, 0x00, 0x00, 0x42, 0x00, 0x08, 0x00, 0xe8, 0x0e, 0x00,
    0x3b, 0x78, 0x14, 0x09, 0x04, 0x00, 0xac, 0x00, 0x00, 0x42, 0x00, 0x08, 0x00, 0xe2, 0x02, 0x00,
    0xa5, 0x78, 0x04, 0x08, 0x80, 0x00, 0x00, 0x00, 0xff, 0x00, 0x8e, 0x0f, 0x00, 0xc4, 0x1f, 0x00,
    0x3c, 0x72, 0x4c, 0x1c, 0x20, 0x00, 0x00, 0x00, 0x4c, 0x18, 0x04, 0x00, 0x00, 0xe8, 0x0f, 0x01,
    0x24, 0x7c, 0x09, 0x02, 0x05, 0x00, 0x00, 0x00, 0xff, 0x02, 0x8e, 0x0f, 0x00, 0xc8, 0x2f, 0x00,
    0x3c, 0x72, 0x54, 0x1c, 0x22, 0x00, 0x00, 0x00, 0x54, 0x18, 0x04, 0x00, 0x00, 0xf0, 0x0f, 0x04,
    0x3c, 0x72, 0x58, 0x1c, 0x24, 0x00, 0x00, 0x00, 0x58, 0x18, 0x04, 0x00, 0x00, 0xf0, 0x0f, 0x06,
    0x3c, 0x72, 0x5c, 0x1c, 0x26, 0x00, 0x00, 0x00, 0x5c, 0x18, 0x04, 0x00, 0x00, 0xf0, 0x0f, 0x00,
    0x3c, 0x72, 0x4c, 0x18, 0x28, 0x00, 0x00, 0x00, 0x4c, 0x18, 0x04, 0x00, 0x00, 0xf0, 0x4f, 0x04,
    0x3c, 0x72, 0x54, 0x18, 0x2a, 0x00, 0x00, 0x00, 0x54, 0x18, 0x04, 0x00, 0x00, 0xf0, 0x0f, 0x04,
    0x3c, 0x72, 0x58, 0x18, 0x04, 0x00, 0x00, 0x00, 0x58, 0x18, 0x04, 0x00, 0x00, 0xf0, 0x0f, 0x04,
    0x3c, 0x72, 0x5c, 0x18, 0x06, 0x00, 0x00, 0x00, 0x5c, 0x18, 0x04, 0x00, 0x00, 0xe2, 0x0f, 0x00,
    0x10, 0x72, 0x06, 0x86, 0x03, 0x00, 0x00, 0x00, 0xff, 0xe0, 0xf1, 0x07, 0x00, 0xe2, 0x0f, 0x00,
    0x24, 0x7c, 0x03, 0x00, 0x05, 0x00, 0x00, 0x00, 0xff, 0x02, 0x8e, 0x0f, 0x00, 0xc8, 0x0f, 0x00,
    0x24, 0x72, 0x07, 0xff, 0xff, 0x00, 0x00, 0x00, 0x87, 0x06, 0x0e, 0x00, 0x00, 0xe4, 0x0f, 0x00,
    0x3c, 0x72, 0x4c, 0x0c, 0x10, 0x00, 0x00, 0x00, 0x4c, 0x18, 0x04, 0x00, 0x00, 0xe2, 0x8f, 0x00,
    0x25, 0x7c, 0x04, 0x00, 0x04, 0x00, 0x00, 0x00, 0x06, 0x00, 0x8e, 0x0f, 0x00, 0xc8, 0x0f, 0x00,
    0x25, 0x7c, 0x06, 0x02, 0x04, 0x00, 0x00, 0x00, 0x06, 0x00, 0x8e, 0x0f, 0x00, 0xe2, 0x0f, 0x00,
    0x10, 0x7c, 0x04, 0x04, 0x0a, 0x00, 0x00, 0x00, 0x04, 0xe0, 0x91, 0x0f, 0x00, 0xe4, 0x0f, 0x00,
    0x3c, 0x72, 0x54, 0x0c, 0x12, 0x00, 0x00, 0x00, 0x54, 0x18, 0x04, 0x00, 0x00, 0xe2, 0x0f, 0x00,
    0x24, 0x78, 0x05, 0x05, 0x01, 0x00, 0x00, 0x00, 0x03, 0x02, 0x8e, 0x07, 0x00, 0xe2, 0x0f, 0x00,
    0x10, 0x7c, 0x06, 0x06, 0x0a, 0x00, 0x00, 0x00, 0x06, 0xe0, 0xd5, 0x0f, 0x00, 0xe2, 0x0f, 0x00,
    0x24, 0x78, 0x03, 0x07, 0x01, 0x00, 0x00, 0x00, 0x09, 0x02, 0x8e, 0x07, 0x00, 0xc6, 0x0f, 0x00,
    0x10, 0x7c, 0x05, 0x05, 0x0b, 0x00, 0x00, 0x00, 0x05, 0x24, 0x7e, 0x08, 0x00, 0xe4, 0x0f, 0x00,
    0x3c, 0x72, 0x58, 0x0c, 0x14, 0x00, 0x00, 0x00, 0x58, 0x18, 0x04, 0x00, 0x00, 0xe2, 0x0f, 0x00,
    0x10, 0x7c, 0x07, 0x03, 0x0b, 0x00, 0x00, 0x00, 0x03, 0xa4, 0x7e, 0x09, 0x00, 0xce, 0x0f, 0x00,
    0x3c, 0x72, 0x5c, 0x0c, 0x16, 0x00, 0x00, 0x00, 0x5c, 0x18, 0x04, 0x00, 0x00, 0xe2, 0x0f, 0x00,
    0x18, 0x79, 0x00, 0x00, 0x00, 0x00, 0x00, 0x00, 0x00, 0x00, 0x00, 0x00, 0x00, 0xc8, 0x0f, 0x00,
    0x47, 0x49, 0x1c, 0x00, 0x00, 0x00, 0x00, 0x00, 0x00, 0x00, 0x80, 0x03, 0x00, 0xde, 0x0f, 0x00,
    0xac, 0x77, 0x0c, 0xff, 0x00, 0x7b, 0x00, 0x00, 0x00, 0x08, 0x00, 0x08, 0x00, 0x22, 0x0e, 0x00,
    0xac, 0x77, 0x09, 0xff, 0x00, 0x7a, 0x00, 0x00, 0x00, 0x08, 0x00, 0x08, 0x00, 0x62, 0x0e, 0x00,
    0x0c, 0x7c, 0x00, 0x00, 0x0c, 0x00, 0x00, 0x00, 0x70, 0x62, 0xf0, 0x0b, 0x00, 0xc8, 0x1f, 0x00,
    0x0c, 0x7c, 0x00, 0x84, 0x08, 0x00, 0x00, 0x00, 0x70, 0x66, 0x70, 0x08, 0x00, 0xe2, 0x0f, 0x00,
    0x4a, 0x7c, 0x4c, 0x4c, 0x09, 0x00, 0x00, 0x00, 0x00, 0x00, 0x00, 0x09, 0x00, 0xca, 0x2f, 0x00,
    0x3e, 0x72, 0x4d, 0x4d, 0x4c, 0x00, 0x00, 0x00, 0xff, 0x10, 0x00, 0x00, 0x00, 0xce, 0x0f, 0x00,
    0x86, 0x89, 0x00, 0x04, 0x4d, 0x00, 0x00, 0x00, 0x06, 0x19, 0x10, 0x0c, 0x00, 0xe4, 0x01, 0x00,
    0x41, 0x79, 0x00, 0x00, 0x00, 0x00, 0x00, 0x00, 0x00, 0x02, 0x80, 0x03, 0x00, 0xea, 0x0f, 0x00,
    0x45, 0x79, 0x00, 0x00, 0x90, 0x00, 0x00, 0x00, 0x00, 0x02, 0x80, 0x03, 0x00, 0xe8, 0x0f, 0x00,
    0x47, 0x39, 0x1c, 0x00, 0x00, 0x00, 0x00, 0x00, 0x00, 0x00, 0x80, 0x03, 0x00, 0xea, 0x0f, 0x00,
    0xac, 0x77, 0x05, 0xff, 0x00, 0x7b, 0x00, 0x00, 0x00, 0x08, 0x00, 0x08, 0x00, 0x62, 0x0e, 0x00,
    0xac, 0x77, 0x04, 0xff, 0x00, 0x7a, 0x00, 0x00, 0x00, 0x08, 0x00, 0x08, 0x00, 0xa2, 0x0e, 0x00,
    0x0c, 0x7c, 0x00, 0x02, 0x05, 0x00, 0x00, 0x00, 0x70, 0x62, 0xf0, 0x0b, 0x00, 0xc8, 0x2f, 0x00,
    0x0c, 0x7c, 0x00, 0x84, 0x08, 0x00, 0x00, 0x00, 0x70, 0x66, 0x70, 0x08, 0x00, 0xe2, 0x0f, 0x00,
    0x4a, 0x7c, 0x4e, 0x4e, 0x04, 0x00, 0x00, 0x00, 0x00, 0x00, 0x00, 0x09, 0x00, 0xca, 0x4f, 0x00,
    0x3e, 0x72, 0x4f, 0x4f, 0x4e, 0x00, 0x00, 0x00, 0xff, 0x10, 0x00, 0x00, 0x00, 0xce, 0x0f, 0x00,
    0x86, 0x89, 0x00, 0x06, 0x4f, 0x00, 0x00, 0x00, 0x06, 0x19, 0x10, 0x0c, 0x00, 0xe4, 0x03, 0x00,
    0x41, 0x79, 0x00, 0x00, 0x00, 0x00, 0x00, 0x00, 0x00, 0x02, 0x80, 0x03, 0x00, 0xea, 0x0f, 0x00,
    0x45, 0x79, 0x00, 0x00, 0x90, 0x00, 0x00, 0x00, 0x00, 0x02, 0x80, 0x03, 0x00, 0xe8, 0x0f, 0x00,
    0x47, 0x49, 0x1c, 0x00, 0x00, 0x00, 0x00, 0x00, 0x00, 0x00, 0x80, 0x03, 0x00, 0xea, 0x0f, 0x00,
    0xac, 0x77, 0x05, 0xff, 0x00, 0x7b, 0x00, 0x00, 0x00, 0x08, 0x00, 0x08, 0x00, 0xa2, 0x0e, 0x00,
    0xac, 0x77, 0x04, 0xff, 0x00, 0x7a, 0x00, 0x00, 0x00, 0x08, 0x00, 0x08, 0x00, 0xe2, 0x0e, 0x00,
    0x0c, 0x7c, 0x00, 0x00, 0x05, 0x00, 0x00, 0x00, 0x70, 0x62, 0xf0, 0x0b, 0x00, 0xc8, 0x4f, 0x00,
    0x0c, 0x7c, 0x00, 0x84, 0x08, 0x00, 0x00, 0x00, 0x70, 0x66, 0x70, 0x08, 0x00, 0xe2, 0x0f, 0x00,
    0x4a, 0x7c, 0x54, 0x54, 0x04, 0x00, 0x00, 0x00, 0x00, 0x00, 0x00, 0x09, 0x00, 0xca, 0x8f, 0x00,
    0x3e, 0x72, 0x55, 0x55, 0x54, 0x00, 0x00, 0x00, 0xff, 0x10, 0x00, 0x00, 0x00, 0xce, 0x0f, 0x00,
    0x86, 0x89, 0x00, 0x04, 0x55, 0x10, 0x00, 0x00, 0x06, 0x19, 0x10, 0x0c, 0x00, 0xe4, 0x05, 0x00,
    0x41, 0x79, 0x00, 0x00, 0x00, 0x00, 0x00, 0x00, 0x00, 0x02, 0x80, 0x03, 0x00, 0xea, 0x0f, 0x00,
    0x45, 0x79, 0x00, 0x00, 0x90, 0x00, 0x00, 0x00, 0x00, 0x02, 0x80, 0x03, 0x00, 0xe8, 0x0f, 0x00,
    0x47, 0x39, 0x1c, 0x00, 0x00, 0x00, 0x00, 0x00, 0x00, 0x00, 0x80, 0x03, 0x00, 0xea, 0x0f, 0x00,
    0xac, 0x77, 0x05, 0xff, 0x00, 0x7b, 0x00, 0x00, 0x00, 0x08, 0x00, 0x08, 0x00, 0xe2, 0x0e, 0x00,
    0xac, 0x77, 0x04, 0xff, 0x00, 0x7a, 0x00, 0x00, 0x00, 0x08, 0x00, 0x08, 0x00, 0x22, 0x0f, 0x00,
    0x0c, 0x7c, 0x00, 0x02, 0x05, 0x00, 0x00, 0x00, 0x70, 0x62, 0xf0, 0x0b, 0x00, 0xc8, 0x8f, 0x00,
    0x0c, 0x7c, 0x00, 0x84, 0x08, 0x00, 0x00, 0x00, 0x70, 0x66, 0x70, 0x08, 0x00, 0xe2, 0x0f, 0x00,
    0x4a, 0x7c, 0x56, 0x56, 0x04, 0x00, 0x00, 0x00, 0x00, 0x00, 0x00, 0x09, 0x00, 0xca, 0x0f, 0x01,
    0x3e, 0x72, 0x57, 0x57, 0x56, 0x00, 0x00, 0x00, 0xff, 0x10, 0x00, 0x00, 0x00, 0xce, 0x0f, 0x00,
    0x86, 0x89, 0x00, 0x06, 0x57, 0x10, 0x00, 0x00, 0x06, 0x19, 0x10, 0x0c, 0x00, 0xe4, 0x07, 0x00,
    0x41, 0x79, 0x00, 0x00, 0x00, 0x00, 0x00, 0x00, 0x00, 0x02, 0x80, 0x03, 0x00, 0xea, 0x0f, 0x00,
    0x45, 0x79, 0x00, 0x00, 0x90, 0x00, 0x00, 0x00, 0x00, 0x02, 0x80, 0x03, 0x00, 0xe8, 0x0f, 0x00,
    0x47, 0x49, 0x1c, 0x00, 0x00, 0x00, 0x00, 0x00, 0x00, 0x00, 0x80, 0x03, 0x00, 0xea, 0x0f, 0x00,
    0xac, 0x77, 0x05, 0xff, 0x00, 0x7b, 0x00, 0x00, 0x00, 0x08, 0x00, 0x08, 0x00, 0x22, 0x0f, 0x00,
    0xac, 0x77, 0x04, 0xff, 0x00, 0x7a, 0x00, 0x00, 0x00, 0x08, 0x00, 0x08, 0x00, 0x62, 0x0f, 0x00,
    0x0c, 0x7c, 0x00, 0x00, 0x05, 0x00, 0x00, 0x00, 0x70, 0x62, 0xf0, 0x0b, 0x00, 0xc8, 0x0f, 0x01,
    0x0c, 0x7c, 0x00, 0x84, 0x08, 0x00, 0x00, 0x00, 0x70, 0x66, 0x70, 0x08, 0x00, 0xe2, 0x0f, 0x00,
    0x4a, 0x7c, 0x58, 0x58, 0x04, 0x00, 0x00, 0x00, 0x00, 0x00, 0x00, 0x09, 0x00, 0xca, 0x0f, 0x02,
    0x3e, 0x72, 0x59, 0x59, 0x58, 0x00, 0x00, 0x00, 0xff, 0x10, 0x00, 0x00, 0x00, 0xce, 0x0f, 0x00,
    0x86, 0x89, 0x00, 0x04, 0x59, 0x20, 0x00, 0x00, 0x06, 0x19, 0x10, 0x0c, 0x00, 0xe4, 0x09, 0x00,
    0x41, 0x79, 0x00, 0x00, 0x00, 0x00, 0x00, 0x00, 0x00, 0x02, 0x80, 0x03, 0x00, 0xea, 0x0f, 0x00,
    0x45, 0x79, 0x00, 0x00, 0x90, 0x00, 0x00, 0x00, 0x00, 0x02, 0x80, 0x03, 0x00, 0xe8, 0x0f, 0x00,
    0x47, 0x39, 0x1c, 0x00, 0x00, 0x00, 0x00, 0x00, 0x00, 0x00, 0x80, 0x03, 0x00, 0xea, 0x0f, 0x00,
    0xac, 0x77, 0x05, 0xff, 0x00, 0x7b, 0x00, 0x00, 0x00, 0x08, 0x00, 0x08, 0x00, 0x62, 0x0f, 0x00,
    0xac, 0x77, 0x04, 0xff, 0x00, 0x7a, 0x00, 0x00, 0x00, 0x08, 0x00, 0x08, 0x00, 0x22, 0x0e, 0x00,
    0x0c, 0x7c, 0x00, 0x02, 0x05, 0x00, 0x00, 0x00, 0x70, 0x62, 0xf0, 0x0b, 0x00, 0xc8, 0x0f, 0x02,
    0x0c, 0x7c, 0x00, 0x84, 0x08, 0x00, 0x00, 0x00, 0x70, 0x66, 0x70, 0x08, 0x00, 0xe2, 0x0f, 0x00,
    0x4a, 0x7c, 0x5a, 0x5a, 0x04, 0x00, 0x00, 0x00, 0x00, 0x00, 0x00, 0x09, 0x00, 0xca, 0x1f, 0x00,
    0x3e, 0x72, 0x5b, 0x5b, 0x5a, 0x00, 0x00, 0x00, 0xff, 0x10, 0x00, 0x00, 0x00, 0xce, 0x0f, 0x00,
    0x86, 0x89, 0x00, 0x06, 0x5b, 0x20, 0x00, 0x00, 0x06, 0x19, 0x10, 0x0c, 0x00, 0xe4, 0x01, 0x00,
    0x41, 0x79, 0x00, 0x00, 0x00, 0x00, 0x00, 0x00, 0x00, 0x02, 0x80, 0x03, 0x00, 0xea, 0x0f, 0x00,
    0x45, 0x79, 0x00, 0x00, 0x90, 0x00, 0x00, 0x00, 0x00, 0x02, 0x80, 0x03, 0x00, 0xe8, 0x0f, 0x00,
    0x47, 0x49, 0x1c, 0x00, 0x00, 0x00, 0x00, 0x00, 0x00, 0x00, 0x80, 0x03, 0x00, 0xea, 0x0f, 0x00,
    0xac, 0x77, 0x05, 0xff, 0x00, 0x7b, 0x00, 0x00, 0x00, 0x08, 0x00, 0x08, 0x00, 0x62, 0x0f, 0x00,
    0xac, 0x77, 0x04, 0xff, 0x00, 0x7a, 0x00, 0x00, 0x00, 0x08, 0x00, 0x08, 0x00, 0x22, 0x0e, 0x00,
    0x0c, 0x7c, 0x00, 0x00, 0x05, 0x00, 0x00, 0x00, 0x70, 0x62, 0xf0, 0x0b, 0x00, 0xc8, 0x0f, 0x02,
    0x0c, 0x7c, 0x00, 0x84, 0x08, 0x00, 0x00, 0x00, 0x70, 0x66, 0x70, 0x08, 0x00, 0xe2, 0x0f, 0x00,
    0x4a, 0x7c, 0x5c, 0x5c, 0x04, 0x00, 0x00, 0x00, 0x00, 0x00, 0x00, 0x09, 0x00, 0xca, 0x1f, 0x00,
    0x3e, 0x72, 0x5d, 0x5d, 0x5c, 0x00, 0x00, 0x00, 0xff, 0x10, 0x00, 0x00, 0x00, 0xce, 0x0f, 0x00,
    0x86, 0x89, 0x00, 0x04, 0x5d, 0x30, 0x00, 0x00, 0x06, 0x19, 0x10, 0x0c, 0x00, 0xe4, 0x01, 0x00,
    0x41, 0x79, 0x00, 0x00, 0x00, 0x00, 0x00, 0x00, 0x00, 0x02, 0x80, 0x03, 0x00, 0xea, 0x0f, 0x00,
    0x4d, 0x39, 0x00, 0x00, 0x00, 0x00, 0x00, 0x00, 0x00, 0x00, 0x80, 0x03, 0x00, 0xea, 0x0f, 0x00,
    0xac, 0x77, 0x05, 0xff, 0x00, 0x7b, 0x00, 0x00, 0x00, 0x08, 0x00, 0x08, 0x00, 0x62, 0x0f, 0x00,
    0xac, 0x77, 0x04, 0xff, 0x00, 0x7a, 0x00, 0x00, 0x00, 0x08, 0x00, 0x08, 0x00, 0x22, 0x0e, 0x00,
    0x0c, 0x7c, 0x00, 0x02, 0x05, 0x00, 0x00, 0x00, 0x70, 0x62, 0xf0, 0x0b, 0x00, 0xc8, 0x0f, 0x02,
    0x0c, 0x7c, 0x00, 0x84, 0x08, 0x00, 0x00, 0x00, 0x70, 0x66, 0x70, 0x08, 0x00, 0xe2, 0x0f, 0x00,
    0x4a, 0x7c, 0x5e, 0x5e, 0x04, 0x00, 0x00, 0x00, 0x00, 0x00, 0x00, 0x09, 0x00, 0xca, 0x1f, 0x00,
    0x3e, 0x72, 0x5f, 0x5f, 0x5e, 0x00, 0x00, 0x00, 0xff, 0x10, 0x00, 0x00, 0x00, 0xce, 0x0f, 0x00,
    0x4d, 0x09, 0x00, 0x00, 0x00, 0x00, 0x00, 0x00, 0x00, 0x00, 0x80, 0x03, 0x00, 0xea, 0x0f, 0x00,
    0x86, 0x79, 0x00, 0x06, 0x5f, 0x30, 0x00, 0x00, 0x06, 0x19, 0x10, 0x0c, 0x00, 0xe2, 0x0f, 0x00,
    0x4d, 0x79, 0x00, 0x00, 0x00, 0x00, 0x00, 0x00, 0x00, 0x00, 0x80, 0x03, 0x00, 0xea, 0x0f, 0x00,
    0x47, 0x79, 0xfc, 0x00, 0xfc, 0xff, 0xff, 0xff, 0xff, 0xff, 0x83, 0x03, 0x00, 0xc0, 0x0f, 0x00,
    0x18, 0x79, 0x00, 0x00, 0x00, 0x00, 0x00, 0x00, 0x00, 0x00, 0x00, 0x00, 0x00, 0xc0, 0x0f, 0x00,
    0x18, 0x79, 0x00, 0x00, 0x00, 0x00, 0x00, 0x00, 0x00, 0x00, 0x00, 0x00, 0x00, 0xc0, 0x0f, 0x00,
    0x18, 0x79, 0x00, 0x00, 0x00, 0x00, 0x00, 0x00, 0x00, 0x00, 0x00, 0x00, 0x00, 0xc0, 0x0f, 0x00,
    0x18, 0x79, 0x00, 0x00, 0x00, 0x00, 0x00, 0x00, 0x00, 0x00, 0x00, 0x00, 0x00, 0xc0, 0x0f, 0x00,
    0x18, 0x79, 0x00, 0x00, 0x00, 0x00, 0x00, 0x00, 0x00, 0x00, 0x00, 0x00, 0x00, 0xc0, 0x0f, 0x00,
    0x18, 0x79, 0x00, 0x00, 0x00, 0x00, 0x00, 0x00, 0x00, 0x00, 0x00, 0x00, 0x00, 0xc0, 0x0f, 0x00,
    0x18, 0x79, 0x00, 0x00, 0x00, 0x00, 0x00, 0x00, 0x00, 0x00, 0x00, 0x00, 0x00, 0xc0, 0x0f, 0x00,
    0x18, 0x79, 0x00, 0x00, 0x00, 0x00, 0x00, 0x00, 0x00, 0x00, 0x00, 0x00, 0x00, 0xc0, 0x0f, 0x00,
    0x18, 0x79, 0x00, 0x00, 0x00, 0x00, 0x00, 0x00, 0x00, 0x00, 0x00, 0x00, 0x00, 0xc0, 0x0f, 0x00,
    0x18, 0x79, 0x00, 0x00, 0x00, 0x00, 0x00, 0x00, 0x00, 0x00, 0x00, 0x00, 0x00, 0xc0, 0x0f, 0x00,
    0x18, 0x79, 0x00, 0x00, 0x00, 0x00, 0x00, 0x00, 0x00, 0x00, 0x00, 0x00, 0x00, 0xc0, 0x0f, 0x00,
    0x18, 0x79, 0x00, 0x00, 0x00, 0x00, 0x00, 0x00, 0x00, 0x00, 0x00, 0x00, 0x00, 0xc0, 0x0f, 0x00,
    0x18, 0x79, 0x00, 0x00, 0x00, 0x00, 0x00, 0x00, 0x00, 0x00, 0x00, 0x00, 0x00, 0xc0, 0x0f, 0x00,
    0x18, 0x79, 0x00, 0x00, 0x00, 0x00, 0x00, 0x00, 0x00, 0x00, 0x00, 0x00, 0x00, 0xc0, 0x0f, 0x00,
    0x00, 0x00, 0x00, 0x00, 0x00, 0x00, 0x00, 0x00, 0x00, 0x00, 0x00, 0x00, 0x00, 0x00, 0x00, 0x00,
    0x00, 0x00, 0x00, 0x00, 0x00, 0x00, 0x00, 0x00, 0x00, 0x00, 0x00, 0x00, 0x00, 0x00, 0x00, 0x00,
    0x00, 0x00, 0x00, 0x00, 0x00, 0x00, 0x00, 0x00, 0x00, 0x00, 0x00, 0x00, 0x00, 0x00, 0x00, 0x00,
    0x00, 0x00, 0x00, 0x00, 0x00, 0x00, 0x00, 0x00, 0x00, 0x00, 0x00, 0x00, 0x00, 0x00, 0x00, 0x00,
    0x00, 0x00, 0x00, 0x00, 0x00, 0x00, 0x00, 0x00, 0x00, 0x00, 0x00, 0x00, 0x00, 0x00, 0x00, 0x00,
    0x00, 0x00, 0x00, 0x00, 0x00, 0x00, 0x00, 0x00, 0x00, 0x00, 0x00, 0x00, 0x00, 0x00, 0x00, 0x00,
    0x00, 0x00, 0x00, 0x00, 0x00, 0x00, 0x00, 0x00, 0x00, 0x00, 0x00, 0x00, 0x00, 0x00, 0x00, 0x00,
    0x00, 0x00, 0x00, 0x00, 0x00, 0x00, 0x00, 0x00, 0x00, 0x00, 0x00, 0x00, 0x00, 0x00, 0x00, 0x00,
    0x00, 0x00, 0x00, 0x00, 0x00, 0x00, 0x00, 0x00, 0x00, 0x00, 0x00, 0x00, 0x00, 0x00, 0x00, 0x00,
    0x00, 0x00, 0x00, 0x00, 0x00, 0x00, 0x00, 0x00, 0x00, 0x00, 0x00, 0x00, 0x00, 0x00, 0x00, 0x00,
    0x00, 0x00, 0x00, 0x00, 0x00, 0x00, 0x00, 0x00, 0x00, 0x00, 0x00, 0x00, 0x00, 0x00, 0x00, 0x00,
    0x00, 0x00, 0x00, 0x00, 0x00, 0x00, 0x00, 0x00, 0x00, 0x00, 0x00, 0x00, 0x00, 0x00, 0x00, 0x00,
    0x00, 0x00, 0x00, 0x00, 0x00, 0x00, 0x00, 0x00, 0x00, 0x00, 0x00, 0x00, 0x00, 0x00, 0x00, 0x00,
    0x00, 0x00, 0x00, 0x00, 0x00, 0x00, 0x00, 0x00, 0x00, 0x00, 0x00, 0x00, 0x00, 0x00, 0x00, 0x00,
    0x00, 0x00, 0x00, 0x00, 0x00, 0x00, 0x00, 0x00, 0x00, 0x00, 0x00, 0x00, 0x00, 0x00, 0x00, 0x00,
    0x00, 0x00, 0x00, 0x00, 0x00, 0x00, 0x00, 0x00, 0x00, 0x00, 0x00, 0x00, 0x00, 0x00, 0x00, 0x00,
    0x00, 0x00, 0x00, 0x00, 0x00, 0x00, 0x00, 0x00, 0x00, 0x00, 0x00, 0x00, 0x00, 0x00, 0x00, 0x00,
    0x00, 0x00, 0x00, 0x00, 0x00, 0x00, 0x00, 0x00, 0x00, 0x00, 0x00, 0x00, 0x00, 0x00, 0x00, 0x00,
    0x00, 0x00, 0x00, 0x00, 0x00, 0x00, 0x00, 0x00, 0x00, 0x00, 0x00, 0x00, 0x00, 0x00, 0x00, 0x00,
    0x00, 0x00, 0x00, 0x00, 0x00, 0x00, 0x00, 0x00, 0x00, 0x00, 0x00, 0x00, 0x00, 0x00, 0x00, 0x00,
    0x00, 0x00, 0x00, 0x00, 0x00, 0x00, 0x00, 0x00, 0x00, 0x00, 0x00, 0x00, 0x00, 0x00, 0x00, 0x00,
    0x00, 0x00, 0x00, 0x00, 0x00, 0x00, 0x00, 0x00, 0x00, 0x00, 0x00, 0x00, 0x00, 0x00, 0x00, 0x00,
    0x00, 0x00, 0x00, 0x00, 0x00, 0x00, 0x00, 0x00, 0x00, 0x00, 0x00, 0x00, 0x00, 0x00, 0x00, 0x00,
    0x00, 0x00, 0x00, 0x00, 0x00, 0x00, 0x00, 0x00, 0x00, 0x00, 0x00, 0x00, 0x00, 0x00, 0x00, 0x00,
    0x00, 0x00, 0x00, 0x00, 0x00, 0x00, 0x00, 0x00, 0x00, 0x00, 0x00, 0x00, 0x00, 0x00, 0x00, 0x00,
    0x00, 0x00, 0x00, 0x00, 0x00, 0x00, 0x00, 0x00, 0x00, 0x00, 0x00, 0x00, 0x00, 0x00, 0x00, 0x00,
    0x00, 0x00, 0x00, 0x00, 0x00, 0x00, 0x00, 0x00, 0x00, 0x00, 0x00, 0x00, 0x00, 0x00, 0x00, 0x00,
    0x00, 0x00, 0x00, 0x00, 0x00, 0x00, 0x00, 0x00, 0x00, 0x00, 0x00, 0x00, 0x00, 0x00, 0x00, 0x00,
    0x00, 0x00, 0x00, 0x00, 0x00, 0x00, 0x00, 0x00, 0x00, 0x00, 0x00, 0x00, 0x00, 0x00, 0x00, 0x00,
    0x00, 0x00, 0x00, 0x00, 0x00, 0x00, 0x00, 0x00, 0x00, 0x00, 0x00, 0x00, 0x00, 0x00, 0x00, 0x00,
    0x00, 0x00, 0x00, 0x00, 0x00, 0x00, 0x00, 0x00, 0x00, 0x00, 0x00, 0x00, 0x00, 0x00, 0x00, 0x00,
    0x00, 0x00, 0x00, 0x00, 0x00, 0x00, 0x00, 0x00, 0x00, 0x00, 0x00, 0x00, 0x00, 0x00, 0x00, 0x00,
    0x00, 0x00, 0x00, 0x00, 0x00, 0x00, 0x00, 0x00, 0x00, 0x00, 0x00, 0x00, 0x00, 0x00, 0x00, 0x00,
    0x00, 0x00, 0x00, 0x00, 0x00, 0x00, 0x00, 0x00, 0x00, 0x00, 0x00, 0x00, 0x00, 0x00, 0x00, 0x00,
    0x00, 0x00, 0x00, 0x00, 0x00, 0x00, 0x00, 0x00, 0x00, 0x00, 0x00, 0x00, 0x00, 0x00, 0x00, 0x00,
    0x00, 0x00, 0x00, 0x00, 0x00, 0x00, 0x00, 0x00, 0x00, 0x00, 0x00, 0x00, 0x00, 0x00, 0x00, 0x00,
    0x00, 0x00, 0x00, 0x00, 0x00, 0x00, 0x00, 0x00, 0x00, 0x00, 0x00, 0x00, 0x00, 0x00, 0x00, 0x00,
    0x00, 0x00, 0x00, 0x00, 0x00, 0x00, 0x00, 0x00, 0x00, 0x00, 0x00, 0x00, 0x00, 0x00, 0x00, 0x00,
    0x00, 0x00, 0x00, 0x00, 0x00, 0x00, 0x00, 0x00, 0x00, 0x00, 0x00, 0x00, 0x00, 0x00, 0x00, 0x00,
    0x00, 0x00, 0x00, 0x00, 0x00, 0x00, 0x00, 0x00, 0x00, 0x00, 0x00, 0x00, 0x00, 0x00, 0x00, 0x00,
    0x00, 0x00, 0x00, 0x00, 0x00, 0x00, 0x00, 0x00, 0x00, 0x00, 0x00, 0x00, 0x00, 0x00, 0x00, 0x00,
    0x00, 0x00, 0x00, 0x00, 0x00, 0x00, 0x00, 0x00, 0x00, 0x00, 0x00, 0x00, 0x00, 0x00, 0x00, 0x00,
    0x00, 0x00, 0x00, 0x00, 0x00, 0x00, 0x00, 0x00, 0x00, 0x00, 0x00, 0x00, 0x00, 0x00, 0x00, 0x00,
    0x00, 0x00, 0x00, 0x00, 0x00, 0x00, 0x00, 0x00, 0x00, 0x00, 0x00, 0x00, 0x00, 0x00, 0x00, 0x00,
    0x00, 0x00, 0x00, 0x00, 0x00, 0x00, 0x00, 0x00, 0x00, 0x00, 0x00, 0x00, 0x00, 0x00, 0x00, 0x00,
    0x00, 0x00, 0x00, 0x00, 0x00, 0x00, 0x00, 0x00, 0x00, 0x00, 0x00, 0x00, 0x00, 0x00, 0x00, 0x00,
    0x00, 0x00, 0x00, 0x00, 0x00, 0x00, 0x00, 0x00, 0x00, 0x00, 0x00, 0x00, 0x00, 0x00, 0x00, 0x00,
    0x00, 0x00, 0x00, 0x00, 0x00, 0x00, 0x00, 0x00, 0x00, 0x00, 0x00, 0x00, 0x00, 0x00, 0x00, 0x00,
    0x00, 0x00, 0x00, 0x00, 0x00, 0x00, 0x00, 0x00, 0x00, 0x00, 0x00, 0x00, 0x00, 0x00, 0x00, 0x00,
    0x00, 0x00, 0x00, 0x00, 0x00, 0x00, 0x00, 0x00, 0x00, 0x00, 0x00, 0x00, 0x00, 0x00, 0x00, 0x00,
    0x00, 0x00, 0x00, 0x00, 0x00, 0x00, 0x00, 0x00, 0x00, 0x00, 0x00, 0x00, 0x00, 0x00, 0x00, 0x00,
    0x00, 0x00, 0x00, 0x00, 0x00, 0x00, 0x00, 0x00, 0x00, 0x00, 0x00, 0x00, 0x00, 0x00, 0x00, 0x00,
    0x00, 0x00, 0x00, 0x00, 0x00, 0x00, 0x00, 0x00, 0x00, 0x00, 0x00, 0x00, 0x00, 0x00, 0x00, 0x00,
    0x00, 0x00, 0x00, 0x00, 0x00, 0x00, 0x00, 0x00, 0x00, 0x00, 0x00, 0x00, 0x00, 0x00, 0x00, 0x00,
    0x00, 0x00, 0x00, 0x00, 0x00, 0x00, 0x00, 0x00, 0x00, 0x00, 0x00, 0x00, 0x00, 0x00, 0x00, 0x00,
    0x00, 0x00, 0x00, 0x00, 0x00, 0x00, 0x00, 0x00, 0x00, 0x00, 0x00, 0x00, 0x00, 0x00, 0x00, 0x00,
    0x00, 0x00, 0x00, 0x00, 0x00, 0x00, 0x00, 0x00, 0x00, 0x00, 0x00, 0x00, 0x00, 0x00, 0x00, 0x00,
    0x00, 0x00, 0x00, 0x00, 0x00, 0x00, 0x00, 0x00, 0x00, 0x00, 0x00, 0x00, 0x00, 0x00, 0x00, 0x00,
    0x00, 0x00, 0x00, 0x00, 0x00, 0x00, 0x00, 0x00, 0x00, 0x00, 0x00, 0x00, 0x00, 0x00, 0x00, 0x00,
    0x00, 0x00, 0x00, 0x00, 0x00, 0x00, 0x00, 0x00, 0x00, 0x00, 0x00, 0x00, 0x00, 0x00, 0x00, 0x00,
    0x00, 0x00, 0x00, 0x00, 0x00, 0x00, 0x00, 0x00, 0x00, 0x00, 0x00, 0x00, 0x00, 0x00, 0x00, 0x00,
    0x00, 0x00, 0x00, 0x00, 0x00, 0x00, 0x00, 0x00, 0x00, 0x00, 0x00, 0x00, 0x00, 0x00, 0x00, 0x00,
    0x00, 0x00, 0x00, 0x00, 0x00, 0x00, 0x00, 0x00, 0x00, 0x00, 0x00, 0x00, 0x00, 0x00, 0x00, 0x00,
    0x00, 0x00, 0x00, 0x00, 0x00, 0x00, 0x00, 0x00, 0x00, 0x00, 0x00, 0x00, 0x00, 0x00, 0x00, 0x00,
    0x00, 0x00, 0x00, 0x00, 0x00, 0x00, 0x00, 0x00, 0x00, 0x00, 0x00, 0x00, 0x00, 0x00, 0x00, 0x00,
    0x00, 0x00, 0x00, 0x00, 0x00, 0x00, 0x00, 0x00, 0x00, 0x00, 0x00, 0x00, 0x00, 0x00, 0x00, 0x00,
    0x00, 0x00, 0x00, 0x00, 0x00, 0x00, 0x00, 0x00, 0x00, 0x00, 0x00, 0x00, 0x00, 0x00, 0x00, 0x00,
    0x00, 0x00, 0x00, 0x00, 0x00, 0x00, 0x00, 0x00, 0x00, 0x00, 0x00, 0x00, 0x00, 0x00, 0x00, 0x00,
    0x00, 0x00, 0x00, 0x00, 0x00, 0x00, 0x00, 0x00, 0x00, 0x00, 0x00, 0x00, 0x00, 0x00, 0x00, 0x00,
    0x00, 0x00, 0x00, 0x00, 0x00, 0x00, 0x00, 0x00, 0x00, 0x00, 0x00, 0x00, 0x00, 0x00, 0x00, 0x00,
    0x00, 0x00, 0x00, 0x00, 0x00, 0x00, 0x00, 0x00, 0x00, 0x00, 0x00, 0x00, 0x00, 0x00, 0x00, 0x00,
    0x00, 0x00, 0x00, 0x00, 0x00, 0x00, 0x00, 0x00, 0x00, 0x00, 0x00, 0x00, 0x00, 0x00, 0x00, 0x00,
    0x00, 0x00, 0x00, 0x00, 0x00, 0x00, 0x00, 0x00, 0x00, 0x00, 0x00, 0x00, 0x00, 0x00, 0x00, 0x00,
    0x00, 0x00, 0x00, 0x00, 0x00, 0x00, 0x00, 0x00, 0x00, 0x00, 0x00, 0x00, 0x00, 0x00, 0x00, 0x00,
    0x00, 0x00, 0x00, 0x00, 0x00, 0x00, 0x00, 0x00, 0x00, 0x00, 0x00, 0x00, 0x00, 0x00, 0x00, 0x00,
    0x00, 0x00, 0x00, 0x00, 0x00, 0x00, 0x00, 0x00, 0x00, 0x00, 0x00, 0x00, 0x00, 0x00, 0x00, 0x00,
    0x00, 0x00, 0x00, 0x00, 0x00, 0x00, 0x00, 0x00, 0x00, 0x00, 0x00, 0x00, 0x00, 0x00, 0x00, 0x00,
    0x00, 0x00, 0x00, 0x00, 0x00, 0x00, 0x00, 0x00, 0x00, 0x00, 0x00, 0x00, 0x00, 0x00, 0x00, 0x00,
    0x00, 0x00, 0x00, 0x00, 0x00, 0x00, 0x00, 0x00, 0x00, 0x00, 0x00, 0x00, 0x00, 0x00, 0x00, 0x00,
    0x00, 0x00, 0x00, 0x00, 0x00, 0x00, 0x00, 0x00, 0x00, 0x00, 0x00, 0x00, 0x00, 0x00, 0x00, 0x00,
    0x00, 0x00, 0x00, 0x00, 0x00, 0x00, 0x00, 0x00, 0x00, 0x00, 0x00, 0x00, 0x00, 0x00, 0x00, 0x00,
    0x00, 0x00, 0x00, 0x00, 0x00, 0x00, 0x00, 0x00, 0x00, 0x00, 0x00, 0x00, 0x00, 0x00, 0x00, 0x00,
    0x00, 0x00, 0x00, 0x00, 0x00, 0x00, 0x00, 0x00, 0x00, 0x00, 0x00, 0x00, 0x00, 0x00, 0x00, 0x00,
    0x00, 0x00, 0x00, 0x00, 0x00, 0x00, 0x00, 0x00, 0x00, 0x00, 0x00, 0x00, 0x00, 0x00, 0x00, 0x00,
    0x00, 0x00, 0x00, 0x00, 0x00, 0x00, 0x00, 0x00, 0x00, 0x00, 0x00, 0x00, 0x00, 0x00, 0x00, 0x00,
    0x00, 0x00, 0x00, 0x00, 0x00, 0x00, 0x00, 0x00, 0x00, 0x00, 0x00, 0x00, 0x00, 0x00, 0x00, 0x00,
    0x00, 0x00, 0x00, 0x00, 0x00, 0x00, 0x00, 0x00, 0x00, 0x00, 0x00, 0x00, 0x00, 0x00, 0x00, 0x00,
    0x00, 0x00, 0x00, 0x00, 0x00, 0x00, 0x00, 0x00, 0x00, 0x00, 0x00, 0x00, 0x00, 0x00, 0x00, 0x00,
    0x00, 0x00, 0x00, 0x00, 0x00, 0x00, 0x00, 0x00, 0x00, 0x00, 0x00, 0x00, 0x00, 0x00, 0x00, 0x00,
    0x00, 0x00, 0x00, 0x00, 0x00, 0x00, 0x00, 0x00, 0x00, 0x00, 0x00, 0x00, 0x00, 0x00, 0x00, 0x00,
    0x00, 0x00, 0x00, 0x00, 0x00, 0x00, 0x00, 0x00, 0x00, 0x00, 0x00, 0x00, 0x00, 0x00, 0x00, 0x00,
    0x00, 0x00, 0x00, 0x00, 0x00, 0x00, 0x00, 0x00, 0x00, 0x00, 0x00, 0x00, 0x00, 0x00, 0x00, 0x00,
    0x00, 0x00, 0x00, 0x00, 0x00, 0x00, 0x00, 0x00, 0x00, 0x00, 0x00, 0x00, 0x00, 0x00, 0x00, 0x00,
    0x00, 0x00, 0x00, 0x00, 0x00, 0x00, 0x00, 0x00, 0x00, 0x00, 0x00, 0x00, 0x00, 0x00, 0x00, 0x00,
    0x00, 0x00, 0x00, 0x00, 0x00, 0x00, 0x00, 0x00, 0x00, 0x00, 0x00, 0x00, 0x00, 0x00, 0x00, 0x00,
    0x00, 0x00, 0x00, 0x00, 0x00, 0x00, 0x00, 0x00, 0x00, 0x00, 0x00, 0x00, 0x00, 0x00, 0x00, 0x00,
    0x00, 0x00, 0x00, 0x00, 0x00, 0x00, 0x00, 0x00, 0x00, 0x00, 0x00, 0x00, 0x00, 0x00, 0x00, 0x00,
    0x00, 0x00, 0x00, 0x00, 0x00, 0x00, 0x00, 0x00, 0x00, 0x00, 0x00, 0x00, 0x00, 0x00, 0x00, 0x00,
    0x00, 0x00, 0x00, 0x00, 0x00, 0x00, 0x00, 0x00, 0x00, 0x00, 0x00, 0x00, 0x00, 0x00, 0x00, 0x00,
    0x00, 0x00, 0x00, 0x00, 0x00, 0x00, 0x00, 0x00, 0x00, 0x00, 0x00, 0x00, 0x00, 0x00, 0x00, 0x00,
    0x00, 0x00, 0x00, 0x00, 0x00, 0x00, 0x00, 0x00, 0x00, 0x00, 0x00, 0x00, 0x00, 0x00, 0x00, 0x00,
    0x00, 0x00, 0x00, 0x00, 0x00, 0x00, 0x00, 0x00, 0x00, 0x00, 0x00, 0x00, 0x00, 0x00, 0x00, 0x00,
    0x00, 0x00, 0x00, 0x00, 0x00, 0x00, 0x00, 0x00, 0x00, 0x00, 0x00, 0x00, 0x00, 0x00, 0x00, 0x00,
    0x00, 0x00, 0x00, 0x00, 0x00, 0x00, 0x00, 0x00, 0x00, 0x00, 0x00, 0x00, 0x00, 0x00, 0x00, 0x00,
    0x00, 0x00, 0x00, 0x00, 0x00, 0x00, 0x00, 0x00, 0x00, 0x00, 0x00, 0x00, 0x00, 0x00, 0x00, 0x00,
    0x00, 0x00, 0x00, 0x00, 0x00, 0x00, 0x00, 0x00, 0x00, 0x00, 0x00, 0x00, 0x00, 0x00, 0x00, 0x00,
    0x00, 0x00, 0x00, 0x00, 0x00, 0x00, 0x00, 0x00, 0x00, 0x00, 0x00, 0x00, 0x00, 0x00, 0x00, 0x00,
    0x00, 0x00, 0x00, 0x00, 0x00, 0x00, 0x00, 0x00, 0x00, 0x00, 0x00, 0x00, 0x00, 0x00, 0x00, 0x00,
    0x00, 0x00, 0x00, 0x00, 0x00, 0x00, 0x00, 0x00, 0x00, 0x00, 0x00, 0x00, 0x00, 0x00, 0x00, 0x00,
    0x00, 0x00, 0x00, 0x00, 0x00, 0x00, 0x00, 0x00, 0x00, 0x00, 0x00, 0x00, 0x00, 0x00, 0x00, 0x00,
    0x00, 0x00, 0x00, 0x00, 0x00, 0x00, 0x00, 0x00, 0x00, 0x00, 0x00, 0x00, 0x00, 0x00, 0x00, 0x00,
    0x0f, 0x00, 0x00, 0x00, 0x3a, 0x06, 0x00, 0x40, 0x00, 0xfe, 0xff, 0xbf, 0xf7, 0xdd, 0xff, 0xff,
    0xff, 0xf6, 0xbf, 0xff, 0xfb, 0xfd, 0xbd, 0xfd, 0xff, 0xff, 0xff, 0xff, 0xff, 0x9f, 0x97, 0xf1,
    0xdf, 0xdf, 0xdf, 0xff, 0xfd, 0x1b, 0xd9, 0xff, 0xff, 0xff, 0xff, 0xff, 0xff, 0xff, 0xff, 0xff,
    0xfe, 0xff, 0xff, 0xff, 0xff, 0xfd, 0xff, 0xbd, 0xfb, 0xff, 0xff, 0x5f, 0x29, 0xfb, 0x4b, 0xd2,
    0xff, 0xdf, 0xff, 0xff, 0xff, 0xff, 0x6f, 0x3f, 0xff, 0xff, 0xff, 0xff, 0xff, 0xff, 0xff, 0xff,
    0xff, 0xff, 0xff, 0xff, 0xff, 0xf7, 0x6f, 0xfb, 0xcf, 0x0c, 0x08, 0xd0, 0xdd, 0x04, 0x31, 0x04,
    0x81, 0x24, 0x4a, 0x26, 0x49, 0x32, 0x41, 0x40, 0x00, 0x38, 0x00, 0x90, 0xbf, 0xff, 0xfe, 0xff,
    0xff, 0xf7, 0xff, 0xff, 0xfd, 0xff, 0xdf, 0xff, 0xff, 0xfe, 0xff, 0xef, 0xff, 0xdf, 0xff, 0xff,
    0xfd, 0xff, 0xfb, 0xff, 0x7f, 0xff, 0xff, 0xfe, 0xff, 0xf7, 0xff, 0xef, 0xff, 0xff, 0xfe, 0xff,
    0xfd, 0xff, 0xdf, 0xff, 0xbf, 0xff, 0xff, 0xfb, 0xff, 0xf7, 0xff, 0x7f, 0xff, 0xff, 0xfe, 0xff,
    0xdf, 0xff, 0xff, 0xfe, 0xff, 0xfb, 0xfd, 0xdf, 0xff, 0xfd, 0xff, 0xff, 0xf7, 0xff, 0xfb, 0xff,
    0xfb, 0xff, 0xfd, 0xff, 0xfb, 0xff, 0xf7, 0x7f, 0x77, 0xff, 0xff, 0xff, 0xff, 0xff, 0x4b, 0x07,
    0x09, 0x09, 0x05, 0xdc, 0xbd, 0x64, 0x9d, 0x75, 0xd6, 0x59, 0x67, 0x9d, 0x75, 0xd6, 0x6c, 0x01,
    0x01, 0x0b, 0x04, 0x0a, 0xf8, 0x00, 0x04, 0x00, 0x00, 0x00, 0x41, 0x00, 0x00, 0x04, 0x00, 0x00,
    0x01, 0x0b, 0x04, 0x0a, 0xf8, 0x00, 0x04, 0x00, 0x00, 0x00, 0x81, 0x15, 0x05, 0x02, 0x00, 0x00,
    0x02, 0x22, 0x08, 0x06, 0xfa, 0x00, 0x42, 0x00, 0x00, 0x00, 0x01, 0x01, 0x40, 0x00, 0x02, 0x00,
    0x00, 0x00, 0x00, 0x00, 0x00, 0x00, 0x00, 0x00, 0x00, 0x00, 0x00, 0x00, 0x38, 0x00, 0x00, 0x00,
    0x01, 0x0b, 0x04, 0x0a, 0xf8, 0x00, 0x04, 0x00, 0x00, 0x00, 0x01, 0x00, 0x01, 0x02, 0x00, 0x00,
    0x02, 0x22, 0x08, 0x06, 0xfa, 0x00, 0x42, 0x00, 0x00, 0x00, 0x01, 0x02, 0x40, 0x00, 0x02, 0x00,
    0x00, 0x00, 0x00, 0x00, 0x00, 0x00, 0x00, 0x00, 0x00, 0x00, 0x00, 0x00, 0x54, 0x00, 0x00, 0x00,
    0x01, 0x0b, 0x04, 0x0a, 0xf8, 0x00, 0x04, 0x00, 0x00, 0x00, 0x01, 0x21, 0x06, 0x02, 0x00, 0x00,
    0x02, 0x22, 0x08, 0x06, 0xfa, 0x00, 0x42, 0x00, 0x00, 0x00, 0x41, 0x01, 0x40, 0x00, 0x02, 0x00,
    0x00, 0x00, 0x00, 0x00, 0x00, 0x00, 0x00, 0x00, 0x00, 0x00, 0x00, 0x00, 0x64, 0x00, 0x00, 0x00,
    0x02, 0x22, 0x08, 0x06, 0xfa, 0x00, 0x42, 0x00, 0x00, 0x00, 0x41, 0x02, 0x40, 0x00, 0x02, 0x00,
    0x00, 0x00, 0x00, 0x00, 0x00, 0x00, 0x00, 0x00, 0x00, 0x00, 0x00, 0x00, 0x30, 0x00, 0x00, 0x00,
    0x02, 0x22, 0x08, 0x06, 0xfa, 0x00, 0x52, 0x00, 0x00, 0x00, 0x83, 0x01, 0x40, 0x00, 0x02, 0x00,
    0x00, 0x00, 0x00, 0x00, 0x00, 0x00, 0x00, 0x00, 0x00, 0x00, 0x00, 0x00, 0x10, 0x00, 0x00, 0x00,
    0x02, 0x22, 0x0e, 0x06, 0x10, 0x00, 0x52, 0x00, 0x00, 0x00, 0x03, 0x05, 0x40, 0x00, 0x02, 0x00,
    0x00, 0x00, 0x00, 0x00, 0x00, 0x00, 0x00, 0x00, 0x00, 0x00, 0x00, 0x00, 0x20, 0x00, 0x00, 0x00,
    0x02, 0x22, 0x0e, 0x06, 0x28, 0x00, 0x52, 0x00, 0x00, 0x00, 0x83, 0x05, 0x40, 0x00, 0x02, 0x00,
    0x00, 0x00, 0x00, 0x00, 0x00, 0x00, 0x00, 0x00, 0x00, 0x00, 0x00, 0x00, 0x20, 0x00, 0x00, 0x00,
    0x02, 0x22, 0x0e, 0x06, 0x00, 0x00, 0x52, 0x00, 0x00, 0x00, 0x03, 0x06, 0x40, 0x00, 0x02, 0x00,
    0x00, 0x00, 0x00, 0x00, 0x00, 0x00, 0x00, 0x00, 0x00, 0x00, 0x00, 0x00, 0x20, 0x00, 0x00, 0x00,
    0x02, 0x22, 0x0e, 0x06, 0x20, 0x00, 0x52, 0x00, 0x00, 0x00, 0x83, 0x06, 0x40, 0x00, 0x02, 0x00,
    0x00, 0x00, 0x00, 0x00, 0x00, 0x00, 0x00, 0x00, 0x00, 0x00, 0x00, 0x00, 0x20, 0x00, 0x00, 0x00,
    0x01, 0x0b, 0x0e, 0x0a, 0xfa, 0x00, 0x05, 0x00, 0x00, 0x00, 0x83, 0x01, 0x39, 0x04, 0x00, 0x00,
    0x02, 0x22, 0x0e, 0x06, 0x08, 0x00, 0x52, 0x00, 0x00, 0x00, 0x83, 0x04, 0x40, 0x00, 0x02, 0x00,
    0x00, 0x00, 0x00, 0x00, 0x00, 0x00, 0x00, 0x00, 0x00, 0x00, 0x00, 0x00, 0x20, 0x00, 0x00, 0x00,
    0x02, 0x22, 0x0e, 0x06, 0x18, 0x00, 0x52, 0x00, 0x00, 0x00, 0x83, 0x04, 0x40, 0x00, 0x02, 0x00,
    0x00, 0x00, 0x00, 0x00, 0x00, 0x00, 0x00, 0x00, 0x00, 0x00, 0x00, 0x00, 0x20, 0x00, 0x00, 0x00,
    0x02, 0x22, 0x0e, 0x06, 0x01, 0x00, 0x52, 0x00, 0x00, 0x00, 0x03, 0x0b, 0x40, 0x00, 0x02, 0x00,
    0x00, 0x00, 0x00, 0x00, 0x00, 0x00, 0x00, 0x00, 0x00, 0x00, 0x00, 0x00, 0x20, 0x00, 0x00, 0x00,
    0x02, 0x22, 0x0e, 0x06, 0xf8, 0x00, 0x42, 0x00, 0x00, 0x00, 0xc1, 0x02, 0x40, 0x00, 0x02, 0x00,
    0x00, 0x00, 0x00, 0x00, 0x00, 0x00, 0x00, 0x00, 0x00, 0x00, 0x00, 0x00, 0x34, 0x00, 0x00, 0x00,
    0x01, 0x0b, 0x0c, 0x0a, 0x01, 0x00, 0x05, 0x00, 0x00, 0x00, 0x83, 0x05, 0xff, 0x0f, 0x00, 0x00,
    0x02, 0x22, 0x0e, 0x06, 0x30, 0x00, 0x52, 0x00, 0x00, 0x00, 0x83, 0x04, 0x40, 0x00, 0x02, 0x00,
    0x00, 0x00, 0x00, 0x00, 0x00, 0x00, 0x00, 0x00, 0x00, 0x00, 0x00, 0x00, 0x20, 0x00, 0x00, 0x00,
    0x02, 0x22, 0x08, 0x06, 0xfa, 0x00, 0x42, 0x00, 0x00, 0x00, 0x01, 0x01, 0x40, 0x00, 0x02, 0x00,
    0x00, 0x00, 0x00, 0x00, 0x00, 0x00, 0x00, 0x00, 0x00, 0x00, 0x00, 0x00, 0x68, 0x00, 0x00, 0x00,
    0x02, 0x22, 0x08, 0x06, 0xfa, 0x00, 0x42, 0x00, 0x00, 0x00, 0x41, 0x01, 0x40, 0x00, 0x02, 0x00,
    0x00, 0x00, 0x00, 0x00, 0x00, 0x00, 0x00, 0x00, 0x00, 0x00, 0x00, 0x00, 0x60, 0x00, 0x00, 0x00,
    0x02, 0x22, 0x0e, 0x06, 0xf8, 0x00, 0x42, 0x00, 0x00, 0x00, 0xc1, 0x01, 0x40, 0x00, 0x02, 0x00,
    0x00, 0x00, 0x00, 0x00, 0x00, 0x00, 0x00, 0x00, 0x00, 0x00, 0x00, 0x00, 0x48, 0x00, 0x00, 0x00,
    0x01, 0x0b, 0x04, 0x0a, 0xf8, 0x00, 0x04, 0x00, 0x00, 0x00, 0xc1, 0x00, 0x04, 0x02, 0x00, 0x00,
    0x01, 0x0b, 0x0c, 0x0a, 0x11, 0x00, 0x05, 0x00, 0x00, 0x00, 0x03, 0x06, 0xff, 0x0f, 0x00, 0x00,
    0x01, 0x0b, 0x0c, 0x0a, 0x11, 0x00, 0x05, 0x00, 0x00, 0x00, 0x83, 0x06, 0xff, 0x0f, 0x00, 0x00,
    0x01, 0x0b, 0x0c, 0x0a, 0x01, 0x00, 0x05, 0x00, 0x00, 0x00, 0x03, 0x05, 0xff, 0x0f, 0x00, 0x00,
    0x01, 0x0b, 0x0c, 0x0a, 0x29, 0x00, 0x05, 0x00, 0x00, 0x00, 0x03, 0x07, 0xff, 0x0f, 0x00, 0x00,
    0x01, 0x0b, 0x0c, 0x0a, 0x29, 0x00, 0x05, 0x00, 0x00, 0x00, 0x83, 0x07, 0xff, 0x0f, 0x00, 0x00,
    0x02, 0x22, 0x0e, 0x06, 0x10, 0x00, 0x52, 0x00, 0x00, 0x00, 0x03, 0x12, 0x40, 0x00, 0x02, 0x00,
    0x00, 0x00, 0x00, 0x00, 0x00, 0x00, 0x00, 0x00, 0x00, 0x00, 0x00, 0x00, 0x00, 0x00, 0x00, 0x00,
    0x02, 0x22, 0x0e, 0x06, 0x10, 0x00, 0x52, 0x00, 0x00, 0x00, 0x83, 0x11, 0x40, 0x00, 0x02, 0x00,
    0x00, 0x00, 0x00, 0x00, 0x00, 0x00, 0x00, 0x00, 0x00, 0x00, 0x00, 0x00, 0x00, 0x00, 0x00, 0x00,
    0x02, 0x22, 0x0e, 0x06, 0x10, 0x00, 0x52, 0x00, 0x00, 0x00, 0x03, 0x14, 0x40, 0x00, 0x02, 0x00,
    0x00, 0x00, 0x00, 0x00, 0x00, 0x00, 0x00, 0x00, 0x00, 0x00, 0x00, 0x00, 0x00, 0x00, 0x00, 0x00,
    0x02, 0x22, 0x08, 0x06, 0xfa, 0x00, 0x42, 0x00, 0x00, 0x00, 0x01, 0x01, 0x40, 0x00, 0x02, 0x00,
    0x00, 0x00, 0x00, 0x00, 0x00, 0x00, 0x00, 0x00, 0x00, 0x00, 0x00, 0x00, 0x3c, 0x00, 0x00, 0x00,
    0x02, 0x22, 0x0e, 0x06, 0x10, 0x00, 0x52, 0x00, 0x00, 0x00, 0x03, 0x0f, 0x40, 0x00, 0x02, 0x00,
    0x00, 0x00, 0x00, 0x00, 0x00, 0x00, 0x00, 0x00, 0x00, 0x00, 0x00, 0x00, 0x00, 0x00, 0x00, 0x00,
    0x01, 0x0b, 0x0c, 0x0a, 0x19, 0x00, 0x05, 0x00, 0x00, 0x00, 0x03, 0x0a, 0xff, 0x0f, 0x00, 0x00,
    0x01, 0x0b, 0x0c, 0x0a, 0x19, 0x00, 0x05, 0x00, 0x00, 0x00, 0x83, 0x0a, 0xff, 0x0f, 0x00, 0x00,
    0x01, 0x0b, 0x0c, 0x0a, 0x31, 0x00, 0x05, 0x00, 0x00, 0x00, 0x03, 0x0c, 0xff, 0x0f, 0x00, 0x00,
    0x01, 0x0b, 0x0c, 0x0a, 0x31, 0x00, 0x05, 0x00, 0x00, 0x00, 0x83, 0x0c, 0xff, 0x0f, 0x00, 0x00,
    0x02, 0x22, 0x0e, 0x06, 0x10, 0x00, 0x52, 0x00, 0x00, 0x00, 0x03, 0x0d, 0x40, 0x00, 0x02, 0x00,
    0x00, 0x00, 0x00, 0x00, 0x00, 0x00, 0x00, 0x00, 0x00, 0x00, 0x00, 0x00, 0x00, 0x00, 0x00, 0x00,
    0x02, 0x22, 0x0e, 0x06, 0x10, 0x00, 0x52, 0x00, 0x00, 0x00, 0x83, 0x0f, 0x40, 0x00, 0x02, 0x00,
    0x00, 0x00, 0x00, 0x00, 0x00, 0x00, 0x00, 0x00, 0x00, 0x00, 0x00, 0x00, 0x00, 0x00, 0x00, 0x00,
    0x02, 0x22, 0x0e, 0x06, 0x10, 0x00, 0x52, 0x00, 0x00, 0x00, 0x03, 0x0e, 0x40, 0x00, 0x02, 0x00,
    0x00, 0x00, 0x00, 0x00, 0x00, 0x00, 0x00, 0x00, 0x00, 0x00, 0x00, 0x00, 0x00, 0x00, 0x00, 0x00,
    0x01, 0x0b, 0x0c, 0x0a, 0x09, 0x00, 0x05, 0x00, 0x00, 0x00, 0x83, 0x09, 0xff, 0x0f, 0x00, 0x00,
    0x02, 0x22, 0x0e, 0x06, 0x10, 0x00, 0x52, 0x00, 0x00, 0x00, 0x83, 0x0d, 0x40, 0x00, 0x02, 0x00,
    0x00, 0x00, 0x00, 0x00, 0x00, 0x00, 0x00, 0x00, 0x00, 0x00, 0x00, 0x00, 0x00, 0x00, 0x00, 0x00,
    0x02, 0x22, 0x0e, 0x06, 0x09, 0x00, 0x52, 0x00, 0x00, 0x00, 0x83, 0x0e, 0x40, 0x00, 0x02, 0x00,
    0x00, 0x00, 0x00, 0x00, 0x00, 0x00, 0x00, 0x00, 0x00, 0x00, 0x00, 0x00, 0x28, 0x00, 0x00, 0x00,
    0x02, 0x22, 0x0e, 0x06, 0x01, 0x00, 0x52, 0x00, 0x00, 0x00, 0x03, 0x0f, 0x40, 0x00, 0x02, 0x00,
    0x00, 0x00, 0x00, 0x00, 0x00, 0x00, 0x00, 0x00, 0x00, 0x00, 0x00, 0x00, 0x28, 0x00, 0x00, 0x00,
    0x01, 0x0b, 0x0c, 0x0a, 0xf8, 0x00, 0x05, 0x00, 0x00, 0x00, 0x03, 0x0e, 0xff, 0x0f, 0x00, 0x00,
    0x01, 0x0b, 0x0c, 0x0a, 0xf8, 0x00, 0x05, 0x00, 0x00, 0x00, 0x83, 0x0e, 0xff, 0x0f, 0x00, 0x00,
    0x01, 0x0b, 0x0c, 0x0a, 0xf8, 0x00, 0x05, 0x00, 0x00, 0x00, 0x03, 0x0f, 0xff, 0x0f, 0x00, 0x00,
    0x01, 0x0b, 0x0c, 0x0a, 0xf8, 0x00, 0x05, 0x00, 0x00, 0x00, 0x83, 0x0f, 0xff, 0x0f, 0x00, 0x00,
    0x01, 0x0b, 0x0c, 0x0a, 0xf8, 0x00, 0x05, 0x00, 0x00, 0x00, 0x83, 0x10, 0xff, 0x0f, 0x00, 0x00,
    0x01, 0x0b, 0x0c, 0x0a, 0xf8, 0x00, 0x05, 0x00, 0x00, 0x00, 0x03, 0x0d, 0xff, 0x0f, 0x00, 0x00,
    0x01, 0x0b, 0x0c, 0x0a, 0xf8, 0x00, 0x05, 0x00, 0x00, 0x00, 0x83, 0x0d, 0xff, 0x0f, 0x00, 0x00,
    0x01, 0x0b, 0x0c, 0x0a, 0xf8, 0x00, 0x05, 0x00, 0x00, 0x00, 0x83, 0x13, 0xff, 0x0f, 0x00, 0x00,
    0x01, 0x0b, 0x0c, 0x0a, 0xf8, 0x00, 0x05, 0x00, 0x00, 0x00, 0x83, 0x11, 0xff, 0x0f, 0x00, 0x00,
    0x01, 0x0b, 0x0c, 0x0a, 0xf8, 0x00, 0x05, 0x00, 0x00, 0x00, 0x03, 0x14, 0xff, 0x0f, 0x00, 0x00,
    0x01, 0x0b, 0x0c, 0x0a, 0xf8, 0x00, 0x05, 0x00, 0x00, 0x00, 0x83, 0x15, 0xff, 0x0f, 0x00, 0x00,
    0x01, 0x0b, 0x0c, 0x0a, 0xf8, 0x00, 0x05, 0x00, 0x00, 0x00, 0x83, 0x14, 0xff, 0x0f, 0x00, 0x00,
    0x01, 0x0b, 0x0c, 0x0a, 0xf8, 0x00, 0x05, 0x00, 0x00, 0x00, 0x03, 0x16, 0xff, 0x0f, 0x00, 0x00,
    0x01, 0x0b, 0x0c, 0x0a, 0xf8, 0x00, 0x05, 0x00, 0x00, 0x00, 0x03, 0x12, 0xff, 0x0f, 0x00, 0x00,
    0x01, 0x0b, 0x0c, 0x0a, 0xf8, 0x00, 0x05, 0x00, 0x00, 0x00, 0x83, 0x16, 0xff, 0x0f, 0x00, 0x00,
    0x01, 0x0b, 0x0c, 0x0a, 0xf8, 0x00, 0x05, 0x00, 0x00, 0x00, 0x03, 0x15, 0xff, 0x0f, 0x00, 0x00,
    0x01, 0x0b, 0x06, 0x0a, 0xfa, 0x00, 0x04, 0x00, 0x00, 0x00, 0x41, 0x01, 0x2c, 0x02, 0x00, 0x00,
    0x42, 0x2a, 0x02, 0x06, 0x42, 0x2a, 0x02, 0x06, 0x01, 0x0b, 0x0c, 0x0a, 0x30, 0x00, 0x05, 0x00,
    0x00, 0x00, 0x03, 0x0b, 0xff, 0x0f, 0x00, 0x00, 0x01, 0x0b, 0x0c, 0x0a, 0x30, 0x00, 0x05, 0x00,
    0x00, 0x00, 0x83, 0x0b, 0xff, 0x0f, 0x00, 0x00, 0x01, 0x47, 0x5a, 0x16, 0xf8, 0x00, 0x04, 0x00,
    0x00, 0x00, 0x00, 0x00, 0x01, 0x00, 0x00, 0x00, 0x42, 0x5b, 0x02, 0x06, 0x42, 0x5b, 0x02, 0x06,
    0x42, 0x5b, 0x02, 0x06, 0x42, 0x5b, 0x02, 0x06, 0x02, 0x5a, 0x00, 0x26, 0xf8, 0x00, 0x81, 0x92,
    0x02, 0x00, 0x00, 0x00, 0x07, 0x13, 0x06, 0x05, 0x00, 0x02, 0x07, 0xc0, 0xff, 0x00, 0xf8, 0x00,
    0x00, 0x00, 0x00, 0x00, 0x00, 0x00, 0x00, 0x00, 0x42, 0x5b, 0x02, 0x06, 0x02, 0x5a, 0x00, 0x26,
    0xf8, 0x00, 0x81, 0x92, 0x02, 0x00, 0x00, 0x00, 0x07, 0x07, 0x06, 0x05, 0x00, 0x82, 0x07, 0xc0,
    0xff, 0x00, 0xf8, 0x00, 0x00, 0x00, 0x00, 0x00, 0x00, 0x00, 0x00, 0x00, 0x02, 0x5a, 0x00, 0x26,
    0xf8, 0x00, 0x81, 0x92, 0x02, 0x00, 0x00, 0x00, 0x07, 0x16, 0x06, 0x05, 0x00, 0x02, 0x0f, 0xc0,
    0xff, 0x00, 0xf8, 0x00, 0x00, 0x00, 0x00, 0x00, 0x00, 0x00, 0x00, 0x00, 0x42, 0x5b, 0x02, 0x06,
    0x42, 0x5b, 0x02, 0x06, 0x02, 0x5a, 0x00, 0x26, 0xf8, 0x00, 0x81, 0x92, 0x02, 0x00, 0x00, 0x00,
    0x07, 0x1d, 0x06, 0x05, 0x00, 0x02, 0x0e, 0xc0, 0xff, 0x00, 0xf8, 0x00, 0x00, 0x00, 0x00, 0x00,
    0x00, 0x00, 0x00, 0x00, 0x42, 0x5b, 0x02, 0x06, 0x42, 0x5b, 0x02, 0x06, 0x02, 0x5a, 0x00, 0x26,
    0xf8, 0x00, 0x81, 0x92, 0x02, 0x00, 0x00, 0x00, 0x07, 0x06, 0x06, 0x05, 0x00, 0x02, 0x08, 0xc0,
    0xff, 0x00, 0xf8, 0x00, 0x00, 0x00, 0x00, 0x00, 0x00, 0x00, 0x00, 0x00, 0x02, 0x5a, 0x00, 0x26,
    0xf8, 0x00, 0x81, 0x92, 0x02, 0x00, 0x00, 0x00, 0x07, 0x09, 0x06, 0x05, 0x00, 0x02, 0x0a, 0xc0,
    0xff, 0x00, 0xf8, 0x00, 0x00, 0x00, 0x00, 0x00, 0x00, 0x00, 0x00, 0x00, 0x02, 0x5a, 0x00, 0x26,
    0xf8, 0x00, 0x81, 0x92, 0x02, 0x00, 0x00, 0x00, 0x07, 0x0f, 0x06, 0x05, 0x00, 0x82, 0x0f, 0xc0,
    0xff, 0x00, 0xf8, 0x00, 0x00, 0x00, 0x00, 0x00, 0x00, 0x00, 0x00, 0x00, 0x02, 0x5a, 0x00, 0x26,
    0xf8, 0x00, 0x81, 0x92, 0x02, 0x00, 0x00, 0x00, 0x07, 0x0e, 0x06, 0x05, 0x00, 0x82, 0x0e, 0xc0,
    0xff, 0x00, 0xf8, 0x00, 0x00, 0x00, 0x00, 0x00, 0x00, 0x00, 0x00, 0x00, 0x02, 0x5a, 0x00, 0x26,
    0xf8, 0x00, 0x81, 0x92, 0x02, 0x00, 0x00, 0x00, 0x07, 0x08, 0x06, 0x05, 0x00, 0x82, 0x08, 0xc0,
    0xff, 0x00, 0xf8, 0x00, 0x00, 0x00, 0x00, 0x00, 0x00, 0x00, 0x00, 0x00, 0x02, 0x5a, 0x00, 0x26,
    0xf8, 0x00, 0x81, 0x92, 0x02, 0x00, 0x00, 0x00, 0x07, 0x0a, 0x06, 0x05, 0x00, 0x82, 0x0a, 0xc0,
    0xff, 0x00, 0xf8, 0x00, 0x00, 0x00, 0x00, 0x00, 0x00, 0x00, 0x00, 0x00, 0x02, 0x5a, 0x00, 0x26,
    0xf8, 0x00, 0x81, 0x92, 0x02, 0x00, 0x00, 0x00, 0x07, 0x0b, 0x06, 0x05, 0x00, 0x02, 0x0d, 0xc0,
    0xff, 0x00, 0xf8, 0x00, 0x00, 0x00, 0x00, 0x00, 0x00, 0x00, 0x00, 0x00, 0x02, 0x5a, 0x00, 0x26,
    0xf8, 0x00, 0x81, 0x92, 0x02, 0x00, 0x00, 0x00, 0x07, 0x13, 0x06, 0x11, 0x00, 0x02, 0x0c, 0x06,
    0x13, 0x00, 0xf8, 0x00, 0x00, 0x00, 0x00, 0x00, 0x00, 0x00, 0x00, 0x00, 0x02, 0x5a, 0x00, 0x26,
    0xf8, 0x00, 0x81, 0x92, 0x02, 0x00, 0x00, 0x00, 0x07, 0x05, 0x06, 0x05, 0x00, 0x82, 0x0d, 0xc0,
    0xff, 0x00, 0xf8, 0x00, 0x00, 0x00, 0x00, 0x00, 0x00, 0x00, 0x00, 0x00, 0x02, 0x5a, 0x00, 0x26,
    0xf8, 0x00, 0x81, 0x92, 0x02, 0x00, 0x00, 0x00, 0x07, 0x0c, 0x06, 0x11, 0x00, 0x82, 0x0c, 0x06,
    0x07, 0x00, 0xf8, 0x00, 0x00, 0x00, 0x00, 0x00, 0x00, 0x00, 0x00, 0x00, 0x02, 0x5a, 0x00, 0x26,
    0xf8, 0x00, 0x81, 0x92, 0x02, 0x00, 0x00, 0x00, 0x07, 0x1d, 0x06, 0x11, 0x00, 0x02, 0x10, 0x06,
    0x1d, 0x00, 0xf8, 0x00, 0x00, 0x00, 0x00, 0x00, 0x00, 0x00, 0x00, 0x00, 0x02, 0x5a, 0x00, 0x26,
    0xf8, 0x00, 0x81, 0x92, 0x02, 0x00, 0x00, 0x00, 0x07, 0x10, 0x06, 0x11, 0x00, 0x82, 0x10, 0x06,
    0x0e, 0x00, 0xf8, 0x00, 0x00, 0x00, 0x00, 0x00, 0x00, 0x00, 0x00, 0x00, 0x02, 0x5a, 0x00, 0x26,
    0xf8, 0x00, 0x81, 0x92, 0x02, 0x00, 0x00, 0x00, 0x07, 0x16, 0x06, 0x11, 0x00, 0x02, 0x04, 0x06,
    0x16, 0x00, 0xf8, 0x00, 0x00, 0x00, 0x00, 0x00, 0x00, 0x00, 0x00, 0x00, 0x02, 0x5a, 0x00, 0x26,
    0xf8, 0x00, 0x81, 0x92, 0x02, 0x00, 0x00, 0x00, 0x07, 0x04, 0x06, 0x11, 0x00, 0x82, 0x04, 0x06,
    0x0f, 0x00, 0xf8, 0x00, 0x00, 0x00, 0x00, 0x00, 0x00, 0x00, 0x00, 0x00, 0x02, 0x5a, 0x00, 0x26,
    0xf8, 0x00, 0x81, 0x92, 0x02, 0x00, 0x00, 0x00, 0x07, 0x09, 0x06, 0x11, 0x00, 0x02, 0x0d, 0x06,
    0x09, 0x00, 0xf8, 0x00, 0x00, 0x00, 0x00, 0x00, 0x00, 0x00, 0x00, 0x00, 0x02, 0x5a, 0x00, 0x26,
    0xf8, 0x00, 0x81, 0x92, 0x02, 0x00, 0x00, 0x00, 0x07, 0x06, 0x06, 0x11, 0x00, 0x02, 0x07, 0x06,
    0x06, 0x00, 0xf8, 0x00, 0x00, 0x00, 0x00, 0x00, 0x00, 0x00, 0x00, 0x00, 0x02, 0x5a, 0x00, 0x26,
    0xf8, 0x00, 0x81, 0x92, 0x02, 0x00, 0x00, 0x00, 0x07, 0x08, 0x06, 0x11, 0x00, 0x82, 0x07, 0x06,
    0x08, 0x00, 0xf8, 0x00, 0x00, 0x00, 0x00, 0x00, 0x00, 0x00, 0x00, 0x00, 0x42, 0x5b, 0x02, 0x06,
    0x02, 0x5a, 0x00, 0x26, 0xf8, 0x00, 0x81, 0x92, 0x02, 0x00, 0x00, 0x00, 0x07, 0x0a, 0x06, 0x11,
    0x00, 0x82, 0x0d, 0x06, 0x0a, 0x00, 0xf8, 0x00, 0x00, 0x00, 0x00, 0x00, 0x00, 0x00, 0x00, 0x00,
    0x02, 0x5a, 0x00, 0x26, 0xf8, 0x00, 0x81, 0x92, 0x02, 0x00, 0x00, 0x00, 0x07, 0x0b, 0x06, 0x11,
    0x00, 0x02, 0x1a, 0x06, 0x0b, 0x00, 0xf8, 0x00, 0x00, 0x00, 0x00, 0x00, 0x00, 0x00, 0x00, 0x00,
    0x02, 0x5a, 0x00, 0x26, 0xf8, 0x00, 0x81, 0x92, 0x02, 0x00, 0x00, 0x00, 0x07, 0x13, 0x06, 0x0e,
    0x00, 0x02, 0x19, 0x06, 0x13, 0x00, 0xf8, 0x00, 0x00, 0x00, 0x00, 0x00, 0x00, 0x00, 0x00, 0x00,
    0x02, 0x5a, 0x00, 0x26, 0xf8, 0x00, 0x81, 0x92, 0x02, 0x00, 0x00, 0x00, 0x07, 0x11, 0x06, 0x11,
    0x00, 0x82, 0x1a, 0x06, 0x05, 0x00, 0xf8, 0x00, 0x00, 0x00, 0x00, 0x00, 0x00, 0x00, 0x00, 0x00,
    0x02, 0x5a, 0x00, 0x26, 0xf8, 0x00, 0x81, 0x92, 0x02, 0x00, 0x00, 0x00, 0x07, 0x0c, 0x06, 0x0e,
    0x00, 0x82, 0x19, 0x06, 0x0c, 0x00, 0xf8, 0x00, 0x00, 0x00, 0x00, 0x00, 0x00, 0x00, 0x00, 0x00,
    0x42, 0x5b, 0x02, 0x06, 0x02, 0x5a, 0x00, 0x26, 0xf8, 0x00, 0x81, 0x92, 0x02, 0x00, 0x00, 0x00,
    0x07, 0x16, 0x06, 0x0e, 0x00, 0x02, 0x07, 0x06, 0x16, 0x00, 0xf8, 0x00, 0x00, 0x00, 0x00, 0x00,
    0x00, 0x00, 0x00, 0x00, 0x02, 0x5a, 0x00, 0x26, 0xf8, 0x00, 0x81, 0x92, 0x02, 0x00, 0x00, 0x00,
    0x07, 0x04, 0x06, 0x0e, 0x00, 0x82, 0x07, 0x06, 0x04, 0x00, 0xf8, 0x00, 0x00, 0x00, 0x00, 0x00,
    0x00, 0x00, 0x00, 0x00, 0x02, 0x5a, 0x00, 0x26, 0xf8, 0x00, 0x81, 0x92, 0x02, 0x00, 0x00, 0x00,
    0x07, 0x1d, 0x06, 0x0e, 0x00, 0x02, 0x18, 0x06, 0x1d, 0x00, 0xf8, 0x00, 0x00, 0x00, 0x00, 0x00,
    0x00, 0x00, 0x00, 0x00, 0x02, 0x5a, 0x00, 0x26, 0xf8, 0x00, 0x81, 0x92, 0x02, 0x00, 0x00, 0x00,
    0x07, 0x10, 0x06, 0x0e, 0x00, 0x82, 0x18, 0x06, 0x10, 0x00, 0xf8, 0x00, 0x00, 0x00, 0x00, 0x00,
    0x00, 0x00, 0x00, 0x00, 0x42, 0x5b, 0x02, 0x06, 0x02, 0x5a, 0x00, 0x26, 0xf8, 0x00, 0x81, 0x92,
    0x02, 0x00, 0x00, 0x00, 0x07, 0x06, 0x06, 0x0e, 0x00, 0x02, 0x14, 0x06, 0x06, 0x00, 0xf8, 0x00,
    0x00, 0x00, 0x00, 0x00, 0x00, 0x00, 0x00, 0x00, 0x02, 0x5a, 0x00, 0x26, 0xf8, 0x00, 0x81, 0x92,
    0x02, 0x00, 0x00, 0x00, 0x07, 0x08, 0x06, 0x0e, 0x00, 0x82, 0x14, 0x06, 0x08, 0x00, 0xf8, 0x00,
    0x00, 0x00, 0x00, 0x00, 0x00, 0x00, 0x00, 0x00, 0x02, 0x5a, 0x00, 0x26, 0xf8, 0x00, 0x81, 0x92,
    0x02, 0x00, 0x00, 0x00, 0x07, 0x09, 0x06, 0x0e, 0x00, 0x02, 0x12, 0x06, 0x09, 0x00, 0xf8, 0x00,
    0x00, 0x00, 0x00, 0x00, 0x00, 0x00, 0x00, 0x00, 0x02, 0x5a, 0x00, 0x26, 0xf8, 0x00, 0x81, 0x92,
    0x02, 0x00, 0x00, 0x00, 0x07, 0x0a, 0x06, 0x0e, 0x00, 0x82, 0x12, 0x06, 0x0a, 0x00, 0xf8, 0x00,
    0x00, 0x00, 0x00, 0x00, 0x00, 0x00, 0x00, 0x00, 0x42, 0x5b, 0x02, 0x06, 0x02, 0x5a, 0x00, 0x26,
    0xf8, 0x00, 0x81, 0x92, 0x02, 0x00, 0x00, 0x00, 0x07, 0x0b, 0x06, 0x0e, 0x00, 0x02, 0x0f, 0x06,
    0x0b, 0x00, 0xf8, 0x00, 0x00, 0x00, 0x00, 0x00, 0x00, 0x00, 0x00, 0x00, 0x02, 0x5a, 0x00, 0x26,
    0xf8, 0x00, 0x81, 0x92, 0x02, 0x00, 0x00, 0x00, 0x07, 0x13, 0x06, 0x0d, 0x00, 0x02, 0x15, 0x06,
    0x13, 0x00, 0xf8, 0x00, 0x00, 0x00, 0x00, 0x00, 0x00, 0x00, 0x00, 0x00, 0x02, 0x5a, 0x00, 0x26,
    0xf8, 0x00, 0x81, 0x92, 0x02, 0x00, 0x00, 0x00, 0x07, 0x0e, 0x06, 0x0e, 0x00, 0x82, 0x0f, 0x06,
    0x11, 0x00, 0xf8, 0x00, 0x00, 0x00, 0x00, 0x00, 0x00, 0x00, 0x00, 0x00, 0x42, 0x5b, 0x02, 0x06,
    0x02, 0x5a, 0x00, 0x26, 0xf8, 0x00, 0x81, 0x92, 0x02, 0x00, 0x00, 0x00, 0x07, 0x15, 0x06, 0x0d,
    0x00, 0x82, 0x15, 0x06, 0x0c, 0x00, 0xf8, 0x00, 0x00, 0x00, 0x00, 0x00, 0x00, 0x00, 0x00, 0x00,
    0x02, 0x5a, 0x00, 0x26, 0xf8, 0x00, 0x81, 0x92, 0x02, 0x00, 0x00, 0x00, 0x07, 0x16, 0x06, 0x0d,
    0x00, 0x02, 0x17, 0x06, 0x16, 0x00, 0xf8, 0x00, 0x00, 0x00, 0x00, 0x00, 0x00, 0x00, 0x00, 0x00,
    0x02, 0x5a, 0x00, 0x26, 0xf8, 0x00, 0x81, 0x92, 0x02, 0x00, 0x00, 0x00, 0x07, 0x17, 0x06, 0x0d,
    0x00, 0x82, 0x17, 0x06, 0x04, 0x00, 0xf8, 0x00, 0x00, 0x00, 0x00, 0x00, 0x00, 0x00, 0x00, 0x00,
    0x02, 0x5a, 0x00, 0x26, 0xf8, 0x00, 0x81, 0x92, 0x02, 0x00, 0x00, 0x00, 0x07, 0x1d, 0x06, 0x0d,
    0x00, 0x02, 0x05, 0x06, 0x1d, 0x00, 0xf8, 0x00, 0x00, 0x00, 0x00, 0x00, 0x00, 0x00, 0x00, 0x00,
    0x02, 0x5a, 0x00, 0x26, 0xf8, 0x00, 0x81, 0x92, 0x02, 0x00, 0x00, 0x00, 0x07, 0x06, 0x06, 0x0d,
    0x00, 0x02, 0x07, 0x06, 0x06, 0x00, 0xf8, 0x00, 0x00, 0x00, 0x00, 0x00, 0x00, 0x00, 0x00, 0x00,
    0x02, 0x5a, 0x00, 0x26, 0xf8, 0x00, 0x81, 0x92, 0x02, 0x00, 0x00, 0x00, 0x07, 0x05, 0x06, 0x0d,
    0x00, 0x82, 0x05, 0x06, 0x10, 0x00, 0xf8, 0x00, 0x00, 0x00, 0x00, 0x00, 0x00, 0x00, 0x00, 0x00,
    0x02, 0x5a, 0x00, 0x26, 0xf8, 0x00, 0x81, 0x92, 0x02, 0x00, 0x00, 0x00, 0x07, 0x07, 0x06, 0x0d,
    0x00, 0x82, 0x07, 0x06, 0x08, 0x00, 0xf8, 0x00, 0x00, 0x00, 0x00, 0x00, 0x00, 0x00, 0x00, 0x00,
    0x02, 0x5a, 0x00, 0x26, 0xf8, 0x00, 0x81, 0x92, 0x02, 0x00, 0x00, 0x00, 0x07, 0x09, 0x06, 0x0d,
    0x00, 0x02, 0x0c, 0x06, 0x09, 0x00, 0xf8, 0x00, 0x00, 0x00, 0x00, 0x00, 0x00, 0x00, 0x00, 0x00,
    0x02, 0x5a, 0x00, 0x26, 0xf8, 0x00, 0x81, 0x92, 0x02, 0x00, 0x00, 0x00, 0x07, 0x0a, 0x06, 0x0d,
    0x00, 0x82, 0x0c, 0x06, 0x0a, 0x00, 0xf8, 0x00, 0x00, 0x00, 0x00, 0x00, 0x00, 0x00, 0x00, 0x00,
    0x02, 0x5a, 0x00, 0x26, 0xf8, 0x00, 0x81, 0x92, 0x02, 0x00, 0x00, 0x00, 0x07, 0x0b, 0x06, 0x0d,
    0x00, 0x02, 0x0f, 0x06, 0x0b, 0x00, 0xf8, 0x00, 0x00, 0x00, 0x00, 0x00, 0x00, 0x00, 0x00, 0x00,
    0x02, 0x5a, 0x00, 0x26, 0xf8, 0x00, 0x81, 0x92, 0x02, 0x00, 0x00, 0x00, 0x07, 0x0d, 0x06, 0x0d,
    0x00, 0x82, 0x0f, 0x06, 0x0e, 0x00, 0xf8, 0x00, 0x00, 0x00, 0x00, 0x00, 0x00, 0x00, 0x00, 0x00,
    0x02, 0x5a, 0x00, 0x26, 0xf8, 0x00, 0x81, 0x92, 0x02, 0x00, 0x00, 0x00, 0x07, 0x13, 0x06, 0x04,
    0x00, 0x02, 0x19, 0x06, 0x13, 0x00, 0xf8, 0x00, 0x00, 0x00, 0x00, 0x00, 0x00, 0x00, 0x00, 0x00,
    0x02, 0x5a, 0x00, 0x26, 0xf8, 0x00, 0x81, 0x92, 0x02, 0x00, 0x00, 0x00, 0x07, 0x15, 0x06, 0x04,
    0x00, 0x82, 0x19, 0x06, 0x15, 0x00, 0xf8, 0x00, 0x00, 0x00, 0x00, 0x00, 0x00, 0x00, 0x00, 0x00,
    0x02, 0x5a, 0x00, 0x26, 0xf8, 0x00, 0x81, 0x92, 0x02, 0x00, 0x00, 0x00, 0x07, 0x16, 0x06, 0x04,
    0x00, 0x02, 0x18, 0x06, 0x16, 0x00, 0xf8, 0x00, 0x00, 0x00, 0x00, 0x00, 0x00, 0x00, 0x00, 0x00,
    0x02, 0x5a, 0x00, 0x26, 0xf8, 0x00, 0x81, 0x92, 0x02, 0x00, 0x00, 0x00, 0x07, 0x17, 0x06, 0x04,
    0x00, 0x82, 0x18, 0x06, 0x17, 0x00, 0xf8, 0x00, 0x00, 0x00, 0x00, 0x00, 0x00, 0x00, 0x00, 0x00,
    0x02, 0x5a, 0x00, 0x26, 0xf8, 0x00, 0x81, 0x92, 0x02, 0x00, 0x00, 0x00, 0x07, 0x1d, 0x06, 0x04,
    0x00, 0x02, 0x08, 0x06, 0x1d, 0x00, 0xf8, 0x00, 0x00, 0x00, 0x00, 0x00, 0x00, 0x00, 0x00, 0x00,
    0x02, 0x5a, 0x00, 0x26, 0xf8, 0x00, 0x81, 0x92, 0x02, 0x00, 0x00, 0x00, 0x07, 0x05, 0x06, 0x04,
    0x00, 0x82, 0x08, 0x06, 0x05, 0x00, 0xf8, 0x00, 0x00, 0x00, 0x00, 0x00, 0x00, 0x00, 0x00, 0x00,
    0x02, 0x5a, 0x00, 0x26, 0xf8, 0x00, 0x81, 0x92, 0x02, 0x00, 0x00, 0x00, 0x07, 0x06, 0x06, 0x04,
    0x00, 0x02, 0x0c, 0x06, 0x06, 0x00, 0xf8, 0x00, 0x00, 0x00, 0x00, 0x00, 0x00, 0x00, 0x00, 0x00,
    0x02, 0x5a, 0x00, 0x26, 0xf8, 0x00, 0x81, 0x92, 0x02, 0x00, 0x00, 0x00, 0x07, 0x07, 0x06, 0x04,
    0x00, 0x82, 0x0c, 0x06, 0x07, 0x00, 0xf8, 0x00, 0x00, 0x00, 0x00, 0x00, 0x00, 0x00, 0x00, 0x00,
    0x02, 0x5a, 0x00, 0x26, 0xf8, 0x00, 0x81, 0x92, 0x02, 0x00, 0x00, 0x00, 0x07, 0x09, 0x06, 0x04,
    0x00, 0x02, 0x0e, 0x06, 0x09, 0x00, 0xf8, 0x00, 0x00, 0x00, 0x00, 0x00, 0x00, 0x00, 0x00, 0x00,
    0x02, 0x5a, 0x00, 0x26, 0xf8, 0x00, 0x81, 0x92, 0x02, 0x00, 0x00, 0x00, 0x07, 0x0a, 0x06, 0x04,
    0x00, 0x82, 0x0e, 0x06, 0x0a, 0x00, 0xf8, 0x00, 0x00, 0x00, 0x00, 0x00, 0x00, 0x00, 0x00, 0x00,
    0x02, 0x5a, 0x00, 0x26, 0xf8, 0x00, 0x81, 0x92, 0x02, 0x00, 0x00, 0x00, 0x07, 0x0b, 0x06, 0x04,
    0x00, 0x02, 0x0f, 0x06, 0x0b, 0x00, 0xf8, 0x00, 0x00, 0x00, 0x00, 0x00, 0x00, 0x00, 0x00, 0x00,
    0x02, 0x5a, 0x00, 0x26, 0xf8, 0x00, 0x81, 0x92, 0x02, 0x00, 0x00, 0x00, 0x07, 0x0d, 0x06, 0x04,
    0x00, 0x82, 0x0f, 0x06, 0x0d, 0x00, 0xf8, 0x00, 0x00, 0x00, 0x00, 0x00, 0x00, 0x00, 0x00, 0x00,
    0x02, 0x5a, 0x00, 0x26, 0xf8, 0x00, 0x81, 0x92, 0x02, 0x00, 0x00, 0x00, 0x07, 0x13, 0x06, 0x10,
    0x00, 0x02, 0x11, 0x06, 0x13, 0x00, 0xf8, 0x00, 0x00, 0x00, 0x00, 0x00, 0x00, 0x00, 0x00, 0x00,
    0x02, 0x5a, 0x00, 0x26, 0xf8, 0x00, 0x81, 0x92, 0x02, 0x00, 0x00, 0x00, 0x07, 0x15, 0x06, 0x10,
    0x00, 0x82, 0x11, 0x06, 0x15, 0x00, 0xf8, 0x00, 0x00, 0x00, 0x00, 0x00, 0x00, 0x00, 0x00, 0x00,
    0x02, 0x5a, 0x00, 0x26, 0xf8, 0x00, 0x81, 0x92, 0x02, 0x00, 0x00, 0x00, 0x07, 0x16, 0x06, 0x10,
    0x00, 0x02, 0x12, 0x06, 0x16, 0x00, 0xf8, 0x00, 0x00, 0x00, 0x00, 0x00, 0x00, 0x00, 0x00, 0x00,
    0x02, 0x5a, 0x00, 0x26, 0xf8, 0x00, 0x81, 0x92, 0x02, 0x00, 0x00, 0x00, 0x07, 0x17, 0x06, 0x10,
    0x00, 0x82, 0x12, 0x06, 0x17, 0x00, 0xf8, 0x00, 0x00, 0x00, 0x00, 0x00, 0x00, 0x00, 0x00, 0x00,
    0x42, 0x5b, 0x02, 0x06, 0x02, 0x5a, 0x00, 0x26, 0xf8, 0x00, 0x81, 0x92, 0x02, 0x00, 0x00, 0x00,
    0x07, 0x1d, 0x06, 0x10, 0x00, 0x02, 0x14, 0x06, 0x1d, 0x00, 0xf8, 0x00, 0x00, 0x00, 0x00, 0x00,
    0x00, 0x00, 0x00, 0x00, 0x02, 0x5a, 0x00, 0x26, 0xf8, 0x00, 0x81, 0x92, 0x02, 0x00, 0x00, 0x00,
    0x07, 0x05, 0x06, 0x10, 0x00, 0x82, 0x14, 0x06, 0x05, 0x00, 0xf8, 0x00, 0x00, 0x00, 0x00, 0x00,
    0x00, 0x00, 0x00, 0x00, 0x02, 0x5a, 0x00, 0x26, 0xf8, 0x00, 0x81, 0x92, 0x02, 0x00, 0x00, 0x00,
    0x07, 0x06, 0x06, 0x10, 0x00, 0x02, 0x18, 0x06, 0x06, 0x00, 0xf8, 0x00, 0x00, 0x00, 0x00, 0x00,
    0x00, 0x00, 0x00, 0x00, 0x02, 0x5a, 0x00, 0x26, 0xf8, 0x00, 0x81, 0x92, 0x02, 0x00, 0x00, 0x00,
    0x07, 0x07, 0x06, 0x10, 0x00, 0x82, 0x18, 0x06, 0x07, 0x00, 0xf8, 0x00, 0x00, 0x00, 0x00, 0x00,
    0x00, 0x00, 0x00, 0x00, 0x42, 0x5b, 0x02, 0x06, 0x02, 0x5a, 0x00, 0x26, 0xf8, 0x00, 0x81, 0x92,
    0x02, 0x00, 0x00, 0x00, 0x07, 0x09, 0x06, 0x10, 0x00, 0x02, 0x19, 0x06, 0x09, 0x00, 0xf8, 0x00,
    0x00, 0x00, 0x00, 0x00, 0x00, 0x00, 0x00, 0x00, 0x02, 0x5a, 0x00, 0x26, 0xf8, 0x00, 0x81, 0x92,
    0x02, 0x00, 0x00, 0x00, 0x07, 0x0a, 0x06, 0x10, 0x00, 0x82, 0x19, 0x06, 0x0a, 0x00, 0xf8, 0x00,
    0x00, 0x00, 0x00, 0x00, 0x00, 0x00, 0x00, 0x00, 0x02, 0x5a, 0x00, 0x26, 0xf8, 0x00, 0x81, 0x92,
    0x02, 0x00, 0x00, 0x00, 0x07, 0x0b, 0x06, 0x10, 0x00, 0x02, 0x1a, 0x06, 0x0b, 0x00, 0xf8, 0x00,
    0x00, 0x00, 0x00, 0x00, 0x00, 0x00, 0x00, 0x00, 0x02, 0x5a, 0x00, 0x26, 0xf8, 0x00, 0x81, 0x92,
    0x02, 0x00, 0x00, 0x00, 0x07, 0x0d, 0x06, 0x10, 0x00, 0x82, 0x1a, 0x06, 0x0d, 0x00, 0xf8, 0x00,
    0x00, 0x00, 0x00, 0x00, 0x00, 0x00, 0x00, 0x00, 0x02, 0x5a, 0x00, 0x26, 0xf8, 0x00, 0x81, 0x92,
    0x02, 0x00, 0x00, 0x00, 0x07, 0x13, 0x06, 0x1b, 0x00, 0x02, 0x1c, 0x06, 0x13, 0x00, 0xf8, 0x00,
    0x00, 0x00, 0x00, 0x00, 0x00, 0x00, 0x00, 0x00, 0x02, 0x5a, 0x00, 0x26, 0xf8, 0x00, 0x81, 0x92,
    0x02, 0x00, 0x00, 0x00, 0x07, 0x15, 0x06, 0x1b, 0x00, 0x82, 0x1c, 0x06, 0x15, 0x00, 0xf8, 0x00,
    0x00, 0x00, 0x00, 0x00, 0x00, 0x00, 0x00, 0x00, 0x02, 0x5a, 0x00, 0x26, 0xf8, 0x00, 0x81, 0x92,
    0x02, 0x00, 0x00, 0x00, 0x07, 0x16, 0x06, 0x1b, 0x00, 0x02, 0x1e, 0x06, 0x16, 0x00, 0xf8, 0x00,
    0x00, 0x00, 0x00, 0x00, 0x00, 0x00, 0x00, 0x00, 0x02, 0x5a, 0x00, 0x26, 0xf8, 0x00, 0x81, 0x92,
    0x02, 0x00, 0x00, 0x00, 0x07, 0x1d, 0x06, 0x1b, 0x00, 0x02, 0x1f, 0x06, 0x1d, 0x00, 0xf8, 0x00,
    0x00, 0x00, 0x00, 0x00, 0x00, 0x00, 0x00, 0x00, 0x02, 0x5a, 0x00, 0x26, 0xf8, 0x00, 0x81, 0x92,
    0x02, 0x00, 0x00, 0x00, 0x07, 0x05, 0x06, 0x1b, 0x00, 0x82, 0x1f, 0x06, 0x05, 0x00, 0xf8, 0x00,
    0x00, 0x00, 0x00, 0x00, 0x00, 0x00, 0x00, 0x00, 0x02, 0x5a, 0x00, 0x26, 0xf8, 0x00, 0x81, 0x92,
    0x02, 0x00, 0x00, 0x00, 0x07, 0x06, 0x06, 0x1b, 0x00, 0x02, 0x04, 0x06, 0x06, 0x00, 0xf8, 0x00,
    0x00, 0x00, 0x00, 0x00, 0x00, 0x00, 0x00, 0x00, 0x02, 0x5a, 0x00, 0x26, 0xf8, 0x00, 0x81, 0x92,
    0x02, 0x00, 0x00, 0x00, 0x07, 0x07, 0x06, 0x1b, 0x00, 0x82, 0x04, 0x06, 0x07, 0x00, 0xf8, 0x00,
    0x00, 0x00, 0x00, 0x00, 0x00, 0x00, 0x00, 0x00, 0x02, 0x5a, 0x00, 0x26, 0xf8, 0x00, 0x81, 0x92,
    0x02, 0x00, 0x00, 0x00, 0x07, 0x09, 0x06, 0x1b, 0x00, 0x02, 0x08, 0x06, 0x09, 0x00, 0xf8, 0x00,
    0x00, 0x00, 0x00, 0x00, 0x00, 0x00, 0x00, 0x00, 0x02, 0x5a, 0x00, 0x26, 0xf8, 0x00, 0x81, 0x92,
    0x02, 0x00, 0x00, 0x00, 0x07, 0x0d, 0x06, 0x1b, 0x00, 0x82, 0x0c, 0x06, 0x0d, 0x00, 0xf8, 0x00,
    0x00, 0x00, 0x00, 0x00, 0x00, 0x00, 0x00, 0x00, 0x02, 0x5a, 0x00, 0x26, 0xf8, 0x00, 0x81, 0x92,
    0x02, 0x00, 0x00, 0x00, 0x07, 0x0a, 0x06, 0x1b, 0x00, 0x82, 0x08, 0x06, 0x0a, 0x00, 0xf8, 0x00,
    0x00, 0x00, 0x00, 0x00, 0x00, 0x00, 0x00, 0x00, 0x02, 0x5a, 0x00, 0x26, 0xf8, 0x00, 0x81, 0x92,
    0x02, 0x00, 0x00, 0x00, 0x07, 0x17, 0x06, 0x1b, 0x00, 0x82, 0x1e, 0x06, 0x17, 0x00, 0xf8, 0x00,
    0x00, 0x00, 0x00, 0x00, 0x00, 0x00, 0x00, 0x00, 0x02, 0x5a, 0x00, 0x26, 0xf8, 0x00, 0x81, 0x92,
    0x02, 0x00, 0x00, 0x00, 0x07, 0x0b, 0x06, 0x1b, 0x00, 0x02, 0x0c, 0x06, 0x0b, 0x00, 0xf8, 0x00,
    0x00, 0x00, 0x00, 0x00, 0x00, 0x00, 0x00, 0x00, 0x42, 0x2a, 0x02, 0x06, 0x02, 0x5a, 0x00, 0x26,
    0xf8, 0x00, 0x81, 0x92, 0x02, 0x00, 0x00, 0x00, 0x07, 0x0d, 0x06, 0x0e, 0x00, 0x82, 0x0f, 0x06,
    0x0d, 0x00, 0xf8, 0x00, 0x00, 0x00, 0x00, 0x00, 0x00, 0x00, 0x00, 0x00, 0x02, 0x5a, 0x00, 0x26,
    0xf8, 0x00, 0x81, 0x92, 0x02, 0x00, 0x00, 0x00, 0x07, 0x1d, 0x06, 0x0e, 0x00, 0x02, 0x10, 0x06,
    0x1d, 0x00, 0xf8, 0x00, 0x00, 0x00, 0x00, 0x00, 0x00, 0x00, 0x00, 0x00, 0x02, 0x5a, 0x00, 0x26,
    0xf8, 0x00, 0x81, 0x92, 0x02, 0x00, 0x00, 0x00, 0x07, 0x05, 0x06, 0x0e, 0x00, 0x82, 0x10, 0x06,
    0x05, 0x00, 0xf8, 0x00, 0x00, 0x00, 0x00, 0x00, 0x00, 0x00, 0x00, 0x00, 0x02, 0x5a, 0x00, 0x26,
    0xf8, 0x00, 0x81, 0x92, 0x02, 0x00, 0x00, 0x00, 0x07, 0x06, 0x06, 0x0e, 0x00, 0x02, 0x11, 0x06,
    0x06, 0x00, 0xf8, 0x00, 0x00, 0x00, 0x00, 0x00, 0x00, 0x00, 0x00, 0x00, 0x02, 0x5a, 0x00, 0x26,
    0xf8, 0x00, 0x81, 0x92, 0x02, 0x00, 0x00, 0x00, 0x07, 0x07, 0x06, 0x0e, 0x00, 0x82, 0x11, 0x06,
    0x07, 0x00, 0xf8, 0x00, 0x00, 0x00, 0x00, 0x00, 0x00, 0x00, 0x00, 0x00, 0x02, 0x5a, 0x00, 0x26,
    0xf8, 0x00, 0x81, 0x92, 0x02, 0x00, 0x00, 0x00, 0x07, 0x09, 0x06, 0x0e, 0x00, 0x02, 0x14, 0x06,
    0x09, 0x00, 0xf8, 0x00, 0x00, 0x00, 0x00, 0x00, 0x00, 0x00, 0x00, 0x00, 0x02, 0x5a, 0x00, 0x26,
    0xf8, 0x00, 0x81, 0x92, 0x02, 0x00, 0x00, 0x00, 0x07, 0x0a, 0x06, 0x0e, 0x00, 0x82, 0x14, 0x06,
    0x0a, 0x00, 0xf8, 0x00, 0x00, 0x00, 0x00, 0x00, 0x00, 0x00, 0x00, 0x00, 0x02, 0x5a, 0x00, 0x26,
    0xf8, 0x00, 0x81, 0x92, 0x02, 0x00, 0x00, 0x00, 0x07, 0x13, 0x06, 0x0e, 0x00, 0x02, 0x12, 0x06,
    0x13, 0x00, 0xf8, 0x00, 0x00, 0x00, 0x00, 0x00, 0x00, 0x00, 0x00, 0x00, 0x02, 0x5a, 0x00, 0x26,
    0xf8, 0x00, 0x81, 0x92, 0x02, 0x00, 0x00, 0x00, 0x07, 0x15, 0x06, 0x0e, 0x00, 0x82, 0x12, 0x06,
    0x15, 0x00, 0xf8, 0x00, 0x00, 0x00, 0x00, 0x00, 0x00, 0x00, 0x00, 0x00, 0x02, 0x5a, 0x00, 0x26,
    0xf8, 0x00, 0x81, 0x92, 0x02, 0x00, 0x00, 0x00, 0x07, 0x16, 0x06, 0x0e, 0x00, 0x02, 0x18, 0x06,
    0x16, 0x00, 0xf8, 0x00, 0x00, 0x00, 0x00, 0x00, 0x00, 0x00, 0x00, 0x00, 0x02, 0x5a, 0x00, 0x26,
    0xf8, 0x00, 0x81, 0x92, 0x02, 0x00, 0x00, 0x00, 0x07, 0x17, 0x06, 0x0e, 0x00, 0x82, 0x18, 0x06,
    0x17, 0x00, 0xf8, 0x00, 0x00, 0x00, 0x00, 0x00, 0x00, 0x00, 0x00, 0x00, 0x02, 0x5a, 0x00, 0x26,
    0xf8, 0x00, 0x81, 0x92, 0x02, 0x00, 0x00, 0x00, 0x07, 0x0b, 0x06, 0x0e, 0x00, 0x02, 0x0f, 0x06,
    0x0b, 0x00, 0xf8, 0x00, 0x00, 0x00, 0x00, 0x00, 0x00, 0x00, 0x00, 0x00, 0x01, 0x47, 0x5a, 0x16,
    0xf8, 0x00, 0x04, 0x00, 0x00, 0x00, 0x00, 0x00, 0x01, 0x00, 0x00, 0x00, 0x02, 0x22, 0x0e, 0x06,
    0xf8, 0x00, 0x42, 0x00, 0x00, 0x00, 0xc1, 0x03, 0x40, 0x00, 0x02, 0x00, 0x00, 0x00, 0x00, 0x00,
    0x00, 0x00, 0x00, 0x00, 0x00, 0x00, 0x00, 0x00, 0x44, 0x00, 0x00, 0x00, 0x02, 0x22, 0x08, 0x06,
    0xfa, 0x00, 0x42, 0x00, 0x00, 0x00, 0x41, 0x01, 0x40, 0x00, 0x02, 0x00, 0x00, 0x00, 0x00, 0x00,
    0x00, 0x00, 0x00, 0x00, 0x00, 0x00, 0x00, 0x00, 0x5c, 0x00, 0x00, 0x00, 0x02, 0x22, 0x08, 0x06,
    0xfa, 0x00, 0x52, 0x00, 0x00, 0x00, 0x83, 0x02, 0x40, 0x00, 0x02, 0x00, 0x00, 0x00, 0x00, 0x00,
    0x00, 0x00, 0x00, 0x00, 0x00, 0x00, 0x00, 0x00, 0x08, 0x00, 0x00, 0x00, 0x01, 0x47, 0x5a, 0x16,
    0xf8, 0x00, 0x04, 0x00, 0x00, 0x00, 0x00, 0x00, 0x01, 0x00, 0x00, 0x00, 0x42, 0x22, 0x3a, 0x06,
    0x42, 0x22, 0x3a, 0x06, 0x42, 0x22, 0x3a, 0x06, 0x42, 0x22, 0x3a, 0x06, 0x42, 0x22, 0x3a, 0x06,
    0x42, 0x22, 0x3a, 0x06, 0x42, 0x22, 0x3a, 0x06, 0x42, 0x22, 0x3a, 0x06, 0x42, 0x22, 0x3a, 0x06,
    0x42, 0x22, 0x3a, 0x06, 0x42, 0x22, 0x3a, 0x06, 0x42, 0x22, 0x3a, 0x06, 0x42, 0x22, 0x3a, 0x06,
    0x42, 0x22, 0x3a, 0x06, 0x42, 0x22, 0x3a, 0x06, 0x42, 0x22, 0x3a, 0x06, 0x42, 0x22, 0x3a, 0x06,
    0x42, 0x22, 0x3a, 0x06, 0x42, 0x22, 0x3a, 0x06, 0x42, 0x22, 0x3a, 0x06, 0x42, 0x22, 0x3a, 0x06,
    0x42, 0x22, 0x3a, 0x06, 0x02, 0x29, 0x04, 0x06, 0xf8, 0x00, 0x04, 0x00, 0x00, 0x00, 0x01, 0xf8,
    0x81, 0x04, 0x80, 0x20, 0x00, 0x02, 0x00, 0x00, 0x00, 0x00, 0x00, 0x00, 0x00, 0x00, 0x00, 0x00,
    0x20, 0x00, 0x00, 0x00, 0x42, 0x22, 0x3a, 0x06, 0x02, 0x29, 0x04, 0x06, 0xf8, 0x00, 0x04, 0x00,
    0x00, 0x00, 0x01, 0xf8, 0x41, 0x0a, 0x40, 0x20, 0x00, 0x02, 0x00, 0x00, 0x00, 0x00, 0x00, 0x00,
    0x00, 0x00, 0x00, 0x00, 0x10, 0x00, 0x00, 0x00, 0x42, 0x22, 0x3a, 0x06, 0x42, 0x22, 0x3a, 0x06,
    0x42, 0x22, 0x3a, 0x06, 0x42, 0x22, 0x3a, 0x06, 0x42, 0x22, 0x3a, 0x06, 0x42, 0x22, 0x3a, 0x06,
    0x42, 0x22, 0x3a, 0x06, 0x01, 0x47, 0x5a, 0x16, 0xf8, 0x00, 0x04, 0x00, 0x00, 0x00, 0x00, 0x00,
    0x01, 0x00, 0x00, 0x00, 0x02, 0x22, 0x08, 0x06, 0xfa, 0x00, 0x42, 0x00, 0x00, 0x00, 0x01, 0x02,
    0x40, 0x00, 0x02, 0x00, 0x00, 0x00, 0x00, 0x00, 0x00, 0x00, 0x00, 0x00, 0x00, 0x00, 0x00, 0x00,
    0x40, 0x00, 0x00, 0x00, 0x02, 0x22, 0x08, 0x06, 0xfa, 0x00, 0x52, 0x00, 0x00, 0x00, 0x83, 0x02,
    0x40, 0x00, 0x02, 0x00, 0x00, 0x00, 0x00, 0x00, 0x00, 0x00, 0x00, 0x00, 0x00, 0x00, 0x00, 0x00,
    0x18, 0x00, 0x00, 0x00, 0x41, 0x0f, 0x0e, 0x0a, 0x41, 0x0f, 0x0e, 0x0a, 0x41, 0x0f, 0x0e, 0x0a,
    0x41, 0x0f, 0x0e, 0x0a, 0x41, 0x0f, 0x0e, 0x0a, 0x01, 0x47, 0x5a, 0x16, 0xf8, 0x00, 0x04, 0x00,
    0x00, 0x00, 0x00, 0x00, 0x01, 0x00, 0x00, 0x00, 0x41, 0x0f, 0x0e, 0x0a, 0x41, 0x0f, 0x0e, 0x0a,
    0x41, 0x0f, 0x0e, 0x0a, 0x42, 0x5b, 0x02, 0x06, 0x42, 0x5b, 0x02, 0x06, 0x42, 0x5b, 0x02, 0x06,
    0x42, 0x5b, 0x02, 0x06, 0x42, 0x5b, 0x02, 0x06, 0x42, 0x5b, 0x02, 0x06, 0x02, 0x5a, 0x00, 0x26,
    0xf8, 0x00, 0x81, 0x92, 0x02, 0x00, 0x00, 0x00, 0x07, 0x13, 0x06, 0x05, 0x00, 0x02, 0x06, 0x06,
    0x13, 0x00, 0xf8, 0x00, 0x00, 0x00, 0x00, 0x00, 0x00, 0x00, 0x00, 0x00, 0x02, 0x5a, 0x00, 0x26,
    0xf8, 0x00, 0x81, 0x92, 0x02, 0x00, 0x00, 0x00, 0x07, 0x15, 0x06, 0x05, 0x00, 0x82, 0x06, 0x06,
    0x15, 0x00, 0xf8, 0x00, 0x00, 0x00, 0x00, 0x00, 0x00, 0x00, 0x00, 0x00, 0x02, 0x5a, 0x00, 0x26,
    0xf8, 0x00, 0x81, 0x92, 0x02, 0x00, 0x00, 0x00, 0x07, 0x16, 0x06, 0x05, 0x00, 0x02, 0x04, 0x06,
    0x16, 0x00, 0xf8, 0x00, 0x00, 0x00, 0x00, 0x00, 0x00, 0x00, 0x00, 0x00, 0x02, 0x5a, 0x00, 0x26,
    0xf8, 0x00, 0x81, 0x92, 0x02, 0x00, 0x00, 0x00, 0x07, 0x17, 0x06, 0x05, 0x00, 0x82, 0x04, 0x06,
    0x17, 0x00, 0xf8, 0x00, 0x00, 0x00, 0x00, 0x00, 0x00, 0x00, 0x00, 0x00, 0x42, 0x5b, 0x02, 0x06,
    0x42, 0x5b, 0x02, 0x06, 0x02, 0x5a, 0x00, 0x26, 0xf8, 0x00, 0x81, 0x92, 0x02, 0x00, 0x00, 0x00,
    0x07, 0x13, 0x06, 0x07, 0x00, 0x02, 0x08, 0x06, 0x13, 0x00, 0xf8, 0x00, 0x00, 0x00, 0x00, 0x00,
    0x00, 0x00, 0x00, 0x00, 0x02, 0x5a, 0x00, 0x26, 0xf8, 0x00, 0x81, 0x92, 0x02, 0x00, 0x00, 0x00,
    0x07, 0x15, 0x06, 0x07, 0x00, 0x82, 0x08, 0x06, 0x15, 0x00, 0xf8, 0x00, 0x00, 0x00, 0x00, 0x00,
    0x00, 0x00, 0x00, 0x00, 0x02, 0x5a, 0x00, 0x26, 0xf8, 0x00, 0x81, 0x92, 0x02, 0x00, 0x00, 0x00,
    0x07, 0x16, 0x06, 0x07, 0x00, 0x02, 0x09, 0x06, 0x16, 0x00, 0xf8, 0x00, 0x00, 0x00, 0x00, 0x00,
    0x00, 0x00, 0x00, 0x00, 0x02, 0x5a, 0x00, 0x26, 0xf8, 0x00, 0x81, 0x92, 0x02, 0x00, 0x00, 0x00,
    0x07, 0x17, 0x06, 0x07, 0x00, 0x82, 0x09, 0x06, 0x17, 0x00, 0xf8, 0x00, 0x00, 0x00, 0x00, 0x00,
    0x00, 0x00, 0x00, 0x00, 0x02, 0x5a, 0x00, 0x26, 0xf8, 0x00, 0x81, 0x92, 0x02, 0x00, 0x00, 0x00,
    0x07, 0x13, 0x06, 0x06, 0x00, 0x02, 0x0a, 0x06, 0x13, 0x00, 0xf8, 0x00, 0x00, 0x00, 0x00, 0x00,
    0x00, 0x00, 0x00, 0x00, 0x02, 0x5a, 0x00, 0x26, 0xf8, 0x00, 0x81, 0x92, 0x02, 0x00, 0x00, 0x00,
    0x07, 0x15, 0x06, 0x06, 0x00, 0x82, 0x0a, 0x06, 0x15, 0x00, 0xf8, 0x00, 0x00, 0x00, 0x00, 0x00,
    0x00, 0x00, 0x00, 0x00, 0x02, 0x5a, 0x00, 0x26, 0xf8, 0x00, 0x81, 0x92, 0x02, 0x00, 0x00, 0x00,
    0x07, 0x16, 0x06, 0x06, 0x00, 0x02, 0x01, 0x06, 0x16, 0x00, 0xf8, 0x00, 0x00, 0x00, 0x00, 0x00,
    0x00, 0x00, 0x00, 0x00, 0x02, 0x5a, 0x00, 0x26, 0xf8, 0x00, 0x81, 0x92, 0x02, 0x00, 0x00, 0x00,
    0x07, 0x17, 0x06, 0x06, 0x00, 0x82, 0x01, 0x06, 0x17, 0x00, 0xf8, 0x00, 0x00, 0x00, 0x00, 0x00,
    0x00, 0x00, 0x00, 0x00, 0x02, 0x5a, 0x00, 0x26, 0xf8, 0x00, 0x81, 0x92, 0x02, 0x00, 0x00, 0x00,
    0x07, 0x13, 0x06, 0x03, 0x00, 0x02, 0x04, 0x06, 0x13, 0x00, 0xf8, 0x00, 0x00, 0x00, 0x00, 0x00,
    0x00, 0x00, 0x00, 0x00, 0x02, 0x5a, 0x00, 0x26, 0xf8, 0x00, 0x81, 0x92, 0x02, 0x00, 0x00, 0x00,
    0x07, 0x15, 0x06, 0x03, 0x00, 0x82, 0x04, 0x06, 0x15, 0x00, 0xf8, 0x00, 0x00, 0x00, 0x00, 0x00,
    0x00, 0x00, 0x00, 0x00, 0x02, 0x5a, 0x00, 0x26, 0xf8, 0x00, 0x81, 0x92, 0x02, 0x00, 0x00, 0x00,
    0x07, 0x16, 0x06, 0x03, 0x00, 0x02, 0x05, 0x06, 0x16, 0x00, 0xf8, 0x00, 0x00, 0x00, 0x00, 0x00,
    0x00, 0x00, 0x00, 0x00, 0x02, 0x5a, 0x00, 0x26, 0xf8, 0x00, 0x81, 0x92, 0x02, 0x00, 0x00, 0x00,
    0x07, 0x17, 0x06, 0x03, 0x00, 0x82, 0x05, 0x06, 0x17, 0x00, 0xf8, 0x00, 0x00, 0x00, 0x00, 0x00,
    0x00, 0x00, 0x00, 0x00, 0xd0, 0x00, 0x02, 0x22, 0x08, 0x06, 0xfa, 0x00, 0x42, 0x00, 0x00, 0x00,
    0x01, 0x03, 0x40, 0x00, 0x02, 0x00, 0x00, 0x00, 0x00, 0x00, 0x00, 0x00, 0x00, 0x00, 0x00, 0x00,
    0x00, 0x00, 0x58, 0x00, 0x00, 0x00, 0x02, 0x22, 0x08, 0x06, 0xfa, 0x00, 0x42, 0x00, 0x00, 0x00,
    0x41, 0x02, 0x40, 0x00, 0x02, 0x00, 0x00, 0x00, 0x00, 0x00, 0x00, 0x00, 0x00, 0x00, 0x00, 0x00,
    0x00, 0x00, 0x50, 0x00, 0x00, 0x00, 0x41, 0x0f, 0x10, 0x0a, 0x02, 0x38, 0x0e, 0x32, 0x01, 0x00,
    0x40, 0x11, 0x00, 0x00, 0x00, 0x00, 0x02, 0x01, 0x0a, 0x00, 0x00, 0x82, 0x01, 0x40, 0x13, 0x00,
    0x00, 0x00, 0x00, 0x00, 0x00, 0x00, 0x00, 0x00, 0x00, 0x00, 0x02, 0x22, 0x08, 0x06, 0xfa, 0x00,
    0x42, 0x00, 0x00, 0x00, 0x41, 0x01, 0x40, 0x00, 0x02, 0x00, 0x00, 0x00, 0x00, 0x00, 0x00, 0x00,
    0x00, 0x00, 0x00, 0x00, 0x00, 0x00, 0x58, 0x00, 0x00, 0x00, 0x02, 0x22, 0x08, 0x06, 0xfa, 0x00,
    0x42, 0x00, 0x00, 0x00, 0x01, 0x01, 0x40, 0x00, 0x02, 0x00, 0x00, 0x00, 0x00, 0x00, 0x00, 0x00,
    0x00, 0x00, 0x00, 0x00, 0x00, 0x00, 0x50, 0x00, 0x00, 0x00, 0x41, 0x0f, 0x10, 0x0a, 0x02, 0x38,
    0x0e, 0x32, 0x01, 0x00, 0x40, 0x11, 0x00, 0x00, 0x00, 0x00, 0x82, 0x01, 0x0a, 0x00, 0x00, 0x82,
    0x01, 0xc0, 0x13, 0x00, 0x00, 0x00, 0x00, 0x00, 0x00, 0x00, 0x00, 0x00, 0x00, 0x00, 0x02, 0x22,
    0x08, 0x06, 0xfa, 0x00, 0x42, 0x00, 0x00, 0x00, 0x41, 0x01, 0x40, 0x00, 0x02, 0x00, 0x00, 0x00,
    0x00, 0x00, 0x00, 0x00, 0x00, 0x00, 0x00, 0x00, 0x00, 0x00, 0x58, 0x00, 0x00, 0x00, 0x02, 0x22,
    0x08, 0x06, 0xfa, 0x00, 0x42, 0x00, 0x00, 0x00, 0x01, 0x01, 0x40, 0x00, 0x02, 0x00, 0x00, 0x00,
    0x00, 0x00, 0x00, 0x00, 0x00, 0x00, 0x00, 0x00, 0x00, 0x00, 0x50, 0x00, 0x00, 0x00, 0x41, 0x0f,
    0x10, 0x0a, 0x02, 0x38, 0x0e, 0x32, 0x01, 0x00, 0x40, 0x11, 0x00, 0x00, 0x00, 0x00, 0x02, 0x01,
    0x0a, 0x00, 0x00, 0x82, 0x01, 0x40, 0x15, 0x00, 0x00, 0x00, 0x00, 0x00, 0x00, 0x00, 0x10, 0x00,
    0x00, 0x00, 0x02, 0x22, 0x08, 0x06, 0xfa, 0x00, 0x42, 0x00, 0x00, 0x00, 0x41, 0x01, 0x40, 0x00,
    0x02, 0x00, 0x00, 0x00, 0x00, 0x00, 0x00, 0x00, 0x00, 0x00, 0x00, 0x00, 0x00, 0x00, 0x58, 0x00,
    0x00, 0x00, 0x02, 0x22, 0x08, 0x06, 0xfa, 0x00, 0x42, 0x00, 0x00, 0x00, 0x01, 0x01, 0x40, 0x00,
    0x02, 0x00, 0x00, 0x00, 0x00, 0x00, 0x00, 0x00, 0x00, 0x00, 0x00, 0x00, 0x00, 0x00, 0x50, 0x00,
    0x00, 0x00, 0x41, 0x0f, 0x10, 0x0a, 0x02, 0x38, 0x0e, 0x32, 0x01, 0x00, 0x40, 0x11, 0x00, 0x00,
    0x00, 0x00, 0x82, 0x01, 0x0a, 0x00, 0x00, 0x82, 0x01, 0xc0, 0x15, 0x00, 0x00, 0x00, 0x00, 0x00,
    0x00, 0x00, 0x10, 0x00, 0x00, 0x00, 0x02, 0x22, 0x08, 0x06, 0xfa, 0x00, 0x42, 0x00, 0x00, 0x00,
    0x41, 0x01, 0x40, 0x00, 0x02, 0x00, 0x00, 0x00, 0x00, 0x00, 0x00, 0x00, 0x00, 0x00, 0x00, 0x00,
    0x00, 0x00, 0x58, 0x00, 0x00, 0x00, 0x02, 0x22, 0x08, 0x06, 0xfa, 0x00, 0x42, 0x00, 0x00, 0x00,
    0x01, 0x01, 0x40, 0x00, 0x02, 0x00, 0x00, 0x00, 0x00, 0x00, 0x00, 0x00, 0x00, 0x00, 0x00, 0x00,
    0x00, 0x00, 0x50, 0x00, 0x00, 0x00, 0x41, 0x0f, 0x10, 0x0a, 0x02, 0x38, 0x0e, 0x32, 0x01, 0x00,
    0x40, 0x11, 0x00, 0x00, 0x00, 0x00, 0x02, 0x01, 0x0a, 0x00, 0x00, 0x82, 0x01, 0x40, 0x16, 0x00,
    0x00, 0x00, 0x00, 0x00, 0x00, 0x00, 0x20, 0x00, 0x00, 0x00, 0x02, 0x22, 0x08, 0x06, 0xfa, 0x00,
    0x42, 0x00, 0x00, 0x00, 0x41, 0x01, 0x40, 0x00, 0x02, 0x00, 0x00, 0x00, 0x00, 0x00, 0x00, 0x00,
    0x00, 0x00, 0x00, 0x00, 0x00, 0x00, 0x58, 0x00, 0x00, 0x00, 0x02, 0x22, 0x08, 0x06, 0xfa, 0x00,
    0x42, 0x00, 0x00, 0x00, 0x01, 0x01, 0x40, 0x00, 0x02, 0x00, 0x00, 0x00, 0x00, 0x00, 0x00, 0x00,
    0x00, 0x00, 0x00, 0x00, 0x00, 0x00, 0x50, 0x00, 0x00, 0x00, 0x41, 0x0f, 0x10, 0x0a, 0x02, 0x38,
    0x0e, 0x32, 0x01, 0x00, 0x40, 0x11, 0x00, 0x00, 0x00, 0x00, 0x82, 0x01, 0x0a, 0x00, 0x00, 0x82,
    0x01, 0xc0, 0x16, 0x00, 0x00, 0x00, 0x00, 0x00, 0x00, 0x00, 0x20, 0x00, 0x00, 0x00, 0x02, 0x22,
    0x08, 0x06, 0xfa, 0x00, 0x42, 0x00, 0x00, 0x00, 0x41, 0x01, 0x40, 0x00, 0x02, 0x00, 0x00, 0x00,
    0x00, 0x00, 0x00, 0x00, 0x00, 0x00, 0x00, 0x00, 0x00, 0x00, 0x58, 0x00, 0x00, 0x00, 0x02, 0x22,
    0x08, 0x06, 0xfa, 0x00, 0x42, 0x00, 0x00, 0x00, 0x01, 0x01, 0x40, 0x00, 0x02, 0x00, 0x00, 0x00,
    0x00, 0x00, 0x00, 0x00, 0x00, 0x00, 0x00, 0x00, 0x00, 0x00, 0x50, 0x00, 0x00, 0x00, 0x41, 0x0f,
    0x10, 0x0a, 0x02, 0x38, 0x0e, 0x32, 0x01, 0x00, 0x40, 0x11, 0x00, 0x00, 0x00, 0x00, 0x02, 0x01,
    0x0a, 0x00, 0x00, 0x82, 0x01, 0x40, 0x17, 0x00, 0x00, 0x00, 0x00, 0x00, 0x00, 0x00, 0x30, 0x00,
    0x00, 0x00, 0x02, 0x22, 0x08, 0x06, 0xfa, 0x00, 0x42, 0x00, 0x00, 0x00, 0x41, 0x01, 0x40, 0x00,
    0x02, 0x00, 0x00, 0x00, 0x00, 0x00, 0x00, 0x00, 0x00, 0x00, 0x00, 0x00, 0x00, 0x00, 0x58, 0x00,
    0x00, 0x00, 0x02, 0x22, 0x08, 0x06, 0xfa, 0x00, 0x42, 0x00, 0x00, 0x00, 0x01, 0x01, 0x40, 0x00,
    0x02, 0x00, 0x00, 0x00, 0x00, 0x00, 0x00, 0x00, 0x00, 0x00, 0x00, 0x00, 0x00, 0x00, 0x50, 0x00,
    0x00, 0x00, 0x41, 0x0f, 0x10, 0x0a, 0x02, 0x38, 0x0e, 0x32, 0xf8, 0x00, 0x40, 0x11, 0x00, 0x00,
    0x00, 0x00, 0x82, 0x01, 0x0a, 0x00, 0x00, 0x82, 0x01, 0xc0, 0x17, 0x00, 0x00, 0x00, 0x00, 0x00,
    0x00, 0x00, 0x30, 0x00, 0x00, 0x00, 0xd0, 0x07, 0xff, 0xff, 0xff, 0xff, 0x24, 0x00, 0x00, 0x00,
    0x00, 0x00, 0x00, 0x00, 0xff, 0xff, 0xff, 0xff, 0xff, 0xff, 0xff, 0xff, 0x03, 0x00, 0x01, 0x7c,
    0xff, 0xff, 0xff, 0xff, 0x0f, 0x0c, 0x81, 0x80, 0x80, 0x28, 0x00, 0x08, 0xff, 0x81, 0x80, 0x28,
    0x08, 0x81, 0x80, 0x80, 0x28, 0x00, 0x00, 0x00, 0xff, 0xff, 0xff, 0xff, 0x34, 0x00, 0x00, 0x00,
    0x00, 0x00, 0x00, 0x00, 0x00, 0x00, 0x00, 0x00, 0x00, 0x00, 0x00, 0x00, 0x00, 0x00, 0x00, 0x00,
    0x00, 0x00, 0x00, 0x00, 0xd0, 0xac, 0x00, 0x00, 0x00, 0x00, 0x00, 0x00, 0x04, 0x10, 0x00, 0x00,
    0x00, 0x04, 0x40, 0x5c, 0x00, 0x00, 0x0c, 0x81, 0x80, 0x80, 0x28, 0x00, 0x04, 0x70, 0x50, 0x00,
    0x00, 0x00, 0x00, 0x00, 0x00, 0x00, 0x00, 0x00, 0x04, 0x2f, 0x08, 0x00, 0x13, 0x00, 0x00, 0x00,
    0xa4, 0x00, 0x00, 0x00, 0x04, 0x11, 0x08, 0x00, 0x13, 0x00, 0x00, 0x00, 0x00, 0x00, 0x00, 0x00,
    0x04, 0x12, 0x08, 0x00, 0x13, 0x00, 0x00, 0x00, 0x00, 0x00, 0x00, 0x00, 0x04, 0x37, 0x04, 0x00,
    0x80, 0x00, 0x00, 0x00, 0x04, 0x5a, 0x24, 0x00, 0x8a, 0x9d, 0x22, 0xa4, 0xb1, 0x9d, 0x14, 0x6d,
    0x00, 0xb4, 0x2a, 0xf3, 0xf7, 0x58, 0x03, 0x8e, 0x0c, 0x07, 0x0a, 0x1b, 0xe2, 0xde, 0x8a, 0xd7,
    0x52, 0x63, 0x87, 0x0c, 0xd7, 0x2b, 0x07, 0x00, 0xcd, 0x2b, 0x00, 0x00, 0x04, 0x17, 0x0c, 0x00,
    0x00, 0x00, 0x00, 0x00, 0x14, 0x00, 0x68, 0x00, 0x00, 0xf0, 0x11, 0x00, 0x04, 0x17, 0x0c, 0x00,
    0x00, 0x00, 0x00, 0x00, 0x13, 0x00, 0x64, 0x00, 0x00, 0xf0, 0x11, 0x00, 0x04, 0x17, 0x0c, 0x00,
    0x00, 0x00, 0x00, 0x00, 0x12, 0x00, 0x60, 0x00, 0x00, 0xf0, 0x11, 0x00, 0x04, 0x17, 0x0c, 0x00,
    0x00, 0x00, 0x00, 0x00, 0x11, 0x00, 0x5c, 0x00, 0x00, 0xf0, 0x11, 0x00, 0x04, 0x17, 0x0c, 0x00,
    0x00, 0x00, 0x00, 0x00, 0x10, 0x00, 0x58, 0x00, 0x00, 0xf0, 0x11, 0x00, 0x04, 0x17, 0x0c, 0x00,
    0x00, 0x00, 0x00, 0x00, 0x0f, 0x00, 0x54, 0x00, 0x00, 0xf0, 0x11, 0x00, 0x04, 0x17, 0x0c, 0x00,
    0x00, 0x00, 0x00, 0x00, 0x0e, 0x00, 0x50, 0x00, 0x00, 0xf0, 0x11, 0x00, 0x04, 0x17, 0x0c, 0x00,
    0x00, 0x00, 0x00, 0x00, 0x0d, 0x00, 0x4c, 0x00, 0x00, 0xf0, 0x11, 0x00, 0x04, 0x17, 0x0c, 0x00,
    0x00, 0x00, 0x00, 0x00, 0x0c, 0x00, 0x48, 0x00, 0x00, 0xf0, 0x11, 0x00, 0x04, 0x17, 0x0c, 0x00,
    0x00, 0x00, 0x00, 0x00, 0x0b, 0x00, 0x44, 0x00, 0x00, 0xf0, 0x11, 0x00, 0x04, 0x17, 0x0c, 0x00,
    0x00, 0x00, 0x00, 0x00, 0x0a, 0x00, 0x40, 0x00, 0x00, 0xf0, 0x11, 0x00, 0x04, 0x17, 0x0c, 0x00,
    0x00, 0x00, 0x00, 0x00, 0x09, 0x00, 0x3c, 0x00, 0x00, 0xf0, 0x11, 0x00, 0x04, 0x17, 0x0c, 0x00,
    0x00, 0x00, 0x00, 0x00, 0x08, 0x00, 0x38, 0x00, 0x00, 0xf0, 0x11, 0x00, 0x04, 0x17, 0x0c, 0x00,
    0x00, 0x00, 0x00, 0x00, 0x07, 0x00, 0x34, 0x00, 0x00, 0xf0, 0x11, 0x00, 0x04, 0x17, 0x0c, 0x00,
    0x00, 0x00, 0x00, 0x00, 0x06, 0x00, 0x30, 0x00, 0x00, 0xf0, 0x11, 0x00, 0x04, 0x17, 0x0c, 0x00,
    0x00, 0x00, 0x00, 0x00, 0x05, 0x00, 0x28, 0x00, 0x00, 0xf0, 0x21, 0x00, 0x04, 0x17, 0x0c, 0x00,
    0x00, 0x00, 0x00, 0x00, 0x04, 0x00, 0x20, 0x00, 0x00, 0xf0, 0x21, 0x00, 0x04, 0x17, 0x0c, 0x00,
    0x00, 0x00, 0x00, 0x00, 0x03, 0x00, 0x18, 0x00, 0x00, 0xf0, 0x21, 0x00, 0x04, 0x17, 0x0c, 0x00,
    0x00, 0x00, 0x00, 0x00, 0x02, 0x00, 0x10, 0x00, 0x00, 0xf0, 0x21, 0x00, 0x04, 0x17, 0x0c, 0x00,
    0x00, 0x00, 0x00, 0x00, 0x01, 0x00, 0x08, 0x00, 0x00, 0xf0, 0x21, 0x00, 0x04, 0x17, 0x0c, 0x00,
    0x00, 0x00, 0x00, 0x00, 0x00, 0x00, 0x00, 0x00, 0x00, 0xf0, 0x21, 0x00, 0x03, 0x50, 0x00, 0x00,
    0x03, 0x1b, 0xff, 0x00, 0x02, 0x4c, 0x01, 0x00, 0x02, 0x4a, 0x00, 0x00, 0x04, 0x1c, 0x0c, 0x00,
    0xf0, 0xab, 0x00, 0x00, 0x90, 0xac, 0x00, 0x00, 0xc0, 0xac, 0x00, 0x00, 0x04, 0x05, 0x0c, 0x00,
    0x80, 0x00, 0x00, 0x00, 0x01, 0x00, 0x00, 0x00, 0x01, 0x00, 0x00, 0x00, 0x04, 0x1e, 0x04, 0x00,
    0x00, 0x00, 0x00, 0x00, 0x00, 0x00, 0x00, 0x00, 0xdc, 0x36, 0x00, 0x00, 0x00, 0x00, 0x00, 0x00,
    0x03, 0x00, 0x01, 0x00, 0x10, 0x00, 0x00, 0x00, 0x00, 0x00, 0x00, 0x00, 0x00, 0x00, 0x00, 0x00,
    0x48, 0x00, 0x00, 0x00, 0x00, 0x00, 0x00, 0x00, 0x02, 0x00, 0x01, 0x00, 0x0f, 0x00, 0x00, 0x00,
    0x00, 0x00, 0x00, 0x00, 0x00, 0x00, 0x00, 0x00, 0x40, 0x00, 0x00, 0x00, 0x00, 0x00, 0x00, 0x00,
    0x02, 0x00, 0x01, 0x00, 0x0e, 0x00, 0x00, 0x00, 0x00, 0x00, 0x00, 0x00, 0x00, 0x00, 0x00, 0x00,
    0x38, 0x00, 0x00, 0x00, 0x00, 0x00, 0x00, 0x00, 0x02, 0x00, 0x01, 0x00, 0x0d, 0x00, 0x00, 0x00,
    0x00, 0x00, 0x00, 0x00, 0x00, 0x00, 0x00, 0x00, 0x30, 0x00, 0x00, 0x00, 0x00, 0x00, 0x00, 0x00,
    0x02, 0x00, 0x01, 0x00, 0x0c, 0x00, 0x00, 0x00, 0x00, 0x00, 0x00, 0x00, 0x00, 0x00, 0x00, 0x00,
    0x28, 0x00, 0x00, 0x00, 0x00, 0x00, 0x00, 0x00, 0x02, 0x00, 0x01, 0x00, 0x0b, 0x00, 0x00, 0x00,
    0x00, 0x00, 0x00, 0x00, 0x00, 0x00, 0x00, 0x00, 0x20, 0x00, 0x00, 0x00, 0x00, 0x00, 0x00, 0x00,
    0x02, 0x00, 0x01, 0x00, 0x0a, 0x00, 0x00, 0x00, 0x00, 0x00, 0x00, 0x00, 0x00, 0x00, 0x00, 0x00,
    0x18, 0x00, 0x00, 0x00, 0x00, 0x00, 0x00, 0x00, 0x02, 0x00, 0x01, 0x00, 0x09, 0x00, 0x00, 0x00,
    0x00, 0x00, 0x00, 0x00, 0x00, 0x00, 0x00, 0x00, 0x10, 0x00, 0x00, 0x00, 0x00, 0x00, 0x00, 0x00,
    0x02, 0x00, 0x01, 0x00, 0x08, 0x00, 0x00, 0x00, 0x00, 0x00, 0x00, 0x00, 0x00, 0x00, 0x00, 0x00,
    0x08, 0x00, 0x00, 0x00, 0x00, 0x00, 0x00, 0x00, 0x02, 0x00, 0x01, 0x00, 0x07, 0x00, 0x00, 0x00,
    0x00, 0x00, 0x00, 0x00, 0x00, 0x00, 0x00, 0x00, 0x00, 0x00, 0x00, 0x00, 0x00, 0x00, 0x00, 0x00,
    0x02, 0x00, 0x01, 0x00, 0x05, 0x00, 0x00, 0x00, 0x00, 0x00, 0x00, 0x00, 0x00, 0x00, 0x00, 0x00,
    0x44, 0x00, 0x00, 0x00, 0x00, 0x00, 0x00, 0x00, 0x3d, 0x00, 0x01, 0x00, 0x13, 0x00, 0x00, 0x00,
    0x00, 0x00, 0x00, 0x00, 0x00, 0x00, 0x00, 0x00, 0x00, 0x00, 0x00, 0x00, 0x00, 0x00, 0x00, 0x00,
    0x00, 0x00, 0x00, 0x00, 0x00, 0x00, 0x00, 0x00, 0x00, 0x00, 0x00, 0x00, 0x00, 0x00, 0x00, 0x00,
    0x51, 0x00, 0x00, 0x00, 0x03, 0x00, 0x14, 0x00, 0x00, 0x00, 0x00, 0x00, 0x00, 0x00, 0x00, 0x00,
    0x00, 0x00, 0x00, 0x00, 0x00, 0x00, 0x00, 0x00, 0x95, 0x00, 0x00, 0x00, 0x21, 0x00, 0x00, 0x00,
    0x00, 0x00, 0x00, 0x00, 0x00, 0x00, 0x00, 0x00, 0x04, 0x00, 0x00, 0x00, 0x00, 0x00, 0x00, 0x00,
    0xc4, 0x00, 0x00, 0x00, 0x20, 0xa0, 0x1c, 0x00, 0x00, 0x00, 0x00, 0x00, 0x00, 0x00, 0x00, 0x00,
    0x00, 0x00, 0x00, 0x00, 0x00, 0x00, 0x00, 0x00, 0xe5, 0x00, 0x00, 0x00, 0x03, 0x00, 0x12, 0x00,
    0x00, 0x00, 0x00, 0x00, 0x00, 0x00, 0x00, 0x00, 0x00, 0x00, 0x00, 0x00, 0x00, 0x00, 0x00, 0x00,
    0xf0, 0x00, 0x00, 0x00, 0x0d, 0x20, 0x12, 0x00, 0x01, 0x00, 0x00, 0x00, 0x00, 0x00, 0x00, 0x00,
    0x01, 0x00, 0x00, 0x00, 0x00, 0x00, 0x00, 0x00, 0x67, 0x01, 0x00, 0x00, 0x03, 0x00, 0x1b, 0x00,
    0x00, 0x00, 0x00, 0x00, 0x00, 0x00, 0x00, 0x00, 0x00, 0x00, 0x00, 0x00, 0x00, 0x00, 0x00, 0x00,
    0x78, 0x01, 0x00, 0x00, 0x0d, 0x20, 0x12, 0x00, 0x06, 0x00, 0x00, 0x00, 0x00, 0x00, 0x00, 0x00,
    0x01, 0x00, 0x00, 0x00, 0x00, 0x00, 0x00, 0x00, 0xed, 0x01, 0x00, 0x00, 0x0d, 0x20, 0x12, 0x00,
    0x03, 0x00, 0x00, 0x00, 0x00, 0x00, 0x00, 0x00, 0x01, 0x00, 0x00, 0x00, 0x00, 0x00, 0x00, 0x00,
    0x65, 0x02, 0x00, 0x00, 0x0d, 0x20, 0x12, 0x00, 0x08, 0x00, 0x00, 0x00, 0x00, 0x00, 0x00, 0x00,
    0x01, 0x00, 0x00, 0x00, 0x00, 0x00, 0x00, 0x00, 0xdb, 0x02, 0x00, 0x00, 0x0d, 0x20, 0x12, 0x00,
    0x02, 0x00, 0x00, 0x00, 0x00, 0x00, 0x00, 0x00, 0x01, 0x00, 0x00, 0x00, 0x00, 0x00, 0x00, 0x00,
    0x5b, 0x03, 0x00, 0x00, 0x0d, 0x20, 0x12, 0x00, 0x07, 0x00, 0x00, 0x00, 0x00, 0x00, 0x00, 0x00,
    0x01, 0x00, 0x00, 0x00, 0x00, 0x00, 0x00, 0x00, 0xcf, 0x03, 0x00, 0x00, 0x0d, 0x20, 0x12, 0x00,
    0x04, 0x00, 0x00, 0x00, 0x00, 0x00, 0x00, 0x00, 0x01, 0x00, 0x00, 0x00, 0x00, 0x00, 0x00, 0x00,
    0x4c, 0x04, 0x00, 0x00, 0x0d, 0x20, 0x12, 0x00, 0x09, 0x00, 0x00, 0x00, 0x00, 0x00, 0x00, 0x00,
    0x01, 0x00, 0x00, 0x00, 0x00, 0x00, 0x00, 0x00, 0xce, 0x04, 0x00, 0x00, 0x0d, 0x20, 0x12, 0x00,
    0x00, 0x00, 0x00, 0x00, 0x00, 0x00, 0x00, 0x00, 0x01, 0x00, 0x00, 0x00, 0x00, 0x00, 0x00, 0x00,
    0x39, 0x05, 0x00, 0x00, 0x0d, 0x20, 0x12, 0x00, 0x05, 0x00, 0x00, 0x00, 0x00, 0x00, 0x00, 0x00,
    0x01, 0x00, 0x00, 0x00, 0x00, 0x00, 0x00, 0x00, 0x9e, 0x05, 0x00, 0x00, 0x21, 0x00, 0x00, 0x00,
    0x00, 0x00, 0x00, 0x00, 0x00, 0x00, 0x00, 0x00, 0x04, 0x00, 0x00, 0x00, 0x00, 0x00, 0x00, 0x00,
    0xef, 0x05, 0x00, 0x00, 0x03, 0x00, 0x15, 0x00, 0x00, 0x00, 0x00, 0x00, 0x00, 0x00, 0x00, 0x00,
    0x00, 0x00, 0x00, 0x00, 0x00, 0x00, 0x00, 0x00, 0x4a, 0x06, 0x00, 0x00, 0x03, 0x00, 0x0a, 0x00,
    0x00, 0x00, 0x00, 0x00, 0x00, 0x00, 0x00, 0x00, 0x00, 0x00, 0x00, 0x00, 0x00, 0x00, 0x00, 0x00,
    0x66, 0x06, 0x00, 0x00, 0x12, 0x10, 0x14, 0x00, 0x00, 0x00, 0x00, 0x00, 0x00, 0x00, 0x00, 0x00,
    0xd0, 0xac, 0x00, 0x00, 0x00, 0x00, 0x00, 0x00, 0x00, 0x00, 0x00, 0x00, 0x00, 0x00, 0x00, 0x00,
    0x00, 0x00, 0x00, 0x00, 0x00, 0x00, 0x00, 0x00, 0x00, 0x00, 0x00, 0x00, 0x00, 0x00, 0x00, 0x00,
    0x00, 0x00, 0x00, 0x00, 0x00, 0x00, 0x00, 0x00, 0x00, 0x00, 0x00, 0x00, 0x00, 0x00, 0x00, 0x00,
    0x00, 0x00, 0x00, 0x00, 0x00, 0x00, 0x00, 0x00, 0x00, 0x00, 0x00, 0x00, 0x00, 0x00, 0x00, 0x00,
    0x00, 0x00, 0x00, 0x00, 0x00, 0x00, 0x00, 0x00, 0x01, 0x00, 0x00, 0x00, 0x03, 0x00, 0x00, 0x00,
    0x00, 0x00, 0x00, 0x00, 0x00, 0x00, 0x00, 0x00, 0x00, 0x00, 0x00, 0x00, 0x00, 0x00, 0x00, 0x00,
    0x40, 0x00, 0x00, 0x00, 0x00, 0x00, 0x00, 0x00, 0x9a, 0x02, 0x00, 0x00, 0x00, 0x00, 0x00, 0x00,
    0x00, 0x00, 0x00, 0x00, 0x00, 0x00, 0x00, 0x00, 0x01, 0x00, 0x00, 0x00, 0x00, 0x00, 0x00, 0x00,
    0x00, 0x00, 0x00, 0x00, 0x00, 0x00, 0x00, 0x00, 0x0b, 0x00, 0x00, 0x00, 0x03, 0x00, 0x00, 0x00,
    0x00, 0x00, 0x00, 0x00, 0x00, 0x00, 0x00, 0x00, 0x00, 0x00, 0x00, 0x00, 0x00, 0x00, 0x00, 0x00,
    0xfe, 0x02, 0x00, 0x00, 0x00, 0x00, 0x00, 0x00, 0x9e, 0x06, 0x00, 0x00, 0x00, 0x00, 0x00, 0x00,
    0x00, 0x00, 0x00, 0x00, 0x00, 0x00, 0x00, 0x00, 0x01, 0x00, 0x00, 0x00, 0x00, 0x00, 0x00, 0x00,
    0x00, 0x00, 0x00, 0x00, 0x00, 0x00, 0x00, 0x00, 0x13, 0x00, 0x00, 0x00, 0x02, 0x00, 0x00, 0x00,
    0x00, 0x00, 0x00, 0x00, 0x00, 0x00, 0x00, 0x00, 0x00, 0x00, 0x00, 0x00, 0x00, 0x00, 0x00, 0x00,
    0xb8, 0x09, 0x00, 0x00, 0x00, 0x00, 0x00, 0x00, 0xf8, 0x01, 0x00, 0x00, 0x00, 0x00, 0x00, 0x00,
    0x02, 0x00, 0x00, 0x00, 0x13, 0x00, 0x00, 0x00, 0x08, 0x00, 0x00, 0x00, 0x00, 0x00, 0x00, 0x00,
    0x18, 0x00, 0x00, 0x00, 0x00, 0x00, 0x00, 0x00, 0x03, 0x01, 0x00, 0x00, 0x01, 0x00, 0x00, 0x00,
    0x00, 0x00, 0x00, 0x00, 0x00, 0x00, 0x00, 0x00, 0x00, 0x00, 0x00, 0x00, 0x00, 0x00, 0x00, 0x00,
    0xb0, 0x0b, 0x00, 0x00, 0x00, 0x00, 0x00, 0x00, 0x68, 0x00, 0x00, 0x00, 0x00, 0x00, 0x00, 0x00,
    0x00, 0x00, 0x00, 0x00, 0x00, 0x00, 0x00, 0x00, 0x01, 0x00, 0x00, 0x00, 0x00, 0x00, 0x00, 0x00,
    0x00, 0x00, 0x00, 0x00, 0x00, 0x00, 0x00, 0x00, 0x29, 0x00, 0x00, 0x00, 0x07, 0x00, 0x00, 0x00,
    0x00, 0x00, 0x00, 0x02, 0x00, 0x00, 0x00, 0x00, 0x00, 0x00, 0x00, 0x00, 0x00, 0x00, 0x00, 0x00,
    0x18, 0x0c, 0x00, 0x00, 0x00, 0x00, 0x00, 0x00, 0xa4, 0x00, 0x00, 0x00, 0x00, 0x00, 0x00, 0x00,
    0x00, 0x00, 0x00, 0x00, 0x00, 0x00, 0x00, 0x00, 0x04, 0x00, 0x00, 0x00, 0x00, 0x00, 0x00, 0x00,
    0x00, 0x00, 0x00, 0x00, 0x00, 0x00, 0x00, 0x00, 0x39, 0x00, 0x00, 0x00, 0x07, 0x00, 0x00, 0x00,
    0x40, 0x00, 0x00, 0x01, 0x00, 0x00, 0x00, 0x00, 0x00, 0x00, 0x00, 0x00, 0x00, 0x00, 0x00, 0x00,
    0xbc, 0x0c, 0x00, 0x00, 0x00, 0x00, 0x00, 0x00, 0x24, 0x00, 0x00, 0x00, 0x00, 0x00, 0x00, 0x00,
    0x05, 0x00, 0x00, 0x00, 0x09, 0x00, 0x00, 0x00, 0x04, 0x00, 0x00, 0x00, 0x00, 0x00, 0x00, 0x00,
    0x00, 0x00, 0x00, 0x00, 0x00, 0x00, 0x00, 0x00, 0x48, 0x00, 0x00, 0x00, 0x00, 0x00, 0x00, 0x70,
    0x00, 0x00, 0x00, 0x00, 0x00, 0x00, 0x00, 0x00, 0x00, 0x00, 0x00, 0x00, 0x00, 0x00, 0x00, 0x00,
    0xe0, 0x0c, 0x00, 0x00, 0x00, 0x00, 0x00, 0x00, 0x24, 0x00, 0x00, 0x00, 0x00, 0x00, 0x00, 0x00,
    0x03, 0x00, 0x00, 0x00, 0x00, 0x00, 0x00, 0x00, 0x04, 0x00, 0x00, 0x00, 0x00, 0x00, 0x00, 0x00,
    0x00, 0x00, 0x00, 0x00, 0x00, 0x00, 0x00, 0x00, 0x65, 0x00, 0x00, 0x00, 0x00, 0x00, 0x00, 0x70,
    0x40, 0x00, 0x00, 0x00, 0x00, 0x00, 0x00, 0x00, 0x00, 0x00, 0x00, 0x00, 0x00, 0x00, 0x00, 0x00,
    0x04, 0x0d, 0x00, 0x00, 0x00, 0x00, 0x00, 0x00, 0xa8, 0x01, 0x00, 0x00, 0x00, 0x00, 0x00, 0x00,
    0x03, 0x00, 0x00, 0x00, 0x0f, 0x00, 0x00, 0x00, 0x04, 0x00, 0x00, 0x00, 0x00, 0x00, 0x00, 0x00,
    0x00, 0x00, 0x00, 0x00, 0x00, 0x00, 0x00, 0x00, 0xc7, 0x00, 0x00, 0x00, 0x86, 0x00, 0x00, 0x70,
    0x00, 0x00, 0x00, 0x00, 0x00, 0x00, 0x00, 0x00, 0x00, 0x00, 0x00, 0x00, 0x00, 0x00, 0x00, 0x00,
    0xac, 0x0e, 0x00, 0x00, 0x00, 0x00, 0x00, 0x00, 0x10, 0x00, 0x00, 0x00, 0x00, 0x00, 0x00, 0x00,
    0x00, 0x00, 0x00, 0x00, 0x00, 0x00, 0x00, 0x00, 0x04, 0x00, 0x00, 0x00, 0x00, 0x00, 0x00, 0x00,
    0x00, 0x00, 0x00, 0x00, 0x00, 0x00, 0x00, 0x00, 0x5e, 0x01, 0x00, 0x00, 0x01, 0x00, 0x00, 0x70,
    0x00, 0x00, 0x00, 0x00, 0x00, 0x00, 0x00, 0x00, 0x00, 0x00, 0x00, 0x00, 0x00, 0x00, 0x00, 0x00,
    0xbc, 0x0e, 0x00, 0x00, 0x00, 0x00, 0x00, 0x00, 0x20, 0x00, 0x00, 0x00, 0x00, 0x00, 0x00, 0x00,
    0x03, 0x00, 0x00, 0x00, 0x00, 0x00, 0x00, 0x00, 0x04, 0x00, 0x00, 0x00, 0x00, 0x00, 0x00, 0x00,
    0x08, 0x00, 0x00, 0x00, 0x00, 0x00, 0x00, 0x00, 0xea, 0x00, 0x00, 0x00, 0x04, 0x00, 0x00, 0x00,
    0x40, 0x00, 0x00, 0x00, 0x00, 0x00, 0x00, 0x00, 0x00, 0x00, 0x00, 0x00, 0x00, 0x00, 0x00, 0x00,
    0xe0, 0x0e, 0x00, 0x00, 0x00, 0x00, 0x00, 0x00, 0x00, 0x00, 0x00, 0x00, 0x00, 0x00, 0x00, 0x00,
    0x03, 0x00, 0x00, 0x00, 0x0f, 0x00, 0x00, 0x00, 0x08, 0x00, 0x00, 0x00, 0x00, 0x00, 0x00, 0x00,
    0x18, 0x00, 0x00, 0x00, 0x00, 0x00, 0x00, 0x00, 0x25, 0x01, 0x00, 0x00, 0x04, 0x00, 0x00, 0x00,
    0x40, 0x00, 0x00, 0x00, 0x00, 0x00, 0x00, 0x00, 0x00, 0x00, 0x00, 0x00, 0x00, 0x00, 0x00, 0x00,
    0xe0, 0x0e, 0x00, 0x00, 0x00, 0x00, 0x00, 0x00, 0xf0, 0x00, 0x00, 0x00, 0x00, 0x00, 0x00, 0x00,
    0x03, 0x00, 0x00, 0x00, 0x0e, 0x00, 0x00, 0x00, 0x08, 0x00, 0x00, 0x00, 0x00, 0x00, 0x00, 0x00,
    0x18, 0x00, 0x00, 0x00, 0x00, 0x00, 0x00, 0x00, 0x4c, 0x01, 0x00, 0x00, 0x04, 0x00, 0x00, 0x00,
    0x40, 0x00, 0x00, 0x00, 0x00, 0x00, 0x00, 0x00, 0x00, 0x00, 0x00, 0x00, 0x00, 0x00, 0x00, 0x00,
    0xd0, 0x0f, 0x00, 0x00, 0x00, 0x00, 0x00, 0x00, 0x18, 0x00, 0x00, 0x00, 0x00, 0x00, 0x00, 0x00,
    0x03, 0x00, 0x00, 0x00, 0x04, 0x00, 0x00, 0x00, 0x08, 0x00, 0x00, 0x00, 0x00, 0x00, 0x00, 0x00,
    0x18, 0x00, 0x00, 0x00, 0x00, 0x00, 0x00, 0x00, 0xb6, 0x00, 0x00, 0x00, 0x01, 0x00, 0x00, 0x00,
    0x02, 0x00, 0x00, 0x00, 0x00, 0x00, 0x00, 0x00, 0x00, 0x00, 0x00, 0x00, 0x00, 0x00, 0x00, 0x00,
    0xe8, 0x0f, 0x00, 0x00, 0x00, 0x00, 0x00, 0x00, 0x50, 0x00, 0x00, 0x00, 0x00, 0x00, 0x00, 0x00,
    0x00, 0x00, 0x00, 0x00, 0x00, 0x00, 0x00, 0x00, 0x08, 0x00, 0x00, 0x00, 0x00, 0x00, 0x00, 0x00,
    0x00, 0x00, 0x00, 0x00, 0x00, 0x00, 0x00, 0x00, 0x51, 0x00, 0x00, 0x00, 0x01, 0x00, 0x00, 0x00,
    0x06, 0x00, 0x00, 0x00, 0x00, 0x00, 0x00, 0x00, 0x00, 0x00, 0x00, 0x00, 0x00, 0x00, 0x00, 0x00,
    0x80, 0x10, 0x00, 0x00, 0x00, 0x00, 0x00, 0x00, 0x80, 0x64, 0x00, 0x00, 0x00, 0x00, 0x00, 0x00,
    0x03, 0x00, 0x00, 0x00, 0x13, 0x00, 0x00, 0x00, 0x80, 0x00, 0x00, 0x00, 0x00, 0x00, 0x00, 0x00,
    0x00, 0x00, 0x00, 0x00, 0x00, 0x00, 0x00, 0x00, 0x7c, 0x00, 0x00, 0x00, 0x08, 0x00, 0x00, 0x00,
    0x43, 0x00, 0x00, 0x00, 0x00, 0x00, 0x00, 0x00, 0x00, 0x00, 0x00, 0x00, 0x00, 0x00, 0x00, 0x00,
    0x00, 0x78, 0x00, 0x00, 0x00, 0x00, 0x00, 0x00, 0x00, 0x04, 0x00, 0x00, 0x00, 0x00, 0x00, 0x00,
    0x00, 0x00, 0x00, 0x00, 0x0f, 0x00, 0x00, 0x00, 0x00, 0x04, 0x00, 0x00, 0x00, 0x00, 0x00, 0x00,
    0x00, 0x00, 0x00, 0x00, 0x00, 0x00, 0x00, 0x00, 0x95, 0x00, 0x00, 0x00, 0x08, 0x00, 0x00, 0x00,
    0x03, 0x00, 0x00, 0x00, 0x00, 0x00, 0x00, 0x00, 0x00, 0x00, 0x00, 0x00, 0x00, 0x00, 0x00, 0x00,
    0x00, 0x78, 0x00, 0x00, 0x00, 0x00, 0x00, 0x00, 0x40, 0x00, 0x00, 0x00, 0x00, 0x00, 0x00, 0x00,
    0x00, 0x00, 0x00, 0x00, 0x00, 0x00, 0x00, 0x00, 0x01, 0x00, 0x00, 0x00, 0x00, 0x00, 0x00, 0x00,
    0x00, 0x00, 0x00, 0x00, 0x00, 0x00, 0x00, 0x00, 0xab, 0x00, 0x00, 0x00, 0x08, 0x00, 0x00, 0x00,
    0x03, 0x00, 0x00, 0x00, 0x00, 0x00, 0x00, 0x00, 0x00, 0x00, 0x00, 0x00, 0x00, 0x00, 0x00, 0x00,
    0x00, 0x78, 0x00, 0x00, 0x00, 0x00, 0x00, 0x00, 0x0a, 0x00, 0x00, 0x00, 0x00, 0x00, 0x00, 0x00,
    0x00, 0x00, 0x00, 0x00, 0x00, 0x00, 0x00, 0x00, 0x01, 0x00, 0x00, 0x00, 0x00, 0x00, 0x00, 0x00,
    0x00, 0x00, 0x00, 0x00, 0x00, 0x00, 0x00, 0x00, 0x7a, 0x01, 0x00, 0x00, 0x01, 0x00, 0x00, 0x00,
    0x42, 0x00, 0x00, 0x00, 0x00, 0x00, 0x00, 0x00, 0x00, 0x00, 0x00, 0x00, 0x00, 0x00, 0x00, 0x00,
    0x00, 0x78, 0x00, 0x00, 0x00, 0x00, 0x00, 0x00, 0xec, 0x03, 0x00, 0x00, 0x00, 0x00, 0x00, 0x00,
    0x00, 0x00, 0x00, 0x00, 0x0f, 0x00, 0x00, 0x00, 0x04, 0x00, 0x00, 0x00, 0x00, 0x00, 0x00, 0x00,
    0x00, 0x00, 0x00, 0x00, 0x00, 0x00, 0x00, 0x00, 0x96, 0x01, 0x00, 0x00, 0x16, 0x00, 0x00, 0x70,
    0x00, 0x00, 0x00, 0x10, 0x00, 0x00, 0x00, 0x00, 0x00, 0x00, 0x00, 0x00, 0x00, 0x00, 0x00, 0x00,
    0xf0, 0x7b, 0x00, 0x00, 0x00, 0x00, 0x00, 0x00, 0xe8, 0x19, 0x00, 0x00, 0x00, 0x00, 0x00, 0x00,
    0x1d, 0x00, 0x00, 0x00, 0x13, 0x00, 0x00, 0x00, 0x10, 0x00, 0x00, 0x00, 0x00, 0x00, 0x00, 0x00,
    0x00, 0x00, 0x00, 0x00, 0x00, 0x00, 0x00, 0x00, 0xb5, 0x01, 0x00, 0x00, 0x01, 0x00, 0x00, 0x00,
    0x00, 0x00, 0x00, 0x10, 0x00, 0x00, 0x00, 0x00, 0x00, 0x00, 0x00, 0x00, 0x00, 0x00, 0x00, 0x00,
    0xd8, 0x95, 0x00, 0x00, 0x00, 0x00, 0x00, 0x00, 0x70, 0x00, 0x00, 0x00, 0x00, 0x00, 0x00, 0x00,
    0x00, 0x00, 0x00, 0x00, 0x00, 0x00, 0x00, 0x00, 0x01, 0x00, 0x00, 0x00, 0x00, 0x00, 0x00, 0x00,
    0x00, 0x00, 0x00, 0x00, 0x00, 0x00, 0x00, 0x00, 0xca, 0x01, 0x00, 0x00, 0x83, 0x00, 0x00, 0x70,
    0x00, 0x00, 0x00, 0x10, 0x00, 0x00, 0x00, 0x00, 0x00, 0x00, 0x00, 0x00, 0x00, 0x00, 0x00, 0x00,
    0x48, 0x96, 0x00, 0x00, 0x00, 0x00, 0x00, 0x00, 0x24, 0x00, 0x00, 0x00, 0x00, 0x00, 0x00, 0x00,
    0x1d, 0x00, 0x00, 0x00, 0x00, 0x00, 0x00, 0x00, 0x04, 0x00, 0x00, 0x00, 0x00, 0x00, 0x00, 0x00,
    0x00, 0x00, 0x00, 0x00, 0x00, 0x00, 0x00, 0x00, 0xdb, 0x01, 0x00, 0x00, 0x83, 0x00, 0x00, 0x70,
    0x40, 0x00, 0x00, 0x10, 0x00, 0x00, 0x00, 0x00, 0x00, 0x00, 0x00, 0x00, 0x00, 0x00, 0x00, 0x00,
    0x6c, 0x96, 0x00, 0x00, 0x00, 0x00, 0x00, 0x00, 0xb8, 0x01, 0x00, 0x00, 0x00, 0x00, 0x00, 0x00,
    0x1d, 0x00, 0x00, 0x00, 0x14, 0x00, 0x00, 0x00, 0x04, 0x00, 0x00, 0x00, 0x00, 0x00, 0x00, 0x00,
    0x00, 0x00, 0x00, 0x00, 0x00, 0x00, 0x00, 0x00, 0xfa, 0x01, 0x00, 0x00, 0x82, 0x00, 0x00, 0x70,
    0x40, 0x00, 0x00, 0x10, 0x00, 0x00, 0x00, 0x00, 0x00, 0x00, 0x00, 0x00, 0x00, 0x00, 0x00, 0x00,
    0x28, 0x98, 0x00, 0x00, 0x00, 0x00, 0x00, 0x00, 0x18, 0x00, 0x00, 0x00, 0x00, 0x00, 0x00, 0x00,
    0x1d, 0x00, 0x00, 0x00, 0x14, 0x00, 0x00, 0x00, 0x08, 0x00, 0x00, 0x00, 0x00, 0x00, 0x00, 0x00,
    0x18, 0x00, 0x00, 0x00, 0x00, 0x00, 0x00, 0x00, 0x1b, 0x02, 0x00, 0x00, 0x82, 0x00, 0x00, 0x70,
    0x40, 0x00, 0x00, 0x10, 0x00, 0x00, 0x00, 0x00, 0x00, 0x00, 0x00, 0x00, 0x00, 0x00, 0x00, 0x00,
    0x40, 0x98, 0x00, 0x00, 0x00, 0x00, 0x00, 0x00, 0xf0, 0x00, 0x00, 0x00, 0x00, 0x00, 0x00, 0x00,
    0x1d, 0x00, 0x00, 0x00, 0x1b, 0x00, 0x00, 0x00, 0x08, 0x00, 0x00, 0x00, 0x00, 0x00, 0x00, 0x00,
    0x18, 0x00, 0x00, 0x00, 0x00, 0x00, 0x00, 0x00, 0x39, 0x02, 0x00, 0x00, 0x82, 0x00, 0x00, 0x70,
    0x40, 0x00, 0x00, 0x10, 0x00, 0x00, 0x00, 0x00, 0x00, 0x00, 0x00, 0x00, 0x00, 0x00, 0x00, 0x00,
    0x30, 0x99, 0x00, 0x00, 0x00, 0x00, 0x00, 0x00, 0x18, 0x00, 0x00, 0x00, 0x00, 0x00, 0x00, 0x00,
    0x1d, 0x00, 0x00, 0x00, 0x15, 0x00, 0x00, 0x00, 0x08, 0x00, 0x00, 0x00, 0x00, 0x00, 0x00, 0x00,
    0x18, 0x00, 0x00, 0x00, 0x00, 0x00, 0x00, 0x00, 0x53, 0x02, 0x00, 0x00, 0x7d, 0x00, 0x00, 0x70,
    0x02, 0x00, 0x00, 0x10, 0x00, 0x00, 0x00, 0x00, 0x00, 0x00, 0x00, 0x00, 0x00, 0x00, 0x00, 0x00,
    0xe8, 0x0f, 0x00, 0x00, 0x00, 0x00, 0x00, 0x00, 0x50, 0x00, 0x00, 0x00, 0x00, 0x00, 0x00, 0x00,
    0x00, 0x00, 0x00, 0x00, 0x00, 0x00, 0x00, 0x00, 0x08, 0x00, 0x00, 0x00, 0x00, 0x00, 0x00, 0x00,
    0x00, 0x00, 0x00, 0x00, 0x00, 0x00, 0x00, 0x00, 0x6c, 0x02, 0x00, 0x00, 0x15, 0x00, 0x00, 0x70,
    0x03, 0x00, 0x00, 0x10, 0x00, 0x00, 0x00, 0x00, 0x00, 0x00, 0x00, 0x00, 0x00, 0x00, 0x00, 0x00,
    0x48, 0x99, 0x00, 0x00, 0x00, 0x00, 0x00, 0x00, 0x00, 0x00, 0x00, 0x00, 0x00, 0x00, 0x00, 0x00,
    0x00, 0x00, 0x00, 0x00, 0x00, 0x00, 0x00, 0x00, 0x01, 0x00, 0x00, 0x00, 0x00, 0x00, 0x00, 0x00,
    0x00, 0x00, 0x00, 0x00, 0x00, 0x00, 0x00, 0x00, 0x8a, 0x02, 0x00, 0x00, 0x85, 0x00, 0x00, 0x70,
    0x00, 0x00, 0x00, 0x10, 0x00, 0x00, 0x00, 0x00, 0x00, 0x00, 0x00, 0x00, 0x00, 0x00, 0x00, 0x00,
    0x48, 0x99, 0x00, 0x00, 0x00, 0x00, 0x00, 0x00, 0xe0, 0x01, 0x00, 0x00, 0x00, 0x00, 0x00, 0x00,
    0x02, 0x00, 0x00, 0x00, 0x13, 0x00, 0x00, 0x00, 0x08, 0x00, 0x00, 0x00, 0x00, 0x00, 0x00, 0x00,
    0x18, 0x00, 0x00, 0x00, 0x00, 0x00, 0x00, 0x00, 0x06, 0x00, 0x00, 0x00, 0x04, 0x00, 0x00, 0x00,
    0xa8, 0xa2, 0x00, 0x00, 0x00, 0x00, 0x00, 0x00, 0x00, 0x00, 0x00, 0x00, 0x00, 0x00, 0x00, 0x00,
    0x00, 0x00, 0x00, 0x00, 0x00, 0x00, 0x00, 0x00, 0x50, 0x01, 0x00, 0x00, 0x00, 0x00, 0x00, 0x00,
    0x50, 0x01, 0x00, 0x00, 0x00, 0x00, 0x00, 0x00, 0x08, 0x00, 0x00, 0x00, 0x00, 0x00, 0x00, 0x00,
    0x01, 0x00, 0x00, 0x00, 0x04, 0x00, 0x00, 0x00, 0xa8, 0xa2, 0x00, 0x00, 0x00, 0x00, 0x00, 0x00,
    0x00, 0x00, 0x00, 0x00, 0x00, 0x00, 0x00, 0x00, 0x00, 0x00, 0x00, 0x00, 0x00, 0x00, 0x00, 0x00,
    0x50, 0x01, 0x00, 0x00, 0x00, 0x00, 0x00, 0x00, 0x50, 0x01, 0x00, 0x00, 0x00, 0x00, 0x00, 0x00,
    0x08, 0x00, 0x00, 0x00, 0x00, 0x00, 0x00, 0x00, 0x01, 0x00, 0x00, 0x00, 0x04, 0x00, 0x00, 0x00,
    0xe8, 0x0f, 0x00, 0x00, 0x00, 0x00, 0x00, 0x00, 0x00, 0x00, 0x00, 0x00, 0x00, 0x00, 0x00, 0x00,
    0x00, 0x00, 0x00, 0x00, 0x00, 0x00, 0x00, 0x00, 0x50, 0x00, 0x00, 0x00, 0x00, 0x00, 0x00, 0x00,
    0x50, 0x00, 0x00, 0x00, 0x00, 0x00, 0x00, 0x00, 0x08, 0x00, 0x00, 0x00, 0x00, 0x00, 0x00, 0x00,
    0x01, 0x00, 0x00, 0x00, 0x05, 0x00, 0x00, 0x00, 0x80, 0x10, 0x00, 0x00, 0x00, 0x00, 0x00, 0x00,
    0x00, 0x00, 0x00, 0x00, 0x00, 0x00, 0x00, 0x00, 0x00, 0x00, 0x00, 0x00, 0x00, 0x00, 0x00, 0x00,
    0x80, 0x64, 0x00, 0x00, 0x00, 0x00, 0x00, 0x00, 0x80, 0x64, 0x00, 0x00, 0x00, 0x00, 0x00, 0x00,
    0x08, 0x00, 0x00, 0x00, 0x00, 0x00, 0x00, 0x00, 0x01, 0x00, 0x00, 0x00, 0x06, 0x00, 0x00, 0x00,
    0x00, 0x78, 0x00, 0x00, 0x00, 0x00, 0x00, 0x00, 0x00, 0x00, 0x00, 0x00, 0x00, 0x00, 0x00, 0x00,
    0x00, 0x00, 0x00, 0x00, 0x00, 0x00, 0x00, 0x00, 0x00, 0x00, 0x00, 0x00, 0x00, 0x00, 0x00, 0x00,
    0x4a, 0x04, 0x00, 0x00, 0x00, 0x00, 0x00, 0x00, 0x08, 0x00, 0x00, 0x00, 0x00, 0x00, 0x00, 0x00,
    0x01, 0x00, 0x00, 0x00, 0x04, 0x00, 0x00, 0x00, 0x00, 0x78, 0x00, 0x00, 0x00, 0x00, 0x00, 0x00,
    0x00, 0x00, 0x00, 0x00, 0x00, 0x00, 0x00, 0x00, 0x00, 0x00, 0x00, 0x00, 0x00, 0x00, 0x00, 0x00,
    0xec, 0x03, 0x00, 0x00, 0x00, 0x00, 0x00, 0x00, 0xec, 0x03, 0x00, 0x00, 0x00, 0x00, 0x00, 0x00,
    0x08, 0x00, 0x00, 0x00, 0x00, 0x00, 0x00, 0x00,
};
static const unsigned int kCubinSize = (unsigned int)sizeof(kCubinData);

static int32_t ceildiv_i32(int32_t n, int32_t d) {
    return (n + d - 1) / d;
}

static CUresult ensure_loaded(void) {
    if (g_function != NULL) return CUDA_SUCCESS;
    (void)kCubinSize;
    CUresult r = cuModuleLoadData(&g_module, kCubinData);
    if (r != CUDA_SUCCESS) return r;
    r = cuModuleGetFunction(&g_function, g_module, kFuncSymbol);
    if (r != CUDA_SUCCESS) return r;
    return cuFuncSetAttribute(
        g_function,
        CU_FUNC_ATTRIBUTE_MAX_DYNAMIC_SHARED_SIZE_BYTES,
        45056
    );
}

CUresult gated_delta_rule_prefill_chunk_o_sm100_cuda(
    const uint16_t *q,
    const uint16_t *k,
    const uint16_t *v_new,
    const float *chunk_state,
    const float *g_cumsum,
    uint16_t *output,
    int32_t seq_len,
    int32_t num_value_heads,
    float scale,
    CUstream stream
) {

    CUresult r = ensure_loaded();
    if (r != CUDA_SUCCESS) return r;

    int32_t args_hv = num_value_heads;
    int32_t args_hv_1 = num_value_heads;
    int32_t args_hv_2 = num_value_heads;
    int32_t args_hv_3 = num_value_heads;
    int32_t args_hv_4 = num_value_heads;
    int32_t args_hv_5 = num_value_heads;
    int32_t args_num_chunks = ceildiv_i32(seq_len, 64);
    int32_t args_num_value_heads = num_value_heads;
    float args_scale = scale;
    int32_t args_seq_len = seq_len;
    int32_t args_seq_len_1 = seq_len;
    int32_t args_seq_len_2 = seq_len;
    int32_t args_seq_len_3 = seq_len;
    int32_t args_seq_len_4 = seq_len;
    int32_t args_seq_len_5 = seq_len;

    void *args[] = {
        &chunk_state,
        &g_cumsum,
        &k,
        &output,
        &q,
        &v_new,
        &args_hv,
        &args_hv_1,
        &args_hv_2,
        &args_hv_3,
        &args_hv_4,
        &args_hv_5,
        &args_num_chunks,
        &args_num_value_heads,
        &args_scale,
        &args_seq_len,
        &args_seq_len_1,
        &args_seq_len_2,
        &args_seq_len_3,
        &args_seq_len_4,
        &args_seq_len_5,
    };

    int grid_x = 4;
    int grid_y = ceildiv_i32(seq_len, 64);
    int grid_z = num_value_heads;

    return cuLaunchKernel(
        g_function,
        grid_x, grid_y, grid_z,
        128, 1, 1,
        45056, stream, args, NULL
    );
}
