#include <cuda.h>
#include <stdint.h>

static CUmodule g_module = NULL;
static CUfunction g_function = NULL;
static const char *kFuncSymbol = "kernel_kernel";

static const unsigned char kCubinData[] = {
    0x7f, 0x45, 0x4c, 0x46, 0x02, 0x01, 0x01, 0x41, 0x08, 0x00, 0x00, 0x00, 0x00, 0x00, 0x00, 0x00,
    0x02, 0x00, 0xbe, 0x00, 0x01, 0x00, 0x00, 0x00, 0x00, 0x00, 0x00, 0x00, 0x00, 0x00, 0x00, 0x00,
    0x20, 0x01, 0x01, 0x00, 0x00, 0x00, 0x00, 0x00, 0xa0, 0xf9, 0x00, 0x00, 0x00, 0x00, 0x00, 0x00,
    0x02, 0x78, 0x00, 0x06, 0x40, 0x00, 0x38, 0x00, 0x06, 0x00, 0x40, 0x00, 0x1e, 0x00, 0x01, 0x00,
    0x00, 0x2e, 0x73, 0x68, 0x73, 0x74, 0x72, 0x74, 0x61, 0x62, 0x00, 0x2e, 0x73, 0x74, 0x72, 0x74,
    0x61, 0x62, 0x00, 0x2e, 0x73, 0x79, 0x6d, 0x74, 0x61, 0x62, 0x00, 0x2e, 0x73, 0x79, 0x6d, 0x74,
    0x61, 0x62, 0x5f, 0x73, 0x68, 0x6e, 0x64, 0x78, 0x00, 0x2e, 0x6e, 0x6f, 0x74, 0x65, 0x2e, 0x6e,
    0x76, 0x2e, 0x74, 0x6b, 0x69, 0x6e, 0x66, 0x6f, 0x00, 0x2e, 0x6e, 0x6f, 0x74, 0x65, 0x2e, 0x6e,
    0x76, 0x2e, 0x63, 0x75, 0x76, 0x65, 0x72, 0x00, 0x2e, 0x6e, 0x76, 0x2e, 0x69, 0x6e, 0x66, 0x6f,
    0x00, 0x2e, 0x74, 0x65, 0x78, 0x74, 0x2e, 0x6b, 0x65, 0x72, 0x6e, 0x65, 0x6c, 0x5f, 0x6b, 0x65,
    0x72, 0x6e, 0x65, 0x6c, 0x00, 0x2e, 0x6e, 0x76, 0x2e, 0x69, 0x6e, 0x66, 0x6f, 0x2e, 0x6b, 0x65,
    0x72, 0x6e, 0x65, 0x6c, 0x5f, 0x6b, 0x65, 0x72, 0x6e, 0x65, 0x6c, 0x00, 0x2e, 0x6e, 0x76, 0x2e,
    0x73, 0x68, 0x61, 0x72, 0x65, 0x64, 0x2e, 0x6b, 0x65, 0x72, 0x6e, 0x65, 0x6c, 0x5f, 0x6b, 0x65,
    0x72, 0x6e, 0x65, 0x6c, 0x00, 0x2e, 0x6e, 0x76, 0x2e, 0x73, 0x68, 0x61, 0x72, 0x65, 0x64, 0x2e,
    0x72, 0x65, 0x73, 0x65, 0x72, 0x76, 0x65, 0x64, 0x2e, 0x30, 0x00, 0x2e, 0x6e, 0x76, 0x2e, 0x67,
    0x6c, 0x6f, 0x62, 0x61, 0x6c, 0x00, 0x2e, 0x6e, 0x76, 0x2e, 0x63, 0x6f, 0x6e, 0x73, 0x74, 0x61,
    0x6e, 0x74, 0x34, 0x00, 0x00, 0x00, 0x00, 0x2e, 0x6e, 0x76, 0x2e, 0x63, 0x6f, 0x6d, 0x70, 0x61,
    0x74, 0x00, 0x2e, 0x72, 0x65, 0x6c, 0x2e, 0x74, 0x65, 0x78, 0x74, 0x2e, 0x6b, 0x65, 0x72, 0x6e,
    0x65, 0x6c, 0x5f, 0x6b, 0x65, 0x72, 0x6e, 0x65, 0x6c, 0x00, 0x2e, 0x72, 0x65, 0x6c, 0x61, 0x2e,
    0x74, 0x65, 0x78, 0x74, 0x2e, 0x6b, 0x65, 0x72, 0x6e, 0x65, 0x6c, 0x5f, 0x6b, 0x65, 0x72, 0x6e,
    0x65, 0x6c, 0x00, 0x2e, 0x64, 0x65, 0x62, 0x75, 0x67, 0x5f, 0x66, 0x72, 0x61, 0x6d, 0x65, 0x00,
    0x2e, 0x72, 0x65, 0x6c, 0x2e, 0x6e, 0x76, 0x2e, 0x63, 0x6f, 0x6e, 0x73, 0x74, 0x61, 0x6e, 0x74,
    0x2e, 0x70, 0x69, 0x63, 0x00, 0x2e, 0x72, 0x65, 0x6c, 0x61, 0x2e, 0x6e, 0x76, 0x2e, 0x63, 0x6f,
    0x6e, 0x73, 0x74, 0x61, 0x6e, 0x74, 0x34, 0x00, 0x00, 0x00, 0x00, 0x2e, 0x72, 0x65, 0x6c, 0x2e,
    0x64, 0x65, 0x62, 0x75, 0x67, 0x5f, 0x66, 0x72, 0x61, 0x6d, 0x65, 0x00, 0x2e, 0x72, 0x65, 0x6c,
    0x61, 0x2e, 0x64, 0x65, 0x62, 0x75, 0x67, 0x5f, 0x66, 0x72, 0x61, 0x6d, 0x65, 0x00, 0x2e, 0x6e,
    0x76, 0x2e, 0x63, 0x61, 0x6c, 0x6c, 0x67, 0x72, 0x61, 0x70, 0x68, 0x00, 0x2e, 0x6e, 0x76, 0x2e,
    0x70, 0x72, 0x6f, 0x74, 0x6f, 0x74, 0x79, 0x70, 0x65, 0x00, 0x2e, 0x6e, 0x76, 0x2e, 0x63, 0x6f,
    0x6e, 0x73, 0x74, 0x61, 0x6e, 0x74, 0x30, 0x2e, 0x6b, 0x65, 0x72, 0x6e, 0x65, 0x6c, 0x5f, 0x6b,
    0x65, 0x72, 0x6e, 0x65, 0x6c, 0x00, 0x2e, 0x6e, 0x76, 0x2e, 0x63, 0x61, 0x70, 0x6d, 0x65, 0x72,
    0x63, 0x2e, 0x74, 0x65, 0x78, 0x74, 0x2e, 0x6b, 0x65, 0x72, 0x6e, 0x65, 0x6c, 0x5f, 0x6b, 0x65,
    0x72, 0x6e, 0x65, 0x6c, 0x00, 0x2e, 0x6e, 0x76, 0x2e, 0x6d, 0x65, 0x72, 0x63, 0x2e, 0x64, 0x65,
    0x62, 0x75, 0x67, 0x5f, 0x66, 0x72, 0x61, 0x6d, 0x65, 0x00, 0x2e, 0x6e, 0x76, 0x2e, 0x6d, 0x65,
    0x72, 0x63, 0x2e, 0x6e, 0x76, 0x2e, 0x69, 0x6e, 0x66, 0x6f, 0x00, 0x2e, 0x6e, 0x76, 0x2e, 0x6d,
    0x65, 0x72, 0x63, 0x2e, 0x6e, 0x76, 0x2e, 0x69, 0x6e, 0x66, 0x6f, 0x2e, 0x6b, 0x65, 0x72, 0x6e,
    0x65, 0x6c, 0x5f, 0x6b, 0x65, 0x72, 0x6e, 0x65, 0x6c, 0x00, 0x2e, 0x6e, 0x76, 0x2e, 0x6d, 0x65,
    0x72, 0x63, 0x2e, 0x72, 0x65, 0x6c, 0x61, 0x2e, 0x74, 0x65, 0x78, 0x74, 0x2e, 0x6b, 0x65, 0x72,
    0x6e, 0x65, 0x6c, 0x5f, 0x6b, 0x65, 0x72, 0x6e, 0x65, 0x6c, 0x00, 0x2e, 0x6e, 0x76, 0x2e, 0x6d,
    0x65, 0x72, 0x63, 0x2e, 0x72, 0x65, 0x6c, 0x61, 0x2e, 0x6e, 0x76, 0x2e, 0x63, 0x6f, 0x6e, 0x73,
    0x74, 0x61, 0x6e, 0x74, 0x2e, 0x70, 0x69, 0x63, 0x00, 0x2e, 0x6e, 0x76, 0x2e, 0x6d, 0x65, 0x72,
    0x63, 0x2e, 0x72, 0x65, 0x6c, 0x61, 0x2e, 0x64, 0x65, 0x62, 0x75, 0x67, 0x5f, 0x66, 0x72, 0x61,
    0x6d, 0x65, 0x00, 0x2e, 0x6e, 0x76, 0x2e, 0x6d, 0x65, 0x72, 0x63, 0x2e, 0x6e, 0x76, 0x2e, 0x63,
    0x6f, 0x6e, 0x73, 0x74, 0x61, 0x6e, 0x74, 0x2e, 0x70, 0x69, 0x63, 0x00, 0x2e, 0x6e, 0x76, 0x2e,
    0x6d, 0x65, 0x72, 0x63, 0x2e, 0x6e, 0x76, 0x2e, 0x73, 0x68, 0x61, 0x72, 0x65, 0x64, 0x2e, 0x72,
    0x65, 0x73, 0x65, 0x72, 0x76, 0x65, 0x64, 0x2e, 0x30, 0x00, 0x2e, 0x6e, 0x76, 0x2e, 0x6d, 0x65,
    0x72, 0x63, 0x2e, 0x73, 0x79, 0x6d, 0x74, 0x61, 0x62, 0x00, 0x00, 0x00, 0x00, 0x00, 0x00, 0x00,
    0x00, 0x00, 0x00, 0x00, 0x00, 0x00, 0x00, 0x00, 0x00, 0x00, 0x00, 0x00, 0x00, 0x00, 0x00, 0x00,
    0x00, 0x00, 0x00, 0x00, 0x00, 0x00, 0x00, 0x00, 0x00, 0x00, 0x00, 0x00, 0x00, 0x00, 0x00, 0x2e,
    0x73, 0x68, 0x73, 0x74, 0x72, 0x74, 0x61, 0x62, 0x00, 0x2e, 0x73, 0x74, 0x72, 0x74, 0x61, 0x62,
    0x00, 0x2e, 0x73, 0x79, 0x6d, 0x74, 0x61, 0x62, 0x00, 0x2e, 0x73, 0x79, 0x6d, 0x74, 0x61, 0x62,
    0x5f, 0x73, 0x68, 0x6e, 0x64, 0x78, 0x00, 0x2e, 0x6e, 0x6f, 0x74, 0x65, 0x2e, 0x6e, 0x76, 0x2e,
    0x74, 0x6b, 0x69, 0x6e, 0x66, 0x6f, 0x00, 0x2e, 0x6e, 0x6f, 0x74, 0x65, 0x2e, 0x6e, 0x76, 0x2e,
    0x63, 0x75, 0x76, 0x65, 0x72, 0x00, 0x2e, 0x6e, 0x76, 0x2e, 0x69, 0x6e, 0x66, 0x6f, 0x00, 0x2e,
    0x74, 0x65, 0x78, 0x74, 0x2e, 0x6b, 0x65, 0x72, 0x6e, 0x65, 0x6c, 0x5f, 0x6b, 0x65, 0x72, 0x6e,
    0x65, 0x6c, 0x00, 0x2e, 0x6e, 0x76, 0x2e, 0x69, 0x6e, 0x66, 0x6f, 0x2e, 0x6b, 0x65, 0x72, 0x6e,
    0x65, 0x6c, 0x5f, 0x6b, 0x65, 0x72, 0x6e, 0x65, 0x6c, 0x00, 0x2e, 0x6e, 0x76, 0x2e, 0x73, 0x68,
    0x61, 0x72, 0x65, 0x64, 0x2e, 0x6b, 0x65, 0x72, 0x6e, 0x65, 0x6c, 0x5f, 0x6b, 0x65, 0x72, 0x6e,
    0x65, 0x6c, 0x00, 0x2e, 0x6e, 0x76, 0x2e, 0x72, 0x65, 0x73, 0x65, 0x72, 0x76, 0x65, 0x64, 0x53,
    0x6d, 0x65, 0x6d, 0x2e, 0x6f, 0x66, 0x66, 0x73, 0x65, 0x74, 0x30, 0x00, 0x2e, 0x6e, 0x76, 0x2e,
    0x73, 0x68, 0x61, 0x72, 0x65, 0x64, 0x2e, 0x72, 0x65, 0x73, 0x65, 0x72, 0x76, 0x65, 0x64, 0x2e,
    0x30, 0x00, 0x5f, 0x5f, 0x6e, 0x76, 0x5f, 0x72, 0x65, 0x73, 0x65, 0x72, 0x76, 0x65, 0x64, 0x53,
    0x4d, 0x45, 0x4d, 0x5f, 0x6f, 0x66, 0x66, 0x73, 0x65, 0x74, 0x5f, 0x30, 0x5f, 0x61, 0x6c, 0x69,
    0x61, 0x73, 0x00, 0x2e, 0x6e, 0x76, 0x2e, 0x67, 0x6c, 0x6f, 0x62, 0x61, 0x6c, 0x00, 0x5f, 0x5a,
    0x4e, 0x39, 0x36, 0x5f, 0x49, 0x4e, 0x54, 0x45, 0x52, 0x4e, 0x41, 0x4c, 0x5f, 0x64, 0x62, 0x61,
    0x39, 0x32, 0x63, 0x32, 0x66, 0x5f, 0x36, 0x35, 0x5f, 0x74, 0x69, 0x6c, 0x65, 0x6c, 0x61, 0x6e,
    0x67, 0x5f, 0x62, 0x61, 0x74, 0x63, 0x68, 0x5f, 0x70, 0x72, 0x65, 0x66, 0x69, 0x6c, 0x6c, 0x5f,
    0x70, 0x61, 0x67, 0x65, 0x64, 0x5f, 0x68, 0x64, 0x31, 0x32, 0x38, 0x5f, 0x71, 0x34, 0x30, 0x5f,
    0x6b, 0x76, 0x38, 0x5f, 0x73, 0x6d, 0x31, 0x32, 0x30, 0x5f, 0x64, 0x65, 0x76, 0x69, 0x63, 0x65,
    0x5f, 0x6b, 0x65, 0x72, 0x6e, 0x65, 0x6c, 0x5f, 0x63, 0x75, 0x5f, 0x31, 0x62, 0x36, 0x33, 0x65,
    0x30, 0x38, 0x35, 0x34, 0x63, 0x75, 0x64, 0x61, 0x33, 0x73, 0x74, 0x64, 0x33, 0x5f, 0x5f, 0x34,
    0x35, 0x5f, 0x5f, 0x63, 0x70, 0x6f, 0x35, 0x62, 0x65, 0x67, 0x69, 0x6e, 0x45, 0x00, 0x2e, 0x6e,
    0x76, 0x2e, 0x63, 0x6f, 0x6e, 0x73, 0x74, 0x61, 0x6e, 0x74, 0x2e, 0x70, 0x69, 0x63, 0x00, 0x5f,
    0x5a, 0x4e, 0x39, 0x36, 0x5f, 0x49, 0x4e, 0x54, 0x45, 0x52, 0x4e, 0x41, 0x4c, 0x5f, 0x64, 0x62,
    0x61, 0x39, 0x32, 0x63, 0x32, 0x66, 0x5f, 0x36, 0x35, 0x5f, 0x74, 0x69, 0x6c, 0x65, 0x6c, 0x61,
    0x6e, 0x67, 0x5f, 0x62, 0x61, 0x74, 0x63, 0x68, 0x5f, 0x70, 0x72, 0x65, 0x66, 0x69, 0x6c, 0x6c,
    0x5f, 0x70, 0x61, 0x67, 0x65, 0x64, 0x5f, 0x68, 0x64, 0x31, 0x32, 0x38, 0x5f, 0x71, 0x34, 0x30,
    0x5f, 0x6b, 0x76, 0x38, 0x5f, 0x73, 0x6d, 0x31, 0x32, 0x30, 0x5f, 0x64, 0x65, 0x76, 0x69, 0x63,
    0x65, 0x5f, 0x6b, 0x65, 0x72, 0x6e, 0x65, 0x6c, 0x5f, 0x63, 0x75, 0x5f, 0x31, 0x62, 0x36, 0x33,
    0x65, 0x30, 0x38, 0x35, 0x34, 0x63, 0x75, 0x64, 0x61, 0x33, 0x73, 0x74, 0x64, 0x33, 0x5f, 0x5f,
    0x34, 0x35, 0x5f, 0x5f, 0x63, 0x70, 0x6f, 0x33, 0x65, 0x6e, 0x64, 0x45, 0x00, 0x5f, 0x5a, 0x4e,
    0x39, 0x36, 0x5f, 0x49, 0x4e, 0x54, 0x45, 0x52, 0x4e, 0x41, 0x4c, 0x5f, 0x64, 0x62, 0x61, 0x39,
    0x32, 0x63, 0x32, 0x66, 0x5f, 0x36, 0x35, 0x5f, 0x74, 0x69, 0x6c, 0x65, 0x6c, 0x61, 0x6e, 0x67,
    0x5f, 0x62, 0x61, 0x74, 0x63, 0x68, 0x5f, 0x70, 0x72, 0x65, 0x66, 0x69, 0x6c, 0x6c, 0x5f, 0x70,
    0x61, 0x67, 0x65, 0x64, 0x5f, 0x68, 0x64, 0x31, 0x32, 0x38, 0x5f, 0x71, 0x34, 0x30, 0x5f, 0x6b,
    0x76, 0x38, 0x5f, 0x73, 0x6d, 0x31, 0x32, 0x30, 0x5f, 0x64, 0x65, 0x76, 0x69, 0x63, 0x65, 0x5f,
    0x6b, 0x65, 0x72, 0x6e, 0x65, 0x6c, 0x5f, 0x63, 0x75, 0x5f, 0x31, 0x62, 0x36, 0x33, 0x65, 0x30,
    0x38, 0x35, 0x34, 0x63, 0x75, 0x64, 0x61, 0x33, 0x73, 0x74, 0x64, 0x33, 0x5f, 0x5f, 0x34, 0x35,
    0x5f, 0x5f, 0x63, 0x70, 0x6f, 0x36, 0x63, 0x62, 0x65, 0x67, 0x69, 0x6e, 0x45, 0x00, 0x5f, 0x5a,
    0x4e, 0x39, 0x36, 0x5f, 0x49, 0x4e, 0x54, 0x45, 0x52, 0x4e, 0x41, 0x4c, 0x5f, 0x64, 0x62, 0x61,
    0x39, 0x32, 0x63, 0x32, 0x66, 0x5f, 0x36, 0x35, 0x5f, 0x74, 0x69, 0x6c, 0x65, 0x6c, 0x61, 0x6e,
    0x67, 0x5f, 0x62, 0x61, 0x74, 0x63, 0x68, 0x5f, 0x70, 0x72, 0x65, 0x66, 0x69, 0x6c, 0x6c, 0x5f,
    0x70, 0x61, 0x67, 0x65, 0x64, 0x5f, 0x68, 0x64, 0x31, 0x32, 0x38, 0x5f, 0x71, 0x34, 0x30, 0x5f,
    0x6b, 0x76, 0x38, 0x5f, 0x73, 0x6d, 0x31, 0x32, 0x30, 0x5f, 0x64, 0x65, 0x76, 0x69, 0x63, 0x65,
    0x5f, 0x6b, 0x65, 0x72, 0x6e, 0x65, 0x6c, 0x5f, 0x63, 0x75, 0x5f, 0x31, 0x62, 0x36, 0x33, 0x65,
    0x30, 0x38, 0x35, 0x34, 0x63, 0x75, 0x64, 0x61, 0x33, 0x73, 0x74, 0x64, 0x33, 0x5f, 0x5f, 0x34,
    0x35, 0x5f, 0x5f, 0x63, 0x70, 0x6f, 0x34, 0x63, 0x65, 0x6e, 0x64, 0x45, 0x00, 0x5f, 0x5a, 0x4e,
    0x39, 0x36, 0x5f, 0x49, 0x4e, 0x54, 0x45, 0x52, 0x4e, 0x41, 0x4c, 0x5f, 0x64, 0x62, 0x61, 0x39,
    0x32, 0x63, 0x32, 0x66, 0x5f, 0x36, 0x35, 0x5f, 0x74, 0x69, 0x6c, 0x65, 0x6c, 0x61, 0x6e, 0x67,
    0x5f, 0x62, 0x61, 0x74, 0x63, 0x68, 0x5f, 0x70, 0x72, 0x65, 0x66, 0x69, 0x6c, 0x6c, 0x5f, 0x70,
    0x61, 0x67, 0x65, 0x64, 0x5f, 0x68, 0x64, 0x31, 0x32, 0x38, 0x5f, 0x71, 0x34, 0x30, 0x5f, 0x6b,
    0x76, 0x38, 0x5f, 0x73, 0x6d, 0x31, 0x32, 0x30, 0x5f, 0x64, 0x65, 0x76, 0x69, 0x63, 0x65, 0x5f,
    0x6b, 0x65, 0x72, 0x6e, 0x65, 0x6c, 0x5f, 0x63, 0x75, 0x5f, 0x31, 0x62, 0x36, 0x33, 0x65, 0x30,
    0x38, 0x35, 0x34, 0x63, 0x75, 0x64, 0x61, 0x33, 0x73, 0x74, 0x64, 0x33, 0x5f, 0x5f, 0x34, 0x31,
    0x39, 0x70, 0x69, 0x65, 0x63, 0x65, 0x77, 0x69, 0x73, 0x65, 0x5f, 0x63, 0x6f, 0x6e, 0x73, 0x74,
    0x72, 0x75, 0x63, 0x74, 0x45, 0x00, 0x5f, 0x5a, 0x4e, 0x39, 0x36, 0x5f, 0x49, 0x4e, 0x54, 0x45,
    0x52, 0x4e, 0x41, 0x4c, 0x5f, 0x64, 0x62, 0x61, 0x39, 0x32, 0x63, 0x32, 0x66, 0x5f, 0x36, 0x35,
    0x5f, 0x74, 0x69, 0x6c, 0x65, 0x6c, 0x61, 0x6e, 0x67, 0x5f, 0x62, 0x61, 0x74, 0x63, 0x68, 0x5f,
    0x70, 0x72, 0x65, 0x66, 0x69, 0x6c, 0x6c, 0x5f, 0x70, 0x61, 0x67, 0x65, 0x64, 0x5f, 0x68, 0x64,
    0x31, 0x32, 0x38, 0x5f, 0x71, 0x34, 0x30, 0x5f, 0x6b, 0x76, 0x38, 0x5f, 0x73, 0x6d, 0x31, 0x32,
    0x30, 0x5f, 0x64, 0x65, 0x76, 0x69, 0x63, 0x65, 0x5f, 0x6b, 0x65, 0x72, 0x6e, 0x65, 0x6c, 0x5f,
    0x63, 0x75, 0x5f, 0x31, 0x62, 0x36, 0x33, 0x65, 0x30, 0x38, 0x35, 0x34, 0x63, 0x75, 0x64, 0x61,
    0x33, 0x73, 0x74, 0x64, 0x33, 0x5f, 0x5f, 0x34, 0x38, 0x69, 0x6e, 0x5f, 0x70, 0x6c, 0x61, 0x63,
    0x65, 0x45, 0x00, 0x5f, 0x5a, 0x4e, 0x39, 0x36, 0x5f, 0x49, 0x4e, 0x54, 0x45, 0x52, 0x4e, 0x41,
    0x4c, 0x5f, 0x64, 0x62, 0x61, 0x39, 0x32, 0x63, 0x32, 0x66, 0x5f, 0x36, 0x35, 0x5f, 0x74, 0x69,
    0x6c, 0x65, 0x6c, 0x61, 0x6e, 0x67, 0x5f, 0x62, 0x61, 0x74, 0x63, 0x68, 0x5f, 0x70, 0x72, 0x65,
    0x66, 0x69, 0x6c, 0x6c, 0x5f, 0x70, 0x61, 0x67, 0x65, 0x64, 0x5f, 0x68, 0x64, 0x31, 0x32, 0x38,
    0x5f, 0x71, 0x34, 0x30, 0x5f, 0x6b, 0x76, 0x38, 0x5f, 0x73, 0x6d, 0x31, 0x32, 0x30, 0x5f, 0x64,
    0x65, 0x76, 0x69, 0x63, 0x65, 0x5f, 0x6b, 0x65, 0x72, 0x6e, 0x65, 0x6c, 0x5f, 0x63, 0x75, 0x5f,
    0x31, 0x62, 0x36, 0x33, 0x65, 0x30, 0x38, 0x35, 0x34, 0x63, 0x75, 0x64, 0x61, 0x33, 0x73, 0x74,
    0x64, 0x36, 0x72, 0x61, 0x6e, 0x67, 0x65, 0x73, 0x33, 0x5f, 0x5f, 0x34, 0x35, 0x5f, 0x5f, 0x63,
    0x70, 0x6f, 0x34, 0x73, 0x77, 0x61, 0x70, 0x45, 0x00, 0x5f, 0x5a, 0x4e, 0x39, 0x36, 0x5f, 0x49,
    0x4e, 0x54, 0x45, 0x52, 0x4e, 0x41, 0x4c, 0x5f, 0x64, 0x62, 0x61, 0x39, 0x32, 0x63, 0x32, 0x66,
    0x5f, 0x36, 0x35, 0x5f, 0x74, 0x69, 0x6c, 0x65, 0x6c, 0x61, 0x6e, 0x67, 0x5f, 0x62, 0x61, 0x74,
    0x63, 0x68, 0x5f, 0x70, 0x72, 0x65, 0x66, 0x69, 0x6c, 0x6c, 0x5f, 0x70, 0x61, 0x67, 0x65, 0x64,
    0x5f, 0x68, 0x64, 0x31, 0x32, 0x38, 0x5f, 0x71, 0x34, 0x30, 0x5f, 0x6b, 0x76, 0x38, 0x5f, 0x73,
    0x6d, 0x31, 0x32, 0x30, 0x5f, 0x64, 0x65, 0x76, 0x69, 0x63, 0x65, 0x5f, 0x6b, 0x65, 0x72, 0x6e,
    0x65, 0x6c, 0x5f, 0x63, 0x75, 0x5f, 0x31, 0x62, 0x36, 0x33, 0x65, 0x30, 0x38, 0x35, 0x34, 0x63,
    0x75, 0x64, 0x61, 0x33, 0x73, 0x74, 0x64, 0x36, 0x72, 0x61, 0x6e, 0x67, 0x65, 0x73, 0x33, 0x5f,
    0x5f, 0x34, 0x35, 0x5f, 0x5f, 0x63, 0x70, 0x6f, 0x39, 0x69, 0x74, 0x65, 0x72, 0x5f, 0x6d, 0x6f,
    0x76, 0x65, 0x45, 0x00, 0x5f, 0x5a, 0x4e, 0x39, 0x36, 0x5f, 0x49, 0x4e, 0x54, 0x45, 0x52, 0x4e,
    0x41, 0x4c, 0x5f, 0x64, 0x62, 0x61, 0x39, 0x32, 0x63, 0x32, 0x66, 0x5f, 0x36, 0x35, 0x5f, 0x74,
    0x69, 0x6c, 0x65, 0x6c, 0x61, 0x6e, 0x67, 0x5f, 0x62, 0x61, 0x74, 0x63, 0x68, 0x5f, 0x70, 0x72,
    0x65, 0x66, 0x69, 0x6c, 0x6c, 0x5f, 0x70, 0x61, 0x67, 0x65, 0x64, 0x5f, 0x68, 0x64, 0x31, 0x32,
    0x38, 0x5f, 0x71, 0x34, 0x30, 0x5f, 0x6b, 0x76, 0x38, 0x5f, 0x73, 0x6d, 0x31, 0x32, 0x30, 0x5f,
    0x64, 0x65, 0x76, 0x69, 0x63, 0x65, 0x5f, 0x6b, 0x65, 0x72, 0x6e, 0x65, 0x6c, 0x5f, 0x63, 0x75,
    0x5f, 0x31, 0x62, 0x36, 0x33, 0x65, 0x30, 0x38, 0x35, 0x34, 0x63, 0x75, 0x74, 0x65, 0x37, 0x70,
    0x72, 0x6f, 0x64, 0x75, 0x63, 0x74, 0x45, 0x00, 0x5f, 0x5a, 0x4e, 0x39, 0x36, 0x5f, 0x49, 0x4e,
    0x54, 0x45, 0x52, 0x4e, 0x41, 0x4c, 0x5f, 0x64, 0x62, 0x61, 0x39, 0x32, 0x63, 0x32, 0x66, 0x5f,
    0x36, 0x35, 0x5f, 0x74, 0x69, 0x6c, 0x65, 0x6c, 0x61, 0x6e, 0x67, 0x5f, 0x62, 0x61, 0x74, 0x63,
    0x68, 0x5f, 0x70, 0x72, 0x65, 0x66, 0x69, 0x6c, 0x6c, 0x5f, 0x70, 0x61, 0x67, 0x65, 0x64, 0x5f,
    0x68, 0x64, 0x31, 0x32, 0x38, 0x5f, 0x71, 0x34, 0x30, 0x5f, 0x6b, 0x76, 0x38, 0x5f, 0x73, 0x6d,
    0x31, 0x32, 0x30, 0x5f, 0x64, 0x65, 0x76, 0x69, 0x63, 0x65, 0x5f, 0x6b, 0x65, 0x72, 0x6e, 0x65,
    0x6c, 0x5f, 0x63, 0x75, 0x5f, 0x31, 0x62, 0x36, 0x33, 0x65, 0x30, 0x38, 0x35, 0x34, 0x63, 0x75,
    0x74, 0x65, 0x31, 0x5f, 0x45, 0x00, 0x2e, 0x6e, 0x76, 0x2e, 0x72, 0x65, 0x73, 0x65, 0x72, 0x76,
    0x65, 0x64, 0x53, 0x6d, 0x65, 0x6d, 0x2e, 0x63, 0x61, 0x70, 0x00, 0x2e, 0x6e, 0x76, 0x2e, 0x63,
    0x6f, 0x6d, 0x70, 0x61, 0x74, 0x00, 0x24, 0x5f, 0x5f, 0x69, 0x6e, 0x74, 0x65, 0x72, 0x6e, 0x61,
    0x6c, 0x5f, 0x30, 0x5f, 0x24, 0x5f, 0x5f, 0x63, 0x75, 0x64, 0x61, 0x5f, 0x73, 0x6d, 0x33, 0x78,
    0x5f, 0x64, 0x69, 0x76, 0x5f, 0x72, 0x6e, 0x5f, 0x6e, 0x6f, 0x66, 0x74, 0x7a, 0x5f, 0x66, 0x33,
    0x32, 0x5f, 0x73, 0x6c, 0x6f, 0x77, 0x70, 0x61, 0x74, 0x68, 0x00, 0x2e, 0x72, 0x65, 0x6c, 0x2e,
    0x74, 0x65, 0x78, 0x74, 0x2e, 0x6b, 0x65, 0x72, 0x6e, 0x65, 0x6c, 0x5f, 0x6b, 0x65, 0x72, 0x6e,
    0x65, 0x6c, 0x00, 0x2e, 0x72, 0x65, 0x6c, 0x61, 0x2e, 0x74, 0x65, 0x78, 0x74, 0x2e, 0x6b, 0x65,
    0x72, 0x6e, 0x65, 0x6c, 0x5f, 0x6b, 0x65, 0x72, 0x6e, 0x65, 0x6c, 0x00, 0x2e, 0x64, 0x65, 0x62,
    0x75, 0x67, 0x5f, 0x66, 0x72, 0x61, 0x6d, 0x65, 0x00, 0x2e, 0x72, 0x65, 0x6c, 0x2e, 0x6e, 0x76,
    0x2e, 0x63, 0x6f, 0x6e, 0x73, 0x74, 0x61, 0x6e, 0x74, 0x2e, 0x70, 0x69, 0x63, 0x00, 0x2e, 0x72,
    0x65, 0x6c, 0x61, 0x2e, 0x6e, 0x76, 0x2e, 0x63, 0x6f, 0x6e, 0x73, 0x74, 0x61, 0x6e, 0x74, 0x2e,
    0x70, 0x69, 0x63, 0x00, 0x2e, 0x72, 0x65, 0x6c, 0x2e, 0x64, 0x65, 0x62, 0x75, 0x67, 0x5f, 0x66,
    0x72, 0x61, 0x6d, 0x65, 0x00, 0x2e, 0x72, 0x65, 0x6c, 0x61, 0x2e, 0x64, 0x65, 0x62, 0x75, 0x67,
    0x5f, 0x66, 0x72, 0x61, 0x6d, 0x65, 0x00, 0x2e, 0x6e, 0x76, 0x2e, 0x63, 0x61, 0x6c, 0x6c, 0x67,
    0x72, 0x61, 0x70, 0x68, 0x00, 0x2e, 0x6e, 0x76, 0x2e, 0x70, 0x72, 0x6f, 0x74, 0x6f, 0x74, 0x79,
    0x70, 0x65, 0x00, 0x6b, 0x65, 0x72, 0x6e, 0x65, 0x6c, 0x5f, 0x6b, 0x65, 0x72, 0x6e, 0x65, 0x6c,
    0x00, 0x2e, 0x6e, 0x76, 0x2e, 0x63, 0x6f, 0x6e, 0x73, 0x74, 0x61, 0x6e, 0x74, 0x34, 0x00, 0x2e,
    0x6e, 0x76, 0x2e, 0x63, 0x6f, 0x6e, 0x73, 0x74, 0x61, 0x6e, 0x74, 0x30, 0x2e, 0x6b, 0x65, 0x72,
    0x6e, 0x65, 0x6c, 0x5f, 0x6b, 0x65, 0x72, 0x6e, 0x65, 0x6c, 0x00, 0x00, 0x00, 0x00, 0x00, 0x00,
    0x00, 0x00, 0x00, 0x00, 0x00, 0x00, 0x00, 0x00, 0x00, 0x00, 0x00, 0x00, 0x00, 0x00, 0x00, 0x00,
    0x00, 0x00, 0x00, 0x00, 0x00, 0x00, 0x00, 0x00, 0x00, 0x00, 0x00, 0x00, 0x00, 0x00, 0x00, 0x00,
    0x00, 0x00, 0x00, 0x00, 0x00, 0x00, 0x00, 0x00, 0x00, 0x00, 0x00, 0x00, 0x00, 0x00, 0x00, 0x00,
    0x51, 0x00, 0x00, 0x00, 0x03, 0x00, 0x0f, 0x00, 0x00, 0x00, 0x00, 0x00, 0x00, 0x00, 0x00, 0x00,
    0x00, 0x00, 0x00, 0x00, 0x00, 0x00, 0x00, 0x00, 0x95, 0x00, 0x00, 0x00, 0x21, 0x00, 0x00, 0x00,
    0x40, 0x00, 0x00, 0x00, 0x00, 0x00, 0x00, 0x00, 0x04, 0x00, 0x00, 0x00, 0x00, 0x00, 0x00, 0x00,
    0xc4, 0x00, 0x00, 0x00, 0x20, 0xa0, 0x11, 0x00, 0x40, 0x00, 0x00, 0x00, 0x00, 0x00, 0x00, 0x00,
    0x00, 0x00, 0x00, 0x00, 0x00, 0x00, 0x00, 0x00, 0xe5, 0x00, 0x00, 0x00, 0x03, 0x00, 0x12, 0x00,
    0x00, 0x00, 0x00, 0x00, 0x00, 0x00, 0x00, 0x00, 0x00, 0x00, 0x00, 0x00, 0x00, 0x00, 0x00, 0x00,
    0xf0, 0x00, 0x00, 0x00, 0x01, 0x00, 0x12, 0x00, 0x01, 0x00, 0x00, 0x00, 0x00, 0x00, 0x00, 0x00,
    0x01, 0x00, 0x00, 0x00, 0x00, 0x00, 0x00, 0x00, 0x03, 0x07, 0x00, 0x00, 0x03, 0x00, 0x0e, 0x00,
    0x00, 0x00, 0x00, 0x00, 0x00, 0x00, 0x00, 0x00, 0x00, 0x00, 0x00, 0x00, 0x00, 0x00, 0x00, 0x00,
    0x81, 0x01, 0x00, 0x00, 0x01, 0x00, 0x12, 0x00, 0x06, 0x00, 0x00, 0x00, 0x00, 0x00, 0x00, 0x00,
    0x01, 0x00, 0x00, 0x00, 0x00, 0x00, 0x00, 0x00, 0xff, 0x01, 0x00, 0x00, 0x01, 0x00, 0x12, 0x00,
    0x03, 0x00, 0x00, 0x00, 0x00, 0x00, 0x00, 0x00, 0x01, 0x00, 0x00, 0x00, 0x00, 0x00, 0x00, 0x00,
    0x80, 0x02, 0x00, 0x00, 0x01, 0x00, 0x12, 0x00, 0x08, 0x00, 0x00, 0x00, 0x00, 0x00, 0x00, 0x00,
    0x01, 0x00, 0x00, 0x00, 0x00, 0x00, 0x00, 0x00, 0xff, 0x02, 0x00, 0x00, 0x01, 0x00, 0x12, 0x00,
    0x02, 0x00, 0x00, 0x00, 0x00, 0x00, 0x00, 0x00, 0x01, 0x00, 0x00, 0x00, 0x00, 0x00, 0x00, 0x00,
    0x88, 0x03, 0x00, 0x00, 0x01, 0x00, 0x12, 0x00, 0x07, 0x00, 0x00, 0x00, 0x00, 0x00, 0x00, 0x00,
    0x01, 0x00, 0x00, 0x00, 0x00, 0x00, 0x00, 0x00, 0x05, 0x04, 0x00, 0x00, 0x01, 0x00, 0x12, 0x00,
    0x04, 0x00, 0x00, 0x00, 0x00, 0x00, 0x00, 0x00, 0x01, 0x00, 0x00, 0x00, 0x00, 0x00, 0x00, 0x00,
    0x8b, 0x04, 0x00, 0x00, 0x01, 0x00, 0x12, 0x00, 0x09, 0x00, 0x00, 0x00, 0x00, 0x00, 0x00, 0x00,
    0x01, 0x00, 0x00, 0x00, 0x00, 0x00, 0x00, 0x00, 0x16, 0x05, 0x00, 0x00, 0x01, 0x00, 0x12, 0x00,
    0x00, 0x00, 0x00, 0x00, 0x00, 0x00, 0x00, 0x00, 0x01, 0x00, 0x00, 0x00, 0x00, 0x00, 0x00, 0x00,
    0x8a, 0x05, 0x00, 0x00, 0x01, 0x00, 0x12, 0x00, 0x05, 0x00, 0x00, 0x00, 0x00, 0x00, 0x00, 0x00,
    0x01, 0x00, 0x00, 0x00, 0x00, 0x00, 0x00, 0x00, 0xf8, 0x05, 0x00, 0x00, 0x21, 0x00, 0x00, 0x00,
    0x00, 0x04, 0x00, 0x00, 0x00, 0x00, 0x00, 0x00, 0x04, 0x00, 0x00, 0x00, 0x00, 0x00, 0x00, 0x00,
    0x18, 0x06, 0x00, 0x00, 0x22, 0x00, 0x0f, 0x00, 0xd0, 0xaa, 0x00, 0x00, 0x00, 0x00, 0x00, 0x00,
    0x30, 0x07, 0x00, 0x00, 0x00, 0x00, 0x00, 0x00, 0x7e, 0x06, 0x00, 0x00, 0x03, 0x00, 0x04, 0x00,
    0x00, 0x00, 0x00, 0x00, 0x00, 0x00, 0x00, 0x00, 0x00, 0x00, 0x00, 0x00, 0x00, 0x00, 0x00, 0x00,
    0xd9, 0x06, 0x00, 0x00, 0x03, 0x00, 0x0a, 0x00, 0x00, 0x00, 0x00, 0x00, 0x00, 0x00, 0x00, 0x00,
    0x00, 0x00, 0x00, 0x00, 0x00, 0x00, 0x00, 0x00, 0xf5, 0x06, 0x00, 0x00, 0x12, 0x10, 0x0f, 0x00,
    0x00, 0x00, 0x00, 0x00, 0x00, 0x00, 0x00, 0x00, 0x00, 0xb2, 0x00, 0x00, 0x00, 0x00, 0x00, 0x00,
    0x11, 0x07, 0x00, 0x00, 0x03, 0x00, 0x13, 0x00, 0x00, 0x00, 0x00, 0x00, 0x00, 0x00, 0x00, 0x00,
    0x00, 0x00, 0x00, 0x00, 0x00, 0x00, 0x00, 0x00, 0xff, 0xff, 0xff, 0xff, 0x24, 0x00, 0x00, 0x00,
    0x00, 0x00, 0x00, 0x00, 0xff, 0xff, 0xff, 0xff, 0xff, 0xff, 0xff, 0xff, 0x03, 0x00, 0x04, 0x7c,
    0xff, 0xff, 0xff, 0xff, 0x0f, 0x0c, 0x81, 0x80, 0x80, 0x28, 0x00, 0x08, 0xff, 0x81, 0x80, 0x28,
    0x08, 0x81, 0x80, 0x80, 0x28, 0x00, 0x00, 0x00, 0xff, 0xff, 0xff, 0xff, 0x2c, 0x00, 0x00, 0x00,
    0x00, 0x00, 0x00, 0x00, 0x00, 0x00, 0x00, 0x00, 0x00, 0x00, 0x00, 0x00, 0x00, 0x00, 0x00, 0x00,
    0x00, 0x00, 0x00, 0x00, 0xd0, 0xaa, 0x00, 0x00, 0x00, 0x00, 0x00, 0x00, 0x04, 0xf4, 0x00, 0x00,
    0x00, 0x0c, 0x81, 0x80, 0x80, 0x28, 0x00, 0x04, 0xbc, 0x29, 0x00, 0x00, 0x00, 0x00, 0x00, 0x00,
    0xff, 0xff, 0xff, 0xff, 0x3c, 0x00, 0x00, 0x00, 0x00, 0x00, 0x00, 0x00, 0xff, 0xff, 0xff, 0xff,
    0xff, 0xff, 0xff, 0xff, 0x03, 0x00, 0x04, 0x7c, 0x80, 0x82, 0x80, 0x28, 0x0c, 0x81, 0x80, 0x80,
    0x28, 0x00, 0x08, 0xff, 0x81, 0x80, 0x28, 0x08, 0x81, 0x80, 0x80, 0x28, 0x08, 0x8a, 0x80, 0x80,
    0x28, 0x16, 0x80, 0x82, 0x80, 0x28, 0x10, 0x03, 0x00, 0x00, 0x00, 0x00, 0x00, 0x00, 0x00, 0x00,
    0x92, 0x8a, 0x80, 0x80, 0x28, 0x00, 0x22, 0x00, 0xff, 0xff, 0xff, 0xff, 0x2c, 0x00, 0x00, 0x00,
    0x00, 0x00, 0x00, 0x00, 0x68, 0x00, 0x00, 0x00, 0x00, 0x00, 0x00, 0x00, 0xd0, 0xaa, 0x00, 0x00,
    0x00, 0x00, 0x00, 0x00, 0x30, 0x07, 0x00, 0x00, 0x00, 0x00, 0x00, 0x00, 0x04, 0x94, 0x01, 0x00,
    0x00, 0x09, 0x8a, 0x80, 0x80, 0x28, 0x82, 0x80, 0x80, 0x28, 0x00, 0x00, 0x00, 0x00, 0x00, 0x00,
    0x0c, 0x00, 0x00, 0x00, 0x8c, 0x00, 0x00, 0x00, 0xd0, 0x07, 0x00, 0x00, 0x4e, 0x56, 0x49, 0x44,
    0x49, 0x41, 0x20, 0x43, 0x6f, 0x72, 0x70, 0x00, 0x80, 0x00, 0x00, 0x00, 0x00, 0x00, 0x00, 0x00,
    0x01, 0x00, 0x00, 0x00, 0x07, 0x00, 0x00, 0x00, 0x36, 0x00, 0x00, 0x00, 0x60, 0x00, 0x00, 0x00,
    0x00, 0x70, 0x74, 0x78, 0x61, 0x73, 0x00, 0x43, 0x75, 0x64, 0x61, 0x20, 0x63, 0x6f, 0x6d, 0x70,
    0x69, 0x6c, 0x61, 0x74, 0x69, 0x6f, 0x6e, 0x20, 0x74, 0x6f, 0x6f, 0x6c, 0x73, 0x2c, 0x20, 0x72,
    0x65, 0x6c, 0x65, 0x61, 0x73, 0x65, 0x20, 0x31, 0x32, 0x2e, 0x38, 0x2c, 0x20, 0x56, 0x31, 0x32,
    0x2e, 0x38, 0x2e, 0x39, 0x33, 0x00, 0x42, 0x75, 0x69, 0x6c, 0x64, 0x20, 0x63, 0x75, 0x64, 0x61,
    0x5f, 0x31, 0x32, 0x2e, 0x38, 0x2e, 0x72, 0x31, 0x32, 0x2e, 0x38, 0x2f, 0x63, 0x6f, 0x6d, 0x70,
    0x69, 0x6c, 0x65, 0x72, 0x2e, 0x33, 0x35, 0x35, 0x38, 0x33, 0x38, 0x37, 0x30, 0x5f, 0x30, 0x00,
    0x2d, 0x61, 0x72, 0x63, 0x68, 0x20, 0x73, 0x6d, 0x5f, 0x31, 0x32, 0x30, 0x20, 0x2d, 0x6d, 0x20,
    0x36, 0x34, 0x20, 0x00, 0x0c, 0x00, 0x00, 0x00, 0x0c, 0x00, 0x00, 0x00, 0xe8, 0x03, 0x00, 0x00,
    0x4e, 0x56, 0x49, 0x44, 0x49, 0x41, 0x20, 0x43, 0x6f, 0x72, 0x70, 0x00, 0x01, 0x00, 0x78, 0x00,
    0x01, 0x00, 0x00, 0x00, 0x01, 0x00, 0x00, 0x00, 0x04, 0x2f, 0x08, 0x00, 0x14, 0x00, 0x00, 0x00,
    0xc6, 0x00, 0x00, 0x00, 0x04, 0x11, 0x08, 0x00, 0x11, 0x00, 0x00, 0x00, 0x00, 0x00, 0x00, 0x00,
    0x04, 0x11, 0x08, 0x00, 0x14, 0x00, 0x00, 0x00, 0x00, 0x00, 0x00, 0x00, 0x04, 0x12, 0x08, 0x00,
    0x14, 0x00, 0x00, 0x00, 0x00, 0x00, 0x00, 0x00, 0x04, 0x37, 0x04, 0x00, 0x80, 0x00, 0x00, 0x00,
    0x04, 0x17, 0x0c, 0x00, 0x00, 0x00, 0x00, 0x00, 0x11, 0x00, 0x64, 0x00, 0x00, 0xf0, 0x11, 0x00,
    0x04, 0x17, 0x0c, 0x00, 0x00, 0x00, 0x00, 0x00, 0x10, 0x00, 0x60, 0x00, 0x00, 0xf0, 0x11, 0x00,
    0x04, 0x17, 0x0c, 0x00, 0x00, 0x00, 0x00, 0x00, 0x0f, 0x00, 0x5c, 0x00, 0x00, 0xf0, 0x11, 0x00,
    0x04, 0x17, 0x0c, 0x00, 0x00, 0x00, 0x00, 0x00, 0x0e, 0x00, 0x58, 0x00, 0x00, 0xf0, 0x11, 0x00,
    0x04, 0x17, 0x0c, 0x00, 0x00, 0x00, 0x00, 0x00, 0x0d, 0x00, 0x54, 0x00, 0x00, 0xf0, 0x11, 0x00,
    0x04, 0x17, 0x0c, 0x00, 0x00, 0x00, 0x00, 0x00, 0x0c, 0x00, 0x50, 0x00, 0x00, 0xf0, 0x11, 0x00,
    0x04, 0x17, 0x0c, 0x00, 0x00, 0x00, 0x00, 0x00, 0x0b, 0x00, 0x4c, 0x00, 0x00, 0xf0, 0x11, 0x00,
    0x04, 0x17, 0x0c, 0x00, 0x00, 0x00, 0x00, 0x00, 0x0a, 0x00, 0x48, 0x00, 0x00, 0xf0, 0x11, 0x00,
    0x04, 0x17, 0x0c, 0x00, 0x00, 0x00, 0x00, 0x00, 0x09, 0x00, 0x44, 0x00, 0x00, 0xf0, 0x11, 0x00,
    0x04, 0x17, 0x0c, 0x00, 0x00, 0x00, 0x00, 0x00, 0x08, 0x00, 0x40, 0x00, 0x00, 0xf0, 0x11, 0x00,
    0x04, 0x17, 0x0c, 0x00, 0x00, 0x00, 0x00, 0x00, 0x07, 0x00, 0x38, 0x00, 0x00, 0xf0, 0x21, 0x00,
    0x04, 0x17, 0x0c, 0x00, 0x00, 0x00, 0x00, 0x00, 0x06, 0x00, 0x30, 0x00, 0x00, 0xf0, 0x21, 0x00,
    0x04, 0x17, 0x0c, 0x00, 0x00, 0x00, 0x00, 0x00, 0x05, 0x00, 0x28, 0x00, 0x00, 0xf0, 0x21, 0x00,
    0x04, 0x17, 0x0c, 0x00, 0x00, 0x00, 0x00, 0x00, 0x04, 0x00, 0x20, 0x00, 0x00, 0xf0, 0x21, 0x00,
    0x04, 0x17, 0x0c, 0x00, 0x00, 0x00, 0x00, 0x00, 0x03, 0x00, 0x18, 0x00, 0x00, 0xf0, 0x21, 0x00,
    0x04, 0x17, 0x0c, 0x00, 0x00, 0x00, 0x00, 0x00, 0x02, 0x00, 0x10, 0x00, 0x00, 0xf0, 0x21, 0x00,
    0x04, 0x17, 0x0c, 0x00, 0x00, 0x00, 0x00, 0x00, 0x01, 0x00, 0x08, 0x00, 0x00, 0xf0, 0x21, 0x00,
    0x04, 0x17, 0x0c, 0x00, 0x00, 0x00, 0x00, 0x00, 0x00, 0x00, 0x00, 0x00, 0x00, 0xf0, 0x21, 0x00,
    0x03, 0x50, 0x00, 0x00, 0x03, 0x1b, 0xff, 0x00, 0x02, 0x4c, 0x01, 0x00, 0x04, 0x29, 0x20, 0x00,
    0xff, 0xff, 0xff, 0xff, 0xff, 0xff, 0xff, 0xff, 0xff, 0xff, 0xff, 0xff, 0xff, 0xff, 0xff, 0xff,
    0xff, 0xff, 0xff, 0xff, 0xff, 0xff, 0xff, 0xff, 0xff, 0xff, 0xff, 0xff, 0xff, 0xff, 0xff, 0xff,
    0x04, 0x28, 0x20, 0x00, 0xf0, 0x3c, 0x00, 0x00, 0xc0, 0x3e, 0x00, 0x00, 0xf0, 0x3e, 0x00, 0x00,
    0x40, 0x3f, 0x00, 0x00, 0x60, 0x58, 0x00, 0x00, 0x70, 0x58, 0x00, 0x00, 0x00, 0x59, 0x00, 0x00,
    0x10, 0x59, 0x00, 0x00, 0x02, 0x4a, 0x00, 0x00, 0x04, 0x1c, 0x0c, 0x00, 0x60, 0xa8, 0x00, 0x00,
    0xa0, 0xaa, 0x00, 0x00, 0xc0, 0xaa, 0x00, 0x00, 0x04, 0x05, 0x0c, 0x00, 0x80, 0x00, 0x00, 0x00,
    0x01, 0x00, 0x00, 0x00, 0x01, 0x00, 0x00, 0x00, 0x04, 0x1e, 0x04, 0x00, 0x00, 0x00, 0x00, 0x00,
    0x03, 0x19, 0x68, 0x00, 0x04, 0x0a, 0x08, 0x00, 0x15, 0x00, 0x00, 0x00, 0x80, 0x03, 0x68, 0x00,
    0x04, 0x36, 0x04, 0x00, 0x00, 0x00, 0x00, 0x00, 0x02, 0x02, 0x01, 0x00, 0x02, 0x05, 0x05, 0x00,
    0x02, 0x03, 0x00, 0x00, 0x02, 0x06, 0x01, 0x00, 0x00, 0x00, 0x00, 0x00, 0xff, 0xff, 0xff, 0xff,
    0x00, 0x00, 0x00, 0x00, 0xfe, 0xff, 0xff, 0xff, 0x00, 0x00, 0x00, 0x00, 0xfd, 0xff, 0xff, 0xff,
    0x00, 0x00, 0x00, 0x00, 0xfc, 0xff, 0xff, 0xff, 0x48, 0x00, 0x00, 0x00, 0x00, 0x00, 0x00, 0x00,
    0x02, 0x00, 0x00, 0x00, 0x0f, 0x00, 0x00, 0x00, 0x00, 0x00, 0x00, 0x00, 0x00, 0x00, 0x00, 0x00,
    0x40, 0x00, 0x00, 0x00, 0x00, 0x00, 0x00, 0x00, 0x02, 0x00, 0x00, 0x00, 0x0e, 0x00, 0x00, 0x00,
    0x00, 0x00, 0x00, 0x00, 0x00, 0x00, 0x00, 0x00, 0x38, 0x00, 0x00, 0x00, 0x00, 0x00, 0x00, 0x00,
    0x02, 0x00, 0x00, 0x00, 0x0d, 0x00, 0x00, 0x00, 0x00, 0x00, 0x00, 0x00, 0x00, 0x00, 0x00, 0x00,
    0x30, 0x00, 0x00, 0x00, 0x00, 0x00, 0x00, 0x00, 0x02, 0x00, 0x00, 0x00, 0x0c, 0x00, 0x00, 0x00,
    0x00, 0x00, 0x00, 0x00, 0x00, 0x00, 0x00, 0x00, 0x28, 0x00, 0x00, 0x00, 0x00, 0x00, 0x00, 0x00,
    0x02, 0x00, 0x00, 0x00, 0x0b, 0x00, 0x00, 0x00, 0x00, 0x00, 0x00, 0x00, 0x00, 0x00, 0x00, 0x00,
    0x20, 0x00, 0x00, 0x00, 0x00, 0x00, 0x00, 0x00, 0x02, 0x00, 0x00, 0x00, 0x0a, 0x00, 0x00, 0x00,
    0x00, 0x00, 0x00, 0x00, 0x00, 0x00, 0x00, 0x00, 0x18, 0x00, 0x00, 0x00, 0x00, 0x00, 0x00, 0x00,
    0x02, 0x00, 0x00, 0x00, 0x09, 0x00, 0x00, 0x00, 0x00, 0x00, 0x00, 0x00, 0x00, 0x00, 0x00, 0x00,
    0x10, 0x00, 0x00, 0x00, 0x00, 0x00, 0x00, 0x00, 0x02, 0x00, 0x00, 0x00, 0x08, 0x00, 0x00, 0x00,
    0x00, 0x00, 0x00, 0x00, 0x00, 0x00, 0x00, 0x00, 0x08, 0x00, 0x00, 0x00, 0x00, 0x00, 0x00, 0x00,
    0x02, 0x00, 0x00, 0x00, 0x07, 0x00, 0x00, 0x00, 0x00, 0x00, 0x00, 0x00, 0x00, 0x00, 0x00, 0x00,
    0x00, 0x00, 0x00, 0x00, 0x00, 0x00, 0x00, 0x00, 0x02, 0x00, 0x00, 0x00, 0x05, 0x00, 0x00, 0x00,
    0x00, 0x00, 0x00, 0x00, 0x00, 0x00, 0x00, 0x00, 0xc4, 0x00, 0x00, 0x00, 0x00, 0x00, 0x00, 0x00,
    0x02, 0x00, 0x00, 0x00, 0x14, 0x00, 0x00, 0x00, 0xd0, 0xaa, 0x00, 0x00, 0x00, 0x00, 0x00, 0x00,
    0x44, 0x00, 0x00, 0x00, 0x00, 0x00, 0x00, 0x00, 0x02, 0x00, 0x00, 0x00, 0x14, 0x00, 0x00, 0x00,
    0x00, 0x00, 0x00, 0x00, 0x00, 0x00, 0x00, 0x00, 0xa0, 0x00, 0x00, 0x00, 0x00, 0x00, 0x00, 0x00,
    0x02, 0x00, 0x00, 0x00, 0x14, 0x00, 0x00, 0x00, 0x00, 0x00, 0x00, 0x00, 0x00, 0x00, 0x00, 0x00,
    0x00, 0x00, 0x00, 0x00, 0x00, 0x00, 0x00, 0x00, 0x00, 0x00, 0x00, 0x00, 0x00, 0x00, 0x00, 0x00,
    0x00, 0x00, 0x00, 0x00, 0x00, 0x00, 0x00, 0x00, 0x00, 0x00, 0x00, 0x00, 0x00, 0x00, 0x00, 0x00,
    0x00, 0x00, 0x00, 0x00, 0x00, 0x00, 0x00, 0x00, 0x00, 0x00, 0x00, 0x00, 0x00, 0x00, 0x00, 0x00,
    0x00, 0x00, 0x00, 0x00, 0x00, 0x00, 0x00, 0x00, 0x00, 0x00, 0x00, 0x00, 0x00, 0x00, 0x00, 0x00,
    0x00, 0x00, 0x00, 0x00, 0x00, 0x00, 0x00, 0x00, 0x00, 0x00, 0x00, 0x00, 0x00, 0x00, 0x00, 0x00,
    0x00, 0x00, 0x00, 0x00, 0x00, 0x00, 0x00, 0x00, 0x00, 0x00, 0x00, 0x00, 0x00, 0x00, 0x00, 0x00,
    0x00, 0x00, 0x00, 0x00, 0x00, 0x00, 0x00, 0x00, 0x00, 0x00, 0x00, 0x00, 0x00, 0x00, 0x00, 0x00,
    0x00, 0x00, 0x00, 0x00, 0x00, 0x00, 0x00, 0x00, 0x00, 0x00, 0x00, 0x00, 0x00, 0x00, 0x00, 0x00,
    0x00, 0x00, 0x00, 0x00, 0x00, 0x00, 0x00, 0x00, 0x00, 0x00, 0x00, 0x00, 0x00, 0x00, 0x00, 0x00,
    0x00, 0x00, 0x00, 0x00, 0x00, 0x00, 0x00, 0x00, 0x00, 0x00, 0x00, 0x00, 0x00, 0x00, 0x00, 0x00,
    0x82, 0x7b, 0x01, 0xff, 0x00, 0xdf, 0x00, 0x00, 0x00, 0x08, 0x00, 0x00, 0x00, 0x30, 0x0e, 0x00,
    0x82, 0x7b, 0x0b, 0xff, 0x00, 0xdc, 0x00, 0x00, 0x00, 0x08, 0x00, 0x00, 0x00, 0x62, 0x0e, 0x00,
    0x19, 0x79, 0x09, 0x00, 0x00, 0x00, 0x00, 0x00, 0x00, 0x26, 0x00, 0x00, 0x00, 0xa2, 0x0e, 0x00,
    0xac, 0x77, 0x06, 0xff, 0x00, 0x6b, 0x00, 0x00, 0x00, 0x0a, 0x00, 0x08, 0x00, 0xec, 0x0e, 0x00,
    0x82, 0x7b, 0x08, 0xff, 0x00, 0xdd, 0x00, 0x00, 0x00, 0x08, 0x00, 0x00, 0x00, 0x30, 0x0f, 0x00,
    0xc3, 0x79, 0x04, 0x00, 0x00, 0x00, 0x00, 0x00, 0x00, 0x25, 0x00, 0x00, 0x00, 0xa2, 0x0e, 0x00,
    0x24, 0x78, 0x07, 0x0b, 0x08, 0x00, 0x00, 0x00, 0xff, 0x00, 0x8e, 0x07, 0x00, 0xc8, 0x2f, 0x00,
    0x06, 0x73, 0x00, 0x00, 0x07, 0x00, 0x00, 0x00, 0x00, 0x90, 0x20, 0x00, 0x00, 0x62, 0x0e, 0x00,
    0x13, 0x72, 0x0a, 0x00, 0x07, 0x00, 0x00, 0x00, 0x00, 0x00, 0x00, 0x00, 0x00, 0xe4, 0x0f, 0x08,
    0x10, 0x72, 0x0d, 0xff, 0x07, 0x00, 0x00, 0x80, 0xff, 0xe0, 0xff, 0x07, 0x00, 0xe4, 0x0f, 0x08,
    0x13, 0x72, 0x0c, 0x00, 0x07, 0x00, 0x00, 0x00, 0x00, 0x00, 0x00, 0x00, 0x00, 0xe2, 0x0f, 0x00,
    0x06, 0x73, 0x06, 0x00, 0x0a, 0x00, 0x00, 0x00, 0x00, 0x94, 0x20, 0x00, 0x00, 0x62, 0x0f, 0x00,
    0x08, 0x73, 0x00, 0x00, 0x00, 0x00, 0x00, 0x00, 0x00, 0x10, 0x00, 0x00, 0x00, 0x62, 0x2e, 0x00,
    0x08, 0x73, 0x06, 0x00, 0x06, 0x00, 0x00, 0x00, 0x00, 0x10, 0x00, 0x00, 0x00, 0x62, 0x0f, 0x02,
    0x10, 0x78, 0x02, 0x00, 0xfe, 0xff, 0xff, 0x0f, 0xff, 0xe0, 0xff, 0x07, 0x00, 0xe2, 0x2f, 0x00,
    0x24, 0x7e, 0x00, 0x09, 0x04, 0x00, 0x00, 0x00, 0x0b, 0x02, 0x8e, 0x0f, 0x00, 0xe2, 0x4f, 0x00,
    0x10, 0x72, 0x09, 0xff, 0x0c, 0x00, 0x00, 0x80, 0xff, 0xe0, 0xff, 0x07, 0x00, 0xc4, 0x0f, 0x00,
    0x05, 0x73, 0x03, 0x00, 0x02, 0x00, 0x00, 0x00, 0x00, 0xf0, 0x21, 0x00, 0x00, 0xa2, 0x02, 0x00,
    0x10, 0x78, 0x04, 0x06, 0xfe, 0xff, 0xff, 0x0f, 0xff, 0xe0, 0xff, 0x07, 0x00, 0xe2, 0x0f, 0x02,
    0x24, 0x72, 0x06, 0x0b, 0x08, 0x00, 0x00, 0x00, 0xff, 0x02, 0x8e, 0x07, 0x00, 0xc6, 0x0f, 0x01,
    0x05, 0x73, 0x05, 0x00, 0x04, 0x00, 0x00, 0x00, 0x00, 0xf0, 0x21, 0x00, 0x00, 0x62, 0x09, 0x00,
    0x02, 0x72, 0x02, 0x00, 0xff, 0x00, 0x00, 0x00, 0x00, 0x0f, 0x00, 0x00, 0x00, 0xe2, 0x2f, 0x00,
    0x10, 0x78, 0x08, 0x07, 0xff, 0xff, 0xff, 0xff, 0x06, 0xe0, 0xff, 0x07, 0x00, 0xe2, 0x0f, 0x00,
    0x24, 0x72, 0x0d, 0x0d, 0x03, 0x00, 0x00, 0x00, 0xff, 0x02, 0x8e, 0x07, 0x00, 0xe2, 0x4f, 0x00,
    0x02, 0x72, 0x04, 0x00, 0xff, 0x00, 0x00, 0x00, 0x00, 0x0f, 0x00, 0x00, 0x00, 0xc6, 0x0f, 0x01,
    0x27, 0x72, 0x03, 0x03, 0x0d, 0x00, 0x00, 0x00, 0x02, 0x00, 0x8e, 0x07, 0x00, 0xe2, 0x0f, 0x00,
    0x13, 0x72, 0x02, 0x00, 0x08, 0x00, 0x00, 0x00, 0x00, 0x00, 0x00, 0x00, 0x00, 0xe4, 0x0f, 0x00,
    0x12, 0x72, 0x08, 0x08, 0x07, 0x00, 0x00, 0x00, 0xff, 0x3c, 0x8e, 0x07, 0x00, 0xe4, 0x0f, 0x00,
    0x10, 0x72, 0x0f, 0xff, 0x05, 0x00, 0x00, 0x80, 0xff, 0xe0, 0xff, 0x07, 0x00, 0xe2, 0x0f, 0x02,
    0x27, 0x72, 0x03, 0x03, 0x00, 0x00, 0x00, 0x00, 0xff, 0x00, 0x8e, 0x07, 0x00, 0xc8, 0x0f, 0x00,
    0x24, 0x72, 0x0d, 0x0f, 0x0a, 0x00, 0x00, 0x00, 0xff, 0x02, 0x8e, 0x07, 0x00, 0xc8, 0x0f, 0x00,
    0x27, 0x72, 0x04, 0x05, 0x0d, 0x00, 0x00, 0x00, 0x04, 0x00, 0x8e, 0x07, 0x00, 0xe2, 0x0f, 0x00,
    0x02, 0x72, 0x05, 0x00, 0x02, 0x00, 0x00, 0x00, 0x00, 0x0f, 0x00, 0x00, 0x00, 0xe2, 0x0f, 0x00,
    0x10, 0x72, 0x02, 0x03, 0xff, 0x00, 0x00, 0x00, 0xff, 0xe1, 0xff, 0x07, 0x00, 0xc8, 0x0f, 0x00,
    0x27, 0x72, 0x04, 0x04, 0x05, 0x00, 0x00, 0x00, 0xff, 0x00, 0x8e, 0x07, 0x00, 0xc8, 0x0f, 0x00,
    0x24, 0x72, 0x05, 0x04, 0x09, 0x00, 0x00, 0x00, 0x05, 0x02, 0x8e, 0x07, 0x00, 0xe4, 0x0f, 0x00,
    0x24, 0x72, 0x02, 0x07, 0x02, 0x00, 0x00, 0x00, 0x00, 0x02, 0x8e, 0x07, 0x00, 0xc6, 0x0f, 0x00,
    0x0c, 0x72, 0x00, 0x0a, 0x05, 0x00, 0x00, 0x00, 0x70, 0x40, 0xf6, 0x03, 0x00, 0xe4, 0x0f, 0x00,
    0x0c, 0x72, 0x00, 0x02, 0x07, 0x00, 0x00, 0x00, 0x70, 0x60, 0xf0, 0x03, 0x00, 0xd6, 0x0f, 0x00,
    0x10, 0xb2, 0x05, 0x05, 0x0a, 0x00, 0x00, 0x80, 0xff, 0xe0, 0xff, 0x07, 0x00, 0xe4, 0x0f, 0x00,
    0x10, 0xb8, 0x04, 0x04, 0x01, 0x00, 0x00, 0x00, 0xff, 0xe0, 0xff, 0x07, 0x00, 0xe4, 0x0f, 0x00,
    0x10, 0x02, 0x02, 0x07, 0x02, 0x00, 0x00, 0x00, 0xff, 0xe1, 0xff, 0x07, 0x00, 0xe2, 0x0f, 0x00,
    0x0c, 0x72, 0x00, 0x08, 0xff, 0x00, 0x00, 0x00, 0x70, 0x62, 0xf6, 0x03, 0x00, 0xe2, 0x0f, 0x00,
    0x10, 0x08, 0x03, 0x03, 0x01, 0x00, 0x00, 0x00, 0xff, 0xe0, 0xff, 0x07, 0x00, 0xe2, 0x0f, 0x00,
    0x0c, 0x72, 0x00, 0x05, 0x0a, 0x00, 0x00, 0x00, 0x70, 0x60, 0xf4, 0x03, 0x00, 0xe2, 0x0f, 0x00,
    0x0c, 0x72, 0x00, 0x07, 0xff, 0x00, 0x00, 0x00, 0x70, 0x50, 0xf0, 0x03, 0x00, 0xe2, 0x0f, 0x00,
    0x0c, 0x72, 0x00, 0x02, 0x07, 0x00, 0x00, 0x00, 0x70, 0x60, 0xf2, 0x03, 0x00, 0xe2, 0x0f, 0x08,
    0x12, 0x72, 0x02, 0xff, 0x07, 0x00, 0x00, 0x00, 0xff, 0x33, 0x8e, 0x07, 0x00, 0xe2, 0x0f, 0x00,
    0x02, 0x78, 0x05, 0x00, 0x08, 0x00, 0x00, 0x00, 0x00, 0x0f, 0x00, 0x00, 0x00, 0xd2, 0x0f, 0x00,
    0x10, 0x28, 0x04, 0x04, 0x01, 0x00, 0x00, 0x00, 0xff, 0xe0, 0xff, 0x07, 0x00, 0xe4, 0x0f, 0x00,
    0x10, 0x18, 0x03, 0x03, 0x01, 0x00, 0x00, 0x00, 0xff, 0xe0, 0xff, 0x07, 0x00, 0xe2, 0x0f, 0x00,
    0x0c, 0x72, 0x00, 0x07, 0xff, 0x00, 0x00, 0x00, 0x70, 0x52, 0xf2, 0x03, 0x00, 0xe2, 0x0f, 0x00,
    0x10, 0xb2, 0x04, 0x04, 0xff, 0x00, 0x00, 0x00, 0xff, 0xe1, 0xff, 0x07, 0x00, 0xc6, 0x0f, 0x00,
    0x07, 0x72, 0x08, 0x02, 0x03, 0x00, 0x00, 0x00, 0x00, 0x00, 0x00, 0x04, 0x00, 0xe4, 0x0f, 0x04,
    0x07, 0x72, 0x02, 0x02, 0x04, 0x00, 0x00, 0x00, 0x00, 0x00, 0x80, 0x04, 0x00, 0xc6, 0x0f, 0x00,
    0x10, 0x78, 0x03, 0x08, 0x01, 0x00, 0x00, 0x00, 0xff, 0xe0, 0xff, 0x07, 0x00, 0xe4, 0x0f, 0x04,
    0x12, 0x78, 0x04, 0x08, 0x01, 0x00, 0x00, 0x00, 0xff, 0xc0, 0x8e, 0x07, 0x00, 0xe2, 0x0f, 0x00,
    0x24, 0x72, 0x07, 0x07, 0x08, 0x00, 0x00, 0x00, 0xff, 0x02, 0x8e, 0x07, 0x00, 0xe4, 0x0f, 0x00,
    0x0c, 0x72, 0x00, 0x03, 0x02, 0x00, 0x00, 0x00, 0x70, 0x60, 0xf0, 0x03, 0x00, 0xe4, 0x0f, 0x00,
    0x0c, 0x78, 0x00, 0x04, 0x01, 0x00, 0x00, 0x00, 0x70, 0x50, 0xf6, 0x03, 0x00, 0xd6, 0x0f, 0x00,
    0x47, 0x89, 0x4c, 0x00, 0x00, 0x00, 0x00, 0x00, 0x00, 0x00, 0x80, 0x03, 0x00, 0xea, 0x9f, 0x00,
    0x06, 0x73, 0x04, 0x00, 0x0b, 0x00, 0x00, 0x00, 0x00, 0x90, 0x20, 0x00, 0x00, 0x22, 0x0e, 0x00,
    0x10, 0x72, 0x06, 0x06, 0x07, 0x00, 0x00, 0x80, 0xff, 0xe0, 0xff, 0x07, 0x00, 0xe2, 0x0f, 0x00,
    0x0c, 0x72, 0x00, 0x0b, 0xff, 0x00, 0x00, 0x00, 0x70, 0x50, 0xf4, 0x03, 0x00, 0xe2, 0x0f, 0x00,
    0x08, 0x73, 0x04, 0x00, 0x04, 0x00, 0x00, 0x00, 0x00, 0x10, 0x00, 0x00, 0x00, 0x24, 0x1e, 0x00,
    0x10, 0x78, 0x02, 0x04, 0xfe, 0xff, 0xff, 0x0f, 0xff, 0xe0, 0xff, 0x07, 0x00, 0xc8, 0x1f, 0x00,
    0x05, 0x73, 0x03, 0x00, 0x02, 0x00, 0x00, 0x00, 0x00, 0xf0, 0x21, 0x00, 0x00, 0x64, 0x00, 0x00,
    0x02, 0x72, 0x02, 0x00, 0xff, 0x00, 0x00, 0x00, 0x00, 0x0f, 0x00, 0x00, 0x00, 0xe2, 0x1f, 0x00,
    0x10, 0x72, 0x0a, 0xff, 0x03, 0x00, 0x00, 0x80, 0xff, 0xe0, 0xff, 0x07, 0x00, 0xca, 0x2f, 0x00,
    0x24, 0x72, 0x05, 0x0a, 0x0b, 0x00, 0x00, 0x00, 0xff, 0x02, 0x8e, 0x07, 0x00, 0xc8, 0x0f, 0x00,
    0x27, 0x72, 0x03, 0x03, 0x05, 0x00, 0x00, 0x00, 0x02, 0x00, 0x8e, 0x07, 0x00, 0xcc, 0x0f, 0x00,
    0x27, 0x72, 0x05, 0x03, 0x06, 0x00, 0x00, 0x00, 0xff, 0x00, 0x8e, 0x07, 0x00, 0xca, 0x0f, 0x00,
    0x10, 0x72, 0x03, 0x05, 0xff, 0x00, 0x00, 0x00, 0xff, 0xe1, 0xff, 0x07, 0x00, 0xca, 0x0f, 0x00,
    0x24, 0x72, 0x06, 0x0b, 0x03, 0x00, 0x00, 0x00, 0x06, 0x02, 0x8e, 0x07, 0x00, 0xca, 0x0f, 0x00,
    0x0c, 0x72, 0x00, 0x06, 0x0b, 0x00, 0x00, 0x00, 0x70, 0x60, 0xf0, 0x03, 0x00, 0xda, 0x0f, 0x00,
    0x10, 0x02, 0x06, 0x06, 0x0b, 0x00, 0x00, 0x80, 0xff, 0xe0, 0xff, 0x07, 0x00, 0xe4, 0x0f, 0x00,
    0x10, 0x08, 0x05, 0x05, 0x01, 0x00, 0x00, 0x00, 0xff, 0xe0, 0xff, 0x07, 0x00, 0xc6, 0x0f, 0x00,
    0x0c, 0x72, 0x00, 0x06, 0x0b, 0x00, 0x00, 0x00, 0x70, 0x60, 0xf2, 0x03, 0x00, 0xda, 0x0f, 0x00,
    0x10, 0x18, 0x05, 0x05, 0x01, 0x00, 0x00, 0x00, 0xff, 0xe0, 0xff, 0x07, 0x00, 0xe4, 0x0f, 0x00,
    0x12, 0xa2, 0x05, 0xff, 0x0b, 0x00, 0x00, 0x00, 0xff, 0x33, 0x8e, 0x07, 0x00, 0xce, 0x0f, 0x00,
    0x10, 0x72, 0x00, 0x00, 0x07, 0x00, 0x00, 0x80, 0xff, 0xe0, 0xff, 0x07, 0x00, 0xe2, 0x0f, 0x00,
    0x47, 0x39, 0x58, 0x00, 0x00, 0x00, 0x00, 0x00, 0x00, 0x00, 0x80, 0x03, 0x00, 0xec, 0x0f, 0x00,
    0x06, 0x73, 0x04, 0x00, 0x05, 0x00, 0x00, 0x00, 0x00, 0x90, 0x20, 0x00, 0x00, 0x24, 0x0e, 0x00,
    0x08, 0x73, 0x04, 0x00, 0x04, 0x00, 0x00, 0x00, 0x00, 0x10, 0x00, 0x00, 0x00, 0x24, 0x1e, 0x00,
    0x10, 0x78, 0x02, 0x04, 0xfe, 0xff, 0xff, 0x0f, 0xff, 0xe0, 0xff, 0x07, 0x00, 0xc8, 0x1f, 0x00,
    0x05, 0x73, 0x03, 0x00, 0x02, 0x00, 0x00, 0x00, 0x00, 0xf0, 0x21, 0x00, 0x00, 0x64, 0x00, 0x00,
    0x02, 0x72, 0x02, 0x00, 0xff, 0x00, 0x00, 0x00, 0x00, 0x0f, 0x00, 0x00, 0x00, 0xe2, 0x1f, 0x00,
    0x10, 0x72, 0x06, 0xff, 0x03, 0x00, 0x00, 0x80, 0xff, 0xe0, 0xff, 0x07, 0x00, 0xca, 0x2f, 0x00,
    0x24, 0x72, 0x07, 0x06, 0x05, 0x00, 0x00, 0x00, 0xff, 0x02, 0x8e, 0x07, 0x00, 0xc8, 0x0f, 0x00,
    0x27, 0x72, 0x03, 0x03, 0x07, 0x00, 0x00, 0x00, 0x02, 0x00, 0x8e, 0x07, 0x00, 0xcc, 0x0f, 0x00,
    0x27, 0x72, 0x03, 0x03, 0x00, 0x00, 0x00, 0x00, 0xff, 0x00, 0x8e, 0x07, 0x00, 0xca, 0x0f, 0x00,
    0x10, 0x72, 0x06, 0x03, 0xff, 0x00, 0x00, 0x00, 0xff, 0xe1, 0xff, 0x07, 0x00, 0xca, 0x0f, 0x00,
    0x24, 0x72, 0x00, 0x05, 0x06, 0x00, 0x00, 0x00, 0x00, 0x02, 0x8e, 0x07, 0x00, 0xe2, 0x0f, 0x00,
    0x12, 0x72, 0x06, 0xff, 0x05, 0x00, 0x00, 0x00, 0xff, 0x33, 0x8e, 0x07, 0x00, 0xc8, 0x0f, 0x00,
    0x0c, 0x72, 0x00, 0x00, 0x05, 0x00, 0x00, 0x00, 0x70, 0x60, 0xf0, 0x03, 0x00, 0xda, 0x0f, 0x00,
    0x10, 0x02, 0x00, 0x00, 0x05, 0x00, 0x00, 0x80, 0xff, 0xe0, 0xff, 0x07, 0x00, 0xe4, 0x0f, 0x08,
    0x10, 0x08, 0x03, 0x03, 0x01, 0x00, 0x00, 0x00, 0xff, 0xe0, 0xff, 0x07, 0x00, 0xe2, 0x0f, 0x00,
    0x0c, 0x72, 0x00, 0x05, 0xff, 0x00, 0x00, 0x00, 0x70, 0x50, 0xf0, 0x03, 0x00, 0xe4, 0x0f, 0x00,
    0x0c, 0x72, 0x00, 0x00, 0x05, 0x00, 0x00, 0x00, 0x70, 0x60, 0xf2, 0x03, 0x00, 0xda, 0x0f, 0x00,
    0x10, 0x18, 0x03, 0x03, 0x01, 0x00, 0x00, 0x00, 0xff, 0xe0, 0xff, 0x07, 0x00, 0xca, 0x0f, 0x00,
    0x07, 0x72, 0x03, 0x06, 0x03, 0x00, 0x00, 0x00, 0x00, 0x00, 0x00, 0x04, 0x00, 0xca, 0x0f, 0x00,
    0x12, 0x72, 0x03, 0xff, 0x03, 0x00, 0x00, 0x00, 0xff, 0x33, 0x8e, 0x07, 0x00, 0xc8, 0x0f, 0x00,
    0x10, 0x72, 0x09, 0x03, 0x0b, 0x00, 0x00, 0x00, 0xff, 0xe0, 0xff, 0x07, 0x00, 0xe2, 0x0f, 0x00,
    0x47, 0x79, 0x4c, 0x00, 0x00, 0x00, 0x00, 0x00, 0x00, 0x00, 0x80, 0x03, 0x00, 0xec, 0x0f, 0x00,
    0x06, 0x73, 0x04, 0x00, 0x05, 0x00, 0x00, 0x00, 0x00, 0x90, 0x20, 0x00, 0x00, 0x24, 0x0e, 0x00,
    0x08, 0x73, 0x04, 0x00, 0x04, 0x00, 0x00, 0x00, 0x00, 0x10, 0x00, 0x00, 0x00, 0x24, 0x1e, 0x00,
    0x10, 0x78, 0x02, 0x04, 0xfe, 0xff, 0xff, 0x0f, 0xff, 0xe0, 0xff, 0x07, 0x00, 0xc8, 0x1f, 0x00,
    0x05, 0x73, 0x03, 0x00, 0x02, 0x00, 0x00, 0x00, 0x00, 0xf0, 0x21, 0x00, 0x00, 0x64, 0x00, 0x00,
    0x02, 0x72, 0x02, 0x00, 0xff, 0x00, 0x00, 0x00, 0x00, 0x0f, 0x00, 0x00, 0x00, 0xe2, 0x1f, 0x00,
    0x10, 0x72, 0x06, 0xff, 0x03, 0x00, 0x00, 0x80, 0xff, 0xe0, 0xff, 0x07, 0x00, 0xca, 0x2f, 0x00,
    0x24, 0x72, 0x07, 0x06, 0x05, 0x00, 0x00, 0x00, 0xff, 0x02, 0x8e, 0x07, 0x00, 0xe2, 0x0f, 0x08,
    0x12, 0x72, 0x06, 0xff, 0x05, 0x00, 0x00, 0x00, 0xff, 0x33, 0x8e, 0x07, 0x00, 0xc6, 0x0f, 0x00,
    0x27, 0x72, 0x07, 0x03, 0x07, 0x00, 0x00, 0x00, 0x02, 0x00, 0x8e, 0x07, 0x00, 0xcc, 0x0f, 0x00,
    0x27, 0x72, 0x07, 0x07, 0x00, 0x00, 0x00, 0x00, 0xff, 0x00, 0x8e, 0x07, 0x00, 0xca, 0x0f, 0x00,
    0x10, 0x72, 0x03, 0x07, 0xff, 0x00, 0x00, 0x00, 0xff, 0xe1, 0xff, 0x07, 0x00, 0xca, 0x0f, 0x00,
    0x24, 0x72, 0x00, 0x05, 0x03, 0x00, 0x00, 0x00, 0x00, 0x02, 0x8e, 0x07, 0x00, 0xca, 0x0f, 0x00,
    0x0c, 0x72, 0x00, 0x00, 0x05, 0x00, 0x00, 0x00, 0x70, 0x60, 0xf0, 0x03, 0x00, 0xda, 0x0f, 0x00,
    0x10, 0x02, 0x00, 0x00, 0x05, 0x00, 0x00, 0x80, 0xff, 0xe0, 0xff, 0x07, 0x00, 0xe4, 0x0f, 0x08,
    0x10, 0x08, 0x07, 0x07, 0x01, 0x00, 0x00, 0x00, 0xff, 0xe0, 0xff, 0x07, 0x00, 0xe2, 0x0f, 0x00,
    0x0c, 0x72, 0x00, 0x05, 0xff, 0x00, 0x00, 0x00, 0x70, 0x50, 0xf0, 0x03, 0x00, 0xe4, 0x0f, 0x00,
    0x0c, 0x72, 0x00, 0x00, 0x05, 0x00, 0x00, 0x00, 0x70, 0x60, 0xf2, 0x03, 0x00, 0xda, 0x0f, 0x00,
    0x10, 0x18, 0x07, 0x07, 0x01, 0x00, 0x00, 0x00, 0xff, 0xe0, 0xff, 0x07, 0x00, 0xca, 0x0f, 0x00,
    0x07, 0x72, 0x09, 0x06, 0x07, 0x00, 0x00, 0x00, 0x00, 0x00, 0x00, 0x04, 0x00, 0xce, 0x0f, 0x00,
    0x19, 0x79, 0x0b, 0x00, 0x00, 0x00, 0x00, 0x00, 0x00, 0x27, 0x00, 0x00, 0x00, 0x22, 0x0e, 0x00,
    0xac, 0x77, 0x04, 0xff, 0x80, 0x79, 0x00, 0x00, 0x00, 0x08, 0x00, 0x08, 0x00, 0x22, 0x0e, 0x00,
    0x82, 0x7b, 0x02, 0xff, 0x00, 0xec, 0x00, 0x00, 0x00, 0x0a, 0x00, 0x00, 0x00, 0x62, 0x0e, 0x00,
    0x02, 0x72, 0x88, 0x00, 0xff, 0x00, 0x00, 0x00, 0x00, 0x0f, 0x00, 0x00, 0x00, 0xe2, 0x0f, 0x00,
    0x05, 0x78, 0x0e, 0x00, 0x00, 0x00, 0x00, 0x00, 0x00, 0xff, 0x01, 0x00, 0x00, 0xe2, 0x0f, 0x00,
    0xac, 0x77, 0x05, 0xff, 0x00, 0x78, 0x00, 0x00, 0x00, 0x08, 0x00, 0x08, 0x00, 0xa2, 0x0e, 0x00,
    0x19, 0x79, 0x69, 0x00, 0x00, 0x00, 0x00, 0x00, 0x00, 0x21, 0x00, 0x00, 0x00, 0xe2, 0x0e, 0x00,
    0x10, 0x72, 0x05, 0x00, 0x05, 0x00, 0x00, 0x80, 0xff, 0xe0, 0xff, 0x07, 0x00, 0xe2, 0x0f, 0x00,
    0xac, 0x77, 0x08, 0xff, 0x00, 0x71, 0x00, 0x00, 0x00, 0x0a, 0x00, 0x08, 0x00, 0x22, 0x0f, 0x00,
    0x24, 0x78, 0x14, 0x09, 0x40, 0x00, 0x00, 0x00, 0xff, 0x00, 0x8e, 0x07, 0x00, 0xe2, 0x0f, 0x00,
    0xac, 0x77, 0x0a, 0xff, 0x00, 0x7c, 0x00, 0x00, 0x00, 0x08, 0x00, 0x08, 0x00, 0x62, 0x0f, 0x00,
    0x0c, 0x7c, 0x00, 0x0b, 0x04, 0x00, 0x00, 0x00, 0x70, 0x62, 0xf4, 0x0b, 0x00, 0xe2, 0x1f, 0x04,
    0x25, 0x78, 0x02, 0x0b, 0x04, 0x00, 0x00, 0x00, 0x02, 0x00, 0x8e, 0x07, 0x00, 0xe2, 0x2f, 0x04,
    0x10, 0x78, 0x0a, 0x0b, 0x01, 0x00, 0x00, 0x00, 0xff, 0xe0, 0xff, 0x07, 0x00, 0xd6, 0x0f, 0x00,
    0x81, 0xa9, 0x88, 0x02, 0x06, 0x00, 0x00, 0x00, 0x00, 0x99, 0x1e, 0x0c, 0x00, 0x62, 0x0f, 0x00,
    0x0c, 0x7c, 0x00, 0x0a, 0x04, 0x00, 0x00, 0x00, 0x70, 0x62, 0xf4, 0x0b, 0x00, 0xe2, 0x0f, 0x00,
    0x07, 0x72, 0x07, 0x05, 0x00, 0x00, 0x00, 0x00, 0x00, 0x00, 0x80, 0x00, 0x00, 0xe2, 0x0f, 0x00,
    0xac, 0x77, 0x04, 0xff, 0x00, 0x79, 0x00, 0x00, 0x00, 0x08, 0x00, 0x08, 0x00, 0x36, 0x0e, 0x00,
    0x81, 0xa9, 0x0f, 0x02, 0x06, 0x04, 0x00, 0x00, 0x00, 0x99, 0x1e, 0x0c, 0x00, 0x62, 0x09, 0x00,
    0x0c, 0x7c, 0x00, 0x0b, 0x05, 0x00, 0x00, 0x00, 0x70, 0x62, 0xf2, 0x0b, 0x00, 0xe2, 0x4f, 0x04,
    0x07, 0x72, 0x07, 0x06, 0x07, 0x00, 0x00, 0x00, 0x00, 0x00, 0x00, 0x04, 0x00, 0xe2, 0x0f, 0x00,
    0x19, 0x78, 0x13, 0xff, 0x04, 0x00, 0x00, 0x00, 0x69, 0x16, 0x01, 0x00, 0x00, 0xe2, 0x8f, 0x00,
    0x24, 0x78, 0x04, 0x0b, 0x04, 0x00, 0x00, 0x00, 0xff, 0x00, 0x8e, 0x07, 0x00, 0xe2, 0x0f, 0x00,
    0x19, 0x78, 0x05, 0xff, 0x1e, 0x00, 0x00, 0x00, 0x0b, 0x16, 0x01, 0x00, 0x00, 0xc4, 0x0f, 0x00,
    0x24, 0x78, 0x6b, 0x08, 0x08, 0x00, 0x00, 0x00, 0x07, 0x02, 0x8e, 0x07, 0x00, 0xe2, 0x0f, 0x00,
    0x12, 0x72, 0x19, 0x14, 0x13, 0x00, 0x00, 0x00, 0xff, 0xfc, 0x8e, 0x07, 0x00, 0xe2, 0x0f, 0x00,
    0x0c, 0x7c, 0x00, 0x0b, 0x04, 0x00, 0x00, 0x00, 0x70, 0x62, 0xf4, 0x0b, 0x00, 0xe2, 0x1f, 0x00,
    0x0c, 0x7c, 0x00, 0x0a, 0x04, 0x00, 0x00, 0x00, 0x70, 0x62, 0xfc, 0x0b, 0x00, 0xe2, 0x0f, 0x00,
    0x35, 0x7c, 0x02, 0x04, 0x08, 0x00, 0x00, 0x00, 0x00, 0x02, 0x8e, 0x0f, 0x00, 0xc6, 0x0f, 0x01,
    0x82, 0x9b, 0x06, 0xff, 0x00, 0xe4, 0x00, 0x00, 0x00, 0x0a, 0x00, 0x00, 0x00, 0x22, 0x0e, 0x00,
    0x10, 0x78, 0x0b, 0x19, 0x08, 0x00, 0x00, 0x00, 0xff, 0xe0, 0xff, 0x07, 0x00, 0xe4, 0x0f, 0x04,
    0x10, 0x78, 0x0d, 0x19, 0x10, 0x00, 0x00, 0x00, 0xff, 0xe0, 0xff, 0x07, 0x00, 0xe2, 0x0f, 0x00,
    0x24, 0x78, 0x15, 0x69, 0x08, 0x00, 0x00, 0x00, 0xff, 0x00, 0x8e, 0x07, 0x00, 0xe2, 0x0f, 0x00,
    0x10, 0x78, 0x11, 0x19, 0x18, 0x00, 0x00, 0x00, 0xff, 0xe0, 0xff, 0x07, 0x00, 0xe2, 0x0f, 0x00,
    0xac, 0x77, 0x04, 0xff, 0x00, 0x75, 0x00, 0x00, 0x00, 0x0a, 0x00, 0x08, 0x00, 0x64, 0x0e, 0x00,
    0x81, 0xa9, 0x0e, 0x02, 0x06, 0x00, 0x00, 0x00, 0x00, 0x99, 0x1e, 0x0c, 0x00, 0xa2, 0x0e, 0x00,
    0x12, 0x78, 0x0c, 0x15, 0x78, 0x00, 0x00, 0x00, 0xff, 0xc0, 0x8e, 0x07, 0x00, 0xc6, 0x0f, 0x00,
    0x81, 0xe9, 0x0a, 0x02, 0x06, 0x04, 0x00, 0x00, 0x00, 0x99, 0x1e, 0x0c, 0x00, 0x22, 0x07, 0x00,
    0x35, 0x92, 0x04, 0x04, 0x06, 0x00, 0x00, 0x00, 0x00, 0x02, 0x8e, 0x07, 0x00, 0xe4, 0x1f, 0x00,
    0x02, 0x72, 0x07, 0x00, 0xff, 0x00, 0x00, 0x00, 0x00, 0x0f, 0x00, 0x00, 0x00, 0xe2, 0x0f, 0x00,
    0x24, 0x78, 0x03, 0x13, 0x00, 0x14, 0x00, 0x00, 0x0c, 0x02, 0x8e, 0x07, 0x00, 0xca, 0x8f, 0x00,
    0x81, 0x99, 0x07, 0x04, 0x06, 0x00, 0x00, 0x00, 0x00, 0x99, 0x1e, 0x0c, 0x00, 0xe2, 0x00, 0x00,
    0x10, 0x78, 0x17, 0x19, 0x20, 0x00, 0x00, 0x00, 0xff, 0xe0, 0xff, 0x07, 0x00, 0xe4, 0x0f, 0x00,
    0x10, 0x72, 0x00, 0x0b, 0x88, 0x00, 0x00, 0x00, 0xff, 0xe0, 0xff, 0x07, 0x00, 0xe4, 0x0f, 0x0a,
    0x10, 0x72, 0x08, 0x0d, 0x88, 0x00, 0x00, 0x00, 0xff, 0xe0, 0xff, 0x07, 0x00, 0xc6, 0x0f, 0x00,
    0x0c, 0x7c, 0x00, 0x00, 0x0a, 0x00, 0x00, 0x00, 0x70, 0x62, 0xf4, 0x0b, 0x00, 0xe4, 0x0f, 0x00,
    0x0c, 0x7c, 0x00, 0x08, 0x0a, 0x00, 0x00, 0x00, 0x70, 0x62, 0xf6, 0x0b, 0x00, 0xc6, 0x0f, 0x00,
    0x0c, 0x78, 0x00, 0x00, 0xff, 0xff, 0xff, 0xff, 0x70, 0x42, 0x74, 0x05, 0x00, 0xe4, 0x0f, 0x00,
    0x0c, 0x78, 0x00, 0x08, 0xff, 0xff, 0xff, 0xff, 0x70, 0x42, 0xf6, 0x05, 0x00, 0xe2, 0x0f, 0x00,
    0x25, 0x78, 0x08, 0x09, 0x00, 0x00, 0x05, 0x00, 0xff, 0x02, 0x8e, 0x07, 0x00, 0xe2, 0x0f, 0x00,
    0x10, 0x72, 0x00, 0x0f, 0x88, 0x00, 0x00, 0x80, 0xff, 0xe0, 0xff, 0x07, 0x00, 0xe4, 0x0f, 0x08,
    0x10, 0x72, 0x10, 0x11, 0x88, 0x00, 0x00, 0x00, 0xff, 0xe0, 0xff, 0x07, 0x00, 0xe4, 0x0f, 0x00,
    0x12, 0x72, 0x02, 0x08, 0x03, 0x00, 0x00, 0x00, 0xff, 0xfc, 0x8e, 0x07, 0x00, 0xe2, 0x0f, 0x00,
    0x0c, 0x72, 0x00, 0x0b, 0x00, 0x00, 0x00, 0x00, 0x70, 0x12, 0x74, 0x01, 0x00, 0xe2, 0x0f, 0x00,
    0x10, 0x78, 0x0b, 0x19, 0x28, 0x00, 0x00, 0x00, 0xff, 0xe0, 0xff, 0x07, 0x00, 0xe2, 0x0f, 0x04,
    0x02, 0x72, 0x03, 0x00, 0x09, 0x00, 0x00, 0x00, 0x00, 0x0f, 0x00, 0x00, 0x00, 0xe2, 0x0f, 0x00,
    0x10, 0x72, 0x06, 0x19, 0x88, 0x00, 0x00, 0x00, 0xff, 0xe0, 0xff, 0x07, 0x00, 0xc4, 0x0f, 0x00,
    0x10, 0x72, 0x0c, 0x0b, 0x88, 0x00, 0x00, 0x00, 0xff, 0xe0, 0xff, 0x07, 0x00, 0xe2, 0x0f, 0x00,
    0x25, 0x78, 0x02, 0x6b, 0x80, 0x00, 0x00, 0x00, 0x02, 0x02, 0x8e, 0x07, 0x00, 0xe2, 0x0f, 0x00,
    0x0c, 0x7c, 0x00, 0x10, 0x0a, 0x00, 0x00, 0x00, 0x70, 0x62, 0xf0, 0x0b, 0x00, 0xe2, 0x0f, 0x00,
    0x0c, 0x72, 0x00, 0x0d, 0x00, 0x00, 0x00, 0x00, 0x70, 0x12, 0xf6, 0x01, 0x00, 0xe2, 0x0f, 0x08,
    0x0c, 0x7c, 0x00, 0x06, 0x0a, 0x00, 0x00, 0x00, 0x70, 0x62, 0xf2, 0x0b, 0x00, 0xe2, 0x0f, 0x00,
    0x0c, 0x7c, 0x00, 0x0c, 0x0a, 0x00, 0x00, 0x00, 0x70, 0x62, 0xf8, 0x0b, 0x00, 0xe4, 0x0f, 0x00,
    0x0c, 0x78, 0x00, 0x10, 0xff, 0xff, 0xff, 0xff, 0x70, 0x42, 0x70, 0x04, 0x00, 0xe2, 0x0f, 0x00,
    0x25, 0x78, 0x02, 0x88, 0x00, 0x14, 0x00, 0x00, 0x02, 0x02, 0x8e, 0x07, 0x00, 0xe2, 0x0f, 0x00,
    0x0c, 0x72, 0x00, 0x06, 0xff, 0x00, 0x00, 0x00, 0x70, 0x16, 0xf2, 0x00, 0x00, 0xe2, 0x0f, 0x00,
    0x0c, 0x78, 0x00, 0x0c, 0xff, 0xff, 0xff, 0xff, 0x70, 0x42, 0x78, 0x06, 0x00, 0xe2, 0x0f, 0x00,
    0x10, 0x78, 0x0d, 0x19, 0x30, 0x00, 0x00, 0x00, 0xff, 0xe0, 0xff, 0x07, 0x00, 0xe2, 0x0f, 0x00,
    0x0c, 0x72, 0x00, 0x11, 0x00, 0x00, 0x00, 0x00, 0x70, 0x12, 0x70, 0x00, 0x00, 0xe2, 0x0f, 0x00,
    0x35, 0x72, 0x02, 0x02, 0x02, 0x00, 0x00, 0x00, 0x00, 0x02, 0x8e, 0x07, 0x00, 0xc6, 0x0f, 0x00,
    0x10, 0x78, 0x11, 0x19, 0x38, 0x00, 0x00, 0x00, 0xff, 0xe0, 0xff, 0x07, 0x00, 0xe2, 0x0f, 0x00,
    0x0c, 0x72, 0x00, 0x0b, 0x00, 0x00, 0x00, 0x00, 0x70, 0x12, 0x78, 0x02, 0x00, 0xe2, 0x0f, 0x08,
    0x0c, 0x72, 0x00, 0x19, 0x00, 0x00, 0x00, 0x00, 0x70, 0x66, 0xf2, 0x00, 0x00, 0xe2, 0x0f, 0x00,
    0x05, 0xa8, 0x1c, 0x00, 0x00, 0x00, 0x00, 0x00, 0x00, 0xff, 0x01, 0x00, 0x00, 0xe2, 0x0f, 0x00,
    0x05, 0xa8, 0x1e, 0x00, 0x00, 0x00, 0x00, 0x00, 0x00, 0xff, 0x01, 0x00, 0x00, 0xe2, 0x0f, 0x00,
    0x05, 0xb8, 0x20, 0x00, 0x00, 0x00, 0x00, 0x00, 0x00, 0xff, 0x01, 0x00, 0x00, 0xe2, 0x0f, 0x00,
    0x35, 0x7c, 0x02, 0x02, 0x04, 0x00, 0x00, 0x00, 0x00, 0x02, 0x8e, 0x0f, 0x00, 0xe4, 0x2f, 0x00,
    0x05, 0xb8, 0x22, 0x00, 0x00, 0x00, 0x00, 0x00, 0x00, 0xff, 0x01, 0x00, 0x00, 0xe2, 0x0f, 0x00,
    0x10, 0x72, 0x12, 0x17, 0x88, 0x00, 0x00, 0x00, 0xff, 0xe0, 0xff, 0x07, 0x00, 0xe4, 0x0f, 0x08,
    0x10, 0x72, 0x10, 0x0d, 0x88, 0x00, 0x00, 0x00, 0xff, 0xe0, 0xff, 0x07, 0x00, 0xc4, 0x0f, 0x00,
    0x10, 0x72, 0x04, 0x11, 0x88, 0x00, 0x00, 0x00, 0xff, 0xe0, 0xff, 0x07, 0x00, 0xe2, 0x1f, 0x00,
    0x81, 0x29, 0x1c, 0x02, 0x06, 0x00, 0x40, 0x01, 0x00, 0x9d, 0x1e, 0x0c, 0x00, 0x62, 0x0f, 0x00,
    0x0c, 0x7c, 0x00, 0x12, 0x0a, 0x00, 0x00, 0x00, 0x70, 0x62, 0xfa, 0x0b, 0x00, 0xe2, 0x0f, 0x00,
    0x0c, 0x7c, 0x00, 0x10, 0x0a, 0x00, 0x00, 0x00, 0x70, 0x62, 0xf4, 0x0b, 0x00, 0xe4, 0x0f, 0x00,
    0x81, 0x39, 0x20, 0x02, 0x06, 0x00, 0x80, 0x02, 0x00, 0x9d, 0x1e, 0x0c, 0x00, 0x62, 0x0f, 0x00,
    0x0c, 0x7c, 0x00, 0x04, 0x0a, 0x00, 0x00, 0x00, 0x70, 0x62, 0xf6, 0x0b, 0x00, 0xe2, 0x0f, 0x00,
    0x05, 0xc8, 0x30, 0x00, 0x00, 0x00, 0x00, 0x00, 0x00, 0xff, 0x01, 0x00, 0x00, 0xe2, 0x0f, 0x00,
    0x05, 0xc8, 0x32, 0x00, 0x00, 0x00, 0x00, 0x00, 0x00, 0xff, 0x01, 0x00, 0x00, 0xe2, 0x0f, 0x00,
    0x81, 0x99, 0x18, 0x02, 0x06, 0x00, 0x00, 0x00, 0x00, 0x9d, 0x1e, 0x0c, 0x00, 0x62, 0x0f, 0x00,
    0x0c, 0x78, 0x00, 0x12, 0xff, 0xff, 0xff, 0xff, 0x70, 0x42, 0xfa, 0x06, 0x00, 0xe2, 0x0f, 0x00,
    0x0c, 0x78, 0x00, 0x10, 0xff, 0xff, 0xff, 0xff, 0x70, 0x42, 0x74, 0x05, 0x00, 0xe2, 0x0f, 0x00,
    0x0c, 0x78, 0x00, 0x04, 0xff, 0xff, 0xff, 0xff, 0x70, 0x42, 0xf6, 0x05, 0x00, 0xe2, 0x0f, 0x00,
    0x05, 0x88, 0x28, 0x00, 0x00, 0x00, 0x00, 0x00, 0x00, 0xff, 0x01, 0x00, 0x00, 0xe2, 0x0f, 0x00,
    0x81, 0x49, 0x30, 0x02, 0x06, 0x00, 0x40, 0x06, 0x00, 0x9d, 0x1e, 0x0c, 0x00, 0x62, 0x0f, 0x00,
    0x0c, 0x72, 0x00, 0x17, 0x00, 0x00, 0x00, 0x00, 0x70, 0x12, 0xfa, 0x02, 0x00, 0xe2, 0x0f, 0x08,
    0x0c, 0x72, 0x00, 0x0d, 0x00, 0x00, 0x00, 0x00, 0x70, 0x12, 0x74, 0x01, 0x00, 0xe2, 0x0f, 0x08,
    0x0c, 0x72, 0x00, 0x11, 0x00, 0x00, 0x00, 0x00, 0x70, 0x12, 0xf6, 0x01, 0x00, 0xe2, 0x0f, 0x00,
    0x05, 0x88, 0x2a, 0x00, 0x00, 0x00, 0x00, 0x00, 0x00, 0xff, 0x01, 0x00, 0x00, 0xe2, 0x0f, 0x00,
    0x10, 0x78, 0x05, 0x14, 0x40, 0x00, 0x00, 0x00, 0xff, 0xe0, 0xff, 0x07, 0x00, 0xe2, 0x0f, 0x00,
    0xc3, 0x79, 0x05, 0x00, 0x00, 0x00, 0x00, 0x00, 0x00, 0x88, 0x00, 0x00, 0x00, 0x22, 0x0e, 0x00,
    0x19, 0x78, 0x06, 0xff, 0x02, 0x00, 0x00, 0x00, 0x69, 0x16, 0x01, 0x00, 0x00, 0xe2, 0x0f, 0x00,
    0x82, 0x78, 0x04, 0x00, 0x00, 0x04, 0x00, 0x00, 0x00, 0x00, 0x00, 0x00, 0x00, 0xe2, 0x0f, 0x00,
    0xac, 0x77, 0x0a, 0xff, 0x00, 0x74, 0x00, 0x00, 0x00, 0x0a, 0x00, 0x08, 0x00, 0x62, 0x0e, 0x00,
    0x81, 0x09, 0x28, 0x02, 0x06, 0x00, 0xc0, 0x03, 0x00, 0x9d, 0x1e, 0x0c, 0x00, 0x68, 0x0f, 0x00,
    0x05, 0xd8, 0x2c, 0x00, 0x00, 0x00, 0x00, 0x00, 0x00, 0xff, 0x01, 0x00, 0x00, 0xe2, 0x0f, 0x00,
    0x05, 0xd8, 0x2e, 0x00, 0x00, 0x00, 0x00, 0x00, 0x00, 0xff, 0x01, 0x00, 0x00, 0xe2, 0x0f, 0x00,
    0x05, 0xa8, 0x34, 0x00, 0x00, 0x00, 0x00, 0x00, 0x00, 0xff, 0x01, 0x00, 0x00, 0xe2, 0x0f, 0x00,
    0x05, 0xa8, 0x36, 0x00, 0x00, 0x00, 0x00, 0x00, 0x00, 0xff, 0x01, 0x00, 0x00, 0xe2, 0x0f, 0x00,
    0x05, 0xb8, 0x38, 0x00, 0x00, 0x00, 0x00, 0x00, 0x00, 0xff, 0x01, 0x00, 0x00, 0xe2, 0x0f, 0x00,
    0x05, 0xb8, 0x3a, 0x00, 0x00, 0x00, 0x00, 0x00, 0x00, 0xff, 0x01, 0x00, 0x00, 0xc4, 0x0f, 0x00,
    0x81, 0x59, 0x2c, 0x02, 0x06, 0x00, 0x00, 0x05, 0x00, 0x9d, 0x1e, 0x0c, 0x00, 0x68, 0x0f, 0x00,
    0x81, 0x29, 0x34, 0x02, 0x06, 0x00, 0x80, 0x07, 0x00, 0x9d, 0x1e, 0x0c, 0x00, 0x68, 0x0f, 0x00,
    0x81, 0x39, 0x38, 0x02, 0x06, 0x00, 0xc0, 0x08, 0x00, 0x9d, 0x1e, 0x0c, 0x00, 0x62, 0x01, 0x00,
    0x02, 0x72, 0x04, 0x00, 0xff, 0x00, 0x00, 0x00, 0x00, 0x0f, 0x00, 0x00, 0x00, 0xe2, 0x0f, 0x00,
    0x24, 0xe8, 0x04, 0x0a, 0x10, 0x00, 0x00, 0x00, 0xff, 0x00, 0x8e, 0x07, 0x00, 0xe2, 0x0f, 0x01,
    0x48, 0x72, 0x0b, 0x00, 0x05, 0x00, 0x00, 0x00, 0x00, 0x01, 0xfe, 0x03, 0x00, 0xc8, 0x0f, 0x00,
    0x10, 0x72, 0x11, 0x07, 0x04, 0x00, 0x00, 0x00, 0xff, 0xe0, 0xff, 0x07, 0x00, 0xc8, 0x8f, 0x00,
    0x10, 0x72, 0x0c, 0x11, 0x0b, 0x00, 0x00, 0x00, 0x88, 0xe0, 0xff, 0x07, 0x00, 0xe2, 0x0f, 0x00,
    0x24, 0x78, 0x04, 0x69, 0x00, 0x02, 0x00, 0x00, 0xff, 0x00, 0x8e, 0x07, 0x00, 0xc6, 0x0f, 0x00,
    0x10, 0x72, 0x0b, 0x0c, 0x0f, 0x00, 0x00, 0x80, 0xff, 0xe0, 0xff, 0x07, 0x00, 0xe2, 0x0f, 0x00,
    0x24, 0x78, 0x05, 0x69, 0x04, 0x00, 0x00, 0x00, 0xff, 0x00, 0x8e, 0x07, 0x00, 0xe2, 0x0f, 0x00,
    0x19, 0x78, 0x07, 0xff, 0x05, 0x00, 0x00, 0x00, 0x69, 0x16, 0x01, 0x00, 0x00, 0xe4, 0x0f, 0x10,
    0x19, 0x78, 0x0a, 0xff, 0x01, 0x00, 0x00, 0x00, 0x69, 0x16, 0x01, 0x00, 0x00, 0xe2, 0x0f, 0x00,
    0x0c, 0x72, 0x00, 0x0b, 0x11, 0x00, 0x00, 0x00, 0x70, 0x62, 0xf0, 0x03, 0x00, 0xe2, 0x0f, 0x00,
    0x11, 0x72, 0x02, 0x69, 0x06, 0x00, 0x00, 0x00, 0xff, 0xd0, 0x8f, 0x07, 0x00, 0xe4, 0x1f, 0x00,
    0x12, 0x78, 0x05, 0x04, 0xc0, 0x11, 0x00, 0x00, 0x05, 0xc8, 0x8e, 0x07, 0x00, 0xe4, 0x0f, 0x00,
    0x10, 0x72, 0x03, 0x07, 0x0a, 0x00, 0x00, 0x00, 0xff, 0xe0, 0xff, 0x07, 0x00, 0xc4, 0x0f, 0x00,
    0x10, 0x72, 0x04, 0x13, 0x69, 0x00, 0x00, 0x00, 0xff, 0xe0, 0xff, 0x07, 0x00, 0xe2, 0x0f, 0x08,
    0x24, 0x78, 0x02, 0x02, 0x20, 0x00, 0x00, 0x00, 0xff, 0x00, 0x8e, 0x07, 0x00, 0xe2, 0x0f, 0x00,
    0x10, 0x72, 0x0d, 0x69, 0x69, 0x00, 0x00, 0x00, 0xff, 0xe0, 0xff, 0x07, 0x00, 0xe2, 0x0f, 0x00,
    0x24, 0x78, 0x03, 0x03, 0x10, 0x00, 0x00, 0x00, 0xff, 0x00, 0x8e, 0x07, 0x00, 0xe4, 0x0f, 0x00,
    0x24, 0x78, 0x04, 0x04, 0x08, 0x00, 0x00, 0x00, 0xff, 0x00, 0x8e, 0x07, 0x00, 0xe2, 0x0f, 0x00,
    0x12, 0x78, 0x02, 0x05, 0x20, 0x00, 0x00, 0x00, 0x02, 0xf8, 0x8e, 0x07, 0x00, 0xe2, 0x0f, 0x00,
    0x24, 0x88, 0x05, 0x0e, 0x10, 0x00, 0x00, 0x00, 0x0f, 0x02, 0x8e, 0x07, 0x00, 0xe2, 0x4f, 0x00,
    0x12, 0x78, 0x10, 0x0d, 0x06, 0x00, 0x00, 0x00, 0xff, 0xc0, 0x8e, 0x07, 0x00, 0xe4, 0x0f, 0x00,
    0x12, 0x78, 0x03, 0x02, 0x10, 0x00, 0x00, 0x00, 0x03, 0xf8, 0x8e, 0x07, 0x00, 0xc4, 0x0f, 0x00,
    0x12, 0x78, 0x04, 0x04, 0x08, 0x00, 0x00, 0x00, 0xff, 0xc0, 0x8e, 0x07, 0x00, 0xe2, 0x0f, 0x00,
    0x91, 0x72, 0x04, 0x05, 0x04, 0x00, 0x00, 0x00, 0xff, 0xc0, 0x8e, 0x0f, 0x00, 0xe2, 0x0f, 0x00,
    0x10, 0x82, 0x05, 0x0c, 0x05, 0x00, 0x00, 0x80, 0xff, 0xe0, 0xff, 0x07, 0x00, 0xe2, 0x0f, 0x00,
    0x24, 0x08, 0x05, 0x0e, 0xf0, 0xff, 0xff, 0xff, 0x11, 0x02, 0x8e, 0x07, 0x00, 0xe2, 0x0f, 0x00,
    0x12, 0x72, 0x03, 0x03, 0x04, 0x00, 0x00, 0x00, 0xff, 0xfc, 0x8e, 0x07, 0x00, 0xe2, 0x0f, 0x00,
    0x24, 0x78, 0x07, 0x07, 0x00, 0x40, 0x01, 0x00, 0x10, 0x02, 0x8e, 0x07, 0x00, 0xe2, 0x0f, 0x00,
    0x12, 0x78, 0x0b, 0x06, 0x07, 0x00, 0x00, 0x00, 0xff, 0xc0, 0x8e, 0x07, 0x00, 0xe4, 0x0f, 0x00,
    0x10, 0x7c, 0x86, 0x03, 0x04, 0x00, 0x00, 0x00, 0x03, 0xe0, 0xff, 0x0f, 0x00, 0xe4, 0x0f, 0x00,
    0x10, 0x78, 0x05, 0x05, 0x2f, 0x00, 0x00, 0x00, 0xff, 0xe0, 0xff, 0x07, 0x00, 0xe2, 0x0f, 0x00,
    0x24, 0x78, 0x02, 0x0b, 0x00, 0x14, 0x00, 0x00, 0x07, 0x02, 0x8e, 0x07, 0x00, 0xe2, 0x0f, 0x00,
    0x02, 0x72, 0x03, 0x00, 0xff, 0x00, 0x00, 0x00, 0x00, 0x0f, 0x00, 0x00, 0x00, 0xca, 0x0f, 0x00,
    0x35, 0x72, 0x02, 0x08, 0x02, 0x00, 0x00, 0x00, 0x00, 0x02, 0x8e, 0x07, 0x00, 0xc6, 0x0f, 0x00,
    0x12, 0x78, 0x0b, 0x0b, 0x30, 0x00, 0x00, 0x00, 0x0a, 0xf8, 0x8e, 0x07, 0x00, 0xc6, 0x0f, 0x00,
    0x25, 0x78, 0x02, 0x6b, 0x80, 0x00, 0x00, 0x00, 0x02, 0x02, 0x8e, 0x07, 0x00, 0xe2, 0x0f, 0x00,
    0x10, 0x72, 0x0b, 0x14, 0x0b, 0x00, 0x00, 0x00, 0xff, 0xe0, 0xff, 0x07, 0x00, 0xc6, 0x0f, 0x00,
    0x25, 0x78, 0x02, 0x88, 0x00, 0x14, 0x00, 0x00, 0x02, 0x02, 0x8e, 0x07, 0x00, 0xe2, 0x0f, 0x00,
    0x05, 0x78, 0x84, 0x00, 0x00, 0x00, 0x00, 0x00, 0x00, 0xff, 0x01, 0x00, 0x00, 0xe2, 0x0f, 0x00,
    0x05, 0x78, 0x24, 0x00, 0x00, 0x00, 0x00, 0x00, 0x00, 0xff, 0x01, 0x00, 0x00, 0xe2, 0x0f, 0x00,
    0x05, 0x78, 0x26, 0x00, 0x00, 0x00, 0x00, 0x00, 0x00, 0xff, 0x01, 0x00, 0x00, 0xe4, 0x0f, 0x00,
    0x35, 0x72, 0x92, 0x02, 0x02, 0x00, 0x00, 0x00, 0x00, 0x02, 0x8e, 0x07, 0x00, 0xe4, 0x0f, 0x00,
    0x05, 0x78, 0x3c, 0x00, 0x00, 0x00, 0x00, 0x00, 0x00, 0xff, 0x01, 0x00, 0x00, 0xe2, 0x0f, 0x00,
    0x05, 0x78, 0x3e, 0x00, 0x00, 0x00, 0x00, 0x00, 0x00, 0xff, 0x01, 0x00, 0x00, 0xe2, 0x0f, 0x00,
    0x05, 0x78, 0x40, 0x00, 0x00, 0x00, 0x00, 0x00, 0x00, 0xff, 0x01, 0x00, 0x00, 0xe2, 0x0f, 0x00,
    0x05, 0x78, 0x42, 0x00, 0x00, 0x00, 0x00, 0x00, 0x00, 0xff, 0x01, 0x00, 0x00, 0xe2, 0x0f, 0x00,
    0x05, 0x78, 0x44, 0x00, 0x00, 0x00, 0x00, 0x00, 0x00, 0xff, 0x01, 0x00, 0x00, 0xe2, 0x0f, 0x00,
    0x05, 0x78, 0x46, 0x00, 0x00, 0x00, 0x00, 0x00, 0x00, 0xff, 0x01, 0x00, 0x00, 0xe2, 0x0f, 0x00,
    0x05, 0x78, 0x48, 0x00, 0x00, 0x00, 0x00, 0x00, 0x00, 0xff, 0x01, 0x00, 0x00, 0xe2, 0x0f, 0x00,
    0x05, 0x78, 0x4a, 0x00, 0x00, 0x00, 0x00, 0x00, 0x00, 0xff, 0x01, 0x00, 0x00, 0xe2, 0x0f, 0x00,
    0x05, 0x78, 0x4c, 0x00, 0x00, 0x00, 0x00, 0x00, 0x00, 0xff, 0x01, 0x00, 0x00, 0xe2, 0x0f, 0x00,
    0x05, 0x78, 0x4e, 0x00, 0x00, 0x00, 0x00, 0x00, 0x00, 0xff, 0x01, 0x00, 0x00, 0xe2, 0x0f, 0x00,
    0x05, 0x78, 0x50, 0x00, 0x00, 0x00, 0x00, 0x00, 0x00, 0xff, 0x01, 0x00, 0x00, 0xe2, 0x0f, 0x00,
    0x05, 0x78, 0x52, 0x00, 0x00, 0x00, 0x00, 0x00, 0x00, 0xff, 0x01, 0x00, 0x00, 0xe2, 0x0f, 0x00,
    0x05, 0x78, 0x54, 0x00, 0x00, 0x00, 0x00, 0x00, 0x00, 0xff, 0x01, 0x00, 0x00, 0xe2, 0x0f, 0x00,
    0x05, 0x78, 0x56, 0x00, 0x00, 0x00, 0x00, 0x00, 0x00, 0xff, 0x01, 0x00, 0x00, 0xe2, 0x0f, 0x00,
    0x05, 0x78, 0x58, 0x00, 0x00, 0x00, 0x00, 0x00, 0x00, 0xff, 0x01, 0x00, 0x00, 0xe2, 0x0f, 0x00,
    0x05, 0x78, 0x5a, 0x00, 0x00, 0x00, 0x00, 0x00, 0x00, 0xff, 0x01, 0x00, 0x00, 0xe2, 0x0f, 0x00,
    0x05, 0x78, 0x5c, 0x00, 0x00, 0x00, 0x00, 0x00, 0x00, 0xff, 0x01, 0x00, 0x00, 0xe2, 0x0f, 0x00,
    0x05, 0x78, 0x5e, 0x00, 0x00, 0x00, 0x00, 0x00, 0x00, 0xff, 0x01, 0x00, 0x00, 0xe2, 0x0f, 0x00,
    0x05, 0x78, 0x60, 0x00, 0x00, 0x00, 0x00, 0x00, 0x00, 0xff, 0x01, 0x00, 0x00, 0xe2, 0x0f, 0x00,
    0x05, 0x78, 0x62, 0x00, 0x00, 0x00, 0x00, 0x00, 0x00, 0xff, 0x01, 0x00, 0x00, 0xe2, 0x0f, 0x00,
    0x05, 0x78, 0x64, 0x00, 0x00, 0x00, 0x00, 0x00, 0x00, 0xff, 0x01, 0x00, 0x00, 0xe2, 0x0f, 0x00,
    0x05, 0x78, 0x66, 0x00, 0x00, 0x00, 0x00, 0x00, 0x00, 0xff, 0x01, 0x00, 0x00, 0xe2, 0x0f, 0x00,
    0x0c, 0x72, 0x00, 0x0b, 0x00, 0x00, 0x00, 0x00, 0x70, 0x62, 0xf8, 0x03, 0x00, 0xe2, 0x0f, 0x00,
    0x88, 0x73, 0x00, 0x86, 0x1c, 0x00, 0x04, 0x00, 0x00, 0x0c, 0x00, 0x00, 0x00, 0xe2, 0x0f, 0x02,
    0x05, 0x18, 0x18, 0x00, 0x00, 0x00, 0x00, 0x00, 0x00, 0xff, 0x01, 0x00, 0x00, 0xe2, 0x0f, 0x00,
    0x05, 0x18, 0x1a, 0x00, 0x00, 0x00, 0x00, 0x00, 0x00, 0xff, 0x01, 0x00, 0x00, 0xc4, 0x0f, 0x00,
    0x88, 0x73, 0x00, 0x86, 0x20, 0x00, 0x08, 0x00, 0x00, 0x0c, 0x00, 0x00, 0x00, 0xe8, 0x0f, 0x00,
    0x88, 0x73, 0x00, 0x86, 0x18, 0x00, 0x00, 0x00, 0x00, 0x0c, 0x00, 0x00, 0x00, 0xe8, 0x01, 0x00,
    0x88, 0x73, 0x00, 0x86, 0x30, 0x00, 0x14, 0x00, 0x00, 0x0c, 0x00, 0x00, 0x00, 0xe2, 0x0f, 0x00,
    0x19, 0x78, 0x1b, 0xff, 0x06, 0x00, 0x00, 0x00, 0x05, 0x14, 0x01, 0x00, 0x00, 0xca, 0x1f, 0x00,
    0x0c, 0x78, 0x00, 0x1b, 0x01, 0x00, 0x00, 0x00, 0x70, 0x62, 0xf0, 0x03, 0x00, 0xe2, 0x0f, 0x00,
    0x88, 0x73, 0x00, 0x86, 0x28, 0x00, 0x0c, 0x00, 0x00, 0x0c, 0x00, 0x00, 0x00, 0xe8, 0x01, 0x00,
    0x88, 0x73, 0x00, 0x86, 0x2c, 0x00, 0x10, 0x00, 0x00, 0x0c, 0x00, 0x00, 0x00, 0xe8, 0x05, 0x00,
    0x88, 0x73, 0x00, 0x86, 0x34, 0x00, 0x18, 0x00, 0x00, 0x0c, 0x00, 0x00, 0x00, 0xe8, 0x07, 0x00,
    0x88, 0x73, 0x00, 0x86, 0x38, 0x00, 0x1c, 0x00, 0x00, 0x0c, 0x00, 0x00, 0x00, 0xe2, 0x09, 0x00,
    0x05, 0x78, 0x28, 0x00, 0x00, 0x00, 0x00, 0x00, 0x00, 0xff, 0x01, 0x00, 0x00, 0xe2, 0x1f, 0x00,
    0x05, 0x78, 0x2a, 0x00, 0x00, 0x00, 0x00, 0x00, 0x00, 0xff, 0x01, 0x00, 0x00, 0xe2, 0x0f, 0x00,
    0x05, 0x78, 0x2c, 0x00, 0x00, 0x00, 0x00, 0x00, 0x00, 0xff, 0x01, 0x00, 0x00, 0xe2, 0x4f, 0x00,
    0x05, 0x78, 0x2e, 0x00, 0x00, 0x00, 0x00, 0x00, 0x00, 0xff, 0x01, 0x00, 0x00, 0xe2, 0x0f, 0x00,
    0x05, 0x78, 0x34, 0x00, 0x00, 0x00, 0x00, 0x00, 0x00, 0xff, 0x01, 0x00, 0x00, 0xe2, 0x8f, 0x00,
    0x05, 0x78, 0x36, 0x00, 0x00, 0x00, 0x00, 0x00, 0x00, 0xff, 0x01, 0x00, 0x00, 0xe2, 0x0f, 0x00,
    0x05, 0x78, 0x38, 0x00, 0x00, 0x00, 0x00, 0x00, 0x00, 0xff, 0x01, 0x00, 0x00, 0xe2, 0x0f, 0x01,
    0x05, 0x78, 0x3a, 0x00, 0x00, 0x00, 0x00, 0x00, 0x00, 0xff, 0x01, 0x00, 0x00, 0xe2, 0x0f, 0x00,
    0x47, 0x89, 0xa8, 0x00, 0x44, 0x00, 0x00, 0x00, 0x00, 0x00, 0x80, 0x03, 0x00, 0xec, 0x2f, 0x00,
    0x27, 0x78, 0x03, 0x6b, 0x67, 0x66, 0x66, 0x66, 0xff, 0x02, 0x8e, 0x07, 0x00, 0xe2, 0x0f, 0x00,
    0x12, 0x78, 0x0d, 0x0a, 0x30, 0x00, 0x00, 0x00, 0xff, 0xc0, 0x8e, 0x07, 0x00, 0xe2, 0x0f, 0x00,
    0x82, 0x7b, 0xb0, 0xff, 0x00, 0xe0, 0x00, 0x00, 0x00, 0x0a, 0x00, 0x00, 0x00, 0x22, 0x0e, 0x00,
    0x12, 0x78, 0x0c, 0x06, 0x07, 0x00, 0x00, 0x00, 0xff, 0xc0, 0x8e, 0x07, 0x00, 0xe2, 0x0f, 0x04,
    0x24, 0x78, 0x05, 0x69, 0x40, 0x00, 0x00, 0x00, 0xff, 0x00, 0x8e, 0x07, 0x00, 0xe2, 0x0f, 0x00,
    0x19, 0x78, 0x02, 0xff, 0x03, 0x00, 0x00, 0x00, 0x69, 0x16, 0x01, 0x00, 0x00, 0xe2, 0x0f, 0x00,
    0x24, 0x78, 0x09, 0x06, 0x20, 0x00, 0x00, 0x00, 0xff, 0x00, 0x8e, 0x07, 0x00, 0xe2, 0x0f, 0x00,
    0x19, 0x78, 0x08, 0xff, 0x01, 0x00, 0x00, 0x00, 0x03, 0x14, 0x01, 0x00, 0x00, 0xe2, 0x0f, 0x00,
    0x24, 0x78, 0x07, 0x13, 0x00, 0x02, 0x00, 0x00, 0xff, 0x00, 0x8e, 0x07, 0x00, 0xe2, 0x0f, 0x00,
    0x10, 0x72, 0x0d, 0x0c, 0x14, 0x00, 0x00, 0x00, 0x0d, 0xe0, 0xff, 0x07, 0x00, 0xe2, 0x0f, 0x00,
    0x24, 0x78, 0x0c, 0x02, 0x00, 0x02, 0x00, 0x00, 0xff, 0x00, 0x8e, 0x07, 0x00, 0xe2, 0x0f, 0x04,
    0x11, 0x72, 0x08, 0x03, 0x08, 0x00, 0x00, 0x00, 0xff, 0x08, 0x8f, 0x07, 0x00, 0xe2, 0x0f, 0x00,
    0x24, 0x78, 0x03, 0x69, 0x20, 0x00, 0x00, 0x00, 0xff, 0x00, 0x8e, 0x07, 0x00, 0xe2, 0x0f, 0x00,
    0x10, 0x72, 0x02, 0x02, 0x69, 0x00, 0x00, 0x00, 0xff, 0xe0, 0xff, 0x07, 0x00, 0xc4, 0x0f, 0x00,
    0x12, 0x78, 0x06, 0x05, 0xc0, 0x01, 0x00, 0x00, 0xff, 0xc0, 0x8e, 0x07, 0x00, 0xe2, 0x0f, 0x00,
    0x24, 0x78, 0x0a, 0x0a, 0x10, 0x00, 0x00, 0x00, 0xff, 0x00, 0x8e, 0x07, 0x00, 0xe2, 0x0f, 0x00,
    0x12, 0x78, 0x05, 0x0c, 0x00, 0x02, 0x00, 0x00, 0xff, 0xe2, 0x8e, 0x07, 0x00, 0xe2, 0x0f, 0x00,
    0x25, 0x78, 0x90, 0x08, 0x00, 0x08, 0x00, 0x00, 0xff, 0x02, 0x8e, 0x07, 0x00, 0xe2, 0x0f, 0x00,
    0x12, 0x78, 0x03, 0x06, 0x00, 0x0c, 0x00, 0x00, 0x03, 0xf8, 0x8e, 0x07, 0x00, 0xe2, 0x0f, 0x04,
    0xac, 0x77, 0x05, 0xff, 0x80, 0x7b, 0x00, 0x00, 0x00, 0x08, 0x00, 0x08, 0x00, 0x62, 0x0e, 0x00,
    0x12, 0x78, 0x07, 0x06, 0x00, 0x02, 0x00, 0x00, 0x07, 0xf8, 0x8e, 0x07, 0x00, 0xe2, 0x0f, 0x00,
    0x24, 0x78, 0x02, 0x02, 0x08, 0x00, 0x00, 0x00, 0xff, 0x00, 0x8e, 0x07, 0x00, 0xe2, 0x0f, 0x00,
    0x12, 0x72, 0x03, 0x04, 0x03, 0x00, 0x00, 0x00, 0x05, 0xfe, 0x8e, 0x07, 0x00, 0xe2, 0x0f, 0x04,
    0xac, 0x77, 0x08, 0xff, 0x80, 0x7a, 0x00, 0x00, 0x00, 0x08, 0x00, 0x08, 0x00, 0xa2, 0x0e, 0x00,
    0x12, 0x72, 0x04, 0x04, 0x05, 0x00, 0x00, 0x00, 0x06, 0xfe, 0x8e, 0x07, 0x00, 0xc4, 0x0f, 0x00,
    0x12, 0x78, 0x0a, 0x0a, 0x10, 0x00, 0x00, 0x00, 0xff, 0xc0, 0x8e, 0x07, 0x00, 0xe2, 0x0f, 0x00,
    0x25, 0x78, 0xb0, 0x0e, 0x04, 0x00, 0x00, 0x00, 0xb0, 0x02, 0x8e, 0x07, 0x00, 0xe2, 0x1f, 0x00,
    0x12, 0x78, 0x09, 0x09, 0x20, 0x00, 0x00, 0x00, 0xff, 0xc0, 0x8e, 0x07, 0x00, 0xe2, 0x0f, 0x00,
    0xac, 0x77, 0x09, 0xff, 0x00, 0x7b, 0x00, 0x00, 0x00, 0x08, 0x00, 0x08, 0x00, 0x22, 0x0e, 0x00,
    0x12, 0x78, 0x02, 0x07, 0x08, 0x00, 0x00, 0x00, 0x02, 0xf8, 0x8e, 0x07, 0x00, 0xe4, 0x0f, 0x00,
    0x12, 0x72, 0x12, 0x04, 0x0a, 0x00, 0x00, 0x00, 0xff, 0xfc, 0x8e, 0x07, 0x00, 0xe2, 0x0f, 0x00,
    0x35, 0x78, 0xb0, 0xb0, 0x08, 0x00, 0x00, 0x00, 0x00, 0x02, 0x8e, 0x07, 0x00, 0xc6, 0x0f, 0x00,
    0x10, 0x72, 0x07, 0x69, 0x69, 0x00, 0x00, 0x00, 0xff, 0xe0, 0xff, 0x07, 0x00, 0xe4, 0x0f, 0x00,
    0x12, 0x72, 0x0c, 0x02, 0x0a, 0x00, 0x00, 0x00, 0xff, 0xfc, 0x8e, 0x07, 0x00, 0xe4, 0x0f, 0x00,
    0x12, 0x72, 0x14, 0x09, 0x02, 0x00, 0x00, 0x00, 0x0a, 0xfe, 0x8e, 0x07, 0x00, 0xe4, 0x0f, 0x14,
    0x12, 0x72, 0x05, 0x09, 0x04, 0x00, 0x00, 0x00, 0x0a, 0xfe, 0x8e, 0x07, 0x00, 0xe4, 0x0f, 0x10,
    0x12, 0x72, 0x06, 0x03, 0x0a, 0x00, 0x00, 0x00, 0xff, 0xfc, 0x8e, 0x07, 0x00, 0xe4, 0x0f, 0x00,
    0x12, 0x72, 0x23, 0x09, 0x03, 0x00, 0x00, 0x00, 0x0a, 0xfe, 0x8e, 0x07, 0x00, 0xc4, 0x0f, 0x00,
    0x12, 0x78, 0x10, 0x03, 0x10, 0x00, 0x00, 0x00, 0x0a, 0xf6, 0x8e, 0x07, 0x00, 0xe4, 0x0f, 0x10,
    0x12, 0x78, 0x02, 0x02, 0x10, 0x00, 0x00, 0x00, 0x0a, 0xf6, 0x8e, 0x07, 0x00, 0xe4, 0x0f, 0x10,
    0x12, 0x78, 0x04, 0x04, 0x10, 0x00, 0x00, 0x00, 0x0a, 0xf6, 0x8e, 0x07, 0x00, 0xe2, 0x0f, 0x00,
    0x24, 0x78, 0x0a, 0x0e, 0x10, 0x00, 0x00, 0x00, 0x0f, 0x02, 0x8e, 0x07, 0x00, 0xe2, 0x0f, 0x00,
    0x12, 0x72, 0x22, 0x10, 0x09, 0x00, 0x00, 0x00, 0xff, 0xfc, 0x8e, 0x07, 0x00, 0xe4, 0x0f, 0x04,
    0x12, 0x78, 0x10, 0x10, 0x20, 0x00, 0x00, 0x00, 0x09, 0xf6, 0x8e, 0x07, 0x00, 0xe4, 0x0f, 0x00,
    0x10, 0x72, 0x0a, 0x0a, 0x0d, 0x00, 0x00, 0x00, 0x88, 0xe1, 0xff, 0x07, 0x00, 0xc4, 0x0f, 0x00,
    0x12, 0x72, 0x1a, 0x04, 0x09, 0x00, 0x00, 0x00, 0xff, 0xfc, 0x8e, 0x07, 0x00, 0xe4, 0x0f, 0x08,
    0x12, 0x78, 0x06, 0x06, 0x20, 0x00, 0x00, 0x00, 0x09, 0xf6, 0x8e, 0x07, 0x00, 0xe4, 0x0f, 0x10,
    0x10, 0x72, 0x0a, 0x11, 0x0a, 0x00, 0x00, 0x00, 0xff, 0xe0, 0xff, 0x07, 0x00, 0xe4, 0x0f, 0x00,
    0x12, 0x78, 0x16, 0x0c, 0x20, 0x00, 0x00, 0x00, 0x09, 0xf6, 0x8e, 0x07, 0x00, 0xe2, 0x0f, 0x00,
    0x24, 0x78, 0x0c, 0x0e, 0xf0, 0xff, 0xff, 0xff, 0x11, 0x02, 0x8e, 0x07, 0x00, 0xe2, 0x0f, 0x00,
    0x12, 0x78, 0x17, 0x12, 0x20, 0x00, 0x00, 0x00, 0x09, 0xf6, 0x8e, 0x07, 0x00, 0xe4, 0x0f, 0x00,
    0x12, 0x72, 0x18, 0x02, 0x09, 0x00, 0x00, 0x00, 0xff, 0xfc, 0x8e, 0x07, 0x00, 0xc4, 0x0f, 0x00,
    0x12, 0x78, 0x19, 0x02, 0x20, 0x00, 0x00, 0x00, 0x09, 0xf6, 0x8e, 0x07, 0x00, 0xe4, 0x0f, 0x10,
    0x12, 0x78, 0x04, 0x04, 0x20, 0x00, 0x00, 0x00, 0x09, 0xf6, 0x8e, 0x07, 0x00, 0xe4, 0x0f, 0x00,
    0x12, 0x78, 0x07, 0x07, 0x06, 0x00, 0x00, 0x00, 0xff, 0xc0, 0x8e, 0x07, 0x00, 0xe4, 0x0f, 0x00,
    0x10, 0x72, 0x02, 0x1b, 0xff, 0x00, 0x00, 0x00, 0xff, 0xe1, 0xff, 0x07, 0x00, 0xe4, 0x0f, 0x00,
    0x12, 0x72, 0x90, 0x90, 0x15, 0x00, 0x00, 0x00, 0xff, 0xfc, 0x8e, 0x07, 0x00, 0xe4, 0x0f, 0x00,
    0x10, 0x7c, 0x1f, 0x10, 0x04, 0x00, 0x00, 0x00, 0x10, 0xe0, 0xff, 0x0f, 0x00, 0xc4, 0x0f, 0x00,
    0x12, 0x78, 0x13, 0x13, 0x28, 0x00, 0x00, 0x00, 0xff, 0xfc, 0x8e, 0x07, 0x00, 0xe4, 0x0f, 0x00,
    0x10, 0x78, 0x03, 0x0e, 0x01, 0x00, 0x00, 0x00, 0xff, 0xe0, 0xff, 0x07, 0x00, 0xe2, 0x0f, 0x00,
    0x02, 0x78, 0x09, 0x00, 0x00, 0x00, 0x80, 0xff, 0x00, 0x0f, 0x00, 0x00, 0x00, 0xe2, 0x0f, 0x00,
    0x02, 0x72, 0x85, 0x00, 0xff, 0x00, 0x00, 0x00, 0x00, 0x0f, 0x00, 0x00, 0x00, 0xe2, 0x0f, 0x00,
    0x02, 0x78, 0x1b, 0x00, 0x00, 0x00, 0x80, 0xff, 0x00, 0x0f, 0x00, 0x00, 0x00, 0xe2, 0x0f, 0x00,
    0x12, 0x78, 0x0f, 0x07, 0x28, 0x00, 0x00, 0x00, 0xff, 0xfc, 0x8e, 0x07, 0x00, 0xe4, 0x0f, 0x00,
    0x10, 0x78, 0x11, 0x0d, 0x08, 0x00, 0x00, 0x00, 0xff, 0xe0, 0xff, 0x07, 0x00, 0xe4, 0x0f, 0x00,
    0x10, 0x78, 0x12, 0x0a, 0x08, 0x00, 0x00, 0x00, 0xff, 0xe0, 0xff, 0x07, 0x00, 0xc4, 0x0f, 0x00,
    0x10, 0x7c, 0x23, 0x23, 0x04, 0x00, 0x00, 0x00, 0x23, 0xe0, 0xff, 0x0f, 0x00, 0xe4, 0x0f, 0x00,
    0x10, 0x7c, 0x14, 0x14, 0x04, 0x00, 0x00, 0x00, 0x14, 0xe0, 0xff, 0x0f, 0x00, 0xe4, 0x0f, 0x00,
    0x10, 0x7c, 0x15, 0x05, 0x04, 0x00, 0x00, 0x00, 0x05, 0xe0, 0xff, 0x0f, 0x00, 0xe4, 0x0f, 0x00,
    0x10, 0x7c, 0x21, 0x06, 0x04, 0x00, 0x00, 0x00, 0x06, 0xe0, 0xff, 0x0f, 0x00, 0xe4, 0x0f, 0x00,
    0x10, 0x7c, 0x16, 0x16, 0x04, 0x00, 0x00, 0x00, 0x16, 0xe0, 0xff, 0x0f, 0x00, 0xe4, 0x0f, 0x00,
    0x10, 0x7c, 0x17, 0x17, 0x04, 0x00, 0x00, 0x00, 0x17, 0xe0, 0xff, 0x0f, 0x00, 0xc4, 0x0f, 0x00,
    0x10, 0x7c, 0x22, 0x22, 0x04, 0x00, 0x00, 0x00, 0x22, 0xe0, 0xff, 0x0f, 0x00, 0xe4, 0x0f, 0x00,
    0x10, 0x7c, 0x18, 0x18, 0x04, 0x00, 0x00, 0x00, 0x18, 0xe0, 0xff, 0x0f, 0x00, 0xe4, 0x0f, 0x00,
    0x10, 0x7c, 0x19, 0x19, 0x04, 0x00, 0x00, 0x00, 0x19, 0xe0, 0xff, 0x0f, 0x00, 0xe4, 0x0f, 0x00,
    0x10, 0x7c, 0x1a, 0x1a, 0x04, 0x00, 0x00, 0x00, 0x1a, 0xe0, 0xff, 0x0f, 0x00, 0xe4, 0x0f, 0x00,
    0x10, 0x7c, 0x10, 0x04, 0x04, 0x00, 0x00, 0x00, 0x04, 0xe0, 0xff, 0x0f, 0x00, 0xce, 0x7f, 0x00,
    0x10, 0x78, 0x04, 0x03, 0xff, 0xff, 0xff, 0xff, 0xff, 0xe0, 0xff, 0x07, 0x00, 0xe4, 0x0f, 0x00,
    0x10, 0x78, 0x05, 0x13, 0xe8, 0xff, 0xff, 0xff, 0xff, 0xe0, 0xff, 0x07, 0x00, 0xe4, 0x0f, 0x04,
    0x10, 0x78, 0x07, 0x13, 0xf0, 0xff, 0xff, 0xff, 0xff, 0xe0, 0xff, 0x07, 0x00, 0xe2, 0x0f, 0x04,
    0x02, 0x72, 0x6f, 0x00, 0xff, 0x00, 0x00, 0x00, 0x00, 0x0f, 0x00, 0x00, 0x00, 0xe2, 0x0f, 0x00,
    0x02, 0x72, 0x31, 0x00, 0xff, 0x00, 0x00, 0x00, 0x00, 0x0f, 0x00, 0x00, 0x00, 0xe2, 0x0f, 0x00,
    0x0c, 0x7c, 0x00, 0x04, 0x05, 0x00, 0x00, 0x00, 0x70, 0x62, 0xf0, 0x0b, 0x00, 0xe2, 0x0f, 0x04,
    0x10, 0x78, 0x33, 0x13, 0xf8, 0xff, 0xff, 0xff, 0xff, 0xe0, 0xff, 0x07, 0x00, 0xe2, 0x0f, 0x04,
    0x02, 0x72, 0x7b, 0x00, 0xff, 0x00, 0x00, 0x00, 0x00, 0x0f, 0x00, 0x00, 0x00, 0xe2, 0x0f, 0x00,
    0x02, 0x72, 0x89, 0x00, 0xff, 0x00, 0x00, 0x00, 0x00, 0x0f, 0x00, 0x00, 0x00, 0xe2, 0x0f, 0x00,
    0x10, 0x78, 0x79, 0x13, 0x08, 0x00, 0x00, 0x00, 0xff, 0xe0, 0xff, 0x07, 0x00, 0xe2, 0x0f, 0x04,
    0x0c, 0x72, 0x00, 0x04, 0xff, 0x00, 0x00, 0x00, 0x70, 0x16, 0x70, 0x00, 0x00, 0xe2, 0x0f, 0x00,
    0x02, 0x72, 0x97, 0x00, 0xff, 0x00, 0x00, 0x00, 0x00, 0x0f, 0x00, 0x00, 0x00, 0xe2, 0x0f, 0x00,
    0x10, 0x78, 0x99, 0x13, 0x10, 0x00, 0x00, 0x00, 0xff, 0xe0, 0xff, 0x07, 0x00, 0xc4, 0x0f, 0x00,
    0x10, 0x78, 0x9f, 0x13, 0x18, 0x00, 0x00, 0x00, 0xff, 0xe0, 0xff, 0x07, 0x00, 0xe4, 0x0f, 0x04,
    0x10, 0x78, 0x9d, 0x13, 0x20, 0x00, 0x00, 0x00, 0xff, 0xe0, 0xff, 0x07, 0x00, 0xe2, 0x0f, 0x00,
    0x0c, 0x72, 0x00, 0x05, 0x0c, 0x00, 0x00, 0x00, 0x70, 0x66, 0x72, 0x00, 0x00, 0xe2, 0x0f, 0x08,
    0x0c, 0x72, 0x00, 0x07, 0x0c, 0x00, 0x00, 0x00, 0x70, 0x66, 0x70, 0x00, 0x00, 0xe2, 0x0f, 0x00,
    0x02, 0x72, 0x9b, 0x00, 0xff, 0x00, 0x00, 0x00, 0x00, 0x0f, 0x00, 0x00, 0x00, 0xe2, 0x0f, 0x00,
    0x02, 0x72, 0x87, 0x00, 0xff, 0x00, 0x00, 0x00, 0x00, 0x0f, 0x00, 0x00, 0x00, 0xe2, 0x0f, 0x00,
    0x02, 0x72, 0x1d, 0x00, 0xff, 0x00, 0x00, 0x00, 0x00, 0x0f, 0x00, 0x00, 0x00, 0xe2, 0x0f, 0x00,
    0x05, 0x78, 0xa2, 0x00, 0x00, 0x00, 0x00, 0x00, 0x00, 0xff, 0x01, 0x00, 0x00, 0xe2, 0x0f, 0x00,
    0x05, 0x78, 0xa4, 0x00, 0x00, 0x00, 0x00, 0x00, 0x00, 0xff, 0x01, 0x00, 0x00, 0xe2, 0x0f, 0x00,
    0x05, 0x78, 0xa6, 0x00, 0x00, 0x00, 0x00, 0x00, 0x00, 0xff, 0x01, 0x00, 0x00, 0xe2, 0x0f, 0x00,
    0x05, 0x78, 0xa8, 0x00, 0x00, 0x00, 0x00, 0x00, 0x00, 0xff, 0x01, 0x00, 0x00, 0xe2, 0x0f, 0x00,
    0x05, 0x78, 0xaa, 0x00, 0x00, 0x00, 0x00, 0x00, 0x00, 0xff, 0x01, 0x00, 0x00, 0xe2, 0x0f, 0x00,
    0x1d, 0x7b, 0x00, 0x00, 0x00, 0x00, 0x00, 0x00, 0x00, 0x00, 0x01, 0x00, 0x00, 0xec, 0x0f, 0x00,
    0x81, 0x89, 0x6f, 0xb0, 0x06, 0xf8, 0xff, 0xff, 0x00, 0x99, 0x1e, 0x0c, 0x00, 0xa2, 0x0e, 0x00,
    0x0c, 0x7c, 0x00, 0x03, 0x05, 0x00, 0x00, 0x00, 0x70, 0x62, 0xf0, 0x0b, 0x00, 0xc6, 0x0f, 0x00,
    0x81, 0x99, 0x31, 0xb0, 0x06, 0xf8, 0xff, 0xff, 0x00, 0x99, 0x1e, 0x0c, 0x00, 0xe4, 0x0e, 0x00,
    0x0c, 0x72, 0x00, 0x03, 0xff, 0x00, 0x00, 0x00, 0x70, 0x16, 0x70, 0x00, 0x00, 0xca, 0x0f, 0x00,
    0x0c, 0x72, 0x00, 0x33, 0x0c, 0x00, 0x00, 0x00, 0x70, 0x66, 0x72, 0x00, 0x00, 0xe2, 0x0f, 0x08,
    0x0c, 0x72, 0x00, 0x13, 0x0c, 0x00, 0x00, 0x00, 0x70, 0x66, 0x70, 0x00, 0x00, 0xd8, 0x0f, 0x00,
    0x81, 0x99, 0x7b, 0xb0, 0x06, 0xfc, 0xff, 0xff, 0x00, 0x99, 0x1e, 0x0c, 0x00, 0x22, 0x0f, 0x00,
    0x10, 0x78, 0x04, 0x03, 0x01, 0x00, 0x00, 0x00, 0xff, 0xe0, 0xff, 0x07, 0x00, 0xc6, 0x0f, 0x00,
    0x81, 0x89, 0x89, 0xb0, 0x06, 0xfc, 0xff, 0xff, 0x00, 0x99, 0x1e, 0x0c, 0x00, 0x64, 0x0f, 0x00,
    0x0c, 0x7c, 0x00, 0x04, 0x05, 0x00, 0x00, 0x00, 0x70, 0x62, 0xf0, 0x0b, 0x00, 0xca, 0x0f, 0x00,
    0x0c, 0x72, 0x00, 0x04, 0xff, 0x00, 0x00, 0x00, 0x70, 0x16, 0x70, 0x00, 0x00, 0xca, 0x0f, 0x00,
    0x0c, 0x72, 0x00, 0x79, 0x0c, 0x00, 0x00, 0x00, 0x70, 0x66, 0x72, 0x00, 0x00, 0xda, 0x0f, 0x00,
    0x81, 0x99, 0x97, 0xb0, 0x06, 0x00, 0x00, 0x00, 0x00, 0x99, 0x1e, 0x0c, 0x00, 0x62, 0x0f, 0x00,
    0x10, 0x78, 0x04, 0x03, 0x02, 0x00, 0x00, 0x00, 0xff, 0xe0, 0xff, 0x07, 0x00, 0xe2, 0x0f, 0x00,
    0x0c, 0x72, 0x00, 0x99, 0x0c, 0x00, 0x00, 0x00, 0x70, 0x66, 0x70, 0x00, 0x00, 0xc8, 0x0f, 0x00,
    0x0c, 0x7c, 0x00, 0x04, 0x05, 0x00, 0x00, 0x00, 0x70, 0x62, 0xf2, 0x0b, 0x00, 0xca, 0x0f, 0x00,
    0x0c, 0x72, 0x00, 0x04, 0xff, 0x00, 0x00, 0x00, 0x70, 0x16, 0xf2, 0x00, 0x00, 0xc8, 0x0f, 0x00,
    0x81, 0x89, 0x9b, 0xb0, 0x06, 0x00, 0x00, 0x00, 0x00, 0x99, 0x1e, 0x0c, 0x00, 0x62, 0x0f, 0x00,
    0x0c, 0x72, 0x00, 0x9f, 0x0c, 0x00, 0x00, 0x00, 0x70, 0x66, 0xf4, 0x00, 0x00, 0xe2, 0x0f, 0x08,
    0x0c, 0x72, 0x00, 0x9d, 0x0c, 0x00, 0x00, 0x00, 0x70, 0x66, 0xf2, 0x00, 0x00, 0xd8, 0x0f, 0x00,
    0x81, 0xa9, 0x87, 0xb0, 0x06, 0x04, 0x00, 0x00, 0x00, 0x99, 0x1e, 0x0c, 0x00, 0x68, 0x0f, 0x00,
    0x81, 0x99, 0x1d, 0xb0, 0x06, 0x04, 0x00, 0x00, 0x00, 0x99, 0x1e, 0x0c, 0x00, 0x62, 0x0f, 0x00,
    0x0c, 0x78, 0x00, 0x31, 0xff, 0xff, 0xff, 0xff, 0x70, 0x42, 0xf0, 0x03, 0x00, 0xca, 0x8f, 0x00,
    0x0c, 0x72, 0x00, 0x05, 0x0c, 0x00, 0x00, 0x00, 0x70, 0x12, 0x70, 0x00, 0x00, 0xca, 0x0f, 0x00,
    0x0c, 0x7c, 0x00, 0x31, 0x08, 0x00, 0x00, 0x00, 0x70, 0x66, 0x74, 0x0c, 0x00, 0xe2, 0x0f, 0x04,
    0x0c, 0x7c, 0x00, 0x31, 0x09, 0x00, 0x00, 0x00, 0x70, 0x66, 0x72, 0x0c, 0x00, 0xe2, 0x0f, 0x00,
    0x0c, 0x78, 0x00, 0x6f, 0xff, 0xff, 0xff, 0xff, 0x70, 0x42, 0xf0, 0x03, 0x00, 0xca, 0x4f, 0x00,
    0x0c, 0x72, 0x00, 0x07, 0x0c, 0x00, 0x00, 0x00, 0x70, 0x12, 0x70, 0x00, 0x00, 0xe2, 0x0f, 0x00,
    0x0c, 0x78, 0x00, 0x7b, 0xff, 0xff, 0xff, 0xff, 0x70, 0x42, 0xfc, 0x03, 0x00, 0xc8, 0x0f, 0x01,
    0x0c, 0x7c, 0x00, 0x6f, 0x08, 0x00, 0x00, 0x00, 0x70, 0x66, 0x76, 0x0c, 0x00, 0xe2, 0x0f, 0x04,
    0x0c, 0x7c, 0x00, 0x6f, 0x09, 0x00, 0x00, 0x00, 0x70, 0x66, 0x70, 0x0c, 0x00, 0xe2, 0x0f, 0x00,
    0x82, 0xab, 0x68, 0xff, 0x00, 0xe6, 0x00, 0x00, 0x00, 0x0a, 0x00, 0x00, 0x00, 0x22, 0x0e, 0x00,
    0x0c, 0x72, 0x00, 0x33, 0x0c, 0x00, 0x00, 0x00, 0x70, 0x12, 0x7c, 0x03, 0x00, 0xce, 0x0f, 0x00,
    0x82, 0x9b, 0x6c, 0xff, 0x00, 0xee, 0x00, 0x00, 0x00, 0x0a, 0x00, 0x00, 0x00, 0x62, 0x0e, 0x00,
    0x0c, 0x7c, 0x00, 0x7b, 0x08, 0x00, 0x00, 0x00, 0x70, 0x66, 0x7a, 0x0f, 0x00, 0xe2, 0x0f, 0x00,
    0x25, 0xa8, 0x04, 0x31, 0x00, 0x40, 0x00, 0x00, 0x90, 0x00, 0x8e, 0x07, 0x00, 0xcc, 0x0f, 0x00,
    0x82, 0xbb, 0x70, 0xff, 0x00, 0xe6, 0x00, 0x00, 0x00, 0x0a, 0x00, 0x00, 0x00, 0xb0, 0x0e, 0x00,
    0x82, 0x8b, 0x72, 0xff, 0x00, 0xee, 0x00, 0x00, 0x00, 0x0a, 0x00, 0x00, 0x00, 0xe2, 0x0e, 0x00,
    0x25, 0x98, 0x30, 0x31, 0x00, 0x40, 0x00, 0x00, 0x90, 0x00, 0x8e, 0x07, 0x00, 0xe2, 0x0f, 0x00,
    0x35, 0xa2, 0x04, 0x04, 0x04, 0x00, 0x00, 0x00, 0x00, 0x02, 0x8e, 0x07, 0x00, 0xc4, 0x0f, 0x00,
    0x05, 0x78, 0x06, 0x00, 0x00, 0x00, 0x00, 0x00, 0x00, 0xff, 0x01, 0x00, 0x00, 0xc8, 0x0f, 0x00,
    0x82, 0xdb, 0x76, 0xff, 0x00, 0xe6, 0x00, 0x00, 0x00, 0x0a, 0x00, 0x00, 0x00, 0x22, 0x0f, 0x00,
    0x35, 0xa2, 0x68, 0x04, 0x68, 0x00, 0x00, 0x00, 0x00, 0x02, 0x8e, 0x07, 0x00, 0xe4, 0x1f, 0x00,
    0x35, 0x92, 0x30, 0x30, 0x30, 0x00, 0x00, 0x00, 0x00, 0x02, 0x8e, 0x07, 0x00, 0xe4, 0x0f, 0x00,
    0x05, 0x78, 0x04, 0x00, 0x00, 0x00, 0x00, 0x00, 0x00, 0xff, 0x01, 0x00, 0x00, 0xe2, 0x0f, 0x00,
    0x25, 0xb8, 0x6a, 0x6f, 0x00, 0x40, 0x00, 0x00, 0x90, 0x00, 0x8e, 0x07, 0x00, 0xe2, 0x0f, 0x00,
    0x35, 0x92, 0x6c, 0x30, 0x6c, 0x00, 0x00, 0x00, 0x00, 0x02, 0x8e, 0x07, 0x00, 0xc6, 0x2f, 0x00,
    0x25, 0x88, 0x6e, 0x6f, 0x00, 0x40, 0x00, 0x00, 0x90, 0x00, 0x8e, 0x07, 0x00, 0xe2, 0x0f, 0x00,
    0x02, 0x72, 0x30, 0x00, 0xff, 0x00, 0x00, 0x00, 0x00, 0x0f, 0x00, 0x00, 0x00, 0xe2, 0x0f, 0x00,
    0x02, 0x72, 0x31, 0x00, 0xff, 0x00, 0x00, 0x00, 0x00, 0x0f, 0x00, 0x00, 0x00, 0xe2, 0x0f, 0x00,
    0x05, 0x78, 0x32, 0x00, 0x00, 0x00, 0x00, 0x00, 0x00, 0xff, 0x01, 0x00, 0x00, 0xe2, 0x0f, 0x00,
    0x35, 0xb2, 0x6a, 0x6a, 0x6a, 0x00, 0x00, 0x00, 0x00, 0x02, 0x8e, 0x07, 0x00, 0xe4, 0x0f, 0x00,
    0x81, 0xa9, 0x04, 0x68, 0x06, 0x00, 0x00, 0x00, 0x00, 0x9d, 0x1e, 0x0c, 0x00, 0x22, 0x01, 0x00,
    0x35, 0x82, 0x74, 0x6e, 0x6e, 0x00, 0x00, 0x00, 0x00, 0x02, 0x8e, 0x07, 0x00, 0xe4, 0x0f, 0x00,
    0x0c, 0x78, 0x00, 0x89, 0xff, 0xff, 0xff, 0xff, 0x70, 0x42, 0xf4, 0x03, 0x00, 0xe2, 0x0f, 0x02,
    0x35, 0xb2, 0x70, 0x6a, 0x70, 0x00, 0x00, 0x00, 0x00, 0x02, 0x8e, 0x07, 0x00, 0xc4, 0x4f, 0x00,
    0x81, 0x99, 0x30, 0x6c, 0x06, 0x00, 0x00, 0x00, 0x00, 0x9d, 0x1e, 0x0c, 0x00, 0xa2, 0x02, 0x00,
    0x05, 0x78, 0x6a, 0x00, 0x00, 0x00, 0x00, 0x00, 0x00, 0xff, 0x01, 0x00, 0x00, 0xe2, 0x0f, 0x00,
    0x35, 0x82, 0x74, 0x74, 0x72, 0x00, 0x00, 0x00, 0x00, 0x02, 0x8e, 0x07, 0x00, 0xe4, 0x8f, 0x00,
    0x05, 0x78, 0x68, 0x00, 0x00, 0x00, 0x00, 0x00, 0x00, 0xff, 0x01, 0x00, 0x00, 0xe2, 0x1f, 0x00,
    0x25, 0xd8, 0x72, 0x7b, 0x00, 0x40, 0x00, 0x00, 0x90, 0x00, 0x8e, 0x07, 0x00, 0xe2, 0x0f, 0x00,
    0x02, 0x72, 0x6e, 0x00, 0xff, 0x00, 0x00, 0x00, 0x00, 0x0f, 0x00, 0x00, 0x00, 0xe2, 0x0f, 0x00,
    0x02, 0x72, 0x6f, 0x00, 0xff, 0x00, 0x00, 0x00, 0x00, 0x0f, 0x00, 0x00, 0x00, 0xe2, 0x0f, 0x00,
    0x0c, 0x72, 0x00, 0x13, 0x0c, 0x00, 0x00, 0x00, 0x70, 0x12, 0x74, 0x01, 0x00, 0xe2, 0x0f, 0x00,
    0x05, 0x78, 0x6c, 0x00, 0x00, 0x00, 0x00, 0x00, 0x00, 0xff, 0x01, 0x00, 0x00, 0xe2, 0x2f, 0x00,
    0x81, 0xb9, 0x68, 0x70, 0x06, 0x00, 0x08, 0x00, 0x00, 0x9d, 0x1e, 0x0c, 0x00, 0xe2, 0x00, 0x00,
    0x35, 0xd2, 0x72, 0x72, 0x72, 0x00, 0x00, 0x00, 0x00, 0x02, 0x8e, 0x07, 0x00, 0xc4, 0x0f, 0x00,
    0x0c, 0x7c, 0x00, 0x7b, 0x09, 0x00, 0x00, 0x00, 0x70, 0x66, 0x72, 0x0f, 0x00, 0xe2, 0x0f, 0x00,
    0x0c, 0x7c, 0x00, 0x89, 0x08, 0x00, 0x00, 0x00, 0x70, 0x66, 0x76, 0x0d, 0x00, 0xe2, 0x0f, 0x00,
    0x81, 0x89, 0x6c, 0x74, 0x06, 0x00, 0x08, 0x00, 0x00, 0x9d, 0x1e, 0x0c, 0x00, 0x62, 0x03, 0x00,
    0x0c, 0x78, 0x00, 0x97, 0xff, 0xff, 0xff, 0xff, 0x70, 0x42, 0xf0, 0x03, 0x00, 0xe2, 0x0f, 0x00,
    0x35, 0xd2, 0x76, 0x72, 0x76, 0x00, 0x00, 0x00, 0x00, 0x02, 0x8e, 0x07, 0x00, 0xe4, 0x0f, 0x01,
    0x05, 0x78, 0x72, 0x00, 0x00, 0x00, 0x00, 0x00, 0x00, 0xff, 0x01, 0x00, 0x00, 0xe2, 0x0f, 0x00,
    0x05, 0x78, 0x70, 0x00, 0x00, 0x00, 0x00, 0x00, 0x00, 0xff, 0x01, 0x00, 0x00, 0xe2, 0x1f, 0x00,
    0x0c, 0x72, 0x00, 0x79, 0x0c, 0x00, 0x00, 0x00, 0x70, 0x12, 0x70, 0x00, 0x00, 0xe2, 0x0f, 0x00,
    0x0c, 0x7c, 0x00, 0x89, 0x09, 0x00, 0x00, 0x00, 0x70, 0x66, 0x74, 0x0d, 0x00, 0xc8, 0x0f, 0x00,
    0x81, 0xd9, 0x70, 0x76, 0x06, 0x00, 0x00, 0x00, 0x00, 0x9d, 0x1e, 0x0c, 0x00, 0x22, 0x01, 0x00,
    0x0c, 0x7c, 0x00, 0x97, 0x08, 0x00, 0x00, 0x00, 0x70, 0x66, 0x7a, 0x0c, 0x00, 0xe2, 0x0f, 0x04,
    0x82, 0x9b, 0x7c, 0xff, 0x00, 0xee, 0x00, 0x00, 0x00, 0x0a, 0x00, 0x00, 0x00, 0x30, 0x0e, 0x00,
    0x82, 0xbb, 0x82, 0xff, 0x00, 0xe6, 0x00, 0x00, 0x00, 0x0a, 0x00, 0x00, 0x00, 0x62, 0x0e, 0x00,
    0x0c, 0x7c, 0x00, 0x97, 0x09, 0x00, 0x00, 0x00, 0x70, 0x66, 0x70, 0x0c, 0x00, 0xe2, 0x0f, 0x00,
    0x25, 0x98, 0x7a, 0x7b, 0x00, 0x40, 0x00, 0x00, 0x90, 0x00, 0x8e, 0x07, 0x00, 0xcc, 0x0f, 0x00,
    0x82, 0xab, 0x7e, 0xff, 0x00, 0xee, 0x00, 0x00, 0x00, 0x0a, 0x00, 0x00, 0x00, 0x62, 0x0e, 0x00,
    0x25, 0xb8, 0x78, 0x89, 0x00, 0x40, 0x00, 0x00, 0x90, 0x00, 0x8e, 0x07, 0x00, 0xce, 0x0f, 0x00,
    0x82, 0xdb, 0x94, 0xff, 0x00, 0xe6, 0x00, 0x00, 0x00, 0x0a, 0x00, 0x00, 0x00, 0x62, 0x0e, 0x00,
    0x35, 0x92, 0x80, 0x7a, 0x7a, 0x00, 0x00, 0x00, 0x00, 0x02, 0x8e, 0x07, 0x00, 0xe4, 0x0f, 0x00,
    0x35, 0xb2, 0x78, 0x78, 0x78, 0x00, 0x00, 0x00, 0x00, 0x02, 0x8e, 0x07, 0x00, 0xe4, 0x0f, 0x00,
    0x35, 0x92, 0x80, 0x80, 0x7c, 0x00, 0x00, 0x00, 0x00, 0x02, 0x8e, 0x07, 0x00, 0xc6, 0x1f, 0x00,
    0x82, 0x8b, 0x8e, 0xff, 0x00, 0xee, 0x00, 0x00, 0x00, 0x0a, 0x00, 0x00, 0x00, 0x22, 0x0e, 0x00,
    0x35, 0xb2, 0x82, 0x78, 0x82, 0x00, 0x00, 0x00, 0x00, 0x02, 0x8e, 0x07, 0x00, 0xe4, 0x2f, 0x00,
    0x05, 0x78, 0x78, 0x00, 0x00, 0x00, 0x00, 0x00, 0x00, 0xff, 0x01, 0x00, 0x00, 0xe2, 0x0f, 0x00,
    0x25, 0xa8, 0x7c, 0x89, 0x00, 0x40, 0x00, 0x00, 0x90, 0x00, 0x8e, 0x07, 0x00, 0xe2, 0x0f, 0x10,
    0x02, 0x72, 0x7a, 0x00, 0xff, 0x00, 0x00, 0x00, 0x00, 0x0f, 0x00, 0x00, 0x00, 0xe2, 0x0f, 0x00,
    0x02, 0x72, 0x7b, 0x00, 0xff, 0x00, 0x00, 0x00, 0x00, 0x0f, 0x00, 0x00, 0x00, 0xe4, 0x0f, 0x00,
    0x25, 0xd8, 0x8c, 0x97, 0x00, 0x40, 0x00, 0x00, 0x90, 0x00, 0x8e, 0x07, 0x00, 0xe2, 0x0f, 0x00,
    0x35, 0xa2, 0x8a, 0x7c, 0x7c, 0x00, 0x00, 0x00, 0x00, 0x02, 0x8e, 0x07, 0x00, 0xc6, 0x0f, 0x00,
    0x81, 0xb9, 0x78, 0x82, 0x06, 0x00, 0x08, 0x00, 0x00, 0x9d, 0x1e, 0x0c, 0x00, 0x22, 0x03, 0x00,
    0x35, 0xd2, 0x8c, 0x8c, 0x8c, 0x00, 0x00, 0x00, 0x00, 0x02, 0x8e, 0x07, 0x00, 0xe4, 0x0f, 0x00,
    0x0c, 0x78, 0x00, 0x9b, 0xff, 0xff, 0xff, 0xff, 0x70, 0x42, 0xf6, 0x03, 0x00, 0xe2, 0x0f, 0x00,
    0x35, 0xa2, 0x8a, 0x8a, 0x7e, 0x00, 0x00, 0x00, 0x00, 0x02, 0x8e, 0x07, 0x00, 0xe4, 0x0f, 0x00,
    0x05, 0x78, 0x7c, 0x00, 0x00, 0x00, 0x00, 0x00, 0x00, 0xff, 0x01, 0x00, 0x00, 0xe2, 0x0f, 0x00,
    0x05, 0x78, 0x7e, 0x00, 0x00, 0x00, 0x00, 0x00, 0x00, 0xff, 0x01, 0x00, 0x00, 0xe2, 0x0f, 0x00,
    0x35, 0xd2, 0x94, 0x8c, 0x94, 0x00, 0x00, 0x00, 0x00, 0x02, 0x8e, 0x07, 0x00, 0xe4, 0x0f, 0x00,
    0x05, 0x78, 0x74, 0x00, 0x00, 0x00, 0x00, 0x00, 0x00, 0xff, 0x01, 0x00, 0x00, 0xe2, 0x0f, 0x00,
    0x05, 0x78, 0x76, 0x00, 0x00, 0x00, 0x00, 0x00, 0x00, 0xff, 0x01, 0x00, 0x00, 0xe2, 0x0f, 0x00,
    0x25, 0x88, 0x8c, 0x97, 0x00, 0x40, 0x00, 0x00, 0x90, 0x00, 0x8e, 0x07, 0x00, 0xe2, 0x0f, 0x00,
    0x0c, 0x72, 0x00, 0x99, 0x0c, 0x00, 0x00, 0x00, 0x70, 0x12, 0xf6, 0x01, 0x00, 0xe2, 0x0f, 0x00,
    0x81, 0xa9, 0x7c, 0x8a, 0x06, 0x00, 0x08, 0x00, 0x00, 0x9d, 0x1e, 0x0c, 0x00, 0x26, 0x0f, 0x00,
    0x35, 0x82, 0x96, 0x8c, 0x8c, 0x00, 0x00, 0x00, 0x00, 0x02, 0x8e, 0x07, 0x00, 0xc4, 0x0f, 0x00,
    0x81, 0x99, 0x74, 0x80, 0x06, 0x00, 0x00, 0x00, 0x00, 0x9d, 0x1e, 0x0c, 0x00, 0x22, 0x01, 0x00,
    0x0c, 0x7c, 0x00, 0x9b, 0x08, 0x00, 0x00, 0x00, 0x70, 0x66, 0xfc, 0x0d, 0x00, 0xe2, 0x0f, 0x04,
    0x0c, 0x7c, 0x00, 0x9b, 0x09, 0x00, 0x00, 0x00, 0x70, 0x66, 0xf4, 0x0d, 0x00, 0xe2, 0x0f, 0x00,
    0x0c, 0x78, 0x00, 0x87, 0xff, 0xff, 0xff, 0xff, 0x70, 0x42, 0xf2, 0x03, 0x00, 0xe2, 0x0f, 0x00,
    0x0c, 0x78, 0x00, 0x1d, 0xff, 0xff, 0xff, 0xff, 0x70, 0x42, 0xf6, 0x03, 0x00, 0xe2, 0x0f, 0x00,
    0x35, 0x82, 0x96, 0x96, 0x8e, 0x00, 0x00, 0x00, 0x00, 0x02, 0x8e, 0x07, 0x00, 0xe4, 0x1f, 0x00,
    0x05, 0x78, 0x82, 0x00, 0x00, 0x00, 0x00, 0x00, 0x00, 0xff, 0x01, 0x00, 0x00, 0xe2, 0x2f, 0x00,
    0x05, 0x78, 0x8c, 0x00, 0x00, 0x00, 0x00, 0x00, 0x00, 0xff, 0x01, 0x00, 0x00, 0xe2, 0x0f, 0x00,
    0x05, 0x78, 0x8e, 0x00, 0x00, 0x00, 0x00, 0x00, 0x00, 0xff, 0x01, 0x00, 0x00, 0xe2, 0x0f, 0x00,
    0x05, 0x78, 0x80, 0x00, 0x00, 0x00, 0x00, 0x00, 0x00, 0xff, 0x01, 0x00, 0x00, 0xe2, 0x0f, 0x00,
    0x0c, 0x72, 0x00, 0x9f, 0x0c, 0x00, 0x00, 0x00, 0x70, 0x12, 0xf2, 0x00, 0x00, 0xe2, 0x0f, 0x08,
    0x0c, 0x72, 0x00, 0x9d, 0x0c, 0x00, 0x00, 0x00, 0x70, 0x12, 0xf6, 0x01, 0x00, 0xc4, 0x0f, 0x00,
    0x82, 0xeb, 0x98, 0xff, 0x00, 0xe6, 0x00, 0x00, 0x00, 0x0a, 0x00, 0x00, 0x00, 0x22, 0x0e, 0x00,
    0x81, 0x89, 0x8c, 0x96, 0x06, 0x00, 0x00, 0x00, 0x00, 0x9d, 0x1e, 0x0c, 0x00, 0x24, 0x0f, 0x00,
    0x0c, 0x7c, 0x00, 0x1d, 0x08, 0x00, 0x00, 0x00, 0x70, 0x66, 0xf0, 0x0d, 0x00, 0xe4, 0x0f, 0x00,
    0x81, 0xd9, 0x80, 0x94, 0x06, 0x00, 0x00, 0x00, 0x00, 0x9d, 0x1e, 0x0c, 0x00, 0x22, 0x03, 0x00,
    0x0c, 0x7c, 0x00, 0x87, 0x08, 0x00, 0x00, 0x00, 0x70, 0x66, 0xfa, 0x0c, 0x00, 0xe2, 0x0f, 0x04,
    0x0c, 0x7c, 0x00, 0x87, 0x09, 0x00, 0x00, 0x00, 0x70, 0x66, 0xf2, 0x0c, 0x00, 0xe2, 0x0f, 0x00,
    0x0c, 0x7c, 0x00, 0x1d, 0x09, 0x00, 0x00, 0x00, 0x70, 0x66, 0xf6, 0x0d, 0x00, 0xe2, 0x0f, 0x00,
    0x25, 0xe8, 0x8a, 0x9b, 0x00, 0x40, 0x00, 0x00, 0x90, 0x00, 0x8e, 0x07, 0x00, 0xe2, 0x0f, 0x14,
    0x82, 0xab, 0x9c, 0xff, 0x00, 0xee, 0x00, 0x00, 0x00, 0x0a, 0x00, 0x00, 0x00, 0x26, 0x0e, 0x00,
    0x25, 0xa8, 0x9a, 0x9b, 0x00, 0x40, 0x00, 0x00, 0x90, 0x00, 0x8e, 0x07, 0x00, 0xca, 0x0f, 0x00,
    0x35, 0xa2, 0xac, 0x9a, 0x9a, 0x00, 0x00, 0x00, 0x00, 0x02, 0x8e, 0x07, 0x00, 0xe4, 0x0f, 0x00,
    0x82, 0xdb, 0xae, 0xff, 0x00, 0xe6, 0x00, 0x00, 0x00, 0x0a, 0x00, 0x00, 0x00, 0x30, 0x0e, 0x00,
    0x82, 0x9b, 0x9e, 0xff, 0x00, 0xee, 0x00, 0x00, 0x00, 0x0a, 0x00, 0x00, 0x00, 0x30, 0x0e, 0x00,
    0x82, 0x8b, 0xa0, 0xff, 0x00, 0xe6, 0x00, 0x00, 0x00, 0x0a, 0x00, 0x00, 0x00, 0x30, 0x0e, 0x00,
    0x82, 0xbb, 0x9a, 0xff, 0x00, 0xee, 0x00, 0x00, 0x00, 0x0a, 0x00, 0x00, 0x00, 0x22, 0x0e, 0x00,
    0x35, 0xe2, 0x8a, 0x8a, 0x8a, 0x00, 0x00, 0x00, 0x00, 0x02, 0x8e, 0x07, 0x00, 0xc4, 0x0f, 0x00,
    0x25, 0xd8, 0x94, 0x87, 0x00, 0x40, 0x00, 0x00, 0x90, 0x00, 0x8e, 0x07, 0x00, 0xe4, 0x2f, 0x10,
    0x35, 0xe2, 0x8a, 0x8a, 0x98, 0x00, 0x00, 0x00, 0x00, 0x02, 0x8e, 0x07, 0x00, 0xe4, 0x1f, 0x00,
    0x25, 0x88, 0x98, 0x1d, 0x00, 0x40, 0x00, 0x00, 0x90, 0x00, 0x8e, 0x07, 0x00, 0xc8, 0x0f, 0x00,
    0x25, 0x98, 0x96, 0x87, 0x00, 0x40, 0x00, 0x00, 0x90, 0x00, 0x8e, 0x07, 0x00, 0xc8, 0x0f, 0x00,
    0x25, 0xb8, 0x1c, 0x1d, 0x00, 0x40, 0x00, 0x00, 0x90, 0x00, 0x8e, 0x07, 0x00, 0xe2, 0x0f, 0x00,
    0x35, 0xd2, 0x94, 0x94, 0x94, 0x00, 0x00, 0x00, 0x00, 0x02, 0x8e, 0x07, 0x00, 0xe4, 0x0f, 0x00,
    0x35, 0x92, 0xb2, 0x96, 0x96, 0x00, 0x00, 0x00, 0x00, 0x02, 0x8e, 0x07, 0x00, 0xe4, 0x0f, 0x00,
    0x35, 0x82, 0x98, 0x98, 0x98, 0x00, 0x00, 0x00, 0x00, 0x02, 0x8e, 0x07, 0x00, 0xe4, 0x0f, 0x00,
    0x35, 0xb2, 0xb4, 0x1c, 0x1c, 0x00, 0x00, 0x00, 0x00, 0x02, 0x8e, 0x07, 0x00, 0xe4, 0x0f, 0x00,
    0x35, 0xa2, 0xac, 0xac, 0x9c, 0x00, 0x00, 0x00, 0x00, 0x02, 0x8e, 0x07, 0x00, 0xe4, 0x0f, 0x00,
    0x35, 0xd2, 0xae, 0x94, 0xae, 0x00, 0x00, 0x00, 0x00, 0x02, 0x8e, 0x07, 0x00, 0xc4, 0x0f, 0x00,
    0x35, 0x92, 0xb2, 0xb2, 0x9e, 0x00, 0x00, 0x00, 0x00, 0x02, 0x8e, 0x07, 0x00, 0xe4, 0x0f, 0x00,
    0x35, 0x82, 0x1c, 0x98, 0xa0, 0x00, 0x00, 0x00, 0x00, 0x02, 0x8e, 0x07, 0x00, 0xe4, 0x0f, 0x00,
    0x35, 0xb2, 0xb4, 0xb4, 0x9a, 0x00, 0x00, 0x00, 0x00, 0x02, 0x8e, 0x07, 0x00, 0xe4, 0x0f, 0x00,
    0x05, 0x78, 0x94, 0x00, 0x00, 0x00, 0x00, 0x00, 0x00, 0xff, 0x01, 0x00, 0x00, 0xe2, 0x0f, 0x00,
    0x02, 0x72, 0x96, 0x00, 0xff, 0x00, 0x00, 0x00, 0x00, 0x0f, 0x00, 0x00, 0x00, 0xe2, 0x0f, 0x00,
    0x02, 0x72, 0x97, 0x00, 0xff, 0x00, 0x00, 0x00, 0x00, 0x0f, 0x00, 0x00, 0x00, 0xe2, 0x0f, 0x00,
    0x05, 0x78, 0x98, 0x00, 0x00, 0x00, 0x00, 0x00, 0x00, 0xff, 0x01, 0x00, 0x00, 0xe2, 0x0f, 0x00,
    0x02, 0x72, 0x9a, 0x00, 0xff, 0x00, 0x00, 0x00, 0x00, 0x0f, 0x00, 0x00, 0x00, 0xe2, 0x0f, 0x00,
    0x02, 0x72, 0x9b, 0x00, 0xff, 0x00, 0x00, 0x00, 0x00, 0x0f, 0x00, 0x00, 0x00, 0xe2, 0x0f, 0x00,
    0x05, 0x78, 0x9c, 0x00, 0x00, 0x00, 0x00, 0x00, 0x00, 0xff, 0x01, 0x00, 0x00, 0xe2, 0x0f, 0x00,
    0x05, 0x78, 0x9e, 0x00, 0x00, 0x00, 0x00, 0x00, 0x00, 0xff, 0x01, 0x00, 0x00, 0xe2, 0x0f, 0x00,
    0x05, 0x78, 0xa0, 0x00, 0x00, 0x00, 0x00, 0x00, 0x00, 0xff, 0x01, 0x00, 0x00, 0xe2, 0x0f, 0x00,
    0x81, 0xe9, 0x94, 0x8a, 0x06, 0x00, 0x08, 0x00, 0x00, 0x9d, 0x1e, 0x0c, 0x00, 0x28, 0x0f, 0x00,
    0x81, 0xa9, 0x98, 0xac, 0x06, 0x00, 0x08, 0x00, 0x00, 0x9d, 0x1e, 0x0c, 0x00, 0x28, 0x0f, 0x00,
    0x81, 0xd9, 0x9c, 0xae, 0x06, 0x00, 0x00, 0x00, 0x00, 0x9d, 0x1e, 0x0c, 0x00, 0x28, 0x0f, 0x00,
    0x81, 0x99, 0xa0, 0xb2, 0x06, 0x00, 0x00, 0x00, 0x00, 0x9d, 0x1e, 0x0c, 0x00, 0x28, 0x0f, 0x00,
    0x81, 0x89, 0xa4, 0x1c, 0x06, 0x00, 0x08, 0x00, 0x00, 0x9d, 0x1e, 0x0c, 0x00, 0x28, 0x0f, 0x00,
    0x81, 0xb9, 0xa8, 0xb4, 0x06, 0x00, 0x08, 0x00, 0x00, 0x9d, 0x1e, 0x0c, 0x00, 0x28, 0x0f, 0x00,
    0x88, 0x73, 0x00, 0x86, 0x04, 0x00, 0x40, 0x00, 0x00, 0x0c, 0x00, 0x00, 0x00, 0xe8, 0x0f, 0x00,
    0x88, 0x73, 0x00, 0x86, 0x30, 0x00, 0x80, 0x00, 0x00, 0x0c, 0x00, 0x00, 0x00, 0xe8, 0x4f, 0x00,
    0x88, 0x73, 0x00, 0x86, 0x68, 0x00, 0x44, 0x00, 0x00, 0x0c, 0x00, 0x00, 0x00, 0xe8, 0x8f, 0x00,
    0x88, 0x73, 0x00, 0x86, 0x6c, 0x00, 0x84, 0x00, 0x00, 0x0c, 0x00, 0x00, 0x00, 0xe8, 0x0f, 0x02,
    0x88, 0x73, 0x00, 0x86, 0x70, 0x00, 0x48, 0x00, 0x00, 0x0c, 0x00, 0x00, 0x00, 0xe8, 0x0f, 0x01,
    0x88, 0x73, 0x00, 0x86, 0x78, 0x00, 0x4c, 0x00, 0x00, 0x0c, 0x00, 0x00, 0x00, 0xe8, 0x0f, 0x00,
    0x88, 0x73, 0x00, 0x86, 0x7c, 0x00, 0x8c, 0x00, 0x00, 0x0c, 0x00, 0x00, 0x00, 0xe8, 0x0f, 0x00,
    0x88, 0x73, 0x00, 0x86, 0x74, 0x00, 0x88, 0x00, 0x00, 0x0c, 0x00, 0x00, 0x00, 0xe8, 0x0f, 0x00,
    0x88, 0x73, 0x00, 0x86, 0x8c, 0x00, 0x90, 0x00, 0x00, 0x0c, 0x00, 0x00, 0x00, 0xe8, 0x0f, 0x00,
    0x88, 0x73, 0x00, 0x86, 0x80, 0x00, 0x50, 0x00, 0x00, 0x0c, 0x00, 0x00, 0x00, 0xe8, 0x0f, 0x00,
    0x88, 0x73, 0x00, 0x86, 0x94, 0x00, 0x54, 0x00, 0x00, 0x0c, 0x00, 0x00, 0x00, 0xe8, 0x0f, 0x00,
    0x88, 0x73, 0x00, 0x86, 0x98, 0x00, 0x94, 0x00, 0x00, 0x0c, 0x00, 0x00, 0x00, 0xe8, 0x0f, 0x00,
    0x88, 0x73, 0x00, 0x86, 0x9c, 0x00, 0x58, 0x00, 0x00, 0x0c, 0x00, 0x00, 0x00, 0xe8, 0x0f, 0x00,
    0x88, 0x73, 0x00, 0x86, 0xa0, 0x00, 0x98, 0x00, 0x00, 0x0c, 0x00, 0x00, 0x00, 0xe8, 0x0f, 0x00,
    0x88, 0x73, 0x00, 0x86, 0xa4, 0x00, 0x5c, 0x00, 0x00, 0x0c, 0x00, 0x00, 0x00, 0xe8, 0x0f, 0x00,
    0x88, 0x73, 0x00, 0x86, 0xa8, 0x00, 0x9c, 0x00, 0x00, 0x0c, 0x00, 0x00, 0x00, 0xe2, 0x0f, 0x00,
    0x1d, 0x7b, 0x00, 0x00, 0x00, 0x00, 0x00, 0x00, 0x00, 0x00, 0x01, 0x00, 0x00, 0xec, 0x0f, 0x00,
    0x3b, 0x78, 0x68, 0x23, 0x00, 0x00, 0x00, 0x00, 0x00, 0x02, 0x00, 0x00, 0x00, 0xe8, 0x0f, 0x00,
    0x3b, 0x78, 0x74, 0x14, 0x00, 0x00, 0x40, 0x00, 0x00, 0x02, 0x00, 0x00, 0x00, 0x28, 0x0e, 0x00,
    0x3b, 0x78, 0x30, 0x14, 0x00, 0x00, 0x48, 0x00, 0x00, 0x02, 0x00, 0x00, 0x00, 0x68, 0x0e, 0x00,
    0x3b, 0x78, 0x04, 0x14, 0x00, 0x00, 0x50, 0x00, 0x00, 0x02, 0x00, 0x00, 0x00, 0xa8, 0x0e, 0x00,
    0x3b, 0x78, 0x94, 0x14, 0x00, 0x00, 0x58, 0x00, 0x00, 0x02, 0x00, 0x00, 0x00, 0xe8, 0x0e, 0x00,
    0x3b, 0x78, 0x80, 0x22, 0x00, 0x00, 0x00, 0x00, 0x00, 0x02, 0x00, 0x00, 0x00, 0xe8, 0x0f, 0x00,
    0x3b, 0x78, 0x6c, 0x18, 0x00, 0x00, 0x40, 0x00, 0x00, 0x02, 0x00, 0x00, 0x00, 0x28, 0x0f, 0x00,
    0x3b, 0x78, 0xa0, 0x18, 0x00, 0x00, 0x48, 0x00, 0x00, 0x02, 0x00, 0x00, 0x00, 0x68, 0x0f, 0x00,
    0x3b, 0x78, 0x9c, 0x18, 0x00, 0x00, 0x50, 0x00, 0x00, 0x02, 0x00, 0x00, 0x00, 0x68, 0x0e, 0x00,
    0x3b, 0x78, 0x98, 0x21, 0x00, 0x00, 0x00, 0x00, 0x00, 0x02, 0x00, 0x00, 0x00, 0xe8, 0x0f, 0x00,
    0x3b, 0x78, 0x8c, 0x18, 0x00, 0x00, 0x58, 0x00, 0x00, 0x02, 0x00, 0x00, 0x00, 0xe2, 0x0f, 0x00,
    0x3c, 0x72, 0xac, 0x68, 0x74, 0x00, 0x00, 0x00, 0xff, 0x18, 0x04, 0x00, 0x00, 0xe6, 0x1f, 0x00,
    0x3b, 0x78, 0xa8, 0x14, 0x00, 0x00, 0x70, 0x00, 0x00, 0x02, 0x00, 0x00, 0x00, 0xe8, 0x0f, 0x00,
    0x3b, 0x78, 0xa4, 0x18, 0x00, 0x00, 0x78, 0x00, 0x00, 0x02, 0x00, 0x00, 0x00, 0xf2, 0x0f, 0x00,
    0x3c, 0x72, 0x74, 0x68, 0x76, 0x00, 0x00, 0x00, 0xff, 0x18, 0x04, 0x00, 0x00, 0xde, 0x0f, 0x00,
    0x18, 0x79, 0x00, 0x00, 0x00, 0x00, 0x00, 0x00, 0x00, 0x00, 0x00, 0x00, 0x00, 0xe2, 0x0f, 0x00,
    0x3c, 0x72, 0x70, 0x68, 0x30, 0x00, 0x00, 0x00, 0xff, 0x18, 0x04, 0x00, 0x00, 0xde, 0x2f, 0x00,
    0x18, 0x79, 0x00, 0x00, 0x00, 0x00, 0x00, 0x00, 0x00, 0x00, 0x00, 0x00, 0x00, 0xe2, 0x0f, 0x00,
    0x3c, 0x72, 0x30, 0x68, 0x32, 0x00, 0x00, 0x00, 0xff, 0x18, 0x04, 0x00, 0x00, 0xde, 0x0f, 0x00,
    0x18, 0x79, 0x00, 0x00, 0x00, 0x00, 0x00, 0x00, 0x00, 0x00, 0x00, 0x00, 0x00, 0xe2, 0x0f, 0x00,
    0x3c, 0x72, 0x7c, 0x68, 0x04, 0x00, 0x00, 0x00, 0xff, 0x18, 0x04, 0x00, 0x00, 0xde, 0x4f, 0x00,
    0x18, 0x79, 0x00, 0x00, 0x00, 0x00, 0x00, 0x00, 0x00, 0x00, 0x00, 0x00, 0x00, 0xe2, 0x0f, 0x00,
    0x3c, 0x72, 0x78, 0x68, 0x94, 0x00, 0x00, 0x00, 0xff, 0x18, 0x04, 0x00, 0x00, 0xde, 0x8f, 0x00,
    0x18, 0x79, 0x00, 0x00, 0x00, 0x00, 0x00, 0x00, 0x00, 0x00, 0x00, 0x00, 0x00, 0xe2, 0x0f, 0x00,
    0x3c, 0x72, 0x04, 0x68, 0x06, 0x00, 0x00, 0x00, 0xff, 0x18, 0x04, 0x00, 0x00, 0xde, 0x0f, 0x00,
    0x18, 0x79, 0x00, 0x00, 0x00, 0x00, 0x00, 0x00, 0x00, 0x00, 0x00, 0x00, 0x00, 0xe2, 0x0f, 0x00,
    0x3c, 0x72, 0x94, 0x68, 0x96, 0x00, 0x00, 0x00, 0xff, 0x18, 0x04, 0x00, 0x00, 0xe2, 0x0f, 0x00,
    0x3b, 0x78, 0x68, 0x16, 0x00, 0x00, 0x40, 0x00, 0x00, 0x02, 0x00, 0x00, 0x00, 0x1e, 0x0e, 0x00,
    0x3c, 0x72, 0xac, 0x80, 0x6c, 0x00, 0x00, 0x00, 0xac, 0x18, 0x04, 0x00, 0x00, 0xde, 0x0f, 0x01,
    0x18, 0x79, 0x00, 0x00, 0x00, 0x00, 0x00, 0x00, 0x00, 0x00, 0x00, 0x00, 0x00, 0xe2, 0x0f, 0x00,
    0x3c, 0x72, 0x6c, 0x80, 0x6e, 0x00, 0x00, 0x00, 0x74, 0x18, 0x04, 0x00, 0x00, 0xe2, 0x0f, 0x00,
    0x3b, 0x78, 0x74, 0x16, 0x00, 0x00, 0x48, 0x00, 0x00, 0x02, 0x00, 0x00, 0x00, 0x5e, 0x0e, 0x00,
    0x3c, 0x72, 0x70, 0x80, 0xa0, 0x00, 0x00, 0x00, 0x70, 0x18, 0x04, 0x00, 0x00, 0xde, 0x0f, 0x02,
    0x18, 0x79, 0x00, 0x00, 0x00, 0x00, 0x00, 0x00, 0x00, 0x00, 0x00, 0x00, 0x00, 0xe2, 0x0f, 0x00,
    0x3c, 0x72, 0x30, 0x80, 0xa2, 0x00, 0x00, 0x00, 0x30, 0x18, 0x04, 0x00, 0x00, 0xe2, 0x0f, 0x00,
    0x3b, 0x78, 0xa0, 0x16, 0x00, 0x00, 0x50, 0x00, 0x00, 0x02, 0x00, 0x00, 0x00, 0x9e, 0x0e, 0x00,
    0x3c, 0x72, 0x7c, 0x80, 0x9c, 0x00, 0x00, 0x00, 0x7c, 0x18, 0x04, 0x00, 0x00, 0xde, 0x0f, 0x00,
    0x18, 0x79, 0x00, 0x00, 0x00, 0x00, 0x00, 0x00, 0x00, 0x00, 0x00, 0x00, 0x00, 0xe2, 0x0f, 0x00,
    0x3c, 0x72, 0x04, 0x80, 0x9e, 0x00, 0x00, 0x00, 0x04, 0x18, 0x04, 0x00, 0x00, 0xe2, 0x0f, 0x00,
    0x3b, 0x78, 0x9c, 0x16, 0x00, 0x00, 0x58, 0x00, 0x00, 0x02, 0x00, 0x00, 0x00, 0xde, 0x0e, 0x00,
    0x3c, 0x72, 0xac, 0x98, 0x68, 0x00, 0x00, 0x00, 0xac, 0x18, 0x04, 0x00, 0x00, 0xde, 0x1f, 0x00,
    0x18, 0x79, 0x00, 0x00, 0x00, 0x00, 0x00, 0x00, 0x00, 0x00, 0x00, 0x00, 0x00, 0xe2, 0x0f, 0x00,
    0x3c, 0x72, 0x78, 0x80, 0x8c, 0x00, 0x00, 0x00, 0x78, 0x18, 0x04, 0x00, 0x00, 0xde, 0x0f, 0x00,
    0x18, 0x79, 0x00, 0x00, 0x00, 0x00, 0x00, 0x00, 0x00, 0x00, 0x00, 0x00, 0x00, 0xe2, 0x0f, 0x00,
    0x3c, 0x72, 0x94, 0x80, 0x8e, 0x00, 0x00, 0x00, 0x94, 0x18, 0x04, 0x00, 0x00, 0xe2, 0x0f, 0x00,
    0x3b, 0x78, 0x8c, 0x1f, 0x00, 0x00, 0x00, 0x00, 0x00, 0x02, 0x00, 0x00, 0x00, 0xe8, 0x0f, 0x00,
    0x3b, 0x78, 0x80, 0x19, 0x00, 0x00, 0x40, 0x00, 0x00, 0x02, 0x00, 0x00, 0x00, 0xf6, 0x0f, 0x00,
    0x3c, 0x72, 0x68, 0x98, 0x6a, 0x00, 0x00, 0x00, 0x6c, 0x18, 0x04, 0x00, 0x00, 0xe2, 0x0f, 0x00,
    0x3b, 0x78, 0x6c, 0x19, 0x00, 0x00, 0x48, 0x00, 0x00, 0x02, 0x00, 0x00, 0x00, 0x1e, 0x0e, 0x00,
    0x3c, 0x72, 0x70, 0x98, 0x74, 0x00, 0x00, 0x00, 0x70, 0x18, 0x04, 0x00, 0x00, 0xde, 0x2f, 0x00,
    0x18, 0x79, 0x00, 0x00, 0x00, 0x00, 0x00, 0x00, 0x00, 0x00, 0x00, 0x00, 0x00, 0xe2, 0x0f, 0x00,
    0x3c, 0x72, 0x74, 0x98, 0x76, 0x00, 0x00, 0x00, 0x30, 0x18, 0x04, 0x00, 0x00, 0xe2, 0x0f, 0x00,
    0x3b, 0x78, 0x30, 0x19, 0x00, 0x00, 0x50, 0x00, 0x00, 0x02, 0x00, 0x00, 0x00, 0x5e, 0x0e, 0x00,
    0x3c, 0x72, 0x7c, 0x98, 0xa0, 0x00, 0x00, 0x00, 0x7c, 0x18, 0x04, 0x00, 0x00, 0xde, 0x4f, 0x00,
    0x18, 0x79, 0x00, 0x00, 0x00, 0x00, 0x00, 0x00, 0x00, 0x00, 0x00, 0x00, 0x00, 0xe2, 0x0f, 0x00,
    0x3c, 0x72, 0x04, 0x98, 0xa2, 0x00, 0x00, 0x00, 0x04, 0x18, 0x04, 0x00, 0x00, 0xe2, 0x0f, 0x00,
    0x3b, 0x78, 0xa0, 0x22, 0x00, 0x00, 0x20, 0x00, 0x00, 0x02, 0x00, 0x00, 0x00, 0xde, 0x0f, 0x00,
    0x3c, 0x72, 0x78, 0x98, 0x9c, 0x00, 0x00, 0x00, 0x78, 0x18, 0x04, 0x00, 0x00, 0xde, 0x8f, 0x00,
    0x18, 0x79, 0x00, 0x00, 0x00, 0x00, 0x00, 0x00, 0x00, 0x00, 0x00, 0x00, 0x00, 0xe2, 0x0f, 0x00,
    0x3c, 0x72, 0x98, 0x98, 0x9e, 0x00, 0x00, 0x00, 0x94, 0x18, 0x04, 0x00, 0x00, 0xe2, 0x0f, 0x00,
    0x3b, 0x78, 0x9c, 0x19, 0x00, 0x00, 0x58, 0x00, 0x00, 0x02, 0x00, 0x00, 0x00, 0xa8, 0x0e, 0x00,
    0x3b, 0x78, 0x94, 0x14, 0x00, 0x00, 0x60, 0x00, 0x00, 0x02, 0x00, 0x00, 0x00, 0xf6, 0x0f, 0x00,
    0x3c, 0x72, 0x70, 0x8c, 0x6c, 0x00, 0x00, 0x00, 0x70, 0x18, 0x04, 0x00, 0x00, 0xde, 0x1f, 0x00,
    0x18, 0x79, 0x00, 0x00, 0x00, 0x00, 0x00, 0x00, 0x00, 0x00, 0x00, 0x00, 0x00, 0xe2, 0x0f, 0x00,
    0x3c, 0x72, 0x6c, 0x8c, 0x6e, 0x00, 0x00, 0x00, 0x74, 0x18, 0x04, 0x00, 0x00, 0xe2, 0x0f, 0x00,
    0x3b, 0x78, 0x74, 0x23, 0x00, 0x00, 0x20, 0x00, 0x00, 0x02, 0x00, 0x00, 0x00, 0x1e, 0x0e, 0x00,
    0x3c, 0x72, 0xac, 0x8c, 0x80, 0x00, 0x00, 0x00, 0xac, 0x18, 0x04, 0x00, 0x00, 0xde, 0x0f, 0x00,
    0x18, 0x79, 0x00, 0x00, 0x00, 0x00, 0x00, 0x00, 0x00, 0x00, 0x00, 0x00, 0x00, 0xe2, 0x0f, 0x00,
    0x3c, 0x72, 0x68, 0x8c, 0x82, 0x00, 0x00, 0x00, 0x68, 0x18, 0x04, 0x00, 0x00, 0xe2, 0x0f, 0x00,
    0x3b, 0x78, 0x80, 0x14, 0x00, 0x00, 0x68, 0x00, 0x00, 0x02, 0x00, 0x00, 0x00, 0xde, 0x0e, 0x00,
    0x3c, 0x72, 0x7c, 0x8c, 0x30, 0x00, 0x00, 0x00, 0x7c, 0x18, 0x04, 0x00, 0x00, 0xde, 0x2f, 0x00,
    0x18, 0x79, 0x00, 0x00, 0x00, 0x00, 0x00, 0x00, 0x00, 0x00, 0x00, 0x00, 0x00, 0xe2, 0x0f, 0x00,
    0x3c, 0x72, 0x30, 0x8c, 0x32, 0x00, 0x00, 0x00, 0x04, 0x18, 0x04, 0x00, 0x00, 0xe2, 0x0f, 0x00,
    0x3b, 0x78, 0x04, 0x14, 0x00, 0x00, 0x78, 0x00, 0x00, 0x02, 0x00, 0x00, 0x00, 0x5e, 0x0e, 0x00,
    0x3c, 0x72, 0x78, 0x8c, 0x9c, 0x00, 0x00, 0x00, 0x78, 0x18, 0x04, 0x00, 0x00, 0xde, 0x4f, 0x00,
    0x18, 0x79, 0x00, 0x00, 0x00, 0x00, 0x00, 0x00, 0x00, 0x00, 0x00, 0x00, 0x00, 0xe2, 0x0f, 0x00,
    0x3c, 0x72, 0x8c, 0x8c, 0x9e, 0x00, 0x00, 0x00, 0x98, 0x18, 0x04, 0x00, 0x00, 0xe2, 0x0f, 0x00,
    0x3b, 0x78, 0x9c, 0x16, 0x00, 0x00, 0x68, 0x00, 0x00, 0x02, 0x00, 0x00, 0x00, 0xe2, 0x0f, 0x00,
    0x0c, 0x72, 0x00, 0x0d, 0x00, 0x00, 0x00, 0x00, 0x70, 0x62, 0xf2, 0x03, 0x00, 0xe2, 0x0f, 0x08,
    0x0c, 0x72, 0x00, 0x11, 0x00, 0x00, 0x00, 0x00, 0x70, 0x62, 0xf0, 0x03, 0x00, 0xe4, 0x0f, 0x00,
    0x3b, 0x78, 0x98, 0x16, 0x00, 0x00, 0x70, 0x00, 0x00, 0x02, 0x00, 0x00, 0x00, 0xf6, 0x0f, 0x00,
    0x3c, 0x72, 0xac, 0x74, 0x94, 0x00, 0x00, 0x00, 0xac, 0x18, 0x04, 0x00, 0x00, 0xde, 0x1f, 0x00,
    0x18, 0x79, 0x00, 0x00, 0x00, 0x00, 0x00, 0x00, 0x00, 0x00, 0x00, 0x00, 0x00, 0xe2, 0x0f, 0x00,
    0x3c, 0x72, 0x68, 0x74, 0x96, 0x00, 0x00, 0x00, 0x68, 0x18, 0x04, 0x00, 0x00, 0xe2, 0x0f, 0x00,
    0x3b, 0x78, 0x94, 0x18, 0x00, 0x00, 0x60, 0x00, 0x00, 0x02, 0x00, 0x00, 0x00, 0x1e, 0x0e, 0x00,
    0x3c, 0x72, 0x70, 0x74, 0x80, 0x00, 0x00, 0x00, 0x70, 0x18, 0x04, 0x00, 0x00, 0xde, 0x8f, 0x00,
    0x18, 0x79, 0x00, 0x00, 0x00, 0x00, 0x00, 0x00, 0x00, 0x00, 0x00, 0x00, 0x00, 0xe2, 0x0f, 0x00,
    0x3c, 0x72, 0x6c, 0x74, 0x82, 0x00, 0x00, 0x00, 0x6c, 0x18, 0x04, 0x00, 0x00, 0xe2, 0x0f, 0x00,
    0x3b, 0x78, 0x80, 0x18, 0x00, 0x00, 0x68, 0x00, 0x00, 0x02, 0x00, 0x00, 0x00, 0x9e, 0x0e, 0x00,
    0x3c, 0x72, 0x7c, 0x74, 0xa8, 0x00, 0x00, 0x00, 0x7c, 0x18, 0x04, 0x00, 0x00, 0xde, 0x0f, 0x00,
    0x18, 0x79, 0x00, 0x00, 0x00, 0x00, 0x00, 0x00, 0x00, 0x00, 0x00, 0x00, 0x00, 0xe2, 0x0f, 0x00,
    0x3c, 0x72, 0xa8, 0x74, 0xaa, 0x00, 0x00, 0x00, 0x30, 0x18, 0x04, 0x00, 0x00, 0xe2, 0x0f, 0x00,
    0x3b, 0x78, 0x30, 0x18, 0x00, 0x00, 0x70, 0x00, 0x00, 0x02, 0x00, 0x00, 0x00, 0xde, 0x0f, 0x00,
    0x3c, 0x72, 0x78, 0x74, 0x04, 0x00, 0x00, 0x00, 0x78, 0x18, 0x04, 0x00, 0x00, 0xde, 0x2f, 0x00,
    0x18, 0x79, 0x00, 0x00, 0x00, 0x00, 0x00, 0x00, 0x00, 0x00, 0x00, 0x00, 0x00, 0xe2, 0x0f, 0x00,
    0x3c, 0x72, 0x74, 0x74, 0x06, 0x00, 0x00, 0x00, 0x8c, 0x18, 0x04, 0x00, 0x00, 0xe2, 0x0f, 0x00,
    0x3b, 0x78, 0x8c, 0x21, 0x00, 0x00, 0x20, 0x00, 0x00, 0x02, 0x00, 0x00, 0x00, 0xe8, 0x0f, 0x00,
    0x3b, 0x78, 0x04, 0x16, 0x00, 0x00, 0x60, 0x00, 0x00, 0x02, 0x00, 0x00, 0x00, 0x76, 0x0e, 0x00,
    0x3c, 0x72, 0xac, 0xa0, 0x94, 0x00, 0x00, 0x00, 0xac, 0x18, 0x04, 0x00, 0x00, 0xde, 0x1f, 0x00,
    0x18, 0x79, 0x00, 0x00, 0x00, 0x00, 0x00, 0x00, 0x00, 0x00, 0x00, 0x00, 0x00, 0xe2, 0x0f, 0x00,
    0x3c, 0x72, 0x68, 0xa0, 0x96, 0x00, 0x00, 0x00, 0x68, 0x18, 0x04, 0x00, 0x00, 0xe2, 0x0f, 0x00,
    0x3b, 0x78, 0x94, 0x19, 0x00, 0x00, 0x60, 0x00, 0x00, 0x02, 0x00, 0x00, 0x00, 0xde, 0x0f, 0x00,
    0x3c, 0x72, 0x70, 0xa0, 0x80, 0x00, 0x00, 0x00, 0x70, 0x18, 0x04, 0x00, 0x00, 0xde, 0x4f, 0x00,
    0x18, 0x79, 0x00, 0x00, 0x00, 0x00, 0x00, 0x00, 0x00, 0x00, 0x00, 0x00, 0x00, 0xe2, 0x0f, 0x00,
    0x3c, 0x72, 0x6c, 0xa0, 0x82, 0x00, 0x00, 0x00, 0x6c, 0x18, 0x04, 0x00, 0x00, 0xe2, 0x0f, 0x00,
    0x3b, 0x78, 0x80, 0x1f, 0x00, 0x00, 0x20, 0x00, 0x00, 0x02, 0x00, 0x00, 0x00, 0x1e, 0x0e, 0x00,
    0x3c, 0x72, 0xac, 0x8c, 0x04, 0x00, 0x00, 0x00, 0xac, 0x18, 0x04, 0x00, 0x00, 0xde, 0x2f, 0x00,
    0x18, 0x79, 0x00, 0x00, 0x00, 0x00, 0x00, 0x00, 0x00, 0x00, 0x00, 0x00, 0x00, 0xe2, 0x0f, 0x00,
    0x3c, 0x72, 0x68, 0x8c, 0x06, 0x00, 0x00, 0x00, 0x68, 0x18, 0x04, 0x00, 0x00, 0xe2, 0x0f, 0x00,
    0x3b, 0x78, 0x04, 0x16, 0x00, 0x00, 0x78, 0x00, 0x00, 0x02, 0x00, 0x00, 0x00, 0x5e, 0x0e, 0x00,
    0x3c, 0x72, 0xac, 0x80, 0x94, 0x00, 0x00, 0x00, 0xac, 0x18, 0x04, 0x00, 0x00, 0xde, 0x1f, 0x00,
    0x18, 0x79, 0x00, 0x00, 0x00, 0x00, 0x00, 0x00, 0x00, 0x00, 0x00, 0x00, 0x00, 0xe2, 0x0f, 0x00,
    0x3c, 0x72, 0x78, 0xa0, 0xa4, 0x00, 0x00, 0x00, 0x78, 0x18, 0x04, 0x00, 0x00, 0xde, 0x0f, 0x00,
    0x18, 0x79, 0x00, 0x00, 0x00, 0x00, 0x00, 0x00, 0x00, 0x00, 0x00, 0x00, 0x00, 0xe2, 0x0f, 0x00,
    0x3c, 0x72, 0x7c, 0xa0, 0x30, 0x00, 0x00, 0x00, 0x7c, 0x18, 0x04, 0x00, 0x00, 0xde, 0x0f, 0x00,
    0x18, 0x79, 0x00, 0x00, 0x00, 0x00, 0x00, 0x00, 0x00, 0x00, 0x00, 0x00, 0x00, 0xe2, 0x0f, 0x00,
    0x3c, 0x72, 0xa8, 0xa0, 0x32, 0x00, 0x00, 0x00, 0xa8, 0x18, 0x04, 0x00, 0x00, 0xe2, 0x0f, 0x00,
    0x3b, 0x78, 0x30, 0x19, 0x00, 0x00, 0x68, 0x00, 0x00, 0x02, 0x00, 0x00, 0x00, 0x22, 0x0e, 0x00,
    0x10, 0x98, 0x1d, 0x0f, 0xe8, 0xff, 0xff, 0xff, 0xff, 0xe0, 0xff, 0x07, 0x00, 0xe2, 0x0f, 0x04,
    0x20, 0x98, 0xac, 0xac, 0xf3, 0x04, 0xb5, 0x3d, 0x00, 0x00, 0x40, 0x00, 0x00, 0xe2, 0x0f, 0x00,
    0x10, 0x98, 0x89, 0x0f, 0xe8, 0xff, 0xff, 0xff, 0xff, 0xe0, 0xff, 0x07, 0x00, 0xd8, 0x0f, 0x00,
    0x3c, 0x72, 0x70, 0x8c, 0x9c, 0x00, 0x00, 0x00, 0x70, 0x18, 0x04, 0x00, 0x00, 0xe2, 0x0f, 0x00,
    0x0c, 0x92, 0x00, 0x1d, 0x0a, 0x00, 0x00, 0x00, 0x70, 0x42, 0xf6, 0x03, 0x00, 0xe2, 0x0f, 0x04,
    0x0c, 0x92, 0x00, 0x1d, 0x0c, 0x00, 0x00, 0x00, 0x70, 0x62, 0xf4, 0x03, 0x00, 0xe2, 0x0f, 0x00,
    0x10, 0x98, 0x87, 0x0f, 0xe9, 0xff, 0xff, 0xff, 0xff, 0xe0, 0xff, 0x07, 0x00, 0xe2, 0x0f, 0x00,
    0x0c, 0x92, 0x00, 0x89, 0x0a, 0x00, 0x00, 0x00, 0x70, 0x62, 0xfa, 0x03, 0x00, 0xe2, 0x0f, 0x00,
    0x20, 0x98, 0xad, 0xad, 0xf3, 0x04, 0xb5, 0x3d, 0x00, 0x00, 0x40, 0x00, 0x00, 0xe2, 0x0f, 0x00,
    0x08, 0x98, 0xac, 0xac, 0x00, 0x00, 0x80, 0xff, 0x00, 0x00, 0x80, 0x05, 0x00, 0xd4, 0x0f, 0x00,
    0x3c, 0x72, 0x68, 0x80, 0x96, 0x00, 0x00, 0x00, 0x68, 0x18, 0x04, 0x00, 0x00, 0xe2, 0x0f, 0x00,
    0x02, 0x78, 0x1d, 0x00, 0x00, 0x00, 0x80, 0xff, 0x00, 0x0f, 0x00, 0x00, 0x00, 0xe2, 0x0f, 0x00,
    0x08, 0x98, 0x1d, 0xac, 0x00, 0x00, 0x80, 0xff, 0x00, 0x00, 0x00, 0x05, 0x00, 0xe2, 0x0f, 0x00,
    0x0c, 0x92, 0x00, 0x87, 0x0c, 0x00, 0x00, 0x00, 0x70, 0x62, 0xf6, 0x03, 0x00, 0xe2, 0x0f, 0x00,
    0x08, 0x98, 0xad, 0xad, 0x00, 0x00, 0x80, 0xff, 0x00, 0x00, 0x80, 0x06, 0x00, 0xe2, 0x0f, 0x00,
    0x02, 0x78, 0xbd, 0x00, 0x00, 0x00, 0x80, 0xff, 0x00, 0x0f, 0x00, 0x00, 0x00, 0xd6, 0x0f, 0x00,
    0x3c, 0x72, 0x74, 0xa0, 0xa6, 0x00, 0x00, 0x00, 0x74, 0x18, 0x04, 0x00, 0x00, 0xe2, 0x0f, 0x00,
    0x08, 0x98, 0xbd, 0xad, 0x00, 0x00, 0x80, 0xff, 0x00, 0x00, 0x80, 0x05, 0x00, 0xe2, 0x0f, 0x00,
    0x10, 0x88, 0x87, 0x0f, 0xe8, 0xff, 0xff, 0xff, 0xff, 0xe0, 0xff, 0x07, 0x00, 0xe2, 0x0f, 0x00,
    0x20, 0x88, 0xae, 0xae, 0xf3, 0x04, 0xb5, 0x3d, 0x00, 0x00, 0x40, 0x00, 0x00, 0xe2, 0x0f, 0x00,
    0x20, 0x88, 0xaf, 0xaf, 0xf3, 0x04, 0xb5, 0x3d, 0x00, 0x00, 0x40, 0x00, 0x00, 0xe2, 0x0f, 0x00,
    0x3b, 0x78, 0x94, 0x19, 0x00, 0x00, 0x70, 0x00, 0x00, 0x02, 0x00, 0x00, 0x00, 0xb6, 0x0e, 0x00,
    0x3c, 0x72, 0x78, 0x8c, 0x04, 0x00, 0x00, 0x00, 0x78, 0x18, 0x04, 0x00, 0x00, 0xf0, 0x2f, 0x00,
    0x10, 0x88, 0x05, 0x0f, 0xe8, 0xff, 0xff, 0xff, 0xff, 0xe0, 0xff, 0x07, 0x00, 0xca, 0x0f, 0x00,
    0x0c, 0x82, 0x00, 0x05, 0x0c, 0x00, 0x00, 0x00, 0x70, 0x62, 0xf4, 0x03, 0x00, 0xe2, 0x0f, 0x04,
    0x0c, 0x82, 0x00, 0x05, 0x12, 0x00, 0x00, 0x00, 0x70, 0x42, 0xfc, 0x03, 0x00, 0xe2, 0x0f, 0x00,
    0x10, 0x88, 0x05, 0x0f, 0xe9, 0xff, 0xff, 0xff, 0xff, 0xe0, 0xff, 0x07, 0x00, 0xe2, 0x0f, 0x00,
    0x3c, 0x72, 0x70, 0x80, 0x30, 0x00, 0x00, 0x00, 0x70, 0x18, 0x04, 0x00, 0x00, 0xe8, 0x1f, 0x00,
    0x0c, 0x82, 0x00, 0x05, 0x0c, 0x00, 0x00, 0x00, 0x70, 0x62, 0xf6, 0x03, 0x00, 0xe2, 0x0f, 0x00,
    0x10, 0x98, 0x05, 0x0f, 0xf0, 0xff, 0xff, 0xff, 0xff, 0xe0, 0xff, 0x07, 0x00, 0xe2, 0x0f, 0x00,
    0x0c, 0x82, 0x00, 0x87, 0x12, 0x00, 0x00, 0x00, 0x70, 0x62, 0xfa, 0x03, 0x00, 0xe2, 0x0f, 0x00,
    0x08, 0x88, 0xae, 0xae, 0x00, 0x00, 0x80, 0xff, 0x00, 0x00, 0x00, 0x07, 0x00, 0xe2, 0x0f, 0x00,
    0x20, 0x98, 0x68, 0x68, 0xf3, 0x04, 0xb5, 0x3d, 0x00, 0x00, 0x40, 0x00, 0x00, 0xc4, 0x0f, 0x00,
    0x0c, 0x92, 0x00, 0x05, 0x0a, 0x00, 0x00, 0x00, 0x70, 0x42, 0xfc, 0x03, 0x00, 0xe2, 0x0f, 0x00,
    0x08, 0x88, 0xaf, 0xaf, 0x00, 0x00, 0x80, 0xff, 0x00, 0x00, 0x80, 0x06, 0x00, 0xe2, 0x0f, 0x00,
    0x0c, 0x92, 0x00, 0x05, 0x0c, 0x00, 0x00, 0x00, 0x70, 0x62, 0xfa, 0x03, 0x00, 0xc8, 0x0f, 0x00,
    0x3c, 0x72, 0x6c, 0x8c, 0x9e, 0x00, 0x00, 0x00, 0x6c, 0x18, 0x04, 0x00, 0x00, 0xe2, 0x0f, 0x00,
    0x08, 0x98, 0x68, 0x68, 0x00, 0x00, 0x80, 0xff, 0x00, 0x00, 0x00, 0x07, 0x00, 0xe2, 0x0f, 0x00,
    0x10, 0x98, 0x87, 0x0f, 0xf1, 0xff, 0xff, 0xff, 0xff, 0xe0, 0xff, 0x07, 0x00, 0xe4, 0x0f, 0x04,
    0x10, 0x88, 0x05, 0x0f, 0xf0, 0xff, 0xff, 0xff, 0xff, 0xe0, 0xff, 0x07, 0x00, 0xe2, 0x0f, 0x00,
    0x02, 0x78, 0x31, 0x00, 0x00, 0x00, 0x80, 0xff, 0x00, 0x0f, 0x00, 0x00, 0x00, 0xe2, 0x0f, 0x00,
    0x02, 0x78, 0xc1, 0x00, 0x00, 0x00, 0x80, 0xff, 0x00, 0x0f, 0x00, 0x00, 0x00, 0xe2, 0x0f, 0x00,
    0x08, 0x88, 0x31, 0xaf, 0x00, 0x00, 0x80, 0xff, 0x00, 0x00, 0x80, 0x05, 0x00, 0xe2, 0x0f, 0x00,
    0x08, 0x98, 0xc1, 0x68, 0x00, 0x00, 0x80, 0xff, 0x00, 0x00, 0x80, 0x06, 0x00, 0xe2, 0x0f, 0x00,
    0x0c, 0x92, 0x00, 0x87, 0x0a, 0x00, 0x00, 0x00, 0x70, 0x42, 0xf6, 0x03, 0x00, 0xe2, 0x0f, 0x00,
    0x20, 0x98, 0x69, 0x69, 0xf3, 0x04, 0xb5, 0x3d, 0x00, 0x00, 0x40, 0x00, 0x00, 0xe2, 0x0f, 0x00,
    0x0c, 0x82, 0x00, 0x05, 0x12, 0x00, 0x00, 0x00, 0x70, 0x42, 0xfa, 0x03, 0x00, 0xe2, 0x0f, 0x00,
    0x20, 0x88, 0x6a, 0x6a, 0xf3, 0x04, 0xb5, 0x3d, 0x00, 0x00, 0x40, 0x00, 0x00, 0xe2, 0x0f, 0x00,
    0x02, 0x78, 0xbf, 0x00, 0x00, 0x00, 0x80, 0xff, 0x00, 0x0f, 0x00, 0x00, 0x00, 0xc6, 0x0f, 0x00,
    0x3c, 0x72, 0x74, 0x8c, 0x06, 0x00, 0x00, 0x00, 0x74, 0x18, 0x04, 0x00, 0x00, 0xe2, 0x0f, 0x00,
    0x08, 0x88, 0xbf, 0xae, 0x00, 0x00, 0x80, 0xff, 0x00, 0x00, 0x00, 0x05, 0x00, 0xe2, 0x0f, 0x00,
    0x08, 0x98, 0x69, 0x69, 0x00, 0x00, 0x80, 0xff, 0x00, 0x00, 0x80, 0x05, 0x00, 0xe2, 0x0f, 0x00,
    0x08, 0x88, 0x6a, 0x6a, 0x00, 0x00, 0x80, 0xff, 0x00, 0x00, 0x80, 0x06, 0x00, 0xca, 0x0f, 0x00,
    0x10, 0x88, 0x07, 0x0f, 0xf1, 0xff, 0xff, 0xff, 0xff, 0xe0, 0xff, 0x07, 0x00, 0xe2, 0x0f, 0x00,
    0x0c, 0x92, 0x00, 0x87, 0x0c, 0x00, 0x00, 0x00, 0x70, 0x62, 0xf4, 0x03, 0x00, 0xe2, 0x0f, 0x08,
    0x0c, 0x82, 0x00, 0x05, 0x0c, 0x00, 0x00, 0x00, 0x70, 0x62, 0xf6, 0x03, 0x00, 0xe2, 0x0f, 0x00,
    0x20, 0x88, 0x6b, 0x6b, 0xf3, 0x04, 0xb5, 0x3d, 0x00, 0x00, 0x40, 0x00, 0x00, 0xca, 0x0f, 0x00,
    0x3c, 0x72, 0x7c, 0x8c, 0x98, 0x00, 0x00, 0x00, 0x7c, 0x18, 0x04, 0x00, 0x00, 0xe2, 0x0f, 0x00,
    0x0c, 0x82, 0x00, 0x07, 0x12, 0x00, 0x00, 0x00, 0x70, 0x42, 0xfa, 0x03, 0x00, 0xe2, 0x0f, 0x00,
    0x10, 0x98, 0x05, 0x0f, 0xf8, 0xff, 0xff, 0xff, 0xff, 0xe0, 0xff, 0x07, 0x00, 0xe2, 0x0f, 0x00,
    0x02, 0x78, 0xc3, 0x00, 0x00, 0x00, 0x80, 0xff, 0x00, 0x0f, 0x00, 0x00, 0x00, 0xe2, 0x0f, 0x00,
    0x08, 0x98, 0xc3, 0x69, 0x00, 0x00, 0x80, 0xff, 0x00, 0x00, 0x00, 0x05, 0x00, 0xe2, 0x0f, 0x00,
    0x0c, 0x82, 0x00, 0x07, 0x0c, 0x00, 0x00, 0x00, 0x70, 0x62, 0xf4, 0x03, 0x00, 0xe2, 0x0f, 0x00,
    0x08, 0x88, 0x6b, 0x6b, 0x00, 0x00, 0x80, 0xff, 0x00, 0x00, 0x80, 0x06, 0x00, 0xe2, 0x0f, 0x00,
    0x0c, 0x92, 0x00, 0x05, 0x0a, 0x00, 0x00, 0x00, 0x70, 0x42, 0xfa, 0x03, 0x00, 0xe2, 0x0f, 0x00,
    0x20, 0x98, 0x70, 0x70, 0xf3, 0x04, 0xb5, 0x3d, 0x00, 0x00, 0x40, 0x00, 0x00, 0xe2, 0x0f, 0x00,
    0x10, 0x98, 0x07, 0x0f, 0xf9, 0xff, 0xff, 0xff, 0xff, 0xe0, 0xff, 0x07, 0x00, 0xe2, 0x0f, 0x00,
    0x02, 0x78, 0x69, 0x00, 0x00, 0x00, 0x80, 0xff, 0x00, 0x0f, 0x00, 0x00, 0x00, 0xe2, 0x0f, 0x00,
    0x08, 0x88, 0x69, 0x6a, 0x00, 0x00, 0x80, 0xff, 0x00, 0x00, 0x80, 0x05, 0x00, 0xe2, 0x0f, 0x00,
    0x0c, 0x92, 0x00, 0x05, 0x0c, 0x00, 0x00, 0x00, 0x70, 0x62, 0xf6, 0x03, 0x00, 0xe2, 0x0f, 0x00,
    0x08, 0x98, 0x70, 0x70, 0x00, 0x00, 0x80, 0xff, 0x00, 0x00, 0x80, 0x06, 0x00, 0xe2, 0x0f, 0x00,
    0x0c, 0x92, 0x00, 0x07, 0x0a, 0x00, 0x00, 0x00, 0x70, 0x42, 0xfa, 0x03, 0x00, 0xe2, 0x0f, 0x00,
    0x20, 0x98, 0x71, 0x71, 0xf3, 0x04, 0xb5, 0x3d, 0x00, 0x00, 0x40, 0x00, 0x00, 0xe2, 0x0f, 0x00,
    0x3c, 0x72, 0xa8, 0x8c, 0x9a, 0x00, 0x00, 0x00, 0xa8, 0x18, 0x04, 0x00, 0x00, 0xe2, 0x0f, 0x00,
    0x10, 0x88, 0x05, 0x0f, 0xf8, 0xff, 0xff, 0xff, 0xff, 0xe0, 0xff, 0x07, 0x00, 0xe2, 0x0f, 0x00,
    0x02, 0x78, 0xb7, 0x00, 0x00, 0x00, 0x80, 0xff, 0x00, 0x0f, 0x00, 0x00, 0x00, 0xe2, 0x0f, 0x00,
    0x08, 0x98, 0xb7, 0x70, 0x00, 0x00, 0x80, 0xff, 0x00, 0x00, 0x80, 0x05, 0x00, 0xe2, 0x0f, 0x00,
    0x08, 0x98, 0x71, 0x71, 0x00, 0x00, 0x80, 0xff, 0x00, 0x00, 0x80, 0x06, 0x00, 0xc4, 0x0f, 0x00,
    0x0c, 0x82, 0x00, 0x05, 0x0c, 0x00, 0x00, 0x00, 0x70, 0x62, 0xfa, 0x03, 0x00, 0xe2, 0x0f, 0x04,
    0x0c, 0x82, 0x00, 0x05, 0x12, 0x00, 0x00, 0x00, 0x70, 0x42, 0xf6, 0x03, 0x00, 0xd2, 0x0f, 0x00,
    0x3c, 0x72, 0x6c, 0x80, 0x32, 0x00, 0x00, 0x00, 0x6c, 0x18, 0x04, 0x00, 0x00, 0xf0, 0x0f, 0x00,
    0x02, 0x78, 0x33, 0x00, 0x00, 0x00, 0x80, 0xff, 0x00, 0x0f, 0x00, 0x00, 0x00, 0xe2, 0x0f, 0x00,
    0x08, 0x88, 0x33, 0x6b, 0x00, 0x00, 0x80, 0xff, 0x00, 0x00, 0x00, 0x05, 0x00, 0xe2, 0x0f, 0x00,
    0x0c, 0x92, 0x00, 0x07, 0x0c, 0x00, 0x00, 0x00, 0x70, 0x62, 0xf4, 0x03, 0x00, 0xc4, 0x0f, 0x00,
    0x3b, 0x78, 0x04, 0x19, 0x00, 0x00, 0x78, 0x00, 0x00, 0x02, 0x00, 0x00, 0x00, 0x28, 0x0e, 0x00,
    0x3c, 0x72, 0x7c, 0x80, 0x94, 0x00, 0x00, 0x00, 0x7c, 0x18, 0x04, 0x00, 0x00, 0xe2, 0x4f, 0x00,
    0x02, 0x78, 0xb5, 0x00, 0x00, 0x00, 0x80, 0xff, 0x00, 0x0f, 0x00, 0x00, 0x00, 0xe2, 0x0f, 0x00,
    0x20, 0x88, 0x72, 0x72, 0xf3, 0x04, 0xb5, 0x3d, 0x00, 0x00, 0x40, 0x00, 0x00, 0xe2, 0x0f, 0x00,
    0x08, 0x98, 0xb5, 0x71, 0x00, 0x00, 0x80, 0xff, 0x00, 0x00, 0x00, 0x05, 0x00, 0xe2, 0x0f, 0x00,
    0x10, 0x88, 0x71, 0x0f, 0xf9, 0xff, 0xff, 0xff, 0xff, 0xe0, 0xff, 0x07, 0x00, 0xe2, 0x0f, 0x00,
    0x20, 0x88, 0x73, 0x73, 0xf3, 0x04, 0xb5, 0x3d, 0x00, 0x00, 0x40, 0x00, 0x00, 0xe4, 0x0f, 0x00,
    0x08, 0x88, 0x72, 0x72, 0x00, 0x00, 0x80, 0xff, 0x00, 0x00, 0x80, 0x05, 0x00, 0xe2, 0x0f, 0x00,
    0x10, 0x98, 0x6b, 0x0f, 0x01, 0x00, 0x00, 0x00, 0xff, 0xe0, 0xff, 0x07, 0x00, 0xe2, 0x0f, 0x00,
    0x0c, 0x82, 0x00, 0x71, 0x12, 0x00, 0x00, 0x00, 0x70, 0x42, 0xf6, 0x03, 0x00, 0xc6, 0x0f, 0x00,
    0x20, 0x98, 0x6d, 0x6d, 0xf3, 0x04, 0xb5, 0x3d, 0x00, 0x00, 0x40, 0x00, 0x00, 0xe4, 0x0f, 0x00,
    0x08, 0x88, 0x73, 0x73, 0x00, 0x00, 0x80, 0xff, 0x00, 0x00, 0x80, 0x05, 0x00, 0xe2, 0x0f, 0x00,
    0x0c, 0x92, 0x00, 0x6b, 0x0a, 0x00, 0x00, 0x00, 0x70, 0x42, 0xf6, 0x03, 0x00, 0xe2, 0x0f, 0x04,
    0x3c, 0x72, 0xa8, 0x80, 0x96, 0x00, 0x00, 0x00, 0xa8, 0x18, 0x04, 0x00, 0x00, 0xe2, 0x0f, 0x00,
    0x02, 0x78, 0x9b, 0x00, 0x00, 0x00, 0x80, 0xff, 0x00, 0x0f, 0x00, 0x00, 0x00, 0xe2, 0x0f, 0x00,
    0x08, 0x88, 0x9b, 0x72, 0x00, 0x00, 0x80, 0xff, 0x00, 0x00, 0x80, 0x06, 0x00, 0xe2, 0x0f, 0x00,
    0x0c, 0x92, 0x00, 0x6b, 0x0c, 0x00, 0x00, 0x00, 0x70, 0x62, 0xfa, 0x03, 0x00, 0xe2, 0x0f, 0x00,
    0x08, 0x98, 0x6d, 0x6d, 0x00, 0x00, 0x80, 0xff, 0x00, 0x00, 0x80, 0x05, 0x00, 0xe2, 0x0f, 0x00,
    0x10, 0x98, 0x6b, 0x0f, 0x08, 0x00, 0x00, 0x00, 0xff, 0xe0, 0xff, 0x07, 0x00, 0xe2, 0x0f, 0x04,
    0x02, 0x78, 0xbb, 0x00, 0x00, 0x00, 0x80, 0xff, 0x00, 0x0f, 0x00, 0x00, 0x00, 0xe2, 0x0f, 0x00,
    0x0c, 0x92, 0x00, 0x0f, 0x0a, 0x00, 0x00, 0x00, 0x70, 0x42, 0xfc, 0x03, 0x00, 0xe2, 0x0f, 0x00,
    0x20, 0x98, 0x6c, 0x6c, 0xf3, 0x04, 0xb5, 0x3d, 0x00, 0x00, 0x40, 0x00, 0x00, 0xe2, 0x0f, 0x00,
    0x08, 0x98, 0xbb, 0x6d, 0x00, 0x00, 0x80, 0xff, 0x00, 0x00, 0x80, 0x06, 0x00, 0xe2, 0x0f, 0x00,
    0x0c, 0x82, 0x00, 0x71, 0x0c, 0x00, 0x00, 0x00, 0x70, 0x62, 0xf4, 0x03, 0x00, 0xe2, 0x0f, 0x00,
    0x0c, 0x92, 0x00, 0x6b, 0x0a, 0x00, 0x00, 0x00, 0x70, 0x42, 0xfa, 0x03, 0x00, 0xe2, 0x0f, 0x00,
    0x20, 0x98, 0x7c, 0x7c, 0xf3, 0x04, 0xb5, 0x3d, 0x00, 0x00, 0x40, 0x00, 0x00, 0xe2, 0x0f, 0x00,
    0x10, 0x98, 0x6d, 0x0f, 0x09, 0x00, 0x00, 0x00, 0xff, 0xe0, 0xff, 0x07, 0x00, 0xe2, 0x0f, 0x04,
    0x02, 0x78, 0x9d, 0x00, 0x00, 0x00, 0x80, 0xff, 0x00, 0x0f, 0x00, 0x00, 0x00, 0xe2, 0x0f, 0x00,
    0x08, 0x98, 0x6c, 0x6c, 0x00, 0x00, 0x80, 0xff, 0x00, 0x00, 0x00, 0x07, 0x00, 0xe2, 0x0f, 0x00,
    0x0c, 0x92, 0x00, 0x0f, 0x0c, 0x00, 0x00, 0x00, 0x70, 0x62, 0xfc, 0x03, 0x00, 0xe2, 0x0f, 0x00,
    0x08, 0x88, 0x9d, 0x73, 0x00, 0x00, 0x80, 0xff, 0x00, 0x00, 0x00, 0x05, 0x00, 0xe2, 0x0f, 0x00,
    0x08, 0x98, 0x7c, 0x7c, 0x00, 0x00, 0x80, 0xff, 0x00, 0x00, 0x80, 0x06, 0x00, 0xe2, 0x0f, 0x00,
    0x0c, 0x82, 0x00, 0x0f, 0x12, 0x00, 0x00, 0x00, 0x70, 0x42, 0xf4, 0x03, 0x00, 0xe2, 0x0f, 0x00,
    0x20, 0x88, 0x6e, 0x6e, 0xf3, 0x04, 0xb5, 0x3d, 0x00, 0x00, 0x40, 0x00, 0x00, 0xe2, 0x0f, 0x00,
    0x0c, 0x92, 0x00, 0x6b, 0x0c, 0x00, 0x00, 0x00, 0x70, 0x62, 0xf6, 0x03, 0x00, 0xe2, 0x0f, 0x00,
    0x0c, 0x92, 0x00, 0x6d, 0x0a, 0x00, 0x00, 0x00, 0x70, 0x42, 0xfa, 0x03, 0x00, 0xe2, 0x0f, 0x00,
    0x20, 0x98, 0x7d, 0x7d, 0xf3, 0x04, 0xb5, 0x3d, 0x00, 0x00, 0x40, 0x00, 0x00, 0xe2, 0x0f, 0x00,
    0x3c, 0x72, 0x78, 0x80, 0x04, 0x00, 0x00, 0x00, 0x78, 0x18, 0x04, 0x00, 0x00, 0xe2, 0x1f, 0x00,
    0x10, 0x88, 0x6b, 0x0f, 0x08, 0x00, 0x00, 0x00, 0xff, 0xe0, 0xff, 0x07, 0x00, 0xe2, 0x0f, 0x04,
    0x02, 0x78, 0xb9, 0x00, 0x00, 0x00, 0x80, 0xff, 0x00, 0x0f, 0x00, 0x00, 0x00, 0xe2, 0x0f, 0x00,
    0x08, 0x98, 0xb9, 0x6c, 0x00, 0x00, 0x80, 0xff, 0x00, 0x00, 0x00, 0x07, 0x00, 0xe2, 0x0f, 0x00,
    0x0c, 0x82, 0x00, 0x0f, 0x0c, 0x00, 0x00, 0x00, 0x70, 0x62, 0xfc, 0x03, 0x00, 0xe2, 0x0f, 0x00,
    0x08, 0x88, 0x6e, 0x6e, 0x00, 0x00, 0x80, 0xff, 0x00, 0x00, 0x00, 0x05, 0x00, 0xe2, 0x0f, 0x00,
    0x08, 0x98, 0x7d, 0x7d, 0x00, 0x00, 0x80, 0xff, 0x00, 0x00, 0x80, 0x06, 0x00, 0xe2, 0x0f, 0x00,
    0x0c, 0x82, 0x00, 0x6b, 0x12, 0x00, 0x00, 0x00, 0x70, 0x42, 0xfa, 0x03, 0x00, 0xe2, 0x0f, 0x00,
    0x20, 0x88, 0x7e, 0x7e, 0xf3, 0x04, 0xb5, 0x3d, 0x00, 0x00, 0x40, 0x00, 0x00, 0xe2, 0x0f, 0x00,
    0x10, 0x98, 0x05, 0x0f, 0x10, 0x00, 0x00, 0x00, 0xff, 0xe0, 0xff, 0x07, 0x00, 0xe2, 0x0f, 0x00,
    0x02, 0x78, 0xb3, 0x00, 0x00, 0x00, 0x80, 0xff, 0x00, 0x0f, 0x00, 0x00, 0x00, 0xe2, 0x0f, 0x00,
    0x02, 0x78, 0xa1, 0x00, 0x00, 0x00, 0x80, 0xff, 0x00, 0x0f, 0x00, 0x00, 0x00, 0xe2, 0x0f, 0x00,
    0x08, 0x88, 0xb3, 0x6e, 0x00, 0x00, 0x80, 0xff, 0x00, 0x00, 0x00, 0x07, 0x00, 0xe2, 0x0f, 0x00,
    0x08, 0x98, 0xa1, 0x7c, 0x00, 0x00, 0x80, 0xff, 0x00, 0x00, 0x80, 0x05, 0x00, 0xe2, 0x0f, 0x00,
    0x0c, 0x82, 0x00, 0x6b, 0x0c, 0x00, 0x00, 0x00, 0x70, 0x62, 0xf6, 0x03, 0x00, 0xe2, 0x0f, 0x00,
    0x08, 0x88, 0x7e, 0x7e, 0x00, 0x00, 0x80, 0xff, 0x00, 0x00, 0x80, 0x06, 0x00, 0xe2, 0x0f, 0x00,
    0x0c, 0x92, 0x00, 0x05, 0x0a, 0x00, 0x00, 0x00, 0x70, 0x42, 0xfc, 0x03, 0x00, 0xe2, 0x0f, 0x00,
    0x20, 0x98, 0xa8, 0xa8, 0xf3, 0x04, 0xb5, 0x3d, 0x00, 0x00, 0x40, 0x00, 0x00, 0xe2, 0x0f, 0x00,
    0x10, 0x98, 0x6b, 0x0f, 0x11, 0x00, 0x00, 0x00, 0xff, 0xe0, 0xff, 0x07, 0x00, 0xe2, 0x0f, 0x00,
    0x3c, 0x72, 0x74, 0x80, 0x06, 0x00, 0x00, 0x00, 0x74, 0x18, 0x04, 0x00, 0x00, 0xe2, 0x0f, 0x00,
    0x02, 0x78, 0x9f, 0x00, 0x00, 0x00, 0x80, 0xff, 0x00, 0x0f, 0x00, 0x00, 0x00, 0xe2, 0x0f, 0x00,
    0x0c, 0x92, 0x00, 0x6d, 0x0c, 0x00, 0x00, 0x00, 0x70, 0x62, 0xf4, 0x03, 0x00, 0xe2, 0x0f, 0x08,
    0x0c, 0x92, 0x00, 0x05, 0x0c, 0x00, 0x00, 0x00, 0x70, 0x62, 0xfa, 0x03, 0x00, 0xe2, 0x0f, 0x00,
    0x08, 0x88, 0x9f, 0x7e, 0x00, 0x00, 0x80, 0xff, 0x00, 0x00, 0x80, 0x05, 0x00, 0xe2, 0x0f, 0x00,
    0x08, 0x98, 0xa8, 0xa8, 0x00, 0x00, 0x80, 0xff, 0x00, 0x00, 0x00, 0x07, 0x00, 0xe2, 0x0f, 0x00,
    0x0c, 0x92, 0x00, 0x6b, 0x0a, 0x00, 0x00, 0x00, 0x70, 0x42, 0xf6, 0x03, 0x00, 0xe2, 0x0f, 0x00,
    0x20, 0x98, 0xa9, 0xa9, 0xf3, 0x04, 0xb5, 0x3d, 0x00, 0x00, 0x40, 0x00, 0x00, 0xe2, 0x0f, 0x00,
    0x10, 0x88, 0x07, 0x0f, 0x10, 0x00, 0x00, 0x00, 0xff, 0xe0, 0xff, 0x07, 0x00, 0xe2, 0x0f, 0x00,
    0x02, 0x78, 0xa5, 0x00, 0x00, 0x00, 0x80, 0xff, 0x00, 0x0f, 0x00, 0x00, 0x00, 0xe2, 0x0f, 0x00,
    0x02, 0x78, 0xa3, 0x00, 0x00, 0x00, 0x80, 0xff, 0x00, 0x0f, 0x00, 0x00, 0x00, 0xe2, 0x0f, 0x00,
    0x09, 0x78, 0x04, 0x1d, 0x00, 0x00, 0x80, 0xff, 0x00, 0x00, 0x80, 0x07, 0x00, 0xe2, 0x0f, 0x00,
    0x08, 0x98, 0xa5, 0x7d, 0x00, 0x00, 0x80, 0xff, 0x00, 0x00, 0x00, 0x05, 0x00, 0xe2, 0x0f, 0x00,
    0x08, 0x98, 0xa3, 0xa8, 0x00, 0x00, 0x80, 0xff, 0x00, 0x00, 0x80, 0x06, 0x00, 0xe2, 0x0f, 0x00,
    0x0c, 0x92, 0x00, 0x6b, 0x0c, 0x00, 0x00, 0x00, 0x70, 0x62, 0xf4, 0x03, 0x00, 0xe2, 0x0f, 0x00,
    0x08, 0x98, 0xa9, 0xa9, 0x00, 0x00, 0x80, 0xff, 0x00, 0x00, 0x80, 0x05, 0x00, 0xe2, 0x0f, 0x00,
    0x0c, 0x82, 0x00, 0x07, 0x12, 0x00, 0x00, 0x00, 0x70, 0x42, 0xfa, 0x03, 0x00, 0xe2, 0x0f, 0x00,
    0x20, 0x88, 0xaa, 0xaa, 0xf3, 0x04, 0xb5, 0x3d, 0x00, 0x00, 0x40, 0x00, 0x00, 0xe2, 0x0f, 0x00,
    0x10, 0x98, 0x05, 0x0f, 0x18, 0x00, 0x00, 0x00, 0xff, 0xe0, 0xff, 0x07, 0x00, 0xe2, 0x0f, 0x00,
    0x09, 0x72, 0x04, 0x04, 0xc1, 0x00, 0x00, 0x00, 0x00, 0x00, 0x80, 0x07, 0x00, 0xe2, 0x0f, 0x00,
    0x02, 0x78, 0xad, 0x00, 0x00, 0x00, 0x80, 0xff, 0x00, 0x0f, 0x00, 0x00, 0x00, 0xe2, 0x0f, 0x00,
    0x08, 0x98, 0xad, 0xa9, 0x00, 0x00, 0x80, 0xff, 0x00, 0x00, 0x00, 0x05, 0x00, 0xe2, 0x0f, 0x00,
    0x08, 0x88, 0xaa, 0xaa, 0x00, 0x00, 0x80, 0xff, 0x00, 0x00, 0x80, 0x06, 0x00, 0xe2, 0x0f, 0x00,
    0x0c, 0x82, 0x00, 0x07, 0x0c, 0x00, 0x00, 0x00, 0x70, 0x62, 0xf6, 0x03, 0x00, 0xe2, 0x0f, 0x08,
    0x0c, 0x92, 0x00, 0x05, 0x0c, 0x00, 0x00, 0x00, 0x70, 0x62, 0xf4, 0x03, 0x00, 0xe2, 0x0f, 0x04,
    0x0c, 0x92, 0x00, 0x05, 0x0a, 0x00, 0x00, 0x00, 0x70, 0x42, 0xfa, 0x03, 0x00, 0xe2, 0x0f, 0x00,
    0x20, 0x98, 0x78, 0x78, 0xf3, 0x04, 0xb5, 0x3d, 0x00, 0x00, 0x40, 0x00, 0x00, 0xe2, 0x0f, 0x00,
    0x10, 0x98, 0x05, 0x0f, 0x19, 0x00, 0x00, 0x00, 0xff, 0xe0, 0xff, 0x07, 0x00, 0xe2, 0x0f, 0x00,
    0x09, 0x72, 0x04, 0x04, 0xb7, 0x00, 0x00, 0x00, 0x00, 0x00, 0x80, 0x07, 0x00, 0xe2, 0x0f, 0x00,
    0x02, 0x78, 0xa7, 0x00, 0x00, 0x00, 0x80, 0xff, 0x00, 0x0f, 0x00, 0x00, 0x00, 0xe2, 0x0f, 0x00,
    0x08, 0x88, 0xa7, 0xaa, 0x00, 0x00, 0x80, 0xff, 0x00, 0x00, 0x80, 0x05, 0x00, 0xe2, 0x0f, 0x00,
    0x08, 0x98, 0x78, 0x78, 0x00, 0x00, 0x80, 0xff, 0x00, 0x00, 0x80, 0x06, 0x00, 0xe2, 0x0f, 0x00,
    0x0c, 0x92, 0x00, 0x05, 0x0c, 0x00, 0x00, 0x00, 0x70, 0x62, 0xf6, 0x03, 0x00, 0xe2, 0x0f, 0x04,
    0x0c, 0x92, 0x00, 0x05, 0x0a, 0x00, 0x00, 0x00, 0x70, 0x42, 0xfa, 0x03, 0x00, 0xe2, 0x0f, 0x08,
    0x20, 0x98, 0x79, 0x79, 0xf3, 0x04, 0xb5, 0x3d, 0x00, 0x00, 0x40, 0x00, 0x00, 0xe2, 0x0f, 0x00,
    0x10, 0x98, 0x05, 0x0f, 0x20, 0x00, 0x00, 0x00, 0xff, 0xe0, 0xff, 0x07, 0x00, 0xe2, 0x0f, 0x00,
    0x09, 0x72, 0x04, 0x04, 0xb9, 0x00, 0x00, 0x00, 0x00, 0x00, 0x80, 0x07, 0x00, 0xe2, 0x0f, 0x00,
    0x20, 0x98, 0x74, 0x74, 0xf3, 0x04, 0xb5, 0x3d, 0x00, 0x00, 0x40, 0x00, 0x00, 0xe2, 0x0f, 0x00,
    0x02, 0x78, 0x97, 0x00, 0x00, 0x00, 0x80, 0xff, 0x00, 0x0f, 0x00, 0x00, 0x00, 0xe2, 0x0f, 0x00,
    0x08, 0x98, 0x79, 0x79, 0x00, 0x00, 0x80, 0xff, 0x00, 0x00, 0x80, 0x06, 0x00, 0xe2, 0x0f, 0x00,
    0x0c, 0x92, 0x00, 0x05, 0x0a, 0x00, 0x00, 0x00, 0x70, 0x42, 0xfc, 0x03, 0x00, 0xe2, 0x0f, 0x00,
    0x09, 0x72, 0x04, 0x04, 0xa1, 0x00, 0x00, 0x00, 0x00, 0x00, 0x80, 0x07, 0x00, 0xe2, 0x0f, 0x00,
    0x02, 0x78, 0x99, 0x00, 0x00, 0x00, 0x80, 0xff, 0x00, 0x0f, 0x00, 0x00, 0x00, 0xe2, 0x0f, 0x00,
    0x08, 0x98, 0x99, 0x78, 0x00, 0x00, 0x80, 0xff, 0x00, 0x00, 0x00, 0x05, 0x00, 0xe2, 0x0f, 0x00,
    0x08, 0x98, 0x97, 0x79, 0x00, 0x00, 0x80, 0xff, 0x00, 0x00, 0x80, 0x05, 0x00, 0xe2, 0x0f, 0x00,
    0x0c, 0x92, 0x00, 0x05, 0x0c, 0x00, 0x00, 0x00, 0x70, 0x62, 0xf6, 0x03, 0x00, 0xe2, 0x0f, 0x08,
    0x08, 0x98, 0x74, 0x74, 0x00, 0x00, 0x80, 0xff, 0x00, 0x00, 0x00, 0x07, 0x00, 0xe2, 0x0f, 0x00,
    0x09, 0x72, 0x04, 0x04, 0xa3, 0x00, 0x00, 0x00, 0x00, 0x00, 0x80, 0x07, 0x00, 0xe2, 0x0f, 0x00,
    0x02, 0x78, 0x95, 0x00, 0x00, 0x00, 0x80, 0xff, 0x00, 0x0f, 0x00, 0x00, 0x00, 0xe2, 0x0f, 0x00,
    0x20, 0x88, 0x7a, 0x7a, 0xf3, 0x04, 0xb5, 0x3d, 0x00, 0x00, 0x40, 0x00, 0x00, 0xe2, 0x0f, 0x00,
    0x02, 0x78, 0x8d, 0x00, 0x00, 0x00, 0x80, 0xff, 0x00, 0x0f, 0x00, 0x00, 0x00, 0xe2, 0x0f, 0x00,
    0x08, 0x98, 0x95, 0x74, 0x00, 0x00, 0x80, 0xff, 0x00, 0x00, 0x80, 0x05, 0x00, 0xe2, 0x0f, 0x00,
    0x09, 0x72, 0x04, 0x04, 0x99, 0x00, 0x00, 0x00, 0x00, 0x00, 0x80, 0x07, 0x00, 0xe2, 0x0f, 0x00,
    0x09, 0x78, 0x06, 0xbf, 0x00, 0x00, 0x80, 0xff, 0x00, 0x00, 0x80, 0x07, 0x00, 0xe2, 0x0f, 0x00,
    0x02, 0x78, 0x89, 0x00, 0x00, 0x00, 0x80, 0xff, 0x00, 0x0f, 0x00, 0x00, 0x00, 0xe2, 0x0f, 0x00,
    0x02, 0x78, 0x8f, 0x00, 0x00, 0x00, 0x80, 0xff, 0x00, 0x0f, 0x00, 0x00, 0x00, 0xe2, 0x0f, 0x00,
    0x20, 0x88, 0x6f, 0x6f, 0xf3, 0x04, 0xb5, 0x3d, 0x00, 0x00, 0x40, 0x00, 0x00, 0xe2, 0x0f, 0x00,
    0x09, 0x72, 0x04, 0x04, 0x95, 0x00, 0x00, 0x00, 0x00, 0x00, 0x80, 0x07, 0x00, 0xe2, 0x0f, 0x00,
    0x09, 0x72, 0x06, 0x06, 0x69, 0x00, 0x00, 0x00, 0x00, 0x00, 0x80, 0x07, 0x00, 0xe2, 0x0f, 0x00,
    0x20, 0x88, 0x7f, 0x7f, 0xf3, 0x04, 0xb5, 0x3d, 0x00, 0x00, 0x40, 0x00, 0x00, 0xe2, 0x0f, 0x00,
    0x02, 0x78, 0xaf, 0x00, 0x00, 0x00, 0x80, 0xff, 0x00, 0x0f, 0x00, 0x00, 0x00, 0xe2, 0x0f, 0x00,
    0x20, 0x88, 0x7b, 0x7b, 0xf3, 0x04, 0xb5, 0x3d, 0x00, 0x00, 0x40, 0x00, 0x00, 0xe2, 0x0f, 0x00,
    0x09, 0x72, 0x04, 0x04, 0xbd, 0x00, 0x00, 0x00, 0x00, 0x00, 0x80, 0x07, 0x00, 0xe2, 0x0f, 0x00,
    0x10, 0x88, 0x07, 0x0f, 0x18, 0x00, 0x00, 0x00, 0xff, 0xe0, 0xff, 0x07, 0x00, 0xe2, 0x0f, 0x00,
    0x09, 0x72, 0x06, 0x06, 0x9b, 0x00, 0x00, 0x00, 0x00, 0x00, 0x80, 0x07, 0x00, 0xe2, 0x0f, 0x00,
    0x02, 0x78, 0x8b, 0x00, 0x00, 0x00, 0x80, 0xff, 0x00, 0x0f, 0x00, 0x00, 0x00, 0xe2, 0x0f, 0x00,
    0x02, 0x78, 0x87, 0x00, 0x00, 0x00, 0x80, 0xff, 0x00, 0x0f, 0x00, 0x00, 0x00, 0xe2, 0x0f, 0x00,
    0x09, 0x72, 0x04, 0x04, 0xc3, 0x00, 0x00, 0x00, 0x00, 0x00, 0x80, 0x07, 0x00, 0xe2, 0x0f, 0x00,
    0x0c, 0x82, 0x00, 0x07, 0x0c, 0x00, 0x00, 0x00, 0x70, 0x62, 0xf4, 0x03, 0x00, 0xe2, 0x0f, 0x04,
    0x0c, 0x82, 0x00, 0x07, 0x12, 0x00, 0x00, 0x00, 0x70, 0x42, 0xfa, 0x03, 0x00, 0xe2, 0x0f, 0x00,
    0x10, 0x88, 0x07, 0x0f, 0x20, 0x00, 0x00, 0x00, 0xff, 0xe0, 0xff, 0x07, 0x00, 0xc4, 0x0f, 0x00,
    0x10, 0x98, 0x05, 0x0f, 0x21, 0x00, 0x00, 0x00, 0xff, 0xe0, 0xff, 0x07, 0x00, 0xe2, 0x0f, 0x00,
    0x09, 0x72, 0x04, 0x04, 0xb5, 0x00, 0x00, 0x00, 0x00, 0x00, 0x80, 0x07, 0x00, 0xe2, 0x0f, 0x00,
    0x09, 0x72, 0x06, 0x06, 0xb3, 0x00, 0x00, 0x00, 0x00, 0x00, 0x80, 0x07, 0x00, 0xe2, 0x0f, 0x00,
    0x08, 0x88, 0x7a, 0x7a, 0x00, 0x00, 0x80, 0xff, 0x00, 0x00, 0x80, 0x06, 0x00, 0xe2, 0x0f, 0x00,
    0x0c, 0x82, 0x00, 0x07, 0x12, 0x00, 0x00, 0x00, 0x70, 0x42, 0xfc, 0x03, 0x00, 0xe2, 0x0f, 0x00,
    0x20, 0x88, 0x76, 0x76, 0xf3, 0x04, 0xb5, 0x3d, 0x00, 0x00, 0x40, 0x00, 0x00, 0xe2, 0x0f, 0x00,
    0x09, 0x72, 0x04, 0x04, 0xbb, 0x00, 0x00, 0x00, 0x00, 0x00, 0x80, 0x07, 0x00, 0xe2, 0x0f, 0x00,
    0x0c, 0x92, 0x00, 0x05, 0x0c, 0x00, 0x00, 0x00, 0x70, 0x62, 0xf6, 0x03, 0x00, 0xe2, 0x0f, 0x04,
    0x0c, 0x92, 0x00, 0x05, 0x0a, 0x00, 0x00, 0x00, 0x70, 0x42, 0xfa, 0x03, 0x00, 0xe2, 0x0f, 0x00,
    0x20, 0x98, 0x75, 0x75, 0xf3, 0x04, 0xb5, 0x3d, 0x00, 0x00, 0x40, 0x00, 0x00, 0xe2, 0x0f, 0x00,
    0x09, 0x72, 0x06, 0x06, 0x9f, 0x00, 0x00, 0x00, 0x00, 0x00, 0x80, 0x07, 0x00, 0xe2, 0x0f, 0x00,
    0x10, 0x88, 0x05, 0x0f, 0x01, 0x00, 0x00, 0x00, 0xff, 0xe0, 0xff, 0x07, 0x00, 0xe2, 0x0f, 0x00,
    0x08, 0x88, 0x76, 0x76, 0x00, 0x00, 0x80, 0xff, 0x00, 0x00, 0x00, 0x07, 0x00, 0xe2, 0x0f, 0x00,
    0x09, 0x72, 0x04, 0x04, 0xa5, 0x00, 0x00, 0x00, 0x00, 0x00, 0x80, 0x07, 0x00, 0xe2, 0x0f, 0x00,
    0x08, 0x88, 0x8d, 0x7a, 0x00, 0x00, 0x80, 0xff, 0x00, 0x00, 0x00, 0x05, 0x00, 0xe2, 0x0f, 0x00,
    0x08, 0x98, 0x75, 0x75, 0x00, 0x00, 0x80, 0xff, 0x00, 0x00, 0x80, 0x06, 0x00, 0xe2, 0x0f, 0x00,
    0x0c, 0x82, 0x00, 0x07, 0x0c, 0x00, 0x00, 0x00, 0x70, 0x62, 0xfc, 0x03, 0x00, 0xe2, 0x0f, 0x08,
    0x09, 0x72, 0x06, 0x06, 0xa7, 0x00, 0x00, 0x00, 0x00, 0x00, 0x80, 0x07, 0x00, 0xe2, 0x0f, 0x00,
    0x0c, 0x82, 0x00, 0x05, 0x0c, 0x00, 0x00, 0x00, 0x70, 0x62, 0xf4, 0x03, 0x00, 0xe2, 0x0f, 0x04,
    0x0c, 0x82, 0x00, 0x05, 0x12, 0x00, 0x00, 0x00, 0x70, 0x42, 0xfa, 0x03, 0x00, 0xe2, 0x0f, 0x00,
    0x10, 0x88, 0x05, 0x0f, 0x09, 0x00, 0x00, 0x00, 0xff, 0xe0, 0xff, 0x07, 0x00, 0xe2, 0x0f, 0x00,
    0x09, 0x72, 0x04, 0x04, 0xad, 0x00, 0x00, 0x00, 0x00, 0x00, 0x80, 0x07, 0x00, 0xe2, 0x0f, 0x00,
    0x08, 0x88, 0x89, 0x76, 0x00, 0x00, 0x80, 0xff, 0x00, 0x00, 0x00, 0x07, 0x00, 0xe2, 0x0f, 0x00,
    0x09, 0x72, 0x06, 0x06, 0x8d, 0x00, 0x00, 0x00, 0x00, 0x00, 0x80, 0x07, 0x00, 0xe2, 0x0f, 0x00,
    0x08, 0x98, 0x8f, 0x75, 0x00, 0x00, 0x80, 0xff, 0x00, 0x00, 0x80, 0x05, 0x00, 0xe2, 0x0f, 0x00,
    0x0c, 0x82, 0x00, 0x05, 0x0c, 0x00, 0x00, 0x00, 0x70, 0x62, 0xf2, 0x03, 0x00, 0xe2, 0x0f, 0x04,
    0x0c, 0x82, 0x00, 0x05, 0x12, 0x00, 0x00, 0x00, 0x70, 0x42, 0xf6, 0x03, 0x00, 0xe2, 0x0f, 0x00,
    0x10, 0x88, 0x05, 0x0f, 0x11, 0x00, 0x00, 0x00, 0xff, 0xe0, 0xff, 0x07, 0x00, 0xe2, 0x0f, 0x00,
    0x09, 0x72, 0x04, 0x04, 0x97, 0x00, 0x00, 0x00, 0x00, 0x00, 0x80, 0x07, 0x00, 0xe2, 0x0f, 0x00,
    0x09, 0x72, 0x06, 0x06, 0x89, 0x00, 0x00, 0x00, 0x00, 0x00, 0x80, 0x07, 0x00, 0xe2, 0x0f, 0x00,
    0x08, 0x88, 0x6f, 0x6f, 0x00, 0x00, 0x80, 0xff, 0x00, 0x00, 0x80, 0x06, 0x00, 0xe2, 0x0f, 0x00,
    0x3b, 0x78, 0x70, 0x15, 0x00, 0x00, 0x80, 0x00, 0x00, 0x42, 0x00, 0x00, 0x00, 0xe2, 0x0f, 0x00,
    0x0c, 0x82, 0x00, 0x05, 0x0c, 0x00, 0x00, 0x00, 0x70, 0x62, 0xfa, 0x03, 0x00, 0xe2, 0x0f, 0x04,
    0x0c, 0x82, 0x00, 0x05, 0x12, 0x00, 0x00, 0x00, 0x70, 0x42, 0xfc, 0x03, 0x00, 0xe2, 0x0f, 0x00,
    0x09, 0x72, 0x05, 0x04, 0x8f, 0x00, 0x00, 0x00, 0x00, 0x00, 0x80, 0x07, 0x00, 0xe2, 0x0f, 0x00,
    0x09, 0x72, 0x04, 0x06, 0x31, 0x00, 0x00, 0x00, 0x00, 0x00, 0x80, 0x07, 0x00, 0xe2, 0x0f, 0x00,
    0x3b, 0x78, 0x80, 0x15, 0x00, 0x00, 0x88, 0x00, 0x00, 0x42, 0x00, 0x00, 0x00, 0xe8, 0x0f, 0x00,
    0x89, 0x7f, 0x06, 0x05, 0x00, 0x1f, 0x40, 0x0c, 0x00, 0x00, 0x0e, 0x00, 0x00, 0x22, 0x0e, 0x00,
    0x09, 0x72, 0x08, 0x04, 0x33, 0x00, 0x00, 0x00, 0x00, 0x00, 0x80, 0x07, 0x00, 0xe2, 0x0f, 0x00,
    0x02, 0x78, 0x75, 0x00, 0x00, 0x00, 0x80, 0xff, 0x00, 0x0f, 0x00, 0x00, 0x00, 0xe2, 0x0f, 0x00,
    0x10, 0x88, 0x07, 0x0f, 0x19, 0x00, 0x00, 0x00, 0xff, 0xe0, 0xff, 0x07, 0x00, 0xe2, 0x0f, 0x00,
    0x08, 0x88, 0x75, 0x6f, 0x00, 0x00, 0x80, 0xff, 0x00, 0x00, 0x00, 0x05, 0x00, 0xe2, 0x0f, 0x00,
    0x08, 0x88, 0x7f, 0x7f, 0x00, 0x00, 0x80, 0xff, 0x00, 0x00, 0x80, 0x05, 0x00, 0xe2, 0x0f, 0x00,
    0x20, 0x88, 0x04, 0xab, 0xf3, 0x04, 0xb5, 0x3d, 0x00, 0x00, 0x40, 0x00, 0x00, 0xe2, 0x0f, 0x00,
    0x09, 0x72, 0x08, 0x08, 0x9d, 0x00, 0x00, 0x00, 0x00, 0x00, 0x80, 0x07, 0x00, 0xe2, 0x0f, 0x00,
    0x0c, 0x82, 0x00, 0x07, 0x0c, 0x00, 0x00, 0x00, 0x70, 0x62, 0xf4, 0x03, 0x00, 0xe2, 0x0f, 0x04,
    0x0c, 0x82, 0x00, 0x07, 0x12, 0x00, 0x00, 0x00, 0x70, 0x42, 0xf6, 0x03, 0x00, 0xe2, 0x0f, 0x08,
    0x08, 0x88, 0xaf, 0x7f, 0x00, 0x00, 0x80, 0xff, 0x00, 0x00, 0x80, 0x04, 0x00, 0xe2, 0x0f, 0x00,
    0x08, 0x88, 0x04, 0x04, 0x00, 0x00, 0x80, 0xff, 0x00, 0x00, 0x00, 0x07, 0x00, 0xe2, 0x0f, 0x00,
    0x10, 0x88, 0x07, 0x0f, 0x21, 0x00, 0x00, 0x00, 0xff, 0xe0, 0xff, 0x07, 0x00, 0xe2, 0x0f, 0x00,
    0x09, 0x72, 0x08, 0x08, 0x75, 0x00, 0x00, 0x00, 0x00, 0x00, 0x80, 0x07, 0x00, 0xe2, 0x0f, 0x00,
    0x02, 0x78, 0xab, 0x00, 0x00, 0x00, 0x80, 0xff, 0x00, 0x0f, 0x00, 0x00, 0x00, 0xe2, 0x0f, 0x00,
    0x20, 0x88, 0x77, 0x77, 0xf3, 0x04, 0xb5, 0x3d, 0x00, 0x00, 0x40, 0x00, 0x00, 0xe2, 0x0f, 0x00,
    0x08, 0x88, 0x7b, 0x7b, 0x00, 0x00, 0x80, 0xff, 0x00, 0x00, 0x80, 0x05, 0x00, 0xe2, 0x0f, 0x00,
    0x08, 0x88, 0xab, 0x04, 0x00, 0x00, 0x80, 0xff, 0x00, 0x00, 0x80, 0x06, 0x00, 0xe2, 0x0f, 0x00,
    0x0c, 0x82, 0x00, 0x07, 0x12, 0x00, 0x00, 0x00, 0x70, 0x42, 0xf2, 0x03, 0x00, 0xe2, 0x0f, 0x04,
    0x09, 0x72, 0x08, 0x08, 0xaf, 0x00, 0x00, 0x00, 0x00, 0x00, 0x80, 0x07, 0x00, 0xe2, 0x0f, 0x00,
    0x0c, 0x82, 0x00, 0x07, 0x0c, 0x00, 0x00, 0x00, 0x70, 0x62, 0xf6, 0x03, 0x00, 0xe2, 0x0f, 0x00,
    0x08, 0x88, 0x8b, 0x7b, 0x00, 0x00, 0x80, 0xff, 0x00, 0x00, 0x00, 0x05, 0x00, 0xe2, 0x0f, 0x00,
    0x3b, 0x78, 0x6c, 0x1a, 0x00, 0x00, 0x80, 0x00, 0x00, 0x42, 0x00, 0x00, 0x00, 0xe2, 0x0f, 0x00,
    0x08, 0x88, 0x77, 0x77, 0x00, 0x00, 0x80, 0xff, 0x00, 0x00, 0x80, 0x04, 0x00, 0xe2, 0x0f, 0x00,
    0x09, 0x72, 0x08, 0x08, 0xab, 0x00, 0x00, 0x00, 0x00, 0x00, 0x80, 0x07, 0x00, 0xe2, 0x0f, 0x00,
    0x09, 0x72, 0x06, 0x05, 0x06, 0x00, 0x00, 0x00, 0x00, 0x00, 0x80, 0x07, 0x00, 0xe2, 0x1f, 0x00,
    0x3b, 0x78, 0x7c, 0x10, 0x00, 0x00, 0xa0, 0x00, 0x00, 0x42, 0x00, 0x00, 0x00, 0xe4, 0x0f, 0x00,
    0x08, 0x88, 0x87, 0x77, 0x00, 0x00, 0x80, 0xff, 0x00, 0x00, 0x80, 0x05, 0x00, 0xe2, 0x0f, 0x00,
    0x09, 0x72, 0x08, 0x08, 0x8b, 0x00, 0x00, 0x00, 0x00, 0x00, 0x80, 0x07, 0x00, 0xe2, 0x0f, 0x00,
    0x89, 0x7f, 0x05, 0x06, 0x00, 0x1f, 0x20, 0x0c, 0x00, 0x00, 0x0e, 0x00, 0x00, 0x28, 0x0e, 0x00,
    0x09, 0x72, 0x04, 0x08, 0x87, 0x00, 0x00, 0x00, 0x00, 0x00, 0x80, 0x07, 0x00, 0xe2, 0x0f, 0x00,
    0x3b, 0x78, 0x78, 0x1a, 0x00, 0x00, 0x88, 0x00, 0x00, 0x42, 0x00, 0x00, 0x00, 0xe8, 0x0f, 0x00,
    0x89, 0x7f, 0x07, 0x04, 0x00, 0x1f, 0x40, 0x0c, 0x00, 0x00, 0x0e, 0x00, 0x00, 0x62, 0x0e, 0x00,
    0x09, 0x72, 0x08, 0x06, 0x05, 0x00, 0x00, 0x00, 0x00, 0x00, 0x80, 0x07, 0x00, 0xca, 0x1f, 0x00,
    0x09, 0x72, 0x08, 0x08, 0x09, 0x00, 0x00, 0x00, 0x00, 0x00, 0x80, 0x07, 0x00, 0xe2, 0x0f, 0x00,
    0x09, 0x72, 0x07, 0x04, 0x07, 0x00, 0x00, 0x00, 0x00, 0x00, 0x80, 0x07, 0x00, 0xc8, 0x2f, 0x00,
    0x21, 0x72, 0xbd, 0x08, 0xbd, 0x00, 0x00, 0x00, 0x00, 0x01, 0x00, 0x00, 0x00, 0xe2, 0x0f, 0x04,
    0x89, 0x7f, 0x0e, 0x07, 0x00, 0x1f, 0x20, 0x0c, 0x00, 0x00, 0x0e, 0x00, 0x00, 0x26, 0x0e, 0x00,
    0x20, 0x78, 0xbd, 0xbd, 0x3b, 0xaa, 0xb8, 0x3f, 0x00, 0x00, 0x40, 0x00, 0x00, 0xe2, 0x0f, 0x00,
    0x21, 0x72, 0x1d, 0x08, 0x1d, 0x00, 0x00, 0x00, 0x00, 0x01, 0x00, 0x00, 0x00, 0xe2, 0x0f, 0x04,
    0x21, 0x72, 0xc3, 0x08, 0xc3, 0x00, 0x00, 0x00, 0x00, 0x01, 0x00, 0x00, 0x00, 0xe2, 0x0f, 0x04,
    0x21, 0x72, 0xc1, 0x08, 0xc1, 0x00, 0x00, 0x00, 0x00, 0x01, 0x00, 0x00, 0x00, 0xe4, 0x0f, 0x00,
    0x0b, 0x78, 0x00, 0xbd, 0x00, 0x00, 0xfc, 0xc2, 0x00, 0xe0, 0xfc, 0x03, 0x00, 0xe2, 0x0f, 0x00,
    0x20, 0x78, 0x1d, 0x1d, 0x3b, 0xaa, 0xb8, 0x3f, 0x00, 0x00, 0x40, 0x00, 0x00, 0xe2, 0x0f, 0x00,
    0x20, 0x78, 0x1e, 0xc3, 0x3b, 0xaa, 0xb8, 0x3f, 0x00, 0x00, 0x40, 0x00, 0x00, 0xe2, 0x0f, 0x00,
    0x20, 0x78, 0x05, 0xc1, 0x3b, 0xaa, 0xb8, 0x3f, 0x00, 0x00, 0x40, 0x00, 0x00, 0xc6, 0x0f, 0x00,
    0x0b, 0x78, 0x00, 0x1d, 0x00, 0x00, 0xfc, 0xc2, 0x00, 0xe0, 0xfa, 0x03, 0x00, 0xe2, 0x0f, 0x00,
    0x0b, 0x78, 0x00, 0x1e, 0x00, 0x00, 0xfc, 0xc2, 0x00, 0xe0, 0xf2, 0x03, 0x00, 0xe2, 0x0f, 0x00,
    0x0b, 0x78, 0x00, 0x05, 0x00, 0x00, 0xfc, 0xc2, 0x00, 0xe0, 0xf0, 0x03, 0x00, 0xe2, 0x0f, 0x00,
    0x21, 0x72, 0x06, 0x08, 0x09, 0x00, 0x00, 0x00, 0x00, 0x01, 0x00, 0x00, 0x00, 0xc8, 0x0f, 0x00,
    0x20, 0xe8, 0xbd, 0xbd, 0x00, 0x00, 0x00, 0x3f, 0x00, 0x00, 0x40, 0x00, 0x00, 0xc8, 0x0f, 0x00,
    0x08, 0x73, 0x09, 0x00, 0xbd, 0x00, 0x00, 0x00, 0x00, 0x08, 0x00, 0x00, 0x00, 0x62, 0x0e, 0x00,
    0x09, 0x72, 0x0e, 0x07, 0x0e, 0x00, 0x00, 0x00, 0x00, 0x00, 0x80, 0x07, 0x00, 0xe2, 0x1f, 0x00,
    0x20, 0xd8, 0x1d, 0x1d, 0x00, 0x00, 0x00, 0x3f, 0x00, 0x00, 0x40, 0x00, 0x00, 0xe2, 0x0f, 0x00,
    0x20, 0x98, 0x1e, 0x1e, 0x00, 0x00, 0x00, 0x3f, 0x00, 0x00, 0x40, 0x00, 0x00, 0xe2, 0x0f, 0x00,
    0x20, 0x88, 0x05, 0x05, 0x00, 0x00, 0x00, 0x3f, 0x00, 0x00, 0x40, 0x00, 0x00, 0xe4, 0x0f, 0x00,
    0x09, 0x72, 0x0e, 0x0e, 0x1b, 0x00, 0x00, 0x00, 0x00, 0x00, 0x80, 0x07, 0x00, 0xe2, 0x0f, 0x00,
    0x08, 0x73, 0x04, 0x00, 0x1d, 0x00, 0x00, 0x00, 0x00, 0x08, 0x00, 0x00, 0x00, 0x28, 0x0e, 0x00,
    0x21, 0x72, 0x69, 0x0e, 0x69, 0x00, 0x00, 0x00, 0x00, 0x01, 0x00, 0x00, 0x00, 0xe2, 0x0f, 0x00,
    0x20, 0x78, 0x06, 0x06, 0x3b, 0xaa, 0xb8, 0x3f, 0x00, 0x00, 0x40, 0x00, 0x00, 0xe2, 0x0f, 0x00,
    0x08, 0x73, 0x1e, 0x00, 0x1e, 0x00, 0x00, 0x00, 0x00, 0x08, 0x00, 0x00, 0x00, 0xa4, 0x0e, 0x00,
    0x20, 0x78, 0x69, 0x69, 0x3b, 0xaa, 0xb8, 0x3f, 0x00, 0x00, 0x40, 0x00, 0x00, 0xc4, 0x0f, 0x00,
    0x0b, 0x78, 0x00, 0x06, 0x00, 0x00, 0xfc, 0xc2, 0x00, 0xe0, 0xf4, 0x03, 0x00, 0xe2, 0x0f, 0x00,
    0x20, 0xe2, 0x09, 0x09, 0x09, 0x00, 0x00, 0x00, 0x00, 0x00, 0x40, 0x00, 0x00, 0xe2, 0x2f, 0x00,
    0x08, 0x73, 0x05, 0x00, 0x05, 0x00, 0x00, 0x00, 0x00, 0x08, 0x00, 0x00, 0x00, 0x62, 0x0e, 0x00,
    0x0b, 0x78, 0x00, 0x69, 0x00, 0x00, 0xfc, 0xc2, 0x00, 0xe0, 0xfc, 0x03, 0x00, 0xe2, 0x0f, 0x00,
    0x21, 0x72, 0xbf, 0x0e, 0xbf, 0x00, 0x00, 0x00, 0x00, 0x01, 0x00, 0x00, 0x00, 0xe2, 0x0f, 0x04,
    0x21, 0x72, 0x31, 0x0e, 0x31, 0x00, 0x00, 0x00, 0x00, 0x01, 0x00, 0x00, 0x00, 0xe2, 0x0f, 0x04,
    0x21, 0x72, 0x33, 0x0e, 0x33, 0x00, 0x00, 0x00, 0x00, 0x01, 0x00, 0x00, 0x00, 0xe2, 0x0f, 0x04,
    0x21, 0x72, 0x1b, 0x0e, 0x1b, 0x00, 0x00, 0x00, 0x00, 0x01, 0x00, 0x00, 0x00, 0xe2, 0x0f, 0x00,
    0x20, 0x78, 0x07, 0xbf, 0x3b, 0xaa, 0xb8, 0x3f, 0x00, 0x00, 0x40, 0x00, 0x00, 0xe2, 0x0f, 0x00,
    0x20, 0x78, 0x20, 0x31, 0x3b, 0xaa, 0xb8, 0x3f, 0x00, 0x00, 0x40, 0x00, 0x00, 0xe2, 0x0f, 0x00,
    0x20, 0x78, 0x33, 0x33, 0x3b, 0xaa, 0xb8, 0x3f, 0x00, 0x00, 0x40, 0x00, 0x00, 0xe2, 0x0f, 0x00,
    0x20, 0x78, 0x30, 0x1b, 0x3b, 0xaa, 0xb8, 0x3f, 0x00, 0x00, 0x40, 0x00, 0x00, 0xe2, 0x0f, 0x00,
    0x20, 0xd2, 0x04, 0x04, 0x04, 0x00, 0x00, 0x00, 0x00, 0x00, 0x40, 0x00, 0x00, 0xe2, 0x1f, 0x00,
    0x0b, 0x78, 0x00, 0x07, 0x00, 0x00, 0xfc, 0xc2, 0x00, 0xe0, 0xf6, 0x03, 0x00, 0xe2, 0x0f, 0x00,
    0x0b, 0x78, 0x00, 0x20, 0x00, 0x00, 0xfc, 0xc2, 0x00, 0xe0, 0xfa, 0x03, 0x00, 0xe2, 0x0f, 0x00,
    0x20, 0x92, 0x1e, 0x1e, 0x1e, 0x00, 0x00, 0x00, 0x00, 0x00, 0x40, 0x00, 0x00, 0xe2, 0x4f, 0x00,
    0x20, 0xa8, 0x06, 0x06, 0x00, 0x00, 0x00, 0x3f, 0x00, 0x00, 0x40, 0x00, 0x00, 0xe2, 0x0f, 0x00,
    0x0b, 0x78, 0x00, 0x33, 0x00, 0x00, 0xfc, 0xc2, 0x00, 0xe0, 0xf2, 0x03, 0x00, 0xe2, 0x0f, 0x00,
    0x20, 0xe8, 0x69, 0x69, 0x00, 0x00, 0x00, 0x3f, 0x00, 0x00, 0x40, 0x00, 0x00, 0xe2, 0x0f, 0x00,
    0x20, 0x82, 0x05, 0x05, 0x05, 0x00, 0x00, 0x00, 0x00, 0x00, 0x40, 0x00, 0x00, 0xe2, 0x2f, 0x00,
    0x0b, 0x78, 0x00, 0x30, 0x00, 0x00, 0xfc, 0xc2, 0x00, 0xe0, 0xf0, 0x03, 0x00, 0xe2, 0x0f, 0x00,
    0x08, 0x73, 0x1c, 0x00, 0x06, 0x00, 0x00, 0x00, 0x00, 0x08, 0x00, 0x00, 0x00, 0xe2, 0x0f, 0x00,
    0x08, 0x73, 0x06, 0x00, 0x69, 0x00, 0x00, 0x00, 0x00, 0x08, 0x00, 0x00, 0x00, 0xe8, 0x01, 0x00,
    0x20, 0xb8, 0x07, 0x07, 0x00, 0x00, 0x00, 0x3f, 0x00, 0x00, 0x40, 0x00, 0x00, 0xe2, 0x0f, 0x00,
    0x20, 0xd8, 0x20, 0x20, 0x00, 0x00, 0x00, 0x3f, 0x00, 0x00, 0x40, 0x00, 0x00, 0xc6, 0x0f, 0x00,
    0x20, 0x98, 0x33, 0x33, 0x00, 0x00, 0x00, 0x3f, 0x00, 0x00, 0x40, 0x00, 0x00, 0xe2, 0x0f, 0x00,
    0x3b, 0x78, 0x68, 0x17, 0x00, 0x00, 0x80, 0x00, 0x00, 0x42, 0x00, 0x00, 0x00, 0x24, 0x1e, 0x00,
    0x20, 0x88, 0x30, 0x30, 0x00, 0x00, 0x00, 0x3f, 0x00, 0x00, 0x40, 0x00, 0x00, 0xe2, 0x0f, 0x00,
    0x08, 0x73, 0x07, 0x00, 0x07, 0x00, 0x00, 0x00, 0x00, 0x08, 0x00, 0x00, 0x00, 0x62, 0x0e, 0x00,
    0x08, 0x73, 0x20, 0x00, 0x20, 0x00, 0x00, 0x00, 0x00, 0x08, 0x00, 0x00, 0x00, 0xa2, 0x0e, 0x00,
    0x08, 0x73, 0x1d, 0x00, 0x33, 0x00, 0x00, 0x00, 0x00, 0x08, 0x00, 0x00, 0x00, 0xe2, 0x0e, 0x00,
    0x08, 0x73, 0x1b, 0x00, 0x30, 0x00, 0x00, 0x00, 0x00, 0x08, 0x00, 0x00, 0x00, 0x62, 0x09, 0x00,
    0x20, 0xb2, 0x07, 0x07, 0x07, 0x00, 0x00, 0x00, 0x00, 0x00, 0x40, 0x00, 0x00, 0xe2, 0x2f, 0x00,
    0x20, 0xd2, 0x20, 0x20, 0x20, 0x00, 0x00, 0x00, 0x00, 0x00, 0x40, 0x00, 0x00, 0xe2, 0x4f, 0x00,
    0x20, 0xe2, 0x06, 0x06, 0x06, 0x00, 0x00, 0x00, 0x00, 0x00, 0x40, 0x00, 0x00, 0xe2, 0x0f, 0x00,
    0x20, 0xa2, 0x1c, 0x1c, 0x1c, 0x00, 0x00, 0x00, 0x00, 0x00, 0x40, 0x00, 0x00, 0xe2, 0x0f, 0x00,
    0x3e, 0x72, 0x32, 0x1e, 0x05, 0x00, 0x00, 0x00, 0xff, 0x10, 0x00, 0x00, 0x00, 0xe2, 0x0f, 0x00,
    0x20, 0x92, 0x1d, 0x1d, 0x1d, 0x00, 0x00, 0x00, 0x00, 0x00, 0x40, 0x00, 0x00, 0xe2, 0x8f, 0x00,
    0x3e, 0x72, 0x30, 0x09, 0x04, 0x00, 0x00, 0x00, 0xff, 0x10, 0x00, 0x00, 0x00, 0xe2, 0x0f, 0x01,
    0x20, 0x72, 0x44, 0x1c, 0x44, 0x00, 0x00, 0x00, 0x00, 0x00, 0x40, 0x00, 0x00, 0xe2, 0x0f, 0x00,
    0x3e, 0x72, 0x31, 0x20, 0x07, 0x00, 0x00, 0x00, 0xff, 0x10, 0x00, 0x00, 0x00, 0xe2, 0x0f, 0x00,
    0x20, 0x72, 0x45, 0x1c, 0x45, 0x00, 0x00, 0x00, 0x00, 0x00, 0x40, 0x00, 0x00, 0xe2, 0x0f, 0x04,
    0x20, 0x82, 0x1b, 0x1b, 0x1b, 0x00, 0x00, 0x00, 0x00, 0x00, 0x40, 0x00, 0x00, 0xe2, 0x0f, 0x02,
    0x3e, 0x72, 0x33, 0x1d, 0x06, 0x00, 0x00, 0x00, 0xff, 0x10, 0x00, 0x00, 0x00, 0xe2, 0x0f, 0x00,
    0x20, 0x72, 0x48, 0x1c, 0x48, 0x00, 0x00, 0x00, 0x00, 0x00, 0x40, 0x00, 0x00, 0xe2, 0x0f, 0x04,
    0x20, 0x72, 0x49, 0x1c, 0x49, 0x00, 0x00, 0x00, 0x00, 0x00, 0x40, 0x00, 0x00, 0xe2, 0x0f, 0x04,
    0x20, 0x72, 0x46, 0x1b, 0x46, 0x00, 0x00, 0x00, 0x00, 0x00, 0x40, 0x00, 0x00, 0xe2, 0x0f, 0x04,
    0x20, 0x72, 0x47, 0x1b, 0x47, 0x00, 0x00, 0x00, 0x00, 0x00, 0x40, 0x00, 0x00, 0xe2, 0x0f, 0x04,
    0x20, 0x72, 0x4a, 0x1b, 0x4a, 0x00, 0x00, 0x00, 0x00, 0x00, 0x40, 0x00, 0x00, 0xe2, 0x0f, 0x04,
    0x20, 0x72, 0x4b, 0x1b, 0x4b, 0x00, 0x00, 0x00, 0x00, 0x00, 0x40, 0x00, 0x00, 0xe2, 0x0f, 0x04,
    0x20, 0x72, 0x3c, 0x1c, 0x3c, 0x00, 0x00, 0x00, 0x00, 0x00, 0x40, 0x00, 0x00, 0xe2, 0x0f, 0x04,
    0x20, 0x72, 0x3d, 0x1c, 0x3d, 0x00, 0x00, 0x00, 0x00, 0x00, 0x40, 0x00, 0x00, 0xe2, 0x0f, 0x04,
    0x20, 0x72, 0x3e, 0x1b, 0x3e, 0x00, 0x00, 0x00, 0x00, 0x00, 0x40, 0x00, 0x00, 0xe2, 0x0f, 0x04,
    0x20, 0x72, 0x3f, 0x1b, 0x3f, 0x00, 0x00, 0x00, 0x00, 0x00, 0x40, 0x00, 0x00, 0xe2, 0x0f, 0x04,
    0x20, 0x72, 0x40, 0x1c, 0x40, 0x00, 0x00, 0x00, 0x00, 0x00, 0x40, 0x00, 0x00, 0xe2, 0x0f, 0x04,
    0x20, 0x72, 0x41, 0x1c, 0x41, 0x00, 0x00, 0x00, 0x00, 0x00, 0x40, 0x00, 0x00, 0xe2, 0x0f, 0x00,
    0x20, 0x72, 0x42, 0x1b, 0x42, 0x00, 0x00, 0x00, 0x00, 0x00, 0x40, 0x00, 0x00, 0xe2, 0x0f, 0x04,
    0x20, 0x72, 0x43, 0x1b, 0x43, 0x00, 0x00, 0x00, 0x00, 0x00, 0x40, 0x00, 0x00, 0xe2, 0x0f, 0x00,
    0x3c, 0x72, 0x44, 0x30, 0x68, 0x00, 0x00, 0x00, 0x44, 0x18, 0x04, 0x00, 0x00, 0xe2, 0x1f, 0x00,
    0x21, 0x72, 0xb5, 0x08, 0xb5, 0x00, 0x00, 0x00, 0x00, 0x01, 0x00, 0x00, 0x00, 0xde, 0x0f, 0x00,
    0x3c, 0x72, 0x48, 0x30, 0x6a, 0x00, 0x00, 0x00, 0x48, 0x18, 0x04, 0x00, 0x00, 0xe2, 0x0f, 0x00,
    0x3b, 0x78, 0x68, 0x1a, 0x00, 0x00, 0xa0, 0x00, 0x00, 0x42, 0x00, 0x00, 0x00, 0x22, 0x0e, 0x00,
    0x21, 0x72, 0xb7, 0x08, 0xb7, 0x00, 0x00, 0x00, 0x00, 0x01, 0x00, 0x00, 0x00, 0xdc, 0x0f, 0x00,
    0x3c, 0x72, 0x3c, 0x30, 0x6c, 0x00, 0x00, 0x00, 0x3c, 0x18, 0x04, 0x00, 0x00, 0xe2, 0x0f, 0x00,
    0x20, 0x78, 0x8a, 0xb5, 0x3b, 0xaa, 0xb8, 0x3f, 0x00, 0x00, 0x40, 0x00, 0x00, 0xde, 0x0f, 0x00,
    0x3c, 0x72, 0x40, 0x30, 0x6e, 0x00, 0x00, 0x00, 0x40, 0x18, 0x04, 0x00, 0x00, 0xe2, 0x0f, 0x00,
    0x3b, 0x78, 0x6c, 0x15, 0x00, 0x00, 0xa0, 0x00, 0x00, 0x42, 0x00, 0x00, 0x00, 0x62, 0x0e, 0x00,
    0x20, 0x78, 0xb7, 0xb7, 0x3b, 0xaa, 0xb8, 0x3f, 0x00, 0x00, 0x40, 0x00, 0x00, 0xe2, 0x0f, 0x00,
    0x0b, 0x78, 0x00, 0x8a, 0x00, 0x00, 0xfc, 0xc2, 0x00, 0xe0, 0xf0, 0x03, 0x00, 0xc8, 0x0f, 0x00,
    0x0b, 0x78, 0x00, 0xb7, 0x00, 0x00, 0xfc, 0xc2, 0x00, 0xe0, 0xfc, 0x03, 0x00, 0xe2, 0x0f, 0x00,
    0x20, 0x72, 0x5c, 0x1c, 0x5c, 0x00, 0x00, 0x00, 0x00, 0x00, 0x40, 0x00, 0x00, 0xe2, 0x0f, 0x04,
    0x20, 0x72, 0x5d, 0x1c, 0x5d, 0x00, 0x00, 0x00, 0x00, 0x00, 0x40, 0x00, 0x00, 0xe2, 0x0f, 0x04,
    0x20, 0x72, 0x5e, 0x1b, 0x5e, 0x00, 0x00, 0x00, 0x00, 0x00, 0x40, 0x00, 0x00, 0xe2, 0x0f, 0x04,
    0x20, 0x72, 0x5f, 0x1b, 0x5f, 0x00, 0x00, 0x00, 0x00, 0x00, 0x40, 0x00, 0x00, 0xe2, 0x0f, 0x04,
    0x20, 0x72, 0x54, 0x1c, 0x54, 0x00, 0x00, 0x00, 0x00, 0x00, 0x40, 0x00, 0x00, 0xe2, 0x0f, 0x04,
    0x20, 0x72, 0x55, 0x1c, 0x55, 0x00, 0x00, 0x00, 0x00, 0x00, 0x40, 0x00, 0x00, 0xe2, 0x0f, 0x00,
    0x20, 0x72, 0x56, 0x1b, 0x56, 0x00, 0x00, 0x00, 0x00, 0x00, 0x40, 0x00, 0x00, 0xe4, 0x0f, 0x04,
    0x20, 0x88, 0x8a, 0x8a, 0x00, 0x00, 0x00, 0x3f, 0x00, 0x00, 0x40, 0x00, 0x00, 0xe2, 0x0f, 0x00,
    0x20, 0x72, 0x57, 0x1b, 0x57, 0x00, 0x00, 0x00, 0x00, 0x00, 0x40, 0x00, 0x00, 0xe2, 0x0f, 0x04,
    0x20, 0x72, 0x58, 0x1c, 0x58, 0x00, 0x00, 0x00, 0x00, 0x00, 0x40, 0x00, 0x00, 0xe2, 0x0f, 0x04,
    0x20, 0x72, 0x59, 0x1c, 0x59, 0x00, 0x00, 0x00, 0x00, 0x00, 0x40, 0x00, 0x00, 0xe2, 0x0f, 0x00,
    0x20, 0x72, 0x5a, 0x1b, 0x5a, 0x00, 0x00, 0x00, 0x00, 0x00, 0x40, 0x00, 0x00, 0xe2, 0x0f, 0x04,
    0x20, 0x72, 0x5b, 0x1b, 0x5b, 0x00, 0x00, 0x00, 0x00, 0x00, 0x40, 0x00, 0x00, 0xe2, 0x0f, 0x00,
    0x20, 0xe8, 0xb7, 0xb7, 0x00, 0x00, 0x00, 0x3f, 0x00, 0x00, 0x40, 0x00, 0x00, 0xe2, 0x0f, 0x00,
    0x3c, 0x72, 0x5c, 0x30, 0x68, 0x00, 0x00, 0x00, 0x5c, 0x18, 0x04, 0x00, 0x00, 0xe2, 0x1f, 0x00,
    0x08, 0x73, 0x8a, 0x00, 0x8a, 0x00, 0x00, 0x00, 0x00, 0x08, 0x00, 0x00, 0x00, 0xee, 0x0f, 0x00,
    0x21, 0x72, 0x68, 0x0e, 0x9b, 0x00, 0x00, 0x00, 0x00, 0x01, 0x00, 0x00, 0x00, 0xc4, 0x0f, 0x00,
    0x08, 0x73, 0x9b, 0x00, 0xb7, 0x00, 0x00, 0x00, 0x00, 0x08, 0x00, 0x00, 0x00, 0x22, 0x0e, 0x00,
    0x21, 0x72, 0xb3, 0x0e, 0xb3, 0x00, 0x00, 0x00, 0x00, 0x01, 0x00, 0x00, 0x00, 0xca, 0x0f, 0x00,
    0x3c, 0x72, 0x54, 0x30, 0x6c, 0x00, 0x00, 0x00, 0x54, 0x18, 0x04, 0x00, 0x00, 0xe2, 0x2f, 0x00,
    0x21, 0x72, 0x75, 0x0e, 0x75, 0x00, 0x00, 0x00, 0x00, 0x01, 0x00, 0x00, 0x00, 0xe2, 0x0f, 0x00,
    0x21, 0x72, 0xbb, 0x08, 0xbb, 0x00, 0x00, 0x00, 0x00, 0x01, 0x00, 0x00, 0x00, 0xe2, 0x0f, 0x00,
    0x20, 0x72, 0x24, 0x1c, 0x24, 0x00, 0x00, 0x00, 0x00, 0x00, 0x40, 0x00, 0x00, 0xe2, 0x0f, 0x04,
    0x20, 0x72, 0x25, 0x1c, 0x25, 0x00, 0x00, 0x00, 0x00, 0x00, 0x40, 0x00, 0x00, 0xe2, 0x0f, 0x00,
    0x20, 0x72, 0x26, 0x1b, 0x26, 0x00, 0x00, 0x00, 0x00, 0x00, 0x40, 0x00, 0x00, 0xd6, 0x0f, 0x00,
    0x3c, 0x72, 0x58, 0x30, 0x6e, 0x00, 0x00, 0x00, 0x58, 0x18, 0x04, 0x00, 0x00, 0xe2, 0x0f, 0x00,
    0x3b, 0x78, 0x6c, 0x17, 0x00, 0x00, 0xa0, 0x00, 0x00, 0x42, 0x00, 0x00, 0x00, 0x62, 0x0e, 0x00,
    0x20, 0x72, 0x27, 0x1b, 0x27, 0x00, 0x00, 0x00, 0x00, 0x00, 0x40, 0x00, 0x00, 0xe2, 0x0f, 0x04,
    0x20, 0x72, 0x28, 0x1c, 0x28, 0x00, 0x00, 0x00, 0x00, 0x00, 0x40, 0x00, 0x00, 0xe2, 0x0f, 0x04,
    0x20, 0x72, 0x29, 0x1c, 0x29, 0x00, 0x00, 0x00, 0x00, 0x00, 0x40, 0x00, 0x00, 0xe2, 0x0f, 0x00,
    0x20, 0x72, 0x2a, 0x1b, 0x2a, 0x00, 0x00, 0x00, 0x00, 0x00, 0x40, 0x00, 0x00, 0xe2, 0x0f, 0x04,
    0x20, 0x72, 0x2b, 0x1b, 0x2b, 0x00, 0x00, 0x00, 0x00, 0x00, 0x40, 0x00, 0x00, 0xe2, 0x0f, 0x00,
    0x21, 0x72, 0xb9, 0x08, 0xb9, 0x00, 0x00, 0x00, 0x00, 0x01, 0x00, 0x00, 0x00, 0xe2, 0x0f, 0x00,
    0x21, 0x72, 0x69, 0x0e, 0x9d, 0x00, 0x00, 0x00, 0x00, 0x01, 0x00, 0x00, 0x00, 0xe2, 0x0f, 0x00,
    0x20, 0x78, 0xb3, 0xb3, 0x3b, 0xaa, 0xb8, 0x3f, 0x00, 0x00, 0x40, 0x00, 0x00, 0xe2, 0x0f, 0x00,
    0x20, 0x78, 0x94, 0x75, 0x3b, 0xaa, 0xb8, 0x3f, 0x00, 0x00, 0x40, 0x00, 0x00, 0xe2, 0x0f, 0x00,
    0x20, 0x78, 0x8c, 0xbb, 0x3b, 0xaa, 0xb8, 0x3f, 0x00, 0x00, 0x40, 0x00, 0x00, 0xe2, 0x0f, 0x00,
    0x20, 0x78, 0xb9, 0xb9, 0x3b, 0xaa, 0xb8, 0x3f, 0x00, 0x00, 0x40, 0x00, 0x00, 0xe2, 0x0f, 0x00,
    0x20, 0x78, 0x68, 0x68, 0x3b, 0xaa, 0xb8, 0x3f, 0x00, 0x00, 0x40, 0x00, 0x00, 0xe2, 0x0f, 0x00,
    0x20, 0x78, 0x69, 0x69, 0x3b, 0xaa, 0xb8, 0x3f, 0x00, 0x00, 0x40, 0x00, 0x00, 0xe2, 0x0f, 0x00,
    0x20, 0xe2, 0x9b, 0x9b, 0x9b, 0x00, 0x00, 0x00, 0x00, 0x00, 0x40, 0x00, 0x00, 0xe2, 0x1f, 0x00,
    0x20, 0x82, 0x8a, 0x8a, 0x8a, 0x00, 0x00, 0x00, 0x00, 0x00, 0x40, 0x00, 0x00, 0xe2, 0x0f, 0x00,
    0x0b, 0x78, 0x00, 0xb3, 0x00, 0x00, 0xfc, 0xc2, 0x00, 0xe0, 0xfc, 0x03, 0x00, 0xe2, 0x0f, 0x00,
    0x0b, 0x78, 0x00, 0x94, 0x00, 0x00, 0xfc, 0xc2, 0x00, 0xe0, 0xf0, 0x03, 0x00, 0xe2, 0x0f, 0x00,
    0x3c, 0x72, 0x24, 0x30, 0x70, 0x00, 0x00, 0x00, 0x24, 0x18, 0x04, 0x00, 0x00, 0xe2, 0x0f, 0x00,
    0x0b, 0x78, 0x00, 0x8c, 0x00, 0x00, 0xfc, 0xc2, 0x00, 0xe0, 0xf4, 0x03, 0x00, 0xe2, 0x0f, 0x00,
    0x0b, 0x78, 0x00, 0xb9, 0x00, 0x00, 0xfc, 0xc2, 0x00, 0xe0, 0xf2, 0x03, 0x00, 0xe2, 0x0f, 0x00,
    0x0b, 0x78, 0x00, 0x68, 0x00, 0x00, 0xfc, 0xc2, 0x00, 0xe0, 0xf6, 0x03, 0x00, 0xe2, 0x0f, 0x00,
    0x0b, 0x78, 0x00, 0x69, 0x00, 0x00, 0xfc, 0xc2, 0x00, 0xe0, 0xfa, 0x03, 0x00, 0xe2, 0x0f, 0x00,
    0x20, 0x72, 0x64, 0x1c, 0x64, 0x00, 0x00, 0x00, 0x00, 0x00, 0x40, 0x00, 0x00, 0xe2, 0x0f, 0x04,
    0x20, 0x72, 0x65, 0x1c, 0x65, 0x00, 0x00, 0x00, 0x00, 0x00, 0x40, 0x00, 0x00, 0xe2, 0x0f, 0x04,
    0x20, 0x72, 0x66, 0x1b, 0x66, 0x00, 0x00, 0x00, 0x00, 0x00, 0x40, 0x00, 0x00, 0xe2, 0x0f, 0x04,
    0x20, 0x72, 0x67, 0x1b, 0x67, 0x00, 0x00, 0x00, 0x00, 0x00, 0x40, 0x00, 0x00, 0xe2, 0x0f, 0x00,
    0x20, 0x72, 0x38, 0x1c, 0x38, 0x00, 0x00, 0x00, 0x00, 0x00, 0x40, 0x00, 0x00, 0xe2, 0x0f, 0x04,
    0x20, 0x72, 0x39, 0x1c, 0x39, 0x00, 0x00, 0x00, 0x00, 0x00, 0x40, 0x00, 0x00, 0xcc, 0x0f, 0x00,
    0x3c, 0x72, 0x28, 0x30, 0x72, 0x00, 0x00, 0x00, 0x28, 0x18, 0x04, 0x00, 0x00, 0xe2, 0x0f, 0x00,
    0x3b, 0x78, 0x70, 0x10, 0x00, 0x00, 0x80, 0x00, 0x00, 0x42, 0x00, 0x00, 0x00, 0x22, 0x0e, 0x00,
    0x20, 0xe8, 0xb3, 0xb3, 0x00, 0x00, 0x00, 0x3f, 0x00, 0x00, 0x40, 0x00, 0x00, 0xe2, 0x0f, 0x00,
    0x20, 0x88, 0x94, 0x94, 0x00, 0x00, 0x00, 0x3f, 0x00, 0x00, 0x40, 0x00, 0x00, 0xe2, 0x0f, 0x00,
    0x20, 0xa8, 0x8c, 0x8c, 0x00, 0x00, 0x00, 0x3f, 0x00, 0x00, 0x40, 0x00, 0x00, 0xe2, 0x0f, 0x00,
    0x20, 0x98, 0xb9, 0xb9, 0x00, 0x00, 0x00, 0x3f, 0x00, 0x00, 0x40, 0x00, 0x00, 0xe2, 0x0f, 0x00,
    0x20, 0xb8, 0x68, 0x68, 0x00, 0x00, 0x00, 0x3f, 0x00, 0x00, 0x40, 0x00, 0x00, 0xe2, 0x0f, 0x00,
    0x20, 0xd8, 0x69, 0x69, 0x00, 0x00, 0x00, 0x3f, 0x00, 0x00, 0x40, 0x00, 0x00, 0xe2, 0x0f, 0x00,
    0x20, 0x72, 0x3a, 0x1b, 0x3a, 0x00, 0x00, 0x00, 0x00, 0x00, 0x40, 0x00, 0x00, 0xe2, 0x0f, 0x04,
    0x20, 0x72, 0x3b, 0x1b, 0x3b, 0x00, 0x00, 0x00, 0x00, 0x00, 0x40, 0x00, 0x00, 0xe2, 0x0f, 0x04,
    0x08, 0x73, 0xb3, 0x00, 0xb3, 0x00, 0x00, 0x00, 0x00, 0x08, 0x00, 0x00, 0x00, 0xa2, 0x0e, 0x00,
    0x21, 0x72, 0xa1, 0x08, 0xa1, 0x00, 0x00, 0x00, 0x00, 0x01, 0x00, 0x00, 0x00, 0xe2, 0x0f, 0x04,
    0x21, 0x72, 0xa5, 0x08, 0xa5, 0x00, 0x00, 0x00, 0x00, 0x01, 0x00, 0x00, 0x00, 0xe2, 0x0f, 0x00,
    0x20, 0x72, 0x4c, 0x1c, 0x4c, 0x00, 0x00, 0x00, 0x00, 0x00, 0x40, 0x00, 0x00, 0xe2, 0x0f, 0x04,
    0x20, 0x72, 0x4d, 0x1c, 0x4d, 0x00, 0x00, 0x00, 0x00, 0x00, 0x40, 0x00, 0x00, 0xe2, 0x0f, 0x04,
    0x20, 0x72, 0x4e, 0x1b, 0x4e, 0x00, 0x00, 0x00, 0x00, 0x00, 0x40, 0x00, 0x00, 0xe2, 0x0f, 0x04,
    0x20, 0x72, 0x4f, 0x1b, 0x4f, 0x00, 0x00, 0x00, 0x00, 0x00, 0x40, 0x00, 0x00, 0xe2, 0x0f, 0x04,
    0x20, 0x72, 0x50, 0x1c, 0x50, 0x00, 0x00, 0x00, 0x00, 0x00, 0x40, 0x00, 0x00, 0xe2, 0x0f, 0x04,
    0x08, 0x73, 0x94, 0x00, 0x94, 0x00, 0x00, 0x00, 0x00, 0x08, 0x00, 0x00, 0x00, 0xe2, 0x0e, 0x00,
    0x3c, 0x72, 0x64, 0x30, 0x6c, 0x00, 0x00, 0x00, 0x64, 0x18, 0x04, 0x00, 0x00, 0xe2, 0x2f, 0x00,
    0x20, 0x72, 0x51, 0x1c, 0x51, 0x00, 0x00, 0x00, 0x00, 0x00, 0x40, 0x00, 0x00, 0xe2, 0x0f, 0x04,
    0x20, 0x72, 0x52, 0x1b, 0x52, 0x00, 0x00, 0x00, 0x00, 0x00, 0x40, 0x00, 0x00, 0xe2, 0x0f, 0x04,
    0x20, 0x72, 0x53, 0x1b, 0x53, 0x00, 0x00, 0x00, 0x00, 0x00, 0x40, 0x00, 0x00, 0xe2, 0x0f, 0x04,
    0x20, 0x72, 0x60, 0x1c, 0x60, 0x00, 0x00, 0x00, 0x00, 0x00, 0x40, 0x00, 0x00, 0xe2, 0x0f, 0x04,
    0x20, 0x72, 0x61, 0x1c, 0x61, 0x00, 0x00, 0x00, 0x00, 0x00, 0x40, 0x00, 0x00, 0xe2, 0x0f, 0x04,
    0x20, 0x72, 0x62, 0x1b, 0x62, 0x00, 0x00, 0x00, 0x00, 0x00, 0x40, 0x00, 0x00, 0xe2, 0x0f, 0x04,
    0x08, 0x73, 0x9d, 0x00, 0xb9, 0x00, 0x00, 0x00, 0x00, 0x08, 0x00, 0x00, 0x00, 0x62, 0x0e, 0x00,
    0x20, 0x72, 0x63, 0x1b, 0x63, 0x00, 0x00, 0x00, 0x00, 0x00, 0x40, 0x00, 0x00, 0xe2, 0x0f, 0x04,
    0x20, 0x72, 0x34, 0x1c, 0x34, 0x00, 0x00, 0x00, 0x00, 0x00, 0x40, 0x00, 0x00, 0xe2, 0x0f, 0x04,
    0x20, 0x72, 0x35, 0x1c, 0x35, 0x00, 0x00, 0x00, 0x00, 0x00, 0x40, 0x00, 0x00, 0xe2, 0x0f, 0x04,
    0x20, 0x72, 0x36, 0x1b, 0x36, 0x00, 0x00, 0x00, 0x00, 0x00, 0x40, 0x00, 0x00, 0xe2, 0x0f, 0x04,
    0x20, 0x72, 0x37, 0x1b, 0x37, 0x00, 0x00, 0x00, 0x00, 0x00, 0x40, 0x00, 0x00, 0xe2, 0x0f, 0x04,
    0x20, 0x72, 0x2c, 0x1c, 0x2c, 0x00, 0x00, 0x00, 0x00, 0x00, 0x40, 0x00, 0x00, 0xe2, 0x0f, 0x04,
    0x20, 0x72, 0x2d, 0x1c, 0x2d, 0x00, 0x00, 0x00, 0x00, 0x00, 0x40, 0x00, 0x00, 0xe2, 0x0f, 0x00,
    0x08, 0x73, 0x8c, 0x00, 0x8c, 0x00, 0x00, 0x00, 0x00, 0x08, 0x00, 0x00, 0x00, 0x22, 0x0f, 0x00,
    0x3c, 0x72, 0x38, 0x30, 0x6e, 0x00, 0x00, 0x00, 0x38, 0x18, 0x04, 0x00, 0x00, 0xe2, 0x0f, 0x00,
    0x3b, 0x78, 0x6c, 0x15, 0x00, 0x00, 0xa8, 0x00, 0x00, 0x42, 0x00, 0x00, 0x00, 0x62, 0x0f, 0x00,
    0x20, 0x72, 0x2e, 0x1b, 0x2e, 0x00, 0x00, 0x00, 0x00, 0x00, 0x40, 0x00, 0x00, 0xe2, 0x0f, 0x04,
    0x20, 0x72, 0x2f, 0x1b, 0x2f, 0x00, 0x00, 0x00, 0x00, 0x00, 0x40, 0x00, 0x00, 0xe2, 0x0f, 0x00,
    0x21, 0x72, 0xa3, 0x08, 0xa3, 0x00, 0x00, 0x00, 0x00, 0x01, 0x00, 0x00, 0x00, 0xe2, 0x0f, 0x04,
    0x21, 0x72, 0xad, 0x08, 0xad, 0x00, 0x00, 0x00, 0x00, 0x01, 0x00, 0x00, 0x00, 0xe2, 0x0f, 0x00,
    0x21, 0x72, 0x9f, 0x0e, 0x9f, 0x00, 0x00, 0x00, 0x00, 0x01, 0x00, 0x00, 0x00, 0xe2, 0x0f, 0x04,
    0x08, 0x73, 0xa9, 0x00, 0x68, 0x00, 0x00, 0x00, 0x00, 0x08, 0x00, 0x00, 0x00, 0x22, 0x0e, 0x00,
    0x21, 0x72, 0xaf, 0x0e, 0xaf, 0x00, 0x00, 0x00, 0x00, 0x01, 0x00, 0x00, 0x00, 0xe2, 0x0f, 0x04,
    0x21, 0x72, 0xa7, 0x0e, 0xa7, 0x00, 0x00, 0x00, 0x00, 0x01, 0x00, 0x00, 0x00, 0xe2, 0x0f, 0x04,
    0x21, 0x72, 0xab, 0x0e, 0xab, 0x00, 0x00, 0x00, 0x00, 0x01, 0x00, 0x00, 0x00, 0xe2, 0x0f, 0x00,
    0x3b, 0x78, 0x74, 0x17, 0x00, 0x00, 0x88, 0x00, 0x00, 0x42, 0x00, 0x00, 0x00, 0xe2, 0x0f, 0x00,
    0x08, 0x73, 0x8e, 0x00, 0x69, 0x00, 0x00, 0x00, 0x00, 0x08, 0x00, 0x00, 0x00, 0x22, 0x0e, 0x00,
    0x20, 0x78, 0xa1, 0xa1, 0x3b, 0xaa, 0xb8, 0x3f, 0x00, 0x00, 0x40, 0x00, 0x00, 0xe2, 0x0f, 0x00,
    0x20, 0x78, 0x96, 0xa5, 0x3b, 0xaa, 0xb8, 0x3f, 0x00, 0x00, 0x40, 0x00, 0x00, 0xe2, 0x0f, 0x00,
    0x20, 0xe2, 0xb3, 0xb3, 0xb3, 0x00, 0x00, 0x00, 0x00, 0x00, 0x40, 0x00, 0x00, 0xe2, 0x4f, 0x00,
    0x20, 0x82, 0x94, 0x94, 0x94, 0x00, 0x00, 0x00, 0x00, 0x00, 0x40, 0x00, 0x00, 0xe2, 0x8f, 0x00,
    0x20, 0x92, 0x9d, 0x9d, 0x9d, 0x00, 0x00, 0x00, 0x00, 0x00, 0x40, 0x00, 0x00, 0xe2, 0x2f, 0x00,
    0x0b, 0x78, 0x00, 0xa1, 0x00, 0x00, 0xfc, 0xc2, 0x00, 0xe0, 0xfc, 0x03, 0x00, 0xe2, 0x0f, 0x00,
    0x0b, 0x78, 0x00, 0x96, 0x00, 0x00, 0xfc, 0xc2, 0x00, 0xe0, 0xf0, 0x03, 0x00, 0xe2, 0x0f, 0x00,
    0x20, 0xa2, 0x8c, 0x8c, 0x8c, 0x00, 0x00, 0x00, 0x00, 0x00, 0x40, 0x00, 0x00, 0xe2, 0x0f, 0x01,
    0x20, 0xb2, 0xa9, 0xa9, 0xa9, 0x00, 0x00, 0x00, 0x00, 0x00, 0x40, 0x00, 0x00, 0xe2, 0x1f, 0x00,
    0x3c, 0x72, 0x4c, 0x30, 0x70, 0x00, 0x00, 0x00, 0x4c, 0x18, 0x04, 0x00, 0x00, 0xe2, 0x0f, 0x00,
    0x20, 0xd2, 0x8e, 0x8e, 0x8e, 0x00, 0x00, 0x00, 0x00, 0x00, 0x40, 0x00, 0x00, 0xd0, 0x0f, 0x00,
    0x20, 0xe8, 0xa1, 0xa1, 0x00, 0x00, 0x00, 0x3f, 0x00, 0x00, 0x40, 0x00, 0x00, 0xce, 0x0f, 0x00,
    0x3c, 0x72, 0x50, 0x30, 0x72, 0x00, 0x00, 0x00, 0x50, 0x18, 0x04, 0x00, 0x00, 0xe2, 0x0f, 0x00,
    0x20, 0x88, 0x96, 0x96, 0x00, 0x00, 0x00, 0x3f, 0x00, 0x00, 0x40, 0x00, 0x00, 0xe2, 0x0f, 0x00,
    0x08, 0x73, 0xa1, 0x00, 0xa1, 0x00, 0x00, 0x00, 0x00, 0x08, 0x00, 0x00, 0x00, 0x1c, 0x0e, 0x00,
    0x3c, 0x72, 0x60, 0x30, 0x6a, 0x00, 0x00, 0x00, 0x60, 0x18, 0x04, 0x00, 0x00, 0xe2, 0x0f, 0x00,
    0x08, 0x73, 0x96, 0x00, 0x96, 0x00, 0x00, 0x00, 0x00, 0x08, 0x00, 0x00, 0x00, 0x5e, 0x0e, 0x00,
    0x3c, 0x72, 0x34, 0x30, 0x7c, 0x00, 0x00, 0x00, 0x34, 0x18, 0x04, 0x00, 0x00, 0xde, 0x0f, 0x00,
    0x18, 0x79, 0x00, 0x00, 0x00, 0x00, 0x00, 0x00, 0x00, 0x00, 0x00, 0x00, 0x00, 0xe2, 0x0f, 0x00,
    0x3c, 0x72, 0x2c, 0x30, 0x7e, 0x00, 0x00, 0x00, 0x2c, 0x18, 0x04, 0x00, 0x00, 0xe2, 0x0f, 0x00,
    0x20, 0x78, 0xa3, 0xa3, 0x3b, 0xaa, 0xb8, 0x3f, 0x00, 0x00, 0x40, 0x00, 0x00, 0xe2, 0x0f, 0x00,
    0x20, 0x78, 0x98, 0xad, 0x3b, 0xaa, 0xb8, 0x3f, 0x00, 0x00, 0x40, 0x00, 0x00, 0xe2, 0x0f, 0x00,
    0x20, 0x78, 0xa5, 0x9f, 0x3b, 0xaa, 0xb8, 0x3f, 0x00, 0x00, 0x40, 0x00, 0x00, 0xe2, 0x0f, 0x00,
    0x20, 0x78, 0x9a, 0xaf, 0x3b, 0xaa, 0xb8, 0x3f, 0x00, 0x00, 0x40, 0x00, 0x00, 0xe2, 0x0f, 0x00,
    0x20, 0x78, 0xa7, 0xa7, 0x3b, 0xaa, 0xb8, 0x3f, 0x00, 0x00, 0x40, 0x00, 0x00, 0xe2, 0x0f, 0x00,
    0x20, 0x78, 0xab, 0xab, 0x3b, 0xaa, 0xb8, 0x3f, 0x00, 0x00, 0x40, 0x00, 0x00, 0xe2, 0x0f, 0x00,
    0x3b, 0x78, 0x70, 0x10, 0x00, 0x00, 0x88, 0x00, 0x00, 0x42, 0x00, 0x00, 0x00, 0xe2, 0x0f, 0x00,
    0x3e, 0x72, 0x30, 0x8a, 0x9b, 0x00, 0x00, 0x00, 0xff, 0x10, 0x00, 0x00, 0x00, 0xe4, 0x0f, 0x00,
    0x3e, 0x72, 0x31, 0x8e, 0xa9, 0x00, 0x00, 0x00, 0xff, 0x10, 0x00, 0x00, 0x00, 0xe2, 0x0f, 0x00,
    0x3b, 0x78, 0x68, 0x1a, 0x00, 0x00, 0xa8, 0x00, 0x00, 0x42, 0x00, 0x00, 0x00, 0xe2, 0x0f, 0x00,
    0x3e, 0x72, 0x32, 0x8c, 0x9d, 0x00, 0x00, 0x00, 0xff, 0x10, 0x00, 0x00, 0x00, 0xc4, 0x0f, 0x00,
    0x3e, 0x72, 0x33, 0x94, 0xb3, 0x00, 0x00, 0x00, 0xff, 0x10, 0x00, 0x00, 0x00, 0xe2, 0x0f, 0x00,
    0x20, 0xe2, 0xa1, 0xa1, 0xa1, 0x00, 0x00, 0x00, 0x00, 0x00, 0x40, 0x00, 0x00, 0xe2, 0x1f, 0x00,
    0x20, 0x82, 0x96, 0x96, 0x96, 0x00, 0x00, 0x00, 0x00, 0x00, 0x40, 0x00, 0x00, 0xe2, 0x2f, 0x00,
    0x21, 0x72, 0x99, 0x08, 0x99, 0x00, 0x00, 0x00, 0x00, 0x01, 0x00, 0x00, 0x00, 0xe2, 0x0f, 0x04,
    0x21, 0x72, 0x97, 0x08, 0x97, 0x00, 0x00, 0x00, 0x00, 0x01, 0x00, 0x00, 0x00, 0xe2, 0x0f, 0x00,
    0x3b, 0x78, 0x7c, 0x15, 0x00, 0x00, 0x90, 0x00, 0x00, 0x42, 0x00, 0x00, 0x00, 0xe4, 0x0f, 0x00,
    0x3c, 0x72, 0x24, 0x30, 0x80, 0x00, 0x00, 0x00, 0x24, 0x18, 0x04, 0x00, 0x00, 0xde, 0x0f, 0x00,
    0x18, 0x79, 0x00, 0x00, 0x00, 0x00, 0x00, 0x00, 0x00, 0x00, 0x00, 0x00, 0x00, 0xe2, 0x0f, 0x00,
    0x3c, 0x72, 0x28, 0x30, 0x82, 0x00, 0x00, 0x00, 0x28, 0x18, 0x04, 0x00, 0x00, 0xe2, 0x0f, 0x00,
    0x3b, 0x78, 0x80, 0x10, 0x00, 0x00, 0xa8, 0x00, 0x00, 0x42, 0x00, 0x00, 0x00, 0x22, 0x0e, 0x00,
    0x0b, 0x78, 0x00, 0xa3, 0x00, 0x00, 0xfc, 0xc2, 0x00, 0xe0, 0xf2, 0x03, 0x00, 0xe2, 0x0f, 0x00,
    0x0b, 0x78, 0x00, 0x98, 0x00, 0x00, 0xfc, 0xc2, 0x00, 0xe0, 0xf4, 0x03, 0x00, 0xe2, 0x0f, 0x00,
    0x0b, 0x78, 0x00, 0xa5, 0x00, 0x00, 0xfc, 0xc2, 0x00, 0xe0, 0xf6, 0x03, 0x00, 0xe2, 0x0f, 0x00,
    0x0b, 0x78, 0x00, 0x9a, 0x00, 0x00, 0xfc, 0xc2, 0x00, 0xe0, 0xfa, 0x03, 0x00, 0xe2, 0x0f, 0x00,
    0x0b, 0x78, 0x00, 0xa7, 0x00, 0x00, 0xfc, 0xc2, 0x00, 0xe0, 0xfc, 0x03, 0x00, 0xd4, 0x0f, 0x00,
    0x3c, 0x72, 0x54, 0x30, 0x6c, 0x00, 0x00, 0x00, 0x54, 0x18, 0x04, 0x00, 0x00, 0xe2, 0x0f, 0x02,
    0x0b, 0x78, 0x00, 0xab, 0x00, 0x00, 0xfc, 0xc2, 0x00, 0xe0, 0xf0, 0x03, 0x00, 0xde, 0x0f, 0x00,
    0x3c, 0x72, 0x58, 0x30, 0x6e, 0x00, 0x00, 0x00, 0x58, 0x18, 0x04, 0x00, 0x00, 0xe2, 0x0f, 0x00,
    0x3b, 0x78, 0x6c, 0x17, 0x00, 0x00, 0xa8, 0x00, 0x00, 0x42, 0x00, 0x00, 0x00, 0x62, 0x0e, 0x00,
    0x20, 0x98, 0xa3, 0xa3, 0x00, 0x00, 0x00, 0x3f, 0x00, 0x00, 0x40, 0x00, 0x00, 0xe2, 0x0f, 0x00,
    0x20, 0xa8, 0x98, 0x98, 0x00, 0x00, 0x00, 0x3f, 0x00, 0x00, 0x40, 0x00, 0x00, 0xe2, 0x0f, 0x00,
    0x20, 0xb8, 0xa5, 0xa5, 0x00, 0x00, 0x00, 0x3f, 0x00, 0x00, 0x40, 0x00, 0x00, 0xe2, 0x0f, 0x00,
    0x20, 0xd8, 0x9a, 0x9a, 0x00, 0x00, 0x00, 0x3f, 0x00, 0x00, 0x40, 0x00, 0x00, 0xe2, 0x0f, 0x00,
    0x20, 0xe8, 0xa7, 0xa7, 0x00, 0x00, 0x00, 0x3f, 0x00, 0x00, 0x40, 0x00, 0x00, 0xe2, 0x0f, 0x00,
    0x20, 0x88, 0xab, 0xab, 0x00, 0x00, 0x00, 0x3f, 0x00, 0x00, 0x40, 0x00, 0x00, 0xd2, 0x0f, 0x00,
    0x3c, 0x72, 0x3c, 0x30, 0x78, 0x00, 0x00, 0x00, 0x3c, 0x18, 0x04, 0x00, 0x00, 0xe2, 0x0f, 0x00,
    0x08, 0x73, 0x9f, 0x00, 0xa3, 0x00, 0x00, 0x00, 0x00, 0x08, 0x00, 0x00, 0x00, 0x9e, 0x0e, 0x00,
    0x3c, 0x72, 0x40, 0x30, 0x7a, 0x00, 0x00, 0x00, 0x40, 0x18, 0x04, 0x00, 0x00, 0xe2, 0x0f, 0x00,
    0x3b, 0x78, 0x78, 0x1a, 0x00, 0x00, 0x90, 0x00, 0x00, 0x42, 0x00, 0x00, 0x00, 0xe2, 0x0e, 0x00,
    0x08, 0x73, 0x98, 0x00, 0x98, 0x00, 0x00, 0x00, 0x00, 0x08, 0x00, 0x00, 0x00, 0x22, 0x0f, 0x00,
    0x08, 0x73, 0xa5, 0x00, 0xa5, 0x00, 0x00, 0x00, 0x00, 0x08, 0x00, 0x00, 0x00, 0x5a, 0x0f, 0x00,
    0x3c, 0x72, 0x34, 0x30, 0x80, 0x00, 0x00, 0x00, 0x34, 0x18, 0x04, 0x00, 0x00, 0xe2, 0x1f, 0x00,
    0x08, 0x73, 0x9a, 0x00, 0x9a, 0x00, 0x00, 0x00, 0x00, 0x08, 0x00, 0x00, 0x00, 0x22, 0x0e, 0x00,
    0x08, 0x73, 0xa3, 0x00, 0xa7, 0x00, 0x00, 0x00, 0x00, 0x08, 0x00, 0x00, 0x00, 0x22, 0x0e, 0x00,
    0x08, 0x73, 0x80, 0x00, 0xab, 0x00, 0x00, 0x00, 0x00, 0x08, 0x00, 0x00, 0x00, 0xda, 0x0e, 0x00,
    0x3c, 0x72, 0x64, 0x30, 0x6c, 0x00, 0x00, 0x00, 0x64, 0x18, 0x04, 0x00, 0x00, 0xe2, 0x2f, 0x00,
    0x20, 0x92, 0x9f, 0x9f, 0x9f, 0x00, 0x00, 0x00, 0x00, 0x00, 0x40, 0x00, 0x00, 0xe2, 0x4f, 0x00,
    0x20, 0xa2, 0x98, 0x98, 0x98, 0x00, 0x00, 0x00, 0x00, 0x00, 0x40, 0x00, 0x00, 0xe2, 0x0f, 0x01,
    0x20, 0xb2, 0xa5, 0xa5, 0xa5, 0x00, 0x00, 0x00, 0x00, 0x00, 0x40, 0x00, 0x00, 0xe2, 0x0f, 0x02,
    0x20, 0xd2, 0x9a, 0x9a, 0x9a, 0x00, 0x00, 0x00, 0x00, 0x00, 0x40, 0x00, 0x00, 0xe2, 0x1f, 0x00,
    0x20, 0xe2, 0xa3, 0xa3, 0xa3, 0x00, 0x00, 0x00, 0x00, 0x00, 0x40, 0x00, 0x00, 0xd6, 0x0f, 0x00,
    0x3c, 0x72, 0x38, 0x30, 0x6e, 0x00, 0x00, 0x00, 0x38, 0x18, 0x04, 0x00, 0x00, 0xe2, 0x0f, 0x00,
    0x3b, 0x78, 0x6c, 0x15, 0x00, 0x00, 0xb0, 0x00, 0x00, 0x42, 0x00, 0x00, 0x00, 0x22, 0x0e, 0x00,
    0x20, 0x82, 0x80, 0x80, 0x80, 0x00, 0x00, 0x00, 0x00, 0x00, 0x40, 0x00, 0x00, 0xe2, 0x8f, 0x00,
    0x20, 0x78, 0x99, 0x99, 0x3b, 0xaa, 0xb8, 0x3f, 0x00, 0x00, 0x40, 0x00, 0x00, 0xda, 0x0f, 0x00,
    0x3c, 0x72, 0x44, 0x30, 0x74, 0x00, 0x00, 0x00, 0x44, 0x18, 0x04, 0x00, 0x00, 0xe2, 0x0f, 0x00,
    0x0b, 0x78, 0x00, 0x99, 0x00, 0x00, 0xfc, 0xc2, 0x00, 0xe0, 0xfc, 0x03, 0x00, 0xde, 0x0f, 0x00,
    0x3c, 0x72, 0x48, 0x30, 0x76, 0x00, 0x00, 0x00, 0x48, 0x18, 0x04, 0x00, 0x00, 0xde, 0x0f, 0x00,
    0x18, 0x79, 0x00, 0x00, 0x00, 0x00, 0x00, 0x00, 0x00, 0x00, 0x00, 0x00, 0x00, 0xe2, 0x0f, 0x00,
    0x3c, 0x72, 0x4c, 0x30, 0x70, 0x00, 0x00, 0x00, 0x4c, 0x18, 0x04, 0x00, 0x00, 0xde, 0x0f, 0x00,
    0x18, 0x79, 0x00, 0x00, 0x00, 0x00, 0x00, 0x00, 0x00, 0x00, 0x00, 0x00, 0x00, 0xe2, 0x0f, 0x00,
    0x3c, 0x72, 0x50, 0x30, 0x72, 0x00, 0x00, 0x00, 0x50, 0x18, 0x04, 0x00, 0x00, 0xe2, 0x0f, 0x00,
    0x3b, 0x78, 0x70, 0x10, 0x00, 0x00, 0x90, 0x00, 0x00, 0x42, 0x00, 0x00, 0x00, 0x5e, 0x0e, 0x00,
    0x3c, 0x72, 0x5c, 0x30, 0x68, 0x00, 0x00, 0x00, 0x5c, 0x18, 0x04, 0x00, 0x00, 0xde, 0x0f, 0x00,
    0x18, 0x79, 0x00, 0x00, 0x00, 0x00, 0x00, 0x00, 0x00, 0x00, 0x00, 0x00, 0x00, 0xe2, 0x0f, 0x00,
    0x3c, 0x72, 0x60, 0x30, 0x6a, 0x00, 0x00, 0x00, 0x60, 0x18, 0x04, 0x00, 0x00, 0xe2, 0x0f, 0x00,
    0x3b, 0x78, 0x68, 0x1a, 0x00, 0x00, 0xb0, 0x00, 0x00, 0x42, 0x00, 0x00, 0x00, 0x9e, 0x0e, 0x00,
    0x3c, 0x72, 0x2c, 0x30, 0x82, 0x00, 0x00, 0x00, 0x2c, 0x18, 0x04, 0x00, 0x00, 0xe2, 0x0f, 0x00,
    0x20, 0xe8, 0x99, 0x99, 0x00, 0x00, 0x00, 0x3f, 0x00, 0x00, 0x40, 0x00, 0x00, 0xe2, 0x0f, 0x00,
    0x3b, 0x78, 0x74, 0x17, 0x00, 0x00, 0x90, 0x00, 0x00, 0x42, 0x00, 0x00, 0x00, 0xec, 0x0e, 0x00,
    0x3e, 0x72, 0x30, 0x96, 0xa1, 0x00, 0x00, 0x00, 0xff, 0x10, 0x00, 0x00, 0x00, 0xe4, 0x0f, 0x00,
    0x3e, 0x72, 0x31, 0x9a, 0xa5, 0x00, 0x00, 0x00, 0xff, 0x10, 0x00, 0x00, 0x00, 0xc4, 0x0f, 0x00,
    0x3e, 0x72, 0x32, 0x98, 0x9f, 0x00, 0x00, 0x00, 0xff, 0x10, 0x00, 0x00, 0x00, 0xe4, 0x0f, 0x00,
    0x3e, 0x72, 0x33, 0x80, 0xa3, 0x00, 0x00, 0x00, 0xff, 0x10, 0x00, 0x00, 0x00, 0xce, 0x0f, 0x00,
    0x3c, 0x72, 0x3c, 0x30, 0x78, 0x00, 0x00, 0x00, 0x3c, 0x18, 0x04, 0x00, 0x00, 0xf0, 0x0f, 0x00,
    0x20, 0x78, 0x78, 0x97, 0x3b, 0xaa, 0xb8, 0x3f, 0x00, 0x00, 0x40, 0x00, 0x00, 0xca, 0x0f, 0x00,
    0x0b, 0x78, 0x00, 0x78, 0x00, 0x00, 0xfc, 0xc2, 0x00, 0xe0, 0xf0, 0x03, 0x00, 0xe2, 0x0f, 0x04,
    0x08, 0x73, 0x99, 0x00, 0x99, 0x00, 0x00, 0x00, 0x00, 0x08, 0x00, 0x00, 0x00, 0x24, 0x0f, 0x00,
    0x3c, 0x72, 0x54, 0x30, 0x6c, 0x00, 0x00, 0x00, 0x54, 0x18, 0x04, 0x00, 0x00, 0xf4, 0x1f, 0x00,
    0x20, 0x88, 0x78, 0x78, 0x00, 0x00, 0x00, 0x3f, 0x00, 0x00, 0x40, 0x00, 0x00, 0xcc, 0x0f, 0x00,
    0x3c, 0x72, 0x58, 0x30, 0x6e, 0x00, 0x00, 0x00, 0x58, 0x18, 0x04, 0x00, 0x00, 0xe2, 0x0f, 0x00,
    0x08, 0x73, 0x78, 0x00, 0x78, 0x00, 0x00, 0x00, 0x00, 0x08, 0x00, 0x00, 0x00, 0x22, 0x0e, 0x00,
    0x3b, 0x78, 0x6c, 0x17, 0x00, 0x00, 0xb0, 0x00, 0x00, 0x42, 0x00, 0x00, 0x00, 0x62, 0x0f, 0x00,
    0x21, 0x72, 0x95, 0x08, 0x95, 0x00, 0x00, 0x00, 0x00, 0x01, 0x00, 0x00, 0x00, 0xe2, 0x0f, 0x00,
    0x21, 0x72, 0x8d, 0x0e, 0x8d, 0x00, 0x00, 0x00, 0x00, 0x01, 0x00, 0x00, 0x00, 0xe2, 0x0f, 0x00,
    0x21, 0x72, 0x8f, 0x08, 0x8f, 0x00, 0x00, 0x00, 0x00, 0x01, 0x00, 0x00, 0x00, 0xe2, 0x0f, 0x00,
    0x21, 0x72, 0x8b, 0x0e, 0x8b, 0x00, 0x00, 0x00, 0x00, 0x01, 0x00, 0x00, 0x00, 0xe2, 0x0f, 0x04,
    0x21, 0x72, 0x89, 0x0e, 0x89, 0x00, 0x00, 0x00, 0x00, 0x01, 0x00, 0x00, 0x00, 0xe2, 0x0f, 0x04,
    0x21, 0x72, 0x87, 0x0e, 0x87, 0x00, 0x00, 0x00, 0x00, 0x01, 0x00, 0x00, 0x00, 0xe2, 0x0f, 0x00,
    0x20, 0x78, 0x95, 0x95, 0x3b, 0xaa, 0xb8, 0x3f, 0x00, 0x00, 0x40, 0x00, 0x00, 0xe2, 0x0f, 0x00,
    0x20, 0x78, 0x8d, 0x8d, 0x3b, 0xaa, 0xb8, 0x3f, 0x00, 0x00, 0x40, 0x00, 0x00, 0xe2, 0x0f, 0x00,
    0x20, 0x78, 0x8f, 0x8f, 0x3b, 0xaa, 0xb8, 0x3f, 0x00, 0x00, 0x40, 0x00, 0x00, 0xe2, 0x0f, 0x00,
    0x20, 0x78, 0x8b, 0x8b, 0x3b, 0xaa, 0xb8, 0x3f, 0x00, 0x00, 0x40, 0x00, 0x00, 0xe2, 0x0f, 0x00,
    0x20, 0x78, 0x89, 0x89, 0x3b, 0xaa, 0xb8, 0x3f, 0x00, 0x00, 0x40, 0x00, 0x00, 0xe2, 0x0f, 0x00,
    0x20, 0x78, 0x87, 0x87, 0x3b, 0xaa, 0xb8, 0x3f, 0x00, 0x00, 0x40, 0x00, 0x00, 0xe2, 0x0f, 0x00,
    0x0b, 0x78, 0x00, 0x95, 0x00, 0x00, 0xfc, 0xc2, 0x00, 0xe0, 0xf2, 0x03, 0x00, 0xe2, 0x0f, 0x00,
    0x3c, 0x72, 0x4c, 0x30, 0x70, 0x00, 0x00, 0x00, 0x4c, 0x18, 0x04, 0x00, 0x00, 0xe2, 0x2f, 0x00,
    0x0b, 0x78, 0x00, 0x8d, 0x00, 0x00, 0xfc, 0xc2, 0x00, 0xe0, 0xf6, 0x03, 0x00, 0xe2, 0x0f, 0x00,
    0x20, 0xe2, 0x99, 0x99, 0x99, 0x00, 0x00, 0x00, 0x00, 0x00, 0x40, 0x00, 0x00, 0xe2, 0x0f, 0x01,
    0x20, 0x82, 0x78, 0x78, 0x78, 0x00, 0x00, 0x00, 0x00, 0x00, 0x40, 0x00, 0x00, 0xe2, 0x1f, 0x00,
    0x0b, 0x78, 0x00, 0x8f, 0x00, 0x00, 0xfc, 0xc2, 0x00, 0xe0, 0xf4, 0x03, 0x00, 0xe2, 0x0f, 0x00,
    0x0b, 0x78, 0x00, 0x8b, 0x00, 0x00, 0xfc, 0xc2, 0x00, 0xe0, 0xfa, 0x03, 0x00, 0xe2, 0x0f, 0x00,
    0x0b, 0x78, 0x00, 0x89, 0x00, 0x00, 0xfc, 0xc2, 0x00, 0xe0, 0xfc, 0x03, 0x00, 0xe2, 0x0f, 0x00,
    0x0b, 0x78, 0x00, 0x87, 0x00, 0x00, 0xfc, 0xc2, 0x00, 0xe0, 0xf0, 0x03, 0x00, 0xd2, 0x0f, 0x00,
    0x3c, 0x72, 0x50, 0x30, 0x72, 0x00, 0x00, 0x00, 0x50, 0x18, 0x04, 0x00, 0x00, 0xe2, 0x0f, 0x00,
    0x3b, 0x78, 0x70, 0x10, 0x00, 0x00, 0xb0, 0x00, 0x00, 0x42, 0x00, 0x00, 0x00, 0x22, 0x0e, 0x00,
    0x20, 0x98, 0x95, 0x95, 0x00, 0x00, 0x00, 0x3f, 0x00, 0x00, 0x40, 0x00, 0x00, 0xe2, 0x0f, 0x00,
    0x20, 0xb8, 0x8d, 0x8d, 0x00, 0x00, 0x00, 0x3f, 0x00, 0x00, 0x40, 0x00, 0x00, 0xe2, 0x0f, 0x00,
    0x20, 0xa8, 0x8f, 0x8f, 0x00, 0x00, 0x00, 0x3f, 0x00, 0x00, 0x40, 0x00, 0x00, 0xe2, 0x0f, 0x00,
    0x20, 0xd8, 0x8b, 0x8b, 0x00, 0x00, 0x00, 0x3f, 0x00, 0x00, 0x40, 0x00, 0x00, 0xe2, 0x0f, 0x00,
    0x20, 0xe8, 0x89, 0x89, 0x00, 0x00, 0x00, 0x3f, 0x00, 0x00, 0x40, 0x00, 0x00, 0xe2, 0x0f, 0x00,
    0x20, 0x88, 0x87, 0x87, 0x00, 0x00, 0x00, 0x3f, 0x00, 0x00, 0x40, 0x00, 0x00, 0xd2, 0x0f, 0x00,
    0x3c, 0x72, 0x5c, 0x30, 0x68, 0x00, 0x00, 0x00, 0x5c, 0x18, 0x04, 0x00, 0x00, 0xe2, 0x4f, 0x00,
    0x08, 0x73, 0x95, 0x00, 0x95, 0x00, 0x00, 0x00, 0x00, 0x08, 0x00, 0x00, 0x00, 0x5e, 0x0e, 0x00,
    0x3c, 0x72, 0x60, 0x30, 0x6a, 0x00, 0x00, 0x00, 0x60, 0x18, 0x04, 0x00, 0x00, 0xe2, 0x0f, 0x00,
    0x3b, 0x78, 0x68, 0x1a, 0x00, 0x00, 0x98, 0x00, 0x00, 0x42, 0x00, 0x00, 0x00, 0xa2, 0x0e, 0x00,
    0x08, 0x73, 0x8d, 0x00, 0x8d, 0x00, 0x00, 0x00, 0x00, 0x08, 0x00, 0x00, 0x00, 0xe2, 0x0f, 0x00,
    0x21, 0x72, 0x04, 0xff, 0x04, 0x00, 0x00, 0x00, 0x00, 0x00, 0x00, 0x00, 0x00, 0xe2, 0x0f, 0x00,
    0x21, 0x72, 0x07, 0xff, 0x07, 0x00, 0x00, 0x00, 0x00, 0x00, 0x00, 0x00, 0x00, 0xe2, 0x0f, 0x00,
    0x08, 0x73, 0x79, 0x00, 0x87, 0x00, 0x00, 0x00, 0x00, 0x08, 0x00, 0x00, 0x00, 0xf6, 0x0f, 0x00,
    0x3c, 0x72, 0x24, 0x30, 0x7c, 0x00, 0x00, 0x00, 0x24, 0x18, 0x04, 0x00, 0x00, 0xe2, 0x0f, 0x00,
    0x08, 0x73, 0x7c, 0x00, 0x8f, 0x00, 0x00, 0x00, 0x00, 0x08, 0x00, 0x00, 0x00, 0x22, 0x0f, 0x00,
    0x21, 0x72, 0x04, 0x05, 0x04, 0x00, 0x00, 0x00, 0x00, 0x00, 0x00, 0x00, 0x00, 0xe2, 0x0f, 0x00,
    0x21, 0x72, 0x06, 0x06, 0x07, 0x00, 0x00, 0x00, 0x00, 0x00, 0x00, 0x00, 0x00, 0xda, 0x0f, 0x00,
    0x3c, 0x72, 0x40, 0x30, 0x7a, 0x00, 0x00, 0x00, 0x40, 0x18, 0x04, 0x00, 0x00, 0xe2, 0x0f, 0x00,
    0x08, 0x73, 0x7a, 0x00, 0x8b, 0x00, 0x00, 0x00, 0x00, 0x08, 0x00, 0x00, 0x00, 0x1e, 0x0e, 0x00,
    0x3c, 0x72, 0x44, 0x30, 0x74, 0x00, 0x00, 0x00, 0x44, 0x18, 0x04, 0x00, 0x00, 0xe2, 0x8f, 0x00,
    0x08, 0x73, 0x74, 0x00, 0x89, 0x00, 0x00, 0x00, 0x00, 0x08, 0x00, 0x00, 0x00, 0xe2, 0x0e, 0x00,
    0x21, 0x72, 0x04, 0x9b, 0x04, 0x00, 0x00, 0x00, 0x00, 0x00, 0x00, 0x00, 0x00, 0xe2, 0x0f, 0x00,
    0x21, 0x72, 0x06, 0xa9, 0x06, 0x00, 0x00, 0x00, 0x00, 0x00, 0x00, 0x00, 0x00, 0xda, 0x0f, 0x00,
    0x3c, 0x72, 0x64, 0x30, 0x6c, 0x00, 0x00, 0x00, 0x64, 0x18, 0x04, 0x00, 0x00, 0xe2, 0x0f, 0x02,
    0x20, 0x92, 0x95, 0x95, 0x95, 0x00, 0x00, 0x00, 0x00, 0x00, 0x40, 0x00, 0x00, 0xe2, 0x2f, 0x00,
    0x20, 0xa2, 0x7c, 0x7c, 0x7c, 0x00, 0x00, 0x00, 0x00, 0x00, 0x40, 0x00, 0x00, 0xe2, 0x0f, 0x01,
    0x20, 0xb2, 0x8d, 0x8d, 0x8d, 0x00, 0x00, 0x00, 0x00, 0x00, 0x40, 0x00, 0x00, 0xda, 0x0f, 0x00,
    0x3c, 0x72, 0x38, 0x30, 0x6e, 0x00, 0x00, 0x00, 0x38, 0x18, 0x04, 0x00, 0x00, 0xe2, 0x0f, 0x00,
    0x3b, 0x78, 0x6c, 0x15, 0x00, 0x00, 0x98, 0x00, 0x00, 0x42, 0x00, 0x00, 0x00, 0x62, 0x0e, 0x00,
    0x20, 0xd2, 0x7a, 0x7a, 0x7a, 0x00, 0x00, 0x00, 0x00, 0x00, 0x40, 0x00, 0x00, 0xe2, 0x1f, 0x00,
    0x20, 0xe2, 0x74, 0x74, 0x74, 0x00, 0x00, 0x00, 0x00, 0x00, 0x40, 0x00, 0x00, 0xe2, 0x8f, 0x00,
    0x20, 0x82, 0x79, 0x79, 0x79, 0x00, 0x00, 0x00, 0x00, 0x00, 0x40, 0x00, 0x00, 0xe2, 0x0f, 0x00,
    0x21, 0x72, 0x04, 0x9d, 0x04, 0x00, 0x00, 0x00, 0x00, 0x00, 0x00, 0x00, 0x00, 0xe2, 0x0f, 0x00,
    0x21, 0x72, 0x06, 0xb3, 0x06, 0x00, 0x00, 0x00, 0x00, 0x00, 0x00, 0x00, 0x00, 0xc6, 0x0f, 0x00,
    0x21, 0x72, 0x04, 0xa1, 0x04, 0x00, 0x00, 0x00, 0x00, 0x00, 0x00, 0x00, 0x00, 0xe2, 0x0f, 0x00,
    0x21, 0x72, 0x06, 0xa5, 0x06, 0x00, 0x00, 0x00, 0x00, 0x00, 0x00, 0x00, 0x00, 0xcc, 0x0f, 0x00,
    0x3c, 0x72, 0x28, 0x30, 0x7e, 0x00, 0x00, 0x00, 0x28, 0x18, 0x04, 0x00, 0x00, 0xe2, 0x0f, 0x00,
    0x21, 0x72, 0x04, 0x9f, 0x04, 0x00, 0x00, 0x00, 0x00, 0x00, 0x00, 0x00, 0x00, 0xe2, 0x0f, 0x00,
    0x21, 0x72, 0x06, 0xa3, 0x06, 0x00, 0x00, 0x00, 0x00, 0x00, 0x00, 0x00, 0x00, 0xdc, 0x0f, 0x00,
    0x3c, 0x72, 0x48, 0x30, 0x76, 0x00, 0x00, 0x00, 0x48, 0x18, 0x04, 0x00, 0x00, 0xde, 0x0f, 0x00,
    0x18, 0x79, 0x00, 0x00, 0x00, 0x00, 0x00, 0x00, 0x00, 0x00, 0x00, 0x00, 0x00, 0xe2, 0x0f, 0x00,
    0x3c, 0x72, 0x34, 0x30, 0x70, 0x00, 0x00, 0x00, 0x34, 0x18, 0x04, 0x00, 0x00, 0xde, 0x0f, 0x00,
    0x18, 0x79, 0x00, 0x00, 0x00, 0x00, 0x00, 0x00, 0x00, 0x00, 0x00, 0x00, 0x00, 0xe2, 0x0f, 0x00,
    0x3c, 0x72, 0x2c, 0x30, 0x72, 0x00, 0x00, 0x00, 0x2c, 0x18, 0x04, 0x00, 0x00, 0xe2, 0x0f, 0x00,
    0x3b, 0x78, 0x70, 0x1a, 0x00, 0x00, 0xb8, 0x00, 0x00, 0x42, 0x00, 0x00, 0x00, 0xee, 0x0f, 0x00,
    0x3e, 0x72, 0x30, 0x78, 0x99, 0x00, 0x00, 0x00, 0xff, 0x10, 0x00, 0x00, 0x00, 0xe4, 0x0f, 0x00,
    0x3e, 0x72, 0x31, 0x7a, 0x8d, 0x00, 0x00, 0x00, 0xff, 0x10, 0x00, 0x00, 0x00, 0xc4, 0x0f, 0x00,
    0x3e, 0x72, 0x32, 0x7c, 0x95, 0x00, 0x00, 0x00, 0xff, 0x10, 0x00, 0x00, 0x00, 0xe4, 0x0f, 0x00,
    0x3e, 0x72, 0x33, 0x79, 0x74, 0x00, 0x00, 0x00, 0xff, 0x10, 0x00, 0x00, 0x00, 0xe2, 0x0f, 0x00,
    0x21, 0x72, 0x8d, 0x8d, 0x06, 0x00, 0x00, 0x00, 0x00, 0x00, 0x00, 0x00, 0x00, 0xcc, 0x0f, 0x00,
    0x3c, 0x72, 0x3c, 0x30, 0x68, 0x00, 0x00, 0x00, 0x3c, 0x18, 0x04, 0x00, 0x00, 0xe2, 0x4f, 0x00,
    0x21, 0x72, 0x8d, 0x74, 0x8d, 0x00, 0x00, 0x00, 0x00, 0x00, 0x00, 0x00, 0x00, 0xe4, 0x0f, 0x00,
    0x3b, 0x78, 0x74, 0x15, 0x00, 0x00, 0xb8, 0x00, 0x00, 0x42, 0x00, 0x00, 0x00, 0xea, 0x0f, 0x00,
    0x21, 0x72, 0x68, 0x99, 0x04, 0x00, 0x00, 0x00, 0x00, 0x00, 0x00, 0x00, 0x00, 0xe4, 0x0f, 0x00,
    0x3b, 0x78, 0x04, 0x10, 0x00, 0x00, 0x98, 0x00, 0x00, 0x42, 0x00, 0x00, 0x00, 0x24, 0x0e, 0x00,
    0x21, 0x72, 0x68, 0x95, 0x68, 0x00, 0x00, 0x00, 0x00, 0x00, 0x00, 0x00, 0x00, 0xe2, 0x0f, 0x00,
    0x21, 0x72, 0x20, 0x20, 0x8d, 0x00, 0x00, 0x00, 0x00, 0x00, 0x00, 0x00, 0x00, 0xc6, 0x0f, 0x00,
    0x21, 0x72, 0x09, 0x09, 0x68, 0x00, 0x00, 0x00, 0x00, 0x00, 0x00, 0x00, 0x00, 0xe2, 0x0f, 0x00,
    0x21, 0x72, 0x1d, 0x1d, 0x20, 0x00, 0x00, 0x00, 0x00, 0x00, 0x00, 0x00, 0x00, 0xe2, 0x0f, 0x00,
    0x3c, 0x72, 0x24, 0x30, 0x6c, 0x00, 0x00, 0x00, 0x24, 0x18, 0x04, 0x00, 0x00, 0xe4, 0x2f, 0x00,
    0x21, 0x72, 0x09, 0x1e, 0x09, 0x00, 0x00, 0x00, 0x00, 0x00, 0x00, 0x00, 0x00, 0xe2, 0x0f, 0x00,
    0x21, 0x72, 0x1d, 0x8e, 0x1d, 0x00, 0x00, 0x00, 0x00, 0x00, 0x00, 0x00, 0x00, 0xc6, 0x0f, 0x00,
    0x21, 0x72, 0x09, 0x8a, 0x09, 0x00, 0x00, 0x00, 0x00, 0x00, 0x00, 0x00, 0x00, 0xe2, 0x0f, 0x00,
    0x21, 0x72, 0x1d, 0x94, 0x1d, 0x00, 0x00, 0x00, 0x00, 0x00, 0x00, 0x00, 0x00, 0xd2, 0x0f, 0x00,
    0x3c, 0x72, 0x28, 0x30, 0x6e, 0x00, 0x00, 0x00, 0x28, 0x18, 0x04, 0x00, 0x00, 0xe2, 0x0f, 0x00,
    0x3b, 0x78, 0x6c, 0x17, 0x00, 0x00, 0x98, 0x00, 0x00, 0x42, 0x00, 0x00, 0x00, 0x62, 0x0e, 0x00,
    0x21, 0x72, 0x09, 0x8c, 0x09, 0x00, 0x00, 0x00, 0x00, 0x00, 0x00, 0x00, 0x00, 0xe2, 0x0f, 0x00,
    0x21, 0x72, 0x1d, 0x9a, 0x1d, 0x00, 0x00, 0x00, 0x00, 0x00, 0x00, 0x00, 0x00, 0xc6, 0x0f, 0x00,
    0x21, 0x72, 0x09, 0x96, 0x09, 0x00, 0x00, 0x00, 0x00, 0x00, 0x00, 0x00, 0x00, 0xe2, 0x0f, 0x00,
    0x21, 0x72, 0x1d, 0x80, 0x1d, 0x00, 0x00, 0x00, 0x00, 0x00, 0x00, 0x00, 0x00, 0xc6, 0x0f, 0x00,
    0x21, 0x72, 0x09, 0x98, 0x09, 0x00, 0x00, 0x00, 0x00, 0x00, 0x00, 0x00, 0x00, 0xe2, 0x0f, 0x00,
    0x21, 0x72, 0x7a, 0x7a, 0x1d, 0x00, 0x00, 0x00, 0x00, 0x00, 0x00, 0x00, 0x00, 0xc6, 0x0f, 0x00,
    0x21, 0x72, 0x09, 0x78, 0x09, 0x00, 0x00, 0x00, 0x00, 0x00, 0x00, 0x00, 0x00, 0xe2, 0x0f, 0x00,
    0x21, 0x72, 0x7a, 0x79, 0x7a, 0x00, 0x00, 0x00, 0x00, 0x00, 0x00, 0x00, 0x00, 0xc6, 0x0f, 0x00,
    0x21, 0x72, 0x09, 0x7c, 0x09, 0x00, 0x00, 0x00, 0x00, 0x00, 0x00, 0x00, 0x00, 0xe2, 0x0f, 0x00,
    0x3c, 0x72, 0x4c, 0x30, 0x04, 0x00, 0x00, 0x00, 0x4c, 0x18, 0x04, 0x00, 0x00, 0xe2, 0x1f, 0x00,
    0x89, 0x7f, 0x05, 0x7a, 0x00, 0x1f, 0x40, 0x0c, 0x00, 0x00, 0x0e, 0x00, 0x00, 0xe8, 0x0f, 0x00,
    0x89, 0x7f, 0x04, 0x09, 0x00, 0x1f, 0x40, 0x0c, 0x00, 0x00, 0x0e, 0x00, 0x00, 0x36, 0x0e, 0x00,
    0x3c, 0x72, 0x40, 0x30, 0x6a, 0x00, 0x00, 0x00, 0x40, 0x18, 0x04, 0x00, 0x00, 0xe2, 0x0f, 0x00,
    0x3b, 0x78, 0x68, 0x10, 0x00, 0x00, 0xb8, 0x00, 0x00, 0x42, 0x00, 0x00, 0x00, 0xde, 0x0f, 0x00,
    0x3c, 0x72, 0x44, 0x30, 0x6c, 0x00, 0x00, 0x00, 0x44, 0x18, 0x04, 0x00, 0x00, 0xe2, 0x2f, 0x00,
    0x21, 0x72, 0x04, 0x09, 0x04, 0x00, 0x00, 0x00, 0x00, 0x00, 0x00, 0x00, 0x00, 0xde, 0x1f, 0x00,
    0x3c, 0x72, 0x48, 0x30, 0x6e, 0x00, 0x00, 0x00, 0x48, 0x18, 0x04, 0x00, 0x00, 0xe2, 0x0f, 0x00,
    0x3b, 0x78, 0x6c, 0x17, 0x00, 0x00, 0xb8, 0x00, 0x00, 0x42, 0x00, 0x00, 0x00, 0xde, 0x0f, 0x00,
    0x3c, 0x72, 0x50, 0x30, 0x06, 0x00, 0x00, 0x00, 0x50, 0x18, 0x04, 0x00, 0x00, 0xf0, 0x0f, 0x00,
    0x21, 0x72, 0x06, 0x7a, 0x05, 0x00, 0x00, 0x00, 0x00, 0x00, 0x00, 0x00, 0x00, 0xe4, 0x0f, 0x00,
    0x89, 0x7f, 0x05, 0x04, 0x00, 0x1f, 0x20, 0x0c, 0x00, 0x00, 0x0e, 0x00, 0x00, 0x28, 0x0e, 0x00,
    0x89, 0x7f, 0x07, 0x06, 0x00, 0x1f, 0x20, 0x0c, 0x00, 0x00, 0x0e, 0x00, 0x00, 0x62, 0x0e, 0x00,
    0x10, 0x78, 0x02, 0x02, 0x01, 0x00, 0x00, 0x00, 0xff, 0xe0, 0xff, 0x07, 0x00, 0xca, 0x0f, 0x00,
    0x0c, 0x72, 0x00, 0x02, 0xff, 0x00, 0x00, 0x00, 0x70, 0x52, 0xf0, 0x03, 0x00, 0xe2, 0x0f, 0x00,
    0x3c, 0x72, 0x54, 0x30, 0x74, 0x00, 0x00, 0x00, 0x54, 0x18, 0x04, 0x00, 0x00, 0xe2, 0x0f, 0x00,
    0x35, 0x78, 0xb0, 0xb0, 0x10, 0x00, 0x00, 0x00, 0x00, 0x02, 0x8e, 0x07, 0x00, 0xc6, 0x0f, 0x00,
    0x10, 0x78, 0x03, 0x03, 0x04, 0x00, 0x00, 0x00, 0xff, 0xe0, 0xff, 0x07, 0x00, 0xe4, 0x0f, 0x00,
    0x10, 0x78, 0x0f, 0x0f, 0x40, 0x00, 0x00, 0x00, 0xff, 0xe0, 0xff, 0x07, 0x00, 0xe4, 0x0f, 0x00,
    0x10, 0x78, 0x13, 0x13, 0x40, 0x00, 0x00, 0x00, 0xff, 0xe0, 0xff, 0x07, 0x00, 0xe2, 0x0f, 0x00,
    0x02, 0x72, 0x09, 0x00, 0x08, 0x00, 0x00, 0x00, 0x00, 0x0f, 0x00, 0x00, 0x00, 0xe2, 0x0f, 0x00,
    0x21, 0x72, 0x05, 0x04, 0x05, 0x00, 0x00, 0x00, 0x00, 0x00, 0x00, 0x00, 0x00, 0xe2, 0x1f, 0x00,
    0x21, 0x72, 0x1e, 0x06, 0x07, 0x00, 0x00, 0x00, 0x00, 0x00, 0x00, 0x00, 0x00, 0xca, 0x2f, 0x00,
    0x3c, 0x72, 0x58, 0x30, 0x76, 0x00, 0x00, 0x00, 0x58, 0x18, 0x04, 0x00, 0x00, 0xe2, 0x0f, 0x00,
    0x23, 0x72, 0x85, 0x1c, 0x85, 0x00, 0x00, 0x00, 0x05, 0x00, 0x00, 0x00, 0x00, 0xe2, 0x0f, 0x00,
    0x23, 0x72, 0x84, 0x1b, 0x84, 0x00, 0x00, 0x00, 0x1e, 0x00, 0x00, 0x00, 0x00, 0xe2, 0x0f, 0x00,
    0x02, 0x72, 0x1b, 0x00, 0x0e, 0x00, 0x00, 0x00, 0x00, 0x0f, 0x00, 0x00, 0x00, 0xda, 0x0f, 0x00,
    0x3c, 0x72, 0x5c, 0x30, 0x70, 0x00, 0x00, 0x00, 0x5c, 0x18, 0x04, 0x00, 0x00, 0xde, 0x0f, 0x00,
    0x18, 0x79, 0x00, 0x00, 0x00, 0x00, 0x00, 0x00, 0x00, 0x00, 0x00, 0x00, 0x00, 0xe2, 0x0f, 0x00,
    0x3c, 0x72, 0x60, 0x30, 0x72, 0x00, 0x00, 0x00, 0x60, 0x18, 0x04, 0x00, 0x00, 0xde, 0x0f, 0x00,
    0x18, 0x79, 0x00, 0x00, 0x00, 0x00, 0x00, 0x00, 0x00, 0x00, 0x00, 0x00, 0x00, 0xe2, 0x0f, 0x00,
    0x3c, 0x72, 0x64, 0x30, 0x6c, 0x00, 0x00, 0x00, 0x64, 0x18, 0x04, 0x00, 0x00, 0xde, 0x0f, 0x00,
    0x18, 0x79, 0x00, 0x00, 0x00, 0x00, 0x00, 0x00, 0x00, 0x00, 0x00, 0x00, 0x00, 0xe2, 0x0f, 0x00,
    0x3c, 0x72, 0x38, 0x30, 0x6e, 0x00, 0x00, 0x00, 0x38, 0x18, 0x04, 0x00, 0x00, 0xde, 0x0f, 0x00,
    0x18, 0x79, 0x00, 0x00, 0x00, 0x00, 0x00, 0x00, 0x00, 0x00, 0x00, 0x00, 0x00, 0xe2, 0x0f, 0x00,
    0x3c, 0x72, 0x34, 0x30, 0x68, 0x00, 0x00, 0x00, 0x34, 0x18, 0x04, 0x00, 0x00, 0xde, 0x0f, 0x00,
    0x18, 0x79, 0x00, 0x00, 0x00, 0x00, 0x00, 0x00, 0x00, 0x00, 0x00, 0x00, 0x00, 0xe2, 0x0f, 0x00,
    0x3c, 0x72, 0x2c, 0x30, 0x6a, 0x00, 0x00, 0x00, 0x2c, 0x18, 0x04, 0x00, 0x00, 0xe2, 0x0f, 0x00,
    0x18, 0x79, 0x00, 0x00, 0x00, 0x00, 0x00, 0x00, 0x00, 0x00, 0x00, 0x00, 0x00, 0xda, 0x0f, 0x00,
    0x47, 0x09, 0x8c, 0x00, 0xbc, 0xff, 0xff, 0xff, 0xff, 0xff, 0x83, 0x03, 0x00, 0xde, 0x0f, 0x00,
    0x35, 0x7c, 0x92, 0x92, 0x0a, 0x00, 0x00, 0x00, 0x00, 0x02, 0x8e, 0x0f, 0x00, 0xe4, 0x0f, 0x00,
    0x45, 0x79, 0x02, 0x00, 0x50, 0x02, 0x00, 0x00, 0x00, 0x02, 0x80, 0x03, 0x00, 0xe8, 0x0f, 0x00,
    0x47, 0x49, 0x8c, 0x00, 0x00, 0x00, 0x00, 0x00, 0x00, 0x00, 0x80, 0x03, 0x00, 0xea, 0x0f, 0x00,
    0x08, 0x73, 0x02, 0x00, 0x85, 0x00, 0x00, 0x00, 0x00, 0x10, 0x00, 0x00, 0x00, 0x22, 0x0e, 0x00,
    0x45, 0x79, 0x03, 0x00, 0xc0, 0x00, 0x00, 0x00, 0x00, 0x02, 0x80, 0x03, 0x00, 0xe2, 0x0f, 0x00,
    0x02, 0x73, 0x00, 0x24, 0x85, 0x00, 0x00, 0x00, 0x00, 0x00, 0x00, 0x00, 0x00, 0x62, 0x0e, 0x00,
    0x23, 0x74, 0x03, 0x02, 0x00, 0x00, 0x80, 0x3f, 0x85, 0x08, 0x00, 0x00, 0x00, 0xc8, 0x1f, 0x00,
    0x23, 0x72, 0x03, 0x02, 0x03, 0x00, 0x00, 0x00, 0x02, 0x00, 0x00, 0x00, 0x00, 0xc8, 0x0f, 0x00,
    0x23, 0x72, 0x05, 0x03, 0x24, 0x00, 0x00, 0x00, 0xff, 0x00, 0x00, 0x00, 0x00, 0xc8, 0x0f, 0x00,
    0x23, 0x72, 0x02, 0x05, 0x85, 0x00, 0x00, 0x80, 0x24, 0x00, 0x00, 0x00, 0x00, 0xc8, 0x0f, 0x00,
    0x23, 0x72, 0x05, 0x03, 0x02, 0x00, 0x00, 0x00, 0x05, 0x00, 0x00, 0x00, 0x00, 0xe2, 0x0f, 0x00,
    0x47, 0x89, 0x10, 0x00, 0x00, 0x00, 0x00, 0x00, 0x00, 0x00, 0x80, 0x03, 0x00, 0xec, 0x2f, 0x00,
    0x02, 0x72, 0x03, 0x00, 0x85, 0x00, 0x00, 0x00, 0x00, 0x0f, 0x00, 0x00, 0x00, 0xe2, 0x0f, 0x00,
    0x02, 0x78, 0x0a, 0x00, 0xc0, 0x5b, 0x00, 0x00, 0x00, 0x0f, 0x00, 0x00, 0x00, 0xce, 0x0f, 0x00,
    0x44, 0x79, 0xc4, 0x00, 0x4c, 0x00, 0x00, 0x00, 0x00, 0x00, 0xc0, 0x03, 0x00, 0xea, 0x0f, 0x00,
    0x02, 0x72, 0x05, 0x00, 0x08, 0x00, 0x00, 0x00, 0x00, 0x0f, 0x00, 0x00, 0x00, 0xce, 0x0f, 0x00,
    0x41, 0x79, 0x03, 0x00, 0x00, 0x00, 0x00, 0x00, 0x00, 0x02, 0x80, 0x03, 0x00, 0xea, 0x0f, 0x00,
    0x08, 0x73, 0x02, 0x00, 0x85, 0x00, 0x00, 0x00, 0x00, 0x10, 0x00, 0x00, 0x00, 0x22, 0x0e, 0x00,
    0x45, 0x79, 0x03, 0x00, 0xd0, 0x00, 0x00, 0x00, 0x00, 0x02, 0x80, 0x03, 0x00, 0xe2, 0x0f, 0x00,
    0x02, 0x73, 0x00, 0x25, 0x85, 0x00, 0x00, 0x00, 0x00, 0x00, 0x00, 0x00, 0x00, 0x62, 0x0e, 0x00,
    0x23, 0x74, 0x03, 0x02, 0x00, 0x00, 0x80, 0x3f, 0x85, 0x08, 0x00, 0x00, 0x00, 0xc8, 0x1f, 0x00,
    0x23, 0x72, 0x02, 0x02, 0x03, 0x00, 0x00, 0x00, 0x02, 0x00, 0x00, 0x00, 0x00, 0xc8, 0x0f, 0x00,
    0x23, 0x72, 0x04, 0x02, 0x25, 0x00, 0x00, 0x00, 0xff, 0x00, 0x00, 0x00, 0x00, 0xc8, 0x0f, 0x00,
    0x23, 0x72, 0x03, 0x04, 0x85, 0x00, 0x00, 0x80, 0x25, 0x00, 0x00, 0x00, 0x00, 0xc8, 0x0f, 0x00,
    0x23, 0x72, 0x02, 0x02, 0x03, 0x00, 0x00, 0x00, 0x04, 0x00, 0x00, 0x00, 0x00, 0xe2, 0x0f, 0x00,
    0x47, 0x89, 0x14, 0x00, 0x00, 0x00, 0x00, 0x00, 0x00, 0x00, 0x80, 0x03, 0x00, 0xec, 0x2f, 0x00,
    0x02, 0x72, 0x24, 0x00, 0x25, 0x00, 0x00, 0x00, 0x00, 0x0f, 0x00, 0x00, 0x00, 0xe2, 0x0f, 0x00,
    0x02, 0x72, 0x03, 0x00, 0x85, 0x00, 0x00, 0x00, 0x00, 0x0f, 0x00, 0x00, 0x00, 0xe2, 0x0f, 0x00,
    0x02, 0x78, 0x0a, 0x00, 0xb0, 0x5c, 0x00, 0x00, 0x00, 0x0f, 0x00, 0x00, 0x00, 0xce, 0x0f, 0x00,
    0x44, 0x79, 0x88, 0x00, 0x4c, 0x00, 0x00, 0x00, 0x00, 0x00, 0xc0, 0x03, 0x00, 0xea, 0x0f, 0x00,
    0x02, 0x72, 0x02, 0x00, 0x08, 0x00, 0x00, 0x00, 0x00, 0x0f, 0x00, 0x00, 0x00, 0xce, 0x0f, 0x00,
    0x41, 0x79, 0x03, 0x00, 0x00, 0x00, 0x00, 0x00, 0x00, 0x02, 0x80, 0x03, 0x00, 0xea, 0x0f, 0x00,
    0xac, 0x77, 0x04, 0xff, 0x80, 0x7c, 0x00, 0x00, 0x00, 0x08, 0x00, 0x08, 0x00, 0x22, 0x0e, 0x00,
    0x10, 0x72, 0x03, 0x0b, 0x88, 0x00, 0x00, 0x00, 0xff, 0xe0, 0xff, 0x07, 0x00, 0xe4, 0x0f, 0x00,
    0x3e, 0x72, 0x05, 0x02, 0x05, 0x00, 0x00, 0x00, 0xff, 0x10, 0x00, 0x00, 0x00, 0xc6, 0x0f, 0x00,
    0x0c, 0x7c, 0x00, 0x03, 0x04, 0x00, 0x00, 0x00, 0x70, 0x62, 0xf0, 0x0b, 0x00, 0xca, 0x1f, 0x00,
    0x0c, 0x72, 0x00, 0x03, 0xff, 0x00, 0x00, 0x00, 0x70, 0x16, 0x70, 0x00, 0x00, 0xda, 0x0f, 0x00,
    0x86, 0x89, 0x00, 0x92, 0x05, 0x00, 0x00, 0x00, 0x06, 0x19, 0x10, 0x0c, 0x00, 0xe4, 0x01, 0x00,
    0x41, 0x79, 0x02, 0x00, 0x00, 0x00, 0x00, 0x00, 0x00, 0x02, 0x80, 0x03, 0x00, 0xea, 0x0f, 0x00,
    0x10, 0x78, 0x05, 0x0b, 0x08, 0x00, 0x00, 0x00, 0xff, 0xe0, 0xff, 0x07, 0x00, 0xe2, 0x1f, 0x00,
    0x45, 0x79, 0x02, 0x00, 0x70, 0x02, 0x00, 0x00, 0x00, 0x02, 0x80, 0x03, 0x00, 0xe8, 0x0f, 0x00,
    0x0c, 0x72, 0x00, 0x05, 0x00, 0x00, 0x00, 0x00, 0x70, 0x62, 0xf0, 0x03, 0x00, 0xda, 0x0f, 0x00,
    0x47, 0x09, 0x90, 0x00, 0x00, 0x00, 0x00, 0x00, 0x00, 0x00, 0x80, 0x03, 0x00, 0xea, 0x0f, 0x00,
    0x08, 0x73, 0x03, 0x00, 0x84, 0x00, 0x00, 0x00, 0x00, 0x10, 0x00, 0x00, 0x00, 0x22, 0x0e, 0x00,
    0x45, 0x79, 0x03, 0x00, 0xd0, 0x00, 0x00, 0x00, 0x00, 0x02, 0x80, 0x03, 0x00, 0xe2, 0x0f, 0x00,
    0x02, 0x73, 0x00, 0x26, 0x84, 0x00, 0x00, 0x00, 0x00, 0x00, 0x00, 0x00, 0x00, 0x62, 0x0e, 0x00,
    0x23, 0x74, 0x02, 0x03, 0x00, 0x00, 0x80, 0x3f, 0x84, 0x08, 0x00, 0x00, 0x00, 0xc8, 0x1f, 0x00,
    0x23, 0x72, 0x03, 0x03, 0x02, 0x00, 0x00, 0x00, 0x03, 0x00, 0x00, 0x00, 0x00, 0xc8, 0x0f, 0x00,
    0x23, 0x72, 0x07, 0x03, 0x26, 0x00, 0x00, 0x00, 0xff, 0x00, 0x00, 0x00, 0x00, 0xc8, 0x0f, 0x00,
    0x23, 0x72, 0x02, 0x07, 0x84, 0x00, 0x00, 0x80, 0x26, 0x00, 0x00, 0x00, 0x00, 0xc8, 0x0f, 0x00,
    0x23, 0x72, 0x07, 0x03, 0x02, 0x00, 0x00, 0x00, 0x07, 0x00, 0x00, 0x00, 0x00, 0xe2, 0x0f, 0x00,
    0x47, 0x89, 0x14, 0x00, 0x00, 0x00, 0x00, 0x00, 0x00, 0x00, 0x80, 0x03, 0x00, 0xec, 0x2f, 0x00,
    0x02, 0x72, 0x24, 0x00, 0x26, 0x00, 0x00, 0x00, 0x00, 0x0f, 0x00, 0x00, 0x00, 0xe2, 0x0f, 0x00,
    0x02, 0x72, 0x03, 0x00, 0x84, 0x00, 0x00, 0x00, 0x00, 0x0f, 0x00, 0x00, 0x00, 0xe2, 0x0f, 0x00,
    0x02, 0x78, 0x0a, 0x00, 0x50, 0x5e, 0x00, 0x00, 0x00, 0x0f, 0x00, 0x00, 0x00, 0xce, 0x0f, 0x00,
    0x44, 0x79, 0x20, 0x00, 0x4c, 0x00, 0x00, 0x00, 0x00, 0x00, 0xc0, 0x03, 0x00, 0xea, 0x0f, 0x00,
    0x02, 0x72, 0x07, 0x00, 0x08, 0x00, 0x00, 0x00, 0x00, 0x0f, 0x00, 0x00, 0x00, 0xce, 0x0f, 0x00,
    0x41, 0x79, 0x03, 0x00, 0x00, 0x00, 0x00, 0x00, 0x00, 0x02, 0x80, 0x03, 0x00, 0xea, 0x0f, 0x00,
    0x08, 0x73, 0x03, 0x00, 0x84, 0x00, 0x00, 0x00, 0x00, 0x10, 0x00, 0x00, 0x00, 0x22, 0x0e, 0x00,
    0x45, 0x79, 0x03, 0x00, 0xd0, 0x00, 0x00, 0x00, 0x00, 0x02, 0x80, 0x03, 0x00, 0xe2, 0x0f, 0x00,
    0x02, 0x73, 0x00, 0x27, 0x84, 0x00, 0x00, 0x00, 0x00, 0x00, 0x00, 0x00, 0x00, 0x62, 0x0e, 0x00,
    0x23, 0x74, 0x02, 0x03, 0x00, 0x00, 0x80, 0x3f, 0x84, 0x08, 0x00, 0x00, 0x00, 0xc8, 0x1f, 0x00,
    0x23, 0x72, 0x02, 0x03, 0x02, 0x00, 0x00, 0x00, 0x03, 0x00, 0x00, 0x00, 0x00, 0xc8, 0x0f, 0x00,
    0x23, 0x72, 0x04, 0x02, 0x27, 0x00, 0x00, 0x00, 0xff, 0x00, 0x00, 0x00, 0x00, 0xc8, 0x0f, 0x00,
    0x23, 0x72, 0x03, 0x04, 0x84, 0x00, 0x00, 0x80, 0x27, 0x00, 0x00, 0x00, 0x00, 0xc8, 0x0f, 0x00,
    0x23, 0x72, 0x02, 0x02, 0x03, 0x00, 0x00, 0x00, 0x04, 0x00, 0x00, 0x00, 0x00, 0xe2, 0x0f, 0x00,
    0x47, 0x89, 0x14, 0x00, 0x00, 0x00, 0x00, 0x00, 0x00, 0x00, 0x80, 0x03, 0x00, 0xec, 0x2f, 0x00,
    0x02, 0x72, 0x24, 0x00, 0x27, 0x00, 0x00, 0x00, 0x00, 0x0f, 0x00, 0x00, 0x00, 0xe2, 0x0f, 0x00,
    0x02, 0x72, 0x03, 0x00, 0x84, 0x00, 0x00, 0x00, 0x00, 0x0f, 0x00, 0x00, 0x00, 0xe2, 0x0f, 0x00,
    0x02, 0x78, 0x0a, 0x00, 0x40, 0x5f, 0x00, 0x00, 0x00, 0x0f, 0x00, 0x00, 0x00, 0xce, 0x0f, 0x00,
    0x44, 0x79, 0xe4, 0x00, 0x48, 0x00, 0x00, 0x00, 0x00, 0x00, 0xc0, 0x03, 0x00, 0xea, 0x0f, 0x00,
    0x02, 0x72, 0x02, 0x00, 0x08, 0x00, 0x00, 0x00, 0x00, 0x0f, 0x00, 0x00, 0x00, 0xce, 0x0f, 0x00,
    0x41, 0x79, 0x03, 0x00, 0x00, 0x00, 0x00, 0x00, 0x00, 0x02, 0x80, 0x03, 0x00, 0xea, 0x0f, 0x00,
    0xac, 0x77, 0x04, 0xff, 0x80, 0x7c, 0x00, 0x00, 0x00, 0x08, 0x00, 0x08, 0x00, 0x22, 0x0e, 0x00,
    0x10, 0x72, 0x03, 0x05, 0x88, 0x00, 0x00, 0x00, 0xff, 0xe0, 0xff, 0x07, 0x00, 0xe4, 0x0f, 0x00,
    0x3e, 0x72, 0x07, 0x02, 0x07, 0x00, 0x00, 0x00, 0xff, 0x10, 0x00, 0x00, 0x00, 0xc6, 0x0f, 0x00,
    0x0c, 0x7c, 0x00, 0x03, 0x04, 0x00, 0x00, 0x00, 0x70, 0x62, 0xf0, 0x0b, 0x00, 0xca, 0x1f, 0x00,
    0x0c, 0x72, 0x00, 0x03, 0xff, 0x00, 0x00, 0x00, 0x70, 0x16, 0x70, 0x00, 0x00, 0xda, 0x0f, 0x00,
    0x86, 0x89, 0x00, 0x92, 0x07, 0x00, 0x40, 0x01, 0x06, 0x19, 0x10, 0x0c, 0x00, 0xe4, 0x01, 0x00,
    0x41, 0x79, 0x02, 0x00, 0x00, 0x00, 0x00, 0x00, 0x00, 0x02, 0x80, 0x03, 0x00, 0xea, 0x0f, 0x00,
    0x0c, 0x72, 0x00, 0x0b, 0x00, 0x00, 0x00, 0x00, 0x70, 0x62, 0xf0, 0x03, 0x00, 0xe2, 0x0f, 0x00,
    0x45, 0x79, 0x02, 0x00, 0x60, 0x02, 0x00, 0x00, 0x00, 0x02, 0x80, 0x03, 0x00, 0xd8, 0x0f, 0x00,
    0x47, 0x09, 0x90, 0x00, 0x00, 0x00, 0x00, 0x00, 0x00, 0x00, 0x80, 0x03, 0x00, 0xea, 0x0f, 0x00,
    0x08, 0x73, 0x02, 0x00, 0x85, 0x00, 0x00, 0x00, 0x00, 0x10, 0x00, 0x00, 0x00, 0x62, 0x0e, 0x00,
    0x45, 0x79, 0x03, 0x00, 0xd0, 0x00, 0x00, 0x00, 0x00, 0x02, 0x80, 0x03, 0x00, 0xe2, 0x0f, 0x00,
    0x02, 0x73, 0x00, 0x28, 0x85, 0x00, 0x00, 0x00, 0x00, 0x00, 0x00, 0x00, 0x00, 0xa2, 0x0e, 0x00,
    0x23, 0x74, 0x03, 0x02, 0x00, 0x00, 0x80, 0x3f, 0x85, 0x08, 0x00, 0x00, 0x00, 0xc8, 0x2f, 0x00,
    0x23, 0x72, 0x03, 0x02, 0x03, 0x00, 0x00, 0x00, 0x02, 0x00, 0x00, 0x00, 0x00, 0xc8, 0x0f, 0x00,
    0x23, 0x72, 0x07, 0x03, 0x28, 0x00, 0x00, 0x00, 0xff, 0x00, 0x00, 0x00, 0x00, 0xc8, 0x1f, 0x00,
    0x23, 0x72, 0x02, 0x07, 0x85, 0x00, 0x00, 0x80, 0x28, 0x00, 0x00, 0x00, 0x00, 0xc8, 0x0f, 0x00,
    0x23, 0x72, 0x07, 0x03, 0x02, 0x00, 0x00, 0x00, 0x07, 0x00, 0x00, 0x00, 0x00, 0xe2, 0x0f, 0x00,
    0x47, 0x89, 0x14, 0x00, 0x00, 0x00, 0x00, 0x00, 0x00, 0x00, 0x80, 0x03, 0x00, 0xec, 0x4f, 0x00,
    0x02, 0x72, 0x24, 0x00, 0x28, 0x00, 0x00, 0x00, 0x00, 0x0f, 0x00, 0x00, 0x00, 0xe2, 0x0f, 0x00,
    0x02, 0x72, 0x03, 0x00, 0x85, 0x00, 0x00, 0x00, 0x00, 0x0f, 0x00, 0x00, 0x00, 0xe2, 0x0f, 0x00,
    0x02, 0x78, 0x0a, 0x00, 0xd0, 0x60, 0x00, 0x00, 0x00, 0x0f, 0x00, 0x00, 0x00, 0xce, 0x0f, 0x00,
    0x44, 0x79, 0x80, 0x00, 0x48, 0x00, 0x00, 0x00, 0x00, 0x00, 0xc0, 0x03, 0x00, 0xea, 0x0f, 0x00,
    0x02, 0x72, 0x07, 0x00, 0x08, 0x00, 0x00, 0x00, 0x00, 0x0f, 0x00, 0x00, 0x00, 0xce, 0x0f, 0x00,
    0x41, 0x79, 0x03, 0x00, 0x00, 0x00, 0x00, 0x00, 0x00, 0x02, 0x80, 0x03, 0x00, 0xea, 0x0f, 0x00,
    0x08, 0x73, 0x02, 0x00, 0x85, 0x00, 0x00, 0x00, 0x00, 0x10, 0x00, 0x00, 0x00, 0x22, 0x0e, 0x00,
    0x45, 0x79, 0x03, 0x00, 0xd0, 0x00, 0x00, 0x00, 0x00, 0x02, 0x80, 0x03, 0x00, 0xe2, 0x0f, 0x00,
    0x02, 0x73, 0x00, 0x29, 0x85, 0x00, 0x00, 0x00, 0x00, 0x00, 0x00, 0x00, 0x00, 0x62, 0x0e, 0x00,
    0x23, 0x74, 0x03, 0x02, 0x00, 0x00, 0x80, 0x3f, 0x85, 0x08, 0x00, 0x00, 0x00, 0xc8, 0x1f, 0x00,
    0x23, 0x72, 0x02, 0x02, 0x03, 0x00, 0x00, 0x00, 0x02, 0x00, 0x00, 0x00, 0x00, 0xc8, 0x0f, 0x00,
    0x23, 0x72, 0x04, 0x02, 0x29, 0x00, 0x00, 0x00, 0xff, 0x00, 0x00, 0x00, 0x00, 0xc8, 0x0f, 0x00,
    0x23, 0x72, 0x03, 0x04, 0x85, 0x00, 0x00, 0x80, 0x29, 0x00, 0x00, 0x00, 0x00, 0xc8, 0x0f, 0x00,
    0x23, 0x72, 0x02, 0x02, 0x03, 0x00, 0x00, 0x00, 0x04, 0x00, 0x00, 0x00, 0x00, 0xe2, 0x0f, 0x00,
    0x47, 0x89, 0x14, 0x00, 0x00, 0x00, 0x00, 0x00, 0x00, 0x00, 0x80, 0x03, 0x00, 0xec, 0x2f, 0x00,
    0x02, 0x72, 0x24, 0x00, 0x29, 0x00, 0x00, 0x00, 0x00, 0x0f, 0x00, 0x00, 0x00, 0xe2, 0x0f, 0x00,
    0x02, 0x72, 0x03, 0x00, 0x85, 0x00, 0x00, 0x00, 0x00, 0x0f, 0x00, 0x00, 0x00, 0xe2, 0x0f, 0x00,
    0x02, 0x78, 0x0a, 0x00, 0xc0, 0x61, 0x00, 0x00, 0x00, 0x0f, 0x00, 0x00, 0x00, 0xce, 0x0f, 0x00,
    0x44, 0x79, 0x44, 0x00, 0x48, 0x00, 0x00, 0x00, 0x00, 0x00, 0xc0, 0x03, 0x00, 0xea, 0x0f, 0x00,
    0x02, 0x72, 0x02, 0x00, 0x08, 0x00, 0x00, 0x00, 0x00, 0x0f, 0x00, 0x00, 0x00, 0xce, 0x0f, 0x00,
    0x41, 0x79, 0x03, 0x00, 0x00, 0x00, 0x00, 0x00, 0x00, 0x02, 0x80, 0x03, 0x00, 0xea, 0x0f, 0x00,
    0xac, 0x77, 0x04, 0xff, 0x80, 0x7c, 0x00, 0x00, 0x00, 0x08, 0x00, 0x08, 0x00, 0x22, 0x0e, 0x00,
    0x10, 0x72, 0x03, 0x0b, 0x88, 0x00, 0x00, 0x00, 0xff, 0xe0, 0xff, 0x07, 0x00, 0xe4, 0x0f, 0x00,
    0x3e, 0x72, 0x07, 0x02, 0x07, 0x00, 0x00, 0x00, 0xff, 0x10, 0x00, 0x00, 0x00, 0xc6, 0x0f, 0x00,
    0x0c, 0x7c, 0x00, 0x03, 0x04, 0x00, 0x00, 0x00, 0x70, 0x62, 0xf0, 0x0b, 0x00, 0xca, 0x1f, 0x00,
    0x0c, 0x72, 0x00, 0x03, 0xff, 0x00, 0x00, 0x00, 0x70, 0x16, 0x70, 0x00, 0x00, 0xda, 0x0f, 0x00,
    0x86, 0x89, 0x00, 0x92, 0x07, 0x10, 0x00, 0x00, 0x06, 0x19, 0x10, 0x0c, 0x00, 0xe4, 0x03, 0x00,
    0x41, 0x79, 0x02, 0x00, 0x00, 0x00, 0x00, 0x00, 0x00, 0x02, 0x80, 0x03, 0x00, 0xea, 0x0f, 0x00,
    0x0c, 0x72, 0x00, 0x05, 0x00, 0x00, 0x00, 0x00, 0x70, 0x62, 0xf0, 0x03, 0x00, 0xe2, 0x0f, 0x00,
    0x45, 0x79, 0x02, 0x00, 0x60, 0x02, 0x00, 0x00, 0x00, 0x02, 0x80, 0x03, 0x00, 0xd8, 0x0f, 0x00,
    0x47, 0x09, 0x90, 0x00, 0x00, 0x00, 0x00, 0x00, 0x00, 0x00, 0x80, 0x03, 0x00, 0xea, 0x0f, 0x00,
    0x08, 0x73, 0x03, 0x00, 0x84, 0x00, 0x00, 0x00, 0x00, 0x10, 0x00, 0x00, 0x00, 0xa2, 0x0e, 0x00,
    0x45, 0x79, 0x03, 0x00, 0xd0, 0x00, 0x00, 0x00, 0x00, 0x02, 0x80, 0x03, 0x00, 0xe2, 0x0f, 0x00,
    0x02, 0x73, 0x00, 0x2a, 0x84, 0x00, 0x00, 0x00, 0x00, 0x00, 0x00, 0x00, 0x00, 0xe2, 0x0e, 0x00,
    0x23, 0x74, 0x02, 0x03, 0x00, 0x00, 0x80, 0x3f, 0x84, 0x08, 0x00, 0x00, 0x00, 0xc8, 0x4f, 0x00,
    0x23, 0x72, 0x03, 0x03, 0x02, 0x00, 0x00, 0x00, 0x03, 0x00, 0x00, 0x00, 0x00, 0xc8, 0x0f, 0x00,
    0x23, 0x72, 0x07, 0x03, 0x2a, 0x00, 0x00, 0x00, 0xff, 0x00, 0x00, 0x00, 0x00, 0xc8, 0x3f, 0x00,
    0x23, 0x72, 0x02, 0x07, 0x84, 0x00, 0x00, 0x80, 0x2a, 0x00, 0x00, 0x00, 0x00, 0xc8, 0x0f, 0x00,
    0x23, 0x72, 0x07, 0x03, 0x02, 0x00, 0x00, 0x00, 0x07, 0x00, 0x00, 0x00, 0x00, 0xe2, 0x0f, 0x00,
    0x47, 0x89, 0x14, 0x00, 0x00, 0x00, 0x00, 0x00, 0x00, 0x00, 0x80, 0x03, 0x00, 0xec, 0x8f, 0x00,
    0x02, 0x72, 0x24, 0x00, 0x2a, 0x00, 0x00, 0x00, 0x00, 0x0f, 0x00, 0x00, 0x00, 0xe2, 0x0f, 0x00,
    0x02, 0x72, 0x03, 0x00, 0x84, 0x00, 0x00, 0x00, 0x00, 0x0f, 0x00, 0x00, 0x00, 0xe2, 0x0f, 0x00,
    0x02, 0x78, 0x0a, 0x00, 0x50, 0x63, 0x00, 0x00, 0x00, 0x0f, 0x00, 0x00, 0x00, 0xce, 0x0f, 0x00,
    0x44, 0x79, 0xe0, 0x00, 0x44, 0x00, 0x00, 0x00, 0x00, 0x00, 0xc0, 0x03, 0x00, 0xea, 0x0f, 0x00,
    0x02, 0x72, 0x07, 0x00, 0x08, 0x00, 0x00, 0x00, 0x00, 0x0f, 0x00, 0x00, 0x00, 0xce, 0x0f, 0x00,
    0x41, 0x79, 0x03, 0x00, 0x00, 0x00, 0x00, 0x00, 0x00, 0x02, 0x80, 0x03, 0x00, 0xea, 0x0f, 0x00,
    0x08, 0x73, 0x03, 0x00, 0x84, 0x00, 0x00, 0x00, 0x00, 0x10, 0x00, 0x00, 0x00, 0x22, 0x0e, 0x00,
    0x45, 0x79, 0x03, 0x00, 0xd0, 0x00, 0x00, 0x00, 0x00, 0x02, 0x80, 0x03, 0x00, 0xe2, 0x0f, 0x00,
    0x02, 0x73, 0x00, 0x2b, 0x84, 0x00, 0x00, 0x00, 0x00, 0x00, 0x00, 0x00, 0x00, 0x62, 0x0e, 0x00,
    0x23, 0x74, 0x02, 0x03, 0x00, 0x00, 0x80, 0x3f, 0x84, 0x08, 0x00, 0x00, 0x00, 0xc8, 0x1f, 0x00,
    0x23, 0x72, 0x02, 0x03, 0x02, 0x00, 0x00, 0x00, 0x03, 0x00, 0x00, 0x00, 0x00, 0xc8, 0x0f, 0x00,
    0x23, 0x72, 0x04, 0x02, 0x2b, 0x00, 0x00, 0x00, 0xff, 0x00, 0x00, 0x00, 0x00, 0xc8, 0x0f, 0x00,
    0x23, 0x72, 0x03, 0x04, 0x84, 0x00, 0x00, 0x80, 0x2b, 0x00, 0x00, 0x00, 0x00, 0xc8, 0x0f, 0x00,
    0x23, 0x72, 0x02, 0x02, 0x03, 0x00, 0x00, 0x00, 0x04, 0x00, 0x00, 0x00, 0x00, 0xe2, 0x0f, 0x00,
    0x47, 0x89, 0x14, 0x00, 0x00, 0x00, 0x00, 0x00, 0x00, 0x00, 0x80, 0x03, 0x00, 0xec, 0x2f, 0x00,
    0x02, 0x72, 0x24, 0x00, 0x2b, 0x00, 0x00, 0x00, 0x00, 0x0f, 0x00, 0x00, 0x00, 0xe2, 0x0f, 0x00,
    0x02, 0x72, 0x03, 0x00, 0x84, 0x00, 0x00, 0x00, 0x00, 0x0f, 0x00, 0x00, 0x00, 0xe2, 0x0f, 0x00,
    0x02, 0x78, 0x0a, 0x00, 0x40, 0x64, 0x00, 0x00, 0x00, 0x0f, 0x00, 0x00, 0x00, 0xce, 0x0f, 0x00,
    0x44, 0x79, 0xa4, 0x00, 0x44, 0x00, 0x00, 0x00, 0x00, 0x00, 0xc0, 0x03, 0x00, 0xea, 0x0f, 0x00,
    0x02, 0x72, 0x02, 0x00, 0x08, 0x00, 0x00, 0x00, 0x00, 0x0f, 0x00, 0x00, 0x00, 0xce, 0x0f, 0x00,
    0x41, 0x79, 0x03, 0x00, 0x00, 0x00, 0x00, 0x00, 0x00, 0x02, 0x80, 0x03, 0x00, 0xea, 0x0f, 0x00,
    0xac, 0x77, 0x04, 0xff, 0x80, 0x7c, 0x00, 0x00, 0x00, 0x08, 0x00, 0x08, 0x00, 0x22, 0x0e, 0x00,
    0x10, 0x72, 0x03, 0x05, 0x88, 0x00, 0x00, 0x00, 0xff, 0xe0, 0xff, 0x07, 0x00, 0xe4, 0x0f, 0x00,
    0x3e, 0x72, 0x07, 0x02, 0x07, 0x00, 0x00, 0x00, 0xff, 0x10, 0x00, 0x00, 0x00, 0xc6, 0x0f, 0x00,
    0x0c, 0x7c, 0x00, 0x03, 0x04, 0x00, 0x00, 0x00, 0x70, 0x62, 0xf0, 0x0b, 0x00, 0xca, 0x1f, 0x00,
    0x0c, 0x72, 0x00, 0x03, 0xff, 0x00, 0x00, 0x00, 0x70, 0x16, 0x70, 0x00, 0x00, 0xda, 0x0f, 0x00,
    0x86, 0x89, 0x00, 0x92, 0x07, 0x10, 0x40, 0x01, 0x06, 0x19, 0x10, 0x0c, 0x00, 0xe4, 0x05, 0x00,
    0x41, 0x79, 0x02, 0x00, 0x00, 0x00, 0x00, 0x00, 0x00, 0x02, 0x80, 0x03, 0x00, 0xea, 0x0f, 0x00,
    0x0c, 0x72, 0x00, 0x0b, 0x00, 0x00, 0x00, 0x00, 0x70, 0x62, 0xf0, 0x03, 0x00, 0xe2, 0x0f, 0x00,
    0x45, 0x79, 0x02, 0x00, 0x60, 0x02, 0x00, 0x00, 0x00, 0x02, 0x80, 0x03, 0x00, 0xd8, 0x0f, 0x00,
    0x47, 0x09, 0x90, 0x00, 0x00, 0x00, 0x00, 0x00, 0x00, 0x00, 0x80, 0x03, 0x00, 0xea, 0x0f, 0x00,
    0x08, 0x73, 0x02, 0x00, 0x85, 0x00, 0x00, 0x00, 0x00, 0x10, 0x00, 0x00, 0x00, 0xe2, 0x0e, 0x00,
    0x45, 0x79, 0x03, 0x00, 0xd0, 0x00, 0x00, 0x00, 0x00, 0x02, 0x80, 0x03, 0x00, 0xe2, 0x0f, 0x00,
    0x02, 0x73, 0x00, 0x3c, 0x85, 0x00, 0x00, 0x00, 0x00, 0x00, 0x00, 0x00, 0x00, 0x22, 0x0f, 0x00,
    0x23, 0x74, 0x03, 0x02, 0x00, 0x00, 0x80, 0x3f, 0x85, 0x08, 0x00, 0x00, 0x00, 0xc8, 0x8f, 0x00,
    0x23, 0x72, 0x03, 0x02, 0x03, 0x00, 0x00, 0x00, 0x02, 0x00, 0x00, 0x00, 0x00, 0xc8, 0x0f, 0x00,
    0x23, 0x72, 0x07, 0x03, 0x3c, 0x00, 0x00, 0x00, 0xff, 0x00, 0x00, 0x00, 0x00, 0xc8, 0x7f, 0x00,
    0x23, 0x72, 0x02, 0x07, 0x85, 0x00, 0x00, 0x80, 0x3c, 0x00, 0x00, 0x00, 0x00, 0xc8, 0x0f, 0x00,
    0x23, 0x72, 0x07, 0x03, 0x02, 0x00, 0x00, 0x00, 0x07, 0x00, 0x00, 0x00, 0x00, 0xe2, 0x0f, 0x00,
    0x47, 0x89, 0x14, 0x00, 0x00, 0x00, 0x00, 0x00, 0x00, 0x00, 0x80, 0x03, 0x00, 0xec, 0x0f, 0x01,
    0x02, 0x72, 0x24, 0x00, 0x3c, 0x00, 0x00, 0x00, 0x00, 0x0f, 0x00, 0x00, 0x00, 0xe2, 0x0f, 0x00,
    0x02, 0x72, 0x03, 0x00, 0x85, 0x00, 0x00, 0x00, 0x00, 0x0f, 0x00, 0x00, 0x00, 0xe2, 0x0f, 0x00,
    0x02, 0x78, 0x0a, 0x00, 0xd0, 0x65, 0x00, 0x00, 0x00, 0x0f, 0x00, 0x00, 0x00, 0xce, 0x0f, 0x00,
    0x44, 0x79, 0x40, 0x00, 0x44, 0x00, 0x00, 0x00, 0x00, 0x00, 0xc0, 0x03, 0x00, 0xea, 0x0f, 0x00,
    0x02, 0x72, 0x07, 0x00, 0x08, 0x00, 0x00, 0x00, 0x00, 0x0f, 0x00, 0x00, 0x00, 0xce, 0x0f, 0x00,
    0x41, 0x79, 0x03, 0x00, 0x00, 0x00, 0x00, 0x00, 0x00, 0x02, 0x80, 0x03, 0x00, 0xea, 0x0f, 0x00,
    0x08, 0x73, 0x02, 0x00, 0x85, 0x00, 0x00, 0x00, 0x00, 0x10, 0x00, 0x00, 0x00, 0x22, 0x0e, 0x00,
    0x45, 0x79, 0x03, 0x00, 0xd0, 0x00, 0x00, 0x00, 0x00, 0x02, 0x80, 0x03, 0x00, 0xe2, 0x0f, 0x00,
    0x02, 0x73, 0x00, 0x3d, 0x85, 0x00, 0x00, 0x00, 0x00, 0x00, 0x00, 0x00, 0x00, 0x62, 0x0e, 0x00,
    0x23, 0x74, 0x03, 0x02, 0x00, 0x00, 0x80, 0x3f, 0x85, 0x08, 0x00, 0x00, 0x00, 0xc8, 0x1f, 0x00,
    0x23, 0x72, 0x02, 0x02, 0x03, 0x00, 0x00, 0x00, 0x02, 0x00, 0x00, 0x00, 0x00, 0xc8, 0x0f, 0x00,
    0x23, 0x72, 0x04, 0x02, 0x3d, 0x00, 0x00, 0x00, 0xff, 0x00, 0x00, 0x00, 0x00, 0xc8, 0x0f, 0x00,
    0x23, 0x72, 0x03, 0x04, 0x85, 0x00, 0x00, 0x80, 0x3d, 0x00, 0x00, 0x00, 0x00, 0xc8, 0x0f, 0x00,
    0x23, 0x72, 0x02, 0x02, 0x03, 0x00, 0x00, 0x00, 0x04, 0x00, 0x00, 0x00, 0x00, 0xe2, 0x0f, 0x00,
    0x47, 0x89, 0x14, 0x00, 0x00, 0x00, 0x00, 0x00, 0x00, 0x00, 0x80, 0x03, 0x00, 0xec, 0x2f, 0x00,
    0x02, 0x72, 0x24, 0x00, 0x3d, 0x00, 0x00, 0x00, 0x00, 0x0f, 0x00, 0x00, 0x00, 0xe2, 0x0f, 0x00,
    0x02, 0x72, 0x03, 0x00, 0x85, 0x00, 0x00, 0x00, 0x00, 0x0f, 0x00, 0x00, 0x00, 0xe2, 0x0f, 0x00,
    0x02, 0x78, 0x0a, 0x00, 0xc0, 0x66, 0x00, 0x00, 0x00, 0x0f, 0x00, 0x00, 0x00, 0xce, 0x0f, 0x00,
    0x44, 0x79, 0x04, 0x00, 0x44, 0x00, 0x00, 0x00, 0x00, 0x00, 0xc0, 0x03, 0x00, 0xea, 0x0f, 0x00,
    0x02, 0x72, 0x02, 0x00, 0x08, 0x00, 0x00, 0x00, 0x00, 0x0f, 0x00, 0x00, 0x00, 0xce, 0x0f, 0x00,
    0x41, 0x79, 0x03, 0x00, 0x00, 0x00, 0x00, 0x00, 0x00, 0x02, 0x80, 0x03, 0x00, 0xea, 0x0f, 0x00,
    0xac, 0x77, 0x04, 0xff, 0x80, 0x7c, 0x00, 0x00, 0x00, 0x08, 0x00, 0x08, 0x00, 0x22, 0x0e, 0x00,
    0x10, 0x72, 0x03, 0x0b, 0x88, 0x00, 0x00, 0x00, 0xff, 0xe0, 0xff, 0x07, 0x00, 0xe4, 0x0f, 0x00,
    0x3e, 0x72, 0x07, 0x02, 0x07, 0x00, 0x00, 0x00, 0xff, 0x10, 0x00, 0x00, 0x00, 0xc6, 0x0f, 0x00,
    0x0c, 0x7c, 0x00, 0x03, 0x04, 0x00, 0x00, 0x00, 0x70, 0x62, 0xf0, 0x0b, 0x00, 0xca, 0x1f, 0x00,
    0x0c, 0x72, 0x00, 0x03, 0xff, 0x00, 0x00, 0x00, 0x70, 0x16, 0x70, 0x00, 0x00, 0xda, 0x0f, 0x00,
    0x86, 0x89, 0x00, 0x92, 0x07, 0x20, 0x00, 0x00, 0x06, 0x19, 0x10, 0x0c, 0x00, 0xe4, 0x07, 0x00,
    0x41, 0x79, 0x02, 0x00, 0x00, 0x00, 0x00, 0x00, 0x00, 0x02, 0x80, 0x03, 0x00, 0xea, 0x0f, 0x00,
    0x0c, 0x72, 0x00, 0x05, 0x00, 0x00, 0x00, 0x00, 0x70, 0x62, 0xf0, 0x03, 0x00, 0xe2, 0x0f, 0x00,
    0x45, 0x79, 0x02, 0x00, 0x60, 0x02, 0x00, 0x00, 0x00, 0x02, 0x80, 0x03, 0x00, 0xd8, 0x0f, 0x00,
    0x47, 0x09, 0x90, 0x00, 0x00, 0x00, 0x00, 0x00, 0x00, 0x00, 0x80, 0x03, 0x00, 0xea, 0x0f, 0x00,
    0x08, 0x73, 0x03, 0x00, 0x84, 0x00, 0x00, 0x00, 0x00, 0x10, 0x00, 0x00, 0x00, 0x22, 0x0f, 0x00,
    0x45, 0x79, 0x03, 0x00, 0xd0, 0x00, 0x00, 0x00, 0x00, 0x02, 0x80, 0x03, 0x00, 0xe2, 0x0f, 0x00,
    0x02, 0x73, 0x00, 0x3e, 0x84, 0x00, 0x00, 0x00, 0x00, 0x00, 0x00, 0x00, 0x00, 0x62, 0x0f, 0x00,
    0x23, 0x74, 0x02, 0x03, 0x00, 0x00, 0x80, 0x3f, 0x84, 0x08, 0x00, 0x00, 0x00, 0xc8, 0x0f, 0x01,
    0x23, 0x72, 0x03, 0x03, 0x02, 0x00, 0x00, 0x00, 0x03, 0x00, 0x00, 0x00, 0x00, 0xc8, 0x0f, 0x00,
    0x23, 0x72, 0x07, 0x03, 0x3e, 0x00, 0x00, 0x00, 0xff, 0x00, 0x00, 0x00, 0x00, 0xc8, 0xff, 0x00,
    0x23, 0x72, 0x02, 0x07, 0x84, 0x00, 0x00, 0x80, 0x3e, 0x00, 0x00, 0x00, 0x00, 0xc8, 0x0f, 0x00,
    0x23, 0x72, 0x07, 0x03, 0x02, 0x00, 0x00, 0x00, 0x07, 0x00, 0x00, 0x00, 0x00, 0xe2, 0x0f, 0x00,
    0x47, 0x89, 0x14, 0x00, 0x00, 0x00, 0x00, 0x00, 0x00, 0x00, 0x80, 0x03, 0x00, 0xec, 0x0f, 0x02,
    0x02, 0x72, 0x24, 0x00, 0x3e, 0x00, 0x00, 0x00, 0x00, 0x0f, 0x00, 0x00, 0x00, 0xe2, 0x0f, 0x00,
    0x02, 0x72, 0x03, 0x00, 0x84, 0x00, 0x00, 0x00, 0x00, 0x0f, 0x00, 0x00, 0x00, 0xe2, 0x0f, 0x00,
    0x02, 0x78, 0x0a, 0x00, 0x50, 0x68, 0x00, 0x00, 0x00, 0x0f, 0x00, 0x00, 0x00, 0xce, 0x0f, 0x00,
    0x44, 0x79, 0xa0, 0x00, 0x40, 0x00, 0x00, 0x00, 0x00, 0x00, 0xc0, 0x03, 0x00, 0xea, 0x0f, 0x00,
    0x02, 0x72, 0x07, 0x00, 0x08, 0x00, 0x00, 0x00, 0x00, 0x0f, 0x00, 0x00, 0x00, 0xce, 0x0f, 0x00,
    0x41, 0x79, 0x03, 0x00, 0x00, 0x00, 0x00, 0x00, 0x00, 0x02, 0x80, 0x03, 0x00, 0xea, 0x0f, 0x00,
    0x08, 0x73, 0x03, 0x00, 0x84, 0x00, 0x00, 0x00, 0x00, 0x10, 0x00, 0x00, 0x00, 0x22, 0x0e, 0x00,
    0x45, 0x79, 0x03, 0x00, 0xd0, 0x00, 0x00, 0x00, 0x00, 0x02, 0x80, 0x03, 0x00, 0xe2, 0x0f, 0x00,
    0x02, 0x73, 0x00, 0x3f, 0x84, 0x00, 0x00, 0x00, 0x00, 0x00, 0x00, 0x00, 0x00, 0x62, 0x0e, 0x00,
    0x23, 0x74, 0x02, 0x03, 0x00, 0x00, 0x80, 0x3f, 0x84, 0x08, 0x00, 0x00, 0x00, 0xc8, 0x1f, 0x00,
    0x23, 0x72, 0x02, 0x03, 0x02, 0x00, 0x00, 0x00, 0x03, 0x00, 0x00, 0x00, 0x00, 0xc8, 0x0f, 0x00,
    0x23, 0x72, 0x04, 0x02, 0x3f, 0x00, 0x00, 0x00, 0xff, 0x00, 0x00, 0x00, 0x00, 0xc8, 0x0f, 0x00,
    0x23, 0x72, 0x03, 0x04, 0x84, 0x00, 0x00, 0x80, 0x3f, 0x00, 0x00, 0x00, 0x00, 0xc8, 0x0f, 0x00,
    0x23, 0x72, 0x02, 0x02, 0x03, 0x00, 0x00, 0x00, 0x04, 0x00, 0x00, 0x00, 0x00, 0xe2, 0x0f, 0x00,
    0x47, 0x89, 0x14, 0x00, 0x00, 0x00, 0x00, 0x00, 0x00, 0x00, 0x80, 0x03, 0x00, 0xec, 0x2f, 0x00,
    0x02, 0x72, 0x24, 0x00, 0x3f, 0x00, 0x00, 0x00, 0x00, 0x0f, 0x00, 0x00, 0x00, 0xe2, 0x0f, 0x00,
    0x02, 0x72, 0x03, 0x00, 0x84, 0x00, 0x00, 0x00, 0x00, 0x0f, 0x00, 0x00, 0x00, 0xe2, 0x0f, 0x00,
    0x02, 0x78, 0x0a, 0x00, 0x40, 0x69, 0x00, 0x00, 0x00, 0x0f, 0x00, 0x00, 0x00, 0xce, 0x0f, 0x00,
    0x44, 0x79, 0x64, 0x00, 0x40, 0x00, 0x00, 0x00, 0x00, 0x00, 0xc0, 0x03, 0x00, 0xea, 0x0f, 0x00,
    0x02, 0x72, 0x02, 0x00, 0x08, 0x00, 0x00, 0x00, 0x00, 0x0f, 0x00, 0x00, 0x00, 0xce, 0x0f, 0x00,
    0x41, 0x79, 0x03, 0x00, 0x00, 0x00, 0x00, 0x00, 0x00, 0x02, 0x80, 0x03, 0x00, 0xea, 0x0f, 0x00,
    0xac, 0x77, 0x04, 0xff, 0x80, 0x7c, 0x00, 0x00, 0x00, 0x08, 0x00, 0x08, 0x00, 0x22, 0x0e, 0x00,
    0x10, 0x72, 0x03, 0x05, 0x88, 0x00, 0x00, 0x00, 0xff, 0xe0, 0xff, 0x07, 0x00, 0xe4, 0x0f, 0x00,
    0x3e, 0x72, 0x07, 0x02, 0x07, 0x00, 0x00, 0x00, 0xff, 0x10, 0x00, 0x00, 0x00, 0xc6, 0x0f, 0x00,
    0x0c, 0x7c, 0x00, 0x03, 0x04, 0x00, 0x00, 0x00, 0x70, 0x62, 0xf0, 0x0b, 0x00, 0xca, 0x1f, 0x00,
    0x0c, 0x72, 0x00, 0x03, 0xff, 0x00, 0x00, 0x00, 0x70, 0x16, 0x70, 0x00, 0x00, 0xda, 0x0f, 0x00,
    0x86, 0x89, 0x00, 0x92, 0x07, 0x20, 0x40, 0x01, 0x06, 0x19, 0x10, 0x0c, 0x00, 0xe4, 0x09, 0x00,
    0x41, 0x79, 0x02, 0x00, 0x00, 0x00, 0x00, 0x00, 0x00, 0x02, 0x80, 0x03, 0x00, 0xea, 0x0f, 0x00,
    0x0c, 0x72, 0x00, 0x0b, 0x00, 0x00, 0x00, 0x00, 0x70, 0x62, 0xf0, 0x03, 0x00, 0xe2, 0x0f, 0x00,
    0x45, 0x79, 0x02, 0x00, 0x60, 0x02, 0x00, 0x00, 0x00, 0x02, 0x80, 0x03, 0x00, 0xd8, 0x0f, 0x00,
    0x47, 0x09, 0x90, 0x00, 0x00, 0x00, 0x00, 0x00, 0x00, 0x00, 0x80, 0x03, 0x00, 0xea, 0x0f, 0x00,
    0x08, 0x73, 0x02, 0x00, 0x85, 0x00, 0x00, 0x00, 0x00, 0x10, 0x00, 0x00, 0x00, 0x62, 0x0f, 0x00,
    0x45, 0x79, 0x03, 0x00, 0xd0, 0x00, 0x00, 0x00, 0x00, 0x02, 0x80, 0x03, 0x00, 0xe2, 0x0f, 0x00,
    0x02, 0x73, 0x00, 0x40, 0x85, 0x00, 0x00, 0x00, 0x00, 0x00, 0x00, 0x00, 0x00, 0x22, 0x0e, 0x00,
    0x23, 0x74, 0x03, 0x02, 0x00, 0x00, 0x80, 0x3f, 0x85, 0x08, 0x00, 0x00, 0x00, 0xc8, 0x0f, 0x02,
    0x23, 0x72, 0x03, 0x02, 0x03, 0x00, 0x00, 0x00, 0x02, 0x00, 0x00, 0x00, 0x00, 0xc8, 0x0f, 0x00,
    0x23, 0x72, 0x07, 0x03, 0x40, 0x00, 0x00, 0x00, 0xff, 0x00, 0x00, 0x00, 0x00, 0xc8, 0xff, 0x01,
    0x23, 0x72, 0x02, 0x07, 0x85, 0x00, 0x00, 0x80, 0x40, 0x00, 0x00, 0x00, 0x00, 0xc8, 0x0f, 0x00,
    0x23, 0x72, 0x07, 0x03, 0x02, 0x00, 0x00, 0x00, 0x07, 0x00, 0x00, 0x00, 0x00, 0xe2, 0x0f, 0x00,
    0x47, 0x89, 0x14, 0x00, 0x00, 0x00, 0x00, 0x00, 0x00, 0x00, 0x80, 0x03, 0x00, 0xec, 0x0f, 0x00,
    0x02, 0x72, 0x24, 0x00, 0x40, 0x00, 0x00, 0x00, 0x00, 0x0f, 0x00, 0x00, 0x00, 0xe2, 0x0f, 0x00,
    0x02, 0x72, 0x03, 0x00, 0x85, 0x00, 0x00, 0x00, 0x00, 0x0f, 0x00, 0x00, 0x00, 0xe2, 0x0f, 0x00,
    0x02, 0x78, 0x0a, 0x00, 0xd0, 0x6a, 0x00, 0x00, 0x00, 0x0f, 0x00, 0x00, 0x00, 0xce, 0x0f, 0x00,
    0x44, 0x79, 0x00, 0x00, 0x40, 0x00, 0x00, 0x00, 0x00, 0x00, 0xc0, 0x03, 0x00, 0xea, 0x0f, 0x00,
    0x02, 0x72, 0x07, 0x00, 0x08, 0x00, 0x00, 0x00, 0x00, 0x0f, 0x00, 0x00, 0x00, 0xce, 0x0f, 0x00,
    0x41, 0x79, 0x03, 0x00, 0x00, 0x00, 0x00, 0x00, 0x00, 0x02, 0x80, 0x03, 0x00, 0xea, 0x0f, 0x00,
    0x08, 0x73, 0x02, 0x00, 0x85, 0x00, 0x00, 0x00, 0x00, 0x10, 0x00, 0x00, 0x00, 0x22, 0x0e, 0x00,
    0x45, 0x79, 0x03, 0x00, 0xd0, 0x00, 0x00, 0x00, 0x00, 0x02, 0x80, 0x03, 0x00, 0xe2, 0x0f, 0x00,
    0x02, 0x73, 0x00, 0x41, 0x85, 0x00, 0x00, 0x00, 0x00, 0x00, 0x00, 0x00, 0x00, 0x62, 0x0e, 0x00,
    0x23, 0x74, 0x03, 0x02, 0x00, 0x00, 0x80, 0x3f, 0x85, 0x08, 0x00, 0x00, 0x00, 0xc8, 0x1f, 0x00,
    0x23, 0x72, 0x02, 0x02, 0x03, 0x00, 0x00, 0x00, 0x02, 0x00, 0x00, 0x00, 0x00, 0xc8, 0x0f, 0x00,
    0x23, 0x72, 0x04, 0x02, 0x41, 0x00, 0x00, 0x00, 0xff, 0x00, 0x00, 0x00, 0x00, 0xc8, 0x0f, 0x00,
    0x23, 0x72, 0x03, 0x04, 0x85, 0x00, 0x00, 0x80, 0x41, 0x00, 0x00, 0x00, 0x00, 0xc8, 0x0f, 0x00,
    0x23, 0x72, 0x02, 0x02, 0x03, 0x00, 0x00, 0x00, 0x04, 0x00, 0x00, 0x00, 0x00, 0xe2, 0x0f, 0x00,
    0x47, 0x89, 0x14, 0x00, 0x00, 0x00, 0x00, 0x00, 0x00, 0x00, 0x80, 0x03, 0x00, 0xec, 0x2f, 0x00,
    0x02, 0x72, 0x24, 0x00, 0x41, 0x00, 0x00, 0x00, 0x00, 0x0f, 0x00, 0x00, 0x00, 0xe2, 0x0f, 0x00,
    0x02, 0x72, 0x03, 0x00, 0x85, 0x00, 0x00, 0x00, 0x00, 0x0f, 0x00, 0x00, 0x00, 0xe2, 0x0f, 0x00,
    0x02, 0x78, 0x0a, 0x00, 0xc0, 0x6b, 0x00, 0x00, 0x00, 0x0f, 0x00, 0x00, 0x00, 0xce, 0x0f, 0x00,
    0x44, 0x79, 0xc4, 0x00, 0x3c, 0x00, 0x00, 0x00, 0x00, 0x00, 0xc0, 0x03, 0x00, 0xea, 0x0f, 0x00,
    0x02, 0x72, 0x02, 0x00, 0x08, 0x00, 0x00, 0x00, 0x00, 0x0f, 0x00, 0x00, 0x00, 0xce, 0x0f, 0x00,
    0x41, 0x79, 0x03, 0x00, 0x00, 0x00, 0x00, 0x00, 0x00, 0x02, 0x80, 0x03, 0x00, 0xea, 0x0f, 0x00,
    0xac, 0x77, 0x04, 0xff, 0x80, 0x7c, 0x00, 0x00, 0x00, 0x08, 0x00, 0x08, 0x00, 0x22, 0x0e, 0x00,
    0x10, 0x72, 0x03, 0x0b, 0x88, 0x00, 0x00, 0x00, 0xff, 0xe0, 0xff, 0x07, 0x00, 0xe4, 0x0f, 0x00,
    0x3e, 0x72, 0x07, 0x02, 0x07, 0x00, 0x00, 0x00, 0xff, 0x10, 0x00, 0x00, 0x00, 0xc6, 0x0f, 0x00,
    0x0c, 0x7c, 0x00, 0x03, 0x04, 0x00, 0x00, 0x00, 0x70, 0x62, 0xf0, 0x0b, 0x00, 0xca, 0x1f, 0x00,
    0x0c, 0x72, 0x00, 0x03, 0xff, 0x00, 0x00, 0x00, 0x70, 0x16, 0x70, 0x00, 0x00, 0xda, 0x0f, 0x00,
    0x86, 0x89, 0x00, 0x92, 0x07, 0x30, 0x00, 0x00, 0x06, 0x19, 0x10, 0x0c, 0x00, 0xe4, 0x01, 0x00,
    0x41, 0x79, 0x02, 0x00, 0x00, 0x00, 0x00, 0x00, 0x00, 0x02, 0x80, 0x03, 0x00, 0xea, 0x0f, 0x00,
    0x0c, 0x72, 0x00, 0x05, 0x00, 0x00, 0x00, 0x00, 0x70, 0x62, 0xf0, 0x03, 0x00, 0xe2, 0x0f, 0x00,
    0x45, 0x79, 0x02, 0x00, 0x60, 0x02, 0x00, 0x00, 0x00, 0x02, 0x80, 0x03, 0x00, 0xd8, 0x0f, 0x00,
    0x47, 0x09, 0x90, 0x00, 0x00, 0x00, 0x00, 0x00, 0x00, 0x00, 0x80, 0x03, 0x00, 0xea, 0x0f, 0x00,
    0x08, 0x73, 0x03, 0x00, 0x84, 0x00, 0x00, 0x00, 0x00, 0x10, 0x00, 0x00, 0x00, 0x62, 0x0f, 0x00,
    0x45, 0x79, 0x03, 0x00, 0xd0, 0x00, 0x00, 0x00, 0x00, 0x02, 0x80, 0x03, 0x00, 0xe2, 0x0f, 0x00,
    0x02, 0x73, 0x00, 0x42, 0x84, 0x00, 0x00, 0x00, 0x00, 0x00, 0x00, 0x00, 0x00, 0x22, 0x0e, 0x00,
    0x23, 0x74, 0x02, 0x03, 0x00, 0x00, 0x80, 0x3f, 0x84, 0x08, 0x00, 0x00, 0x00, 0xc8, 0x0f, 0x02,
    0x23, 0x72, 0x03, 0x03, 0x02, 0x00, 0x00, 0x00, 0x03, 0x00, 0x00, 0x00, 0x00, 0xc8, 0x0f, 0x00,
    0x23, 0x72, 0x07, 0x03, 0x42, 0x00, 0x00, 0x00, 0xff, 0x00, 0x00, 0x00, 0x00, 0xc8, 0xff, 0x01,
    0x23, 0x72, 0x02, 0x07, 0x84, 0x00, 0x00, 0x80, 0x42, 0x00, 0x00, 0x00, 0x00, 0xc8, 0x0f, 0x00,
    0x23, 0x72, 0x07, 0x03, 0x02, 0x00, 0x00, 0x00, 0x07, 0x00, 0x00, 0x00, 0x00, 0xe2, 0x0f, 0x00,
    0x47, 0x89, 0x14, 0x00, 0x00, 0x00, 0x00, 0x00, 0x00, 0x00, 0x80, 0x03, 0x00, 0xec, 0x0f, 0x00,
    0x02, 0x72, 0x24, 0x00, 0x42, 0x00, 0x00, 0x00, 0x00, 0x0f, 0x00, 0x00, 0x00, 0xe2, 0x0f, 0x00,
    0x02, 0x72, 0x03, 0x00, 0x84, 0x00, 0x00, 0x00, 0x00, 0x0f, 0x00, 0x00, 0x00, 0xe2, 0x0f, 0x00,
    0x02, 0x78, 0x0a, 0x00, 0x50, 0x6d, 0x00, 0x00, 0x00, 0x0f, 0x00, 0x00, 0x00, 0xce, 0x0f, 0x00,
    0x44, 0x79, 0x60, 0x00, 0x3c, 0x00, 0x00, 0x00, 0x00, 0x00, 0xc0, 0x03, 0x00, 0xea, 0x0f, 0x00,
    0x02, 0x72, 0x07, 0x00, 0x08, 0x00, 0x00, 0x00, 0x00, 0x0f, 0x00, 0x00, 0x00, 0xce, 0x0f, 0x00,
    0x41, 0x79, 0x03, 0x00, 0x00, 0x00, 0x00, 0x00, 0x00, 0x02, 0x80, 0x03, 0x00, 0xea, 0x0f, 0x00,
    0x08, 0x73, 0x03, 0x00, 0x84, 0x00, 0x00, 0x00, 0x00, 0x10, 0x00, 0x00, 0x00, 0x22, 0x0e, 0x00,
    0x45, 0x79, 0x03, 0x00, 0xd0, 0x00, 0x00, 0x00, 0x00, 0x02, 0x80, 0x03, 0x00, 0xe2, 0x0f, 0x00,
    0x02, 0x73, 0x00, 0x43, 0x84, 0x00, 0x00, 0x00, 0x00, 0x00, 0x00, 0x00, 0x00, 0x62, 0x0e, 0x00,
    0x23, 0x74, 0x02, 0x03, 0x00, 0x00, 0x80, 0x3f, 0x84, 0x08, 0x00, 0x00, 0x00, 0xc8, 0x1f, 0x00,
    0x23, 0x72, 0x02, 0x03, 0x02, 0x00, 0x00, 0x00, 0x03, 0x00, 0x00, 0x00, 0x00, 0xc8, 0x0f, 0x00,
    0x23, 0x72, 0x04, 0x02, 0x43, 0x00, 0x00, 0x00, 0xff, 0x00, 0x00, 0x00, 0x00, 0xc8, 0x0f, 0x00,
    0x23, 0x72, 0x03, 0x04, 0x84, 0x00, 0x00, 0x80, 0x43, 0x00, 0x00, 0x00, 0x00, 0xc8, 0x0f, 0x00,
    0x23, 0x72, 0x02, 0x02, 0x03, 0x00, 0x00, 0x00, 0x04, 0x00, 0x00, 0x00, 0x00, 0xe2, 0x0f, 0x00,
    0x47, 0x89, 0x14, 0x00, 0x00, 0x00, 0x00, 0x00, 0x00, 0x00, 0x80, 0x03, 0x00, 0xec, 0x2f, 0x00,
    0x02, 0x72, 0x24, 0x00, 0x43, 0x00, 0x00, 0x00, 0x00, 0x0f, 0x00, 0x00, 0x00, 0xe2, 0x0f, 0x00,
    0x02, 0x72, 0x03, 0x00, 0x84, 0x00, 0x00, 0x00, 0x00, 0x0f, 0x00, 0x00, 0x00, 0xe2, 0x0f, 0x00,
    0x02, 0x78, 0x0a, 0x00, 0x40, 0x6e, 0x00, 0x00, 0x00, 0x0f, 0x00, 0x00, 0x00, 0xce, 0x0f, 0x00,
    0x44, 0x79, 0x24, 0x00, 0x3c, 0x00, 0x00, 0x00, 0x00, 0x00, 0xc0, 0x03, 0x00, 0xea, 0x0f, 0x00,
    0x02, 0x72, 0x02, 0x00, 0x08, 0x00, 0x00, 0x00, 0x00, 0x0f, 0x00, 0x00, 0x00, 0xce, 0x0f, 0x00,
    0x41, 0x79, 0x03, 0x00, 0x00, 0x00, 0x00, 0x00, 0x00, 0x02, 0x80, 0x03, 0x00, 0xea, 0x0f, 0x00,
    0xac, 0x77, 0x04, 0xff, 0x80, 0x7c, 0x00, 0x00, 0x00, 0x08, 0x00, 0x08, 0x00, 0x22, 0x0e, 0x00,
    0x10, 0x72, 0x03, 0x05, 0x88, 0x00, 0x00, 0x00, 0xff, 0xe0, 0xff, 0x07, 0x00, 0xe4, 0x0f, 0x00,
    0x3e, 0x72, 0x07, 0x02, 0x07, 0x00, 0x00, 0x00, 0xff, 0x10, 0x00, 0x00, 0x00, 0xc6, 0x0f, 0x00,
    0x0c, 0x7c, 0x00, 0x03, 0x04, 0x00, 0x00, 0x00, 0x70, 0x62, 0xf0, 0x0b, 0x00, 0xca, 0x1f, 0x00,
    0x0c, 0x72, 0x00, 0x03, 0xff, 0x00, 0x00, 0x00, 0x70, 0x16, 0x70, 0x00, 0x00, 0xda, 0x0f, 0x00,
    0x86, 0x89, 0x00, 0x92, 0x07, 0x30, 0x40, 0x01, 0x06, 0x19, 0x10, 0x0c, 0x00, 0xe4, 0x01, 0x00,
    0x41, 0x79, 0x02, 0x00, 0x00, 0x00, 0x00, 0x00, 0x00, 0x02, 0x80, 0x03, 0x00, 0xea, 0x0f, 0x00,
    0x0c, 0x72, 0x00, 0x0b, 0x00, 0x00, 0x00, 0x00, 0x70, 0x62, 0xf0, 0x03, 0x00, 0xe2, 0x0f, 0x00,
    0x45, 0x79, 0x02, 0x00, 0x60, 0x02, 0x00, 0x00, 0x00, 0x02, 0x80, 0x03, 0x00, 0xd8, 0x0f, 0x00,
    0x47, 0x09, 0x90, 0x00, 0x00, 0x00, 0x00, 0x00, 0x00, 0x00, 0x80, 0x03, 0x00, 0xea, 0x0f, 0x00,
    0x08, 0x73, 0x02, 0x00, 0x85, 0x00, 0x00, 0x00, 0x00, 0x10, 0x00, 0x00, 0x00, 0x62, 0x0f, 0x00,
    0x45, 0x79, 0x03, 0x00, 0xd0, 0x00, 0x00, 0x00, 0x00, 0x02, 0x80, 0x03, 0x00, 0xe2, 0x0f, 0x00,
    0x02, 0x73, 0x00, 0x44, 0x85, 0x00, 0x00, 0x00, 0x00, 0x00, 0x00, 0x00, 0x00, 0x22, 0x0e, 0x00,
    0x23, 0x74, 0x03, 0x02, 0x00, 0x00, 0x80, 0x3f, 0x85, 0x08, 0x00, 0x00, 0x00, 0xc8, 0x0f, 0x02,
    0x23, 0x72, 0x03, 0x02, 0x03, 0x00, 0x00, 0x00, 0x02, 0x00, 0x00, 0x00, 0x00, 0xc8, 0x0f, 0x00,
    0x23, 0x72, 0x07, 0x03, 0x44, 0x00, 0x00, 0x00, 0xff, 0x00, 0x00, 0x00, 0x00, 0xc8, 0xff, 0x01,
    0x23, 0x72, 0x02, 0x07, 0x85, 0x00, 0x00, 0x80, 0x44, 0x00, 0x00, 0x00, 0x00, 0xc8, 0x0f, 0x00,
    0x23, 0x72, 0x07, 0x03, 0x02, 0x00, 0x00, 0x00, 0x07, 0x00, 0x00, 0x00, 0x00, 0xe2, 0x0f, 0x00,
    0x47, 0x89, 0x14, 0x00, 0x00, 0x00, 0x00, 0x00, 0x00, 0x00, 0x80, 0x03, 0x00, 0xec, 0x0f, 0x00,
    0x02, 0x72, 0x24, 0x00, 0x44, 0x00, 0x00, 0x00, 0x00, 0x0f, 0x00, 0x00, 0x00, 0xe2, 0x0f, 0x00,
    0x02, 0x72, 0x03, 0x00, 0x85, 0x00, 0x00, 0x00, 0x00, 0x0f, 0x00, 0x00, 0x00, 0xe2, 0x0f, 0x00,
    0x02, 0x78, 0x0a, 0x00, 0xd0, 0x6f, 0x00, 0x00, 0x00, 0x0f, 0x00, 0x00, 0x00, 0xce, 0x0f, 0x00,
    0x44, 0x79, 0xc0, 0x00, 0x38, 0x00, 0x00, 0x00, 0x00, 0x00, 0xc0, 0x03, 0x00, 0xea, 0x0f, 0x00,
    0x02, 0x72, 0x07, 0x00, 0x08, 0x00, 0x00, 0x00, 0x00, 0x0f, 0x00, 0x00, 0x00, 0xce, 0x0f, 0x00,
    0x41, 0x79, 0x03, 0x00, 0x00, 0x00, 0x00, 0x00, 0x00, 0x02, 0x80, 0x03, 0x00, 0xea, 0x0f, 0x00,
    0x08, 0x73, 0x02, 0x00, 0x85, 0x00, 0x00, 0x00, 0x00, 0x10, 0x00, 0x00, 0x00, 0x22, 0x0e, 0x00,
    0x45, 0x79, 0x03, 0x00, 0xd0, 0x00, 0x00, 0x00, 0x00, 0x02, 0x80, 0x03, 0x00, 0xe2, 0x0f, 0x00,
    0x02, 0x73, 0x00, 0x45, 0x85, 0x00, 0x00, 0x00, 0x00, 0x00, 0x00, 0x00, 0x00, 0x62, 0x0e, 0x00,
    0x23, 0x74, 0x03, 0x02, 0x00, 0x00, 0x80, 0x3f, 0x85, 0x08, 0x00, 0x00, 0x00, 0xc8, 0x1f, 0x00,
    0x23, 0x72, 0x02, 0x02, 0x03, 0x00, 0x00, 0x00, 0x02, 0x00, 0x00, 0x00, 0x00, 0xc8, 0x0f, 0x00,
    0x23, 0x72, 0x04, 0x02, 0x45, 0x00, 0x00, 0x00, 0xff, 0x00, 0x00, 0x00, 0x00, 0xc8, 0x0f, 0x00,
    0x23, 0x72, 0x03, 0x04, 0x85, 0x00, 0x00, 0x80, 0x45, 0x00, 0x00, 0x00, 0x00, 0xc8, 0x0f, 0x00,
    0x23, 0x72, 0x02, 0x02, 0x03, 0x00, 0x00, 0x00, 0x04, 0x00, 0x00, 0x00, 0x00, 0xe2, 0x0f, 0x00,
    0x47, 0x89, 0x14, 0x00, 0x00, 0x00, 0x00, 0x00, 0x00, 0x00, 0x80, 0x03, 0x00, 0xec, 0x2f, 0x00,
    0x02, 0x72, 0x24, 0x00, 0x45, 0x00, 0x00, 0x00, 0x00, 0x0f, 0x00, 0x00, 0x00, 0xe2, 0x0f, 0x00,
    0x02, 0x72, 0x03, 0x00, 0x85, 0x00, 0x00, 0x00, 0x00, 0x0f, 0x00, 0x00, 0x00, 0xe2, 0x0f, 0x00,
    0x02, 0x78, 0x0a, 0x00, 0xc0, 0x70, 0x00, 0x00, 0x00, 0x0f, 0x00, 0x00, 0x00, 0xce, 0x0f, 0x00,
    0x44, 0x79, 0x84, 0x00, 0x38, 0x00, 0x00, 0x00, 0x00, 0x00, 0xc0, 0x03, 0x00, 0xea, 0x0f, 0x00,
    0x02, 0x72, 0x02, 0x00, 0x08, 0x00, 0x00, 0x00, 0x00, 0x0f, 0x00, 0x00, 0x00, 0xce, 0x0f, 0x00,
    0x41, 0x79, 0x03, 0x00, 0x00, 0x00, 0x00, 0x00, 0x00, 0x02, 0x80, 0x03, 0x00, 0xea, 0x0f, 0x00,
    0xac, 0x77, 0x04, 0xff, 0x80, 0x7c, 0x00, 0x00, 0x00, 0x08, 0x00, 0x08, 0x00, 0x22, 0x0e, 0x00,
    0x10, 0x72, 0x03, 0x0b, 0x88, 0x00, 0x00, 0x00, 0xff, 0xe0, 0xff, 0x07, 0x00, 0xe4, 0x0f, 0x00,
    0x3e, 0x72, 0x07, 0x02, 0x07, 0x00, 0x00, 0x00, 0xff, 0x10, 0x00, 0x00, 0x00, 0xc6, 0x0f, 0x00,
    0x0c, 0x7c, 0x00, 0x03, 0x04, 0x00, 0x00, 0x00, 0x70, 0x62, 0xf0, 0x0b, 0x00, 0xca, 0x1f, 0x00,
    0x0c, 0x72, 0x00, 0x03, 0xff, 0x00, 0x00, 0x00, 0x70, 0x16, 0x70, 0x00, 0x00, 0xda, 0x0f, 0x00,
    0x86, 0x89, 0x00, 0x92, 0x07, 0x40, 0x00, 0x00, 0x06, 0x19, 0x10, 0x0c, 0x00, 0xe4, 0x01, 0x00,
    0x41, 0x79, 0x02, 0x00, 0x00, 0x00, 0x00, 0x00, 0x00, 0x02, 0x80, 0x03, 0x00, 0xea, 0x0f, 0x00,
    0x0c, 0x72, 0x00, 0x05, 0x00, 0x00, 0x00, 0x00, 0x70, 0x62, 0xf0, 0x03, 0x00, 0xe2, 0x0f, 0x00,
    0x45, 0x79, 0x02, 0x00, 0x60, 0x02, 0x00, 0x00, 0x00, 0x02, 0x80, 0x03, 0x00, 0xd8, 0x0f, 0x00,
    0x47, 0x09, 0x90, 0x00, 0x00, 0x00, 0x00, 0x00, 0x00, 0x00, 0x80, 0x03, 0x00, 0xea, 0x0f, 0x00,
    0x08, 0x73, 0x03, 0x00, 0x84, 0x00, 0x00, 0x00, 0x00, 0x10, 0x00, 0x00, 0x00, 0x62, 0x0f, 0x00,
    0x45, 0x79, 0x03, 0x00, 0xd0, 0x00, 0x00, 0x00, 0x00, 0x02, 0x80, 0x03, 0x00, 0xe2, 0x0f, 0x00,
    0x02, 0x73, 0x00, 0x46, 0x84, 0x00, 0x00, 0x00, 0x00, 0x00, 0x00, 0x00, 0x00, 0x22, 0x0e, 0x00,
    0x23, 0x74, 0x02, 0x03, 0x00, 0x00, 0x80, 0x3f, 0x84, 0x08, 0x00, 0x00, 0x00, 0xc8, 0x0f, 0x02,
    0x23, 0x72, 0x03, 0x03, 0x02, 0x00, 0x00, 0x00, 0x03, 0x00, 0x00, 0x00, 0x00, 0xc8, 0x0f, 0x00,
    0x23, 0x72, 0x07, 0x03, 0x46, 0x00, 0x00, 0x00, 0xff, 0x00, 0x00, 0x00, 0x00, 0xc8, 0xff, 0x01,
    0x23, 0x72, 0x02, 0x07, 0x84, 0x00, 0x00, 0x80, 0x46, 0x00, 0x00, 0x00, 0x00, 0xc8, 0x0f, 0x00,
    0x23, 0x72, 0x07, 0x03, 0x02, 0x00, 0x00, 0x00, 0x07, 0x00, 0x00, 0x00, 0x00, 0xe2, 0x0f, 0x00,
    0x47, 0x89, 0x14, 0x00, 0x00, 0x00, 0x00, 0x00, 0x00, 0x00, 0x80, 0x03, 0x00, 0xec, 0x0f, 0x00,
    0x02, 0x72, 0x24, 0x00, 0x46, 0x00, 0x00, 0x00, 0x00, 0x0f, 0x00, 0x00, 0x00, 0xe2, 0x0f, 0x00,
    0x02, 0x72, 0x03, 0x00, 0x84, 0x00, 0x00, 0x00, 0x00, 0x0f, 0x00, 0x00, 0x00, 0xe2, 0x0f, 0x00,
    0x02, 0x78, 0x0a, 0x00, 0x50, 0x72, 0x00, 0x00, 0x00, 0x0f, 0x00, 0x00, 0x00, 0xce, 0x0f, 0x00,
    0x44, 0x79, 0x20, 0x00, 0x38, 0x00, 0x00, 0x00, 0x00, 0x00, 0xc0, 0x03, 0x00, 0xea, 0x0f, 0x00,
    0x02, 0x72, 0x07, 0x00, 0x08, 0x00, 0x00, 0x00, 0x00, 0x0f, 0x00, 0x00, 0x00, 0xce, 0x0f, 0x00,
    0x41, 0x79, 0x03, 0x00, 0x00, 0x00, 0x00, 0x00, 0x00, 0x02, 0x80, 0x03, 0x00, 0xea, 0x0f, 0x00,
    0x08, 0x73, 0x03, 0x00, 0x84, 0x00, 0x00, 0x00, 0x00, 0x10, 0x00, 0x00, 0x00, 0x22, 0x0e, 0x00,
    0x45, 0x79, 0x03, 0x00, 0xd0, 0x00, 0x00, 0x00, 0x00, 0x02, 0x80, 0x03, 0x00, 0xe2, 0x0f, 0x00,
    0x02, 0x73, 0x00, 0x47, 0x84, 0x00, 0x00, 0x00, 0x00, 0x00, 0x00, 0x00, 0x00, 0x62, 0x0e, 0x00,
    0x23, 0x74, 0x02, 0x03, 0x00, 0x00, 0x80, 0x3f, 0x84, 0x08, 0x00, 0x00, 0x00, 0xc8, 0x1f, 0x00,
    0x23, 0x72, 0x02, 0x03, 0x02, 0x00, 0x00, 0x00, 0x03, 0x00, 0x00, 0x00, 0x00, 0xc8, 0x0f, 0x00,
    0x23, 0x72, 0x04, 0x02, 0x47, 0x00, 0x00, 0x00, 0xff, 0x00, 0x00, 0x00, 0x00, 0xc8, 0x0f, 0x00,
    0x23, 0x72, 0x03, 0x04, 0x84, 0x00, 0x00, 0x80, 0x47, 0x00, 0x00, 0x00, 0x00, 0xc8, 0x0f, 0x00,
    0x23, 0x72, 0x02, 0x02, 0x03, 0x00, 0x00, 0x00, 0x04, 0x00, 0x00, 0x00, 0x00, 0xe2, 0x0f, 0x00,
    0x47, 0x89, 0x14, 0x00, 0x00, 0x00, 0x00, 0x00, 0x00, 0x00, 0x80, 0x03, 0x00, 0xec, 0x2f, 0x00,
    0x02, 0x72, 0x24, 0x00, 0x47, 0x00, 0x00, 0x00, 0x00, 0x0f, 0x00, 0x00, 0x00, 0xe2, 0x0f, 0x00,
    0x02, 0x72, 0x03, 0x00, 0x84, 0x00, 0x00, 0x00, 0x00, 0x0f, 0x00, 0x00, 0x00, 0xe2, 0x0f, 0x00,
    0x02, 0x78, 0x0a, 0x00, 0x40, 0x73, 0x00, 0x00, 0x00, 0x0f, 0x00, 0x00, 0x00, 0xce, 0x0f, 0x00,
    0x44, 0x79, 0xe4, 0x00, 0x34, 0x00, 0x00, 0x00, 0x00, 0x00, 0xc0, 0x03, 0x00, 0xea, 0x0f, 0x00,
    0x02, 0x72, 0x02, 0x00, 0x08, 0x00, 0x00, 0x00, 0x00, 0x0f, 0x00, 0x00, 0x00, 0xce, 0x0f, 0x00,
    0x41, 0x79, 0x03, 0x00, 0x00, 0x00, 0x00, 0x00, 0x00, 0x02, 0x80, 0x03, 0x00, 0xea, 0x0f, 0x00,
    0xac, 0x77, 0x04, 0xff, 0x80, 0x7c, 0x00, 0x00, 0x00, 0x08, 0x00, 0x08, 0x00, 0x22, 0x0e, 0x00,
    0x10, 0x72, 0x03, 0x05, 0x88, 0x00, 0x00, 0x00, 0xff, 0xe0, 0xff, 0x07, 0x00, 0xe4, 0x0f, 0x00,
    0x3e, 0x72, 0x07, 0x02, 0x07, 0x00, 0x00, 0x00, 0xff, 0x10, 0x00, 0x00, 0x00, 0xc6, 0x0f, 0x00,
    0x0c, 0x7c, 0x00, 0x03, 0x04, 0x00, 0x00, 0x00, 0x70, 0x62, 0xf0, 0x0b, 0x00, 0xca, 0x1f, 0x00,
    0x0c, 0x72, 0x00, 0x03, 0xff, 0x00, 0x00, 0x00, 0x70, 0x16, 0x70, 0x00, 0x00, 0xda, 0x0f, 0x00,
    0x86, 0x89, 0x00, 0x92, 0x07, 0x40, 0x40, 0x01, 0x06, 0x19, 0x10, 0x0c, 0x00, 0xe4, 0x01, 0x00,
    0x41, 0x79, 0x02, 0x00, 0x00, 0x00, 0x00, 0x00, 0x00, 0x02, 0x80, 0x03, 0x00, 0xea, 0x0f, 0x00,
    0x0c, 0x72, 0x00, 0x0b, 0x00, 0x00, 0x00, 0x00, 0x70, 0x62, 0xf0, 0x03, 0x00, 0xe2, 0x0f, 0x00,
    0x45, 0x79, 0x02, 0x00, 0x60, 0x02, 0x00, 0x00, 0x00, 0x02, 0x80, 0x03, 0x00, 0xd8, 0x0f, 0x00,
    0x47, 0x09, 0x90, 0x00, 0x00, 0x00, 0x00, 0x00, 0x00, 0x00, 0x80, 0x03, 0x00, 0xea, 0x0f, 0x00,
    0x08, 0x73, 0x02, 0x00, 0x85, 0x00, 0x00, 0x00, 0x00, 0x10, 0x00, 0x00, 0x00, 0x62, 0x0f, 0x00,
    0x45, 0x79, 0x03, 0x00, 0xd0, 0x00, 0x00, 0x00, 0x00, 0x02, 0x80, 0x03, 0x00, 0xe2, 0x0f, 0x00,
    0x02, 0x73, 0x00, 0x48, 0x85, 0x00, 0x00, 0x00, 0x00, 0x00, 0x00, 0x00, 0x00, 0x22, 0x0e, 0x00,
    0x23, 0x74, 0x03, 0x02, 0x00, 0x00, 0x80, 0x3f, 0x85, 0x08, 0x00, 0x00, 0x00, 0xc8, 0x0f, 0x02,
    0x23, 0x72, 0x03, 0x02, 0x03, 0x00, 0x00, 0x00, 0x02, 0x00, 0x00, 0x00, 0x00, 0xc8, 0x0f, 0x00,
    0x23, 0x72, 0x07, 0x03, 0x48, 0x00, 0x00, 0x00, 0xff, 0x00, 0x00, 0x00, 0x00, 0xc8, 0xff, 0x01,
    0x23, 0x72, 0x02, 0x07, 0x85, 0x00, 0x00, 0x80, 0x48, 0x00, 0x00, 0x00, 0x00, 0xc8, 0x0f, 0x00,
    0x23, 0x72, 0x07, 0x03, 0x02, 0x00, 0x00, 0x00, 0x07, 0x00, 0x00, 0x00, 0x00, 0xe2, 0x0f, 0x00,
    0x47, 0x89, 0x14, 0x00, 0x00, 0x00, 0x00, 0x00, 0x00, 0x00, 0x80, 0x03, 0x00, 0xec, 0x0f, 0x00,
    0x02, 0x72, 0x24, 0x00, 0x48, 0x00, 0x00, 0x00, 0x00, 0x0f, 0x00, 0x00, 0x00, 0xe2, 0x0f, 0x00,
    0x02, 0x72, 0x03, 0x00, 0x85, 0x00, 0x00, 0x00, 0x00, 0x0f, 0x00, 0x00, 0x00, 0xe2, 0x0f, 0x00,
    0x02, 0x78, 0x0a, 0x00, 0xd0, 0x74, 0x00, 0x00, 0x00, 0x0f, 0x00, 0x00, 0x00, 0xce, 0x0f, 0x00,
    0x44, 0x79, 0x80, 0x00, 0x34, 0x00, 0x00, 0x00, 0x00, 0x00, 0xc0, 0x03, 0x00, 0xea, 0x0f, 0x00,
    0x02, 0x72, 0x07, 0x00, 0x08, 0x00, 0x00, 0x00, 0x00, 0x0f, 0x00, 0x00, 0x00, 0xce, 0x0f, 0x00,
    0x41, 0x79, 0x03, 0x00, 0x00, 0x00, 0x00, 0x00, 0x00, 0x02, 0x80, 0x03, 0x00, 0xea, 0x0f, 0x00,
    0x08, 0x73, 0x02, 0x00, 0x85, 0x00, 0x00, 0x00, 0x00, 0x10, 0x00, 0x00, 0x00, 0x22, 0x0e, 0x00,
    0x45, 0x79, 0x03, 0x00, 0xd0, 0x00, 0x00, 0x00, 0x00, 0x02, 0x80, 0x03, 0x00, 0xe2, 0x0f, 0x00,
    0x02, 0x73, 0x00, 0x49, 0x85, 0x00, 0x00, 0x00, 0x00, 0x00, 0x00, 0x00, 0x00, 0x62, 0x0e, 0x00,
    0x23, 0x74, 0x03, 0x02, 0x00, 0x00, 0x80, 0x3f, 0x85, 0x08, 0x00, 0x00, 0x00, 0xc8, 0x1f, 0x00,
    0x23, 0x72, 0x02, 0x02, 0x03, 0x00, 0x00, 0x00, 0x02, 0x00, 0x00, 0x00, 0x00, 0xc8, 0x0f, 0x00,
    0x23, 0x72, 0x04, 0x02, 0x49, 0x00, 0x00, 0x00, 0xff, 0x00, 0x00, 0x00, 0x00, 0xc8, 0x0f, 0x00,
    0x23, 0x72, 0x03, 0x04, 0x85, 0x00, 0x00, 0x80, 0x49, 0x00, 0x00, 0x00, 0x00, 0xc8, 0x0f, 0x00,
    0x23, 0x72, 0x02, 0x02, 0x03, 0x00, 0x00, 0x00, 0x04, 0x00, 0x00, 0x00, 0x00, 0xe2, 0x0f, 0x00,
    0x47, 0x89, 0x14, 0x00, 0x00, 0x00, 0x00, 0x00, 0x00, 0x00, 0x80, 0x03, 0x00, 0xec, 0x2f, 0x00,
    0x02, 0x72, 0x24, 0x00, 0x49, 0x00, 0x00, 0x00, 0x00, 0x0f, 0x00, 0x00, 0x00, 0xe2, 0x0f, 0x00,
    0x02, 0x72, 0x03, 0x00, 0x85, 0x00, 0x00, 0x00, 0x00, 0x0f, 0x00, 0x00, 0x00, 0xe2, 0x0f, 0x00,
    0x02, 0x78, 0x0a, 0x00, 0xc0, 0x75, 0x00, 0x00, 0x00, 0x0f, 0x00, 0x00, 0x00, 0xce, 0x0f, 0x00,
    0x44, 0x79, 0x44, 0x00, 0x34, 0x00, 0x00, 0x00, 0x00, 0x00, 0xc0, 0x03, 0x00, 0xea, 0x0f, 0x00,
    0x02, 0x72, 0x02, 0x00, 0x08, 0x00, 0x00, 0x00, 0x00, 0x0f, 0x00, 0x00, 0x00, 0xce, 0x0f, 0x00,
    0x41, 0x79, 0x03, 0x00, 0x00, 0x00, 0x00, 0x00, 0x00, 0x02, 0x80, 0x03, 0x00, 0xea, 0x0f, 0x00,
    0xac, 0x77, 0x04, 0xff, 0x80, 0x7c, 0x00, 0x00, 0x00, 0x08, 0x00, 0x08, 0x00, 0x22, 0x0e, 0x00,
    0x10, 0x72, 0x03, 0x0b, 0x88, 0x00, 0x00, 0x00, 0xff, 0xe0, 0xff, 0x07, 0x00, 0xe4, 0x0f, 0x00,
    0x3e, 0x72, 0x07, 0x02, 0x07, 0x00, 0x00, 0x00, 0xff, 0x10, 0x00, 0x00, 0x00, 0xc6, 0x0f, 0x00,
    0x0c, 0x7c, 0x00, 0x03, 0x04, 0x00, 0x00, 0x00, 0x70, 0x62, 0xf0, 0x0b, 0x00, 0xca, 0x1f, 0x00,
    0x0c, 0x72, 0x00, 0x03, 0xff, 0x00, 0x00, 0x00, 0x70, 0x16, 0x70, 0x00, 0x00, 0xda, 0x0f, 0x00,
    0x86, 0x89, 0x00, 0x92, 0x07, 0x50, 0x00, 0x00, 0x06, 0x19, 0x10, 0x0c, 0x00, 0xe4, 0x01, 0x00,
    0x41, 0x79, 0x02, 0x00, 0x00, 0x00, 0x00, 0x00, 0x00, 0x02, 0x80, 0x03, 0x00, 0xea, 0x0f, 0x00,
    0x0c, 0x72, 0x00, 0x05, 0x00, 0x00, 0x00, 0x00, 0x70, 0x62, 0xf0, 0x03, 0x00, 0xe2, 0x0f, 0x00,
    0x45, 0x79, 0x02, 0x00, 0x60, 0x02, 0x00, 0x00, 0x00, 0x02, 0x80, 0x03, 0x00, 0xd8, 0x0f, 0x00,
    0x47, 0x09, 0x90, 0x00, 0x00, 0x00, 0x00, 0x00, 0x00, 0x00, 0x80, 0x03, 0x00, 0xea, 0x0f, 0x00,
    0x08, 0x73, 0x03, 0x00, 0x84, 0x00, 0x00, 0x00, 0x00, 0x10, 0x00, 0x00, 0x00, 0x62, 0x0f, 0x00,
    0x45, 0x79, 0x03, 0x00, 0xd0, 0x00, 0x00, 0x00, 0x00, 0x02, 0x80, 0x03, 0x00, 0xe2, 0x0f, 0x00,
    0x02, 0x73, 0x00, 0x4a, 0x84, 0x00, 0x00, 0x00, 0x00, 0x00, 0x00, 0x00, 0x00, 0x22, 0x0e, 0x00,
    0x23, 0x74, 0x02, 0x03, 0x00, 0x00, 0x80, 0x3f, 0x84, 0x08, 0x00, 0x00, 0x00, 0xc8, 0x0f, 0x02,
    0x23, 0x72, 0x03, 0x03, 0x02, 0x00, 0x00, 0x00, 0x03, 0x00, 0x00, 0x00, 0x00, 0xc8, 0x0f, 0x00,
    0x23, 0x72, 0x07, 0x03, 0x4a, 0x00, 0x00, 0x00, 0xff, 0x00, 0x00, 0x00, 0x00, 0xc8, 0xff, 0x01,
    0x23, 0x72, 0x02, 0x07, 0x84, 0x00, 0x00, 0x80, 0x4a, 0x00, 0x00, 0x00, 0x00, 0xc8, 0x0f, 0x00,
    0x23, 0x72, 0x07, 0x03, 0x02, 0x00, 0x00, 0x00, 0x07, 0x00, 0x00, 0x00, 0x00, 0xe2, 0x0f, 0x00,
    0x47, 0x89, 0x14, 0x00, 0x00, 0x00, 0x00, 0x00, 0x00, 0x00, 0x80, 0x03, 0x00, 0xec, 0x0f, 0x00,
    0x02, 0x72, 0x24, 0x00, 0x4a, 0x00, 0x00, 0x00, 0x00, 0x0f, 0x00, 0x00, 0x00, 0xe2, 0x0f, 0x00,
    0x02, 0x72, 0x03, 0x00, 0x84, 0x00, 0x00, 0x00, 0x00, 0x0f, 0x00, 0x00, 0x00, 0xe2, 0x0f, 0x00,
    0x02, 0x78, 0x0a, 0x00, 0x50, 0x77, 0x00, 0x00, 0x00, 0x0f, 0x00, 0x00, 0x00, 0xce, 0x0f, 0x00,
    0x44, 0x79, 0xe0, 0x00, 0x30, 0x00, 0x00, 0x00, 0x00, 0x00, 0xc0, 0x03, 0x00, 0xea, 0x0f, 0x00,
    0x02, 0x72, 0x07, 0x00, 0x08, 0x00, 0x00, 0x00, 0x00, 0x0f, 0x00, 0x00, 0x00, 0xce, 0x0f, 0x00,
    0x41, 0x79, 0x03, 0x00, 0x00, 0x00, 0x00, 0x00, 0x00, 0x02, 0x80, 0x03, 0x00, 0xea, 0x0f, 0x00,
    0x08, 0x73, 0x03, 0x00, 0x84, 0x00, 0x00, 0x00, 0x00, 0x10, 0x00, 0x00, 0x00, 0x22, 0x0e, 0x00,
    0x45, 0x79, 0x03, 0x00, 0xd0, 0x00, 0x00, 0x00, 0x00, 0x02, 0x80, 0x03, 0x00, 0xe2, 0x0f, 0x00,
    0x02, 0x73, 0x00, 0x4b, 0x84, 0x00, 0x00, 0x00, 0x00, 0x00, 0x00, 0x00, 0x00, 0x62, 0x0e, 0x00,
    0x23, 0x74, 0x02, 0x03, 0x00, 0x00, 0x80, 0x3f, 0x84, 0x08, 0x00, 0x00, 0x00, 0xc8, 0x1f, 0x00,
    0x23, 0x72, 0x02, 0x03, 0x02, 0x00, 0x00, 0x00, 0x03, 0x00, 0x00, 0x00, 0x00, 0xc8, 0x0f, 0x00,
    0x23, 0x72, 0x04, 0x02, 0x4b, 0x00, 0x00, 0x00, 0xff, 0x00, 0x00, 0x00, 0x00, 0xc8, 0x0f, 0x00,
    0x23, 0x72, 0x03, 0x04, 0x84, 0x00, 0x00, 0x80, 0x4b, 0x00, 0x00, 0x00, 0x00, 0xc8, 0x0f, 0x00,
    0x23, 0x72, 0x02, 0x02, 0x03, 0x00, 0x00, 0x00, 0x04, 0x00, 0x00, 0x00, 0x00, 0xe2, 0x0f, 0x00,
    0x47, 0x89, 0x14, 0x00, 0x00, 0x00, 0x00, 0x00, 0x00, 0x00, 0x80, 0x03, 0x00, 0xec, 0x2f, 0x00,
    0x02, 0x72, 0x24, 0x00, 0x4b, 0x00, 0x00, 0x00, 0x00, 0x0f, 0x00, 0x00, 0x00, 0xe2, 0x0f, 0x00,
    0x02, 0x72, 0x03, 0x00, 0x84, 0x00, 0x00, 0x00, 0x00, 0x0f, 0x00, 0x00, 0x00, 0xe2, 0x0f, 0x00,
    0x02, 0x78, 0x0a, 0x00, 0x40, 0x78, 0x00, 0x00, 0x00, 0x0f, 0x00, 0x00, 0x00, 0xce, 0x0f, 0x00,
    0x44, 0x79, 0xa4, 0x00, 0x30, 0x00, 0x00, 0x00, 0x00, 0x00, 0xc0, 0x03, 0x00, 0xea, 0x0f, 0x00,
    0x02, 0x72, 0x02, 0x00, 0x08, 0x00, 0x00, 0x00, 0x00, 0x0f, 0x00, 0x00, 0x00, 0xce, 0x0f, 0x00,
    0x41, 0x79, 0x03, 0x00, 0x00, 0x00, 0x00, 0x00, 0x00, 0x02, 0x80, 0x03, 0x00, 0xea, 0x0f, 0x00,
    0xac, 0x77, 0x04, 0xff, 0x80, 0x7c, 0x00, 0x00, 0x00, 0x08, 0x00, 0x08, 0x00, 0x22, 0x0e, 0x00,
    0x10, 0x72, 0x03, 0x05, 0x88, 0x00, 0x00, 0x00, 0xff, 0xe0, 0xff, 0x07, 0x00, 0xe4, 0x0f, 0x00,
    0x3e, 0x72, 0x07, 0x02, 0x07, 0x00, 0x00, 0x00, 0xff, 0x10, 0x00, 0x00, 0x00, 0xc6, 0x0f, 0x00,
    0x0c, 0x7c, 0x00, 0x03, 0x04, 0x00, 0x00, 0x00, 0x70, 0x62, 0xf0, 0x0b, 0x00, 0xca, 0x1f, 0x00,
    0x0c, 0x72, 0x00, 0x03, 0xff, 0x00, 0x00, 0x00, 0x70, 0x16, 0x70, 0x00, 0x00, 0xda, 0x0f, 0x00,
    0x86, 0x89, 0x00, 0x92, 0x07, 0x50, 0x40, 0x01, 0x06, 0x19, 0x10, 0x0c, 0x00, 0xe4, 0x01, 0x00,
    0x41, 0x79, 0x02, 0x00, 0x00, 0x00, 0x00, 0x00, 0x00, 0x02, 0x80, 0x03, 0x00, 0xea, 0x0f, 0x00,
    0x0c, 0x72, 0x00, 0x0b, 0x00, 0x00, 0x00, 0x00, 0x70, 0x62, 0xf0, 0x03, 0x00, 0xe2, 0x0f, 0x00,
    0x45, 0x79, 0x02, 0x00, 0x60, 0x02, 0x00, 0x00, 0x00, 0x02, 0x80, 0x03, 0x00, 0xd8, 0x0f, 0x00,
    0x47, 0x09, 0x90, 0x00, 0x00, 0x00, 0x00, 0x00, 0x00, 0x00, 0x80, 0x03, 0x00, 0xea, 0x0f, 0x00,
    0x08, 0x73, 0x02, 0x00, 0x85, 0x00, 0x00, 0x00, 0x00, 0x10, 0x00, 0x00, 0x00, 0x62, 0x0f, 0x00,
    0x45, 0x79, 0x03, 0x00, 0xd0, 0x00, 0x00, 0x00, 0x00, 0x02, 0x80, 0x03, 0x00, 0xe2, 0x0f, 0x00,
    0x02, 0x73, 0x00, 0x4c, 0x85, 0x00, 0x00, 0x00, 0x00, 0x00, 0x00, 0x00, 0x00, 0x22, 0x0e, 0x00,
    0x23, 0x74, 0x03, 0x02, 0x00, 0x00, 0x80, 0x3f, 0x85, 0x08, 0x00, 0x00, 0x00, 0xc8, 0x0f, 0x02,
    0x23, 0x72, 0x03, 0x02, 0x03, 0x00, 0x00, 0x00, 0x02, 0x00, 0x00, 0x00, 0x00, 0xc8, 0x0f, 0x00,
    0x23, 0x72, 0x07, 0x03, 0x4c, 0x00, 0x00, 0x00, 0xff, 0x00, 0x00, 0x00, 0x00, 0xc8, 0xff, 0x01,
    0x23, 0x72, 0x02, 0x07, 0x85, 0x00, 0x00, 0x80, 0x4c, 0x00, 0x00, 0x00, 0x00, 0xc8, 0x0f, 0x00,
    0x23, 0x72, 0x07, 0x03, 0x02, 0x00, 0x00, 0x00, 0x07, 0x00, 0x00, 0x00, 0x00, 0xe2, 0x0f, 0x00,
    0x47, 0x89, 0x14, 0x00, 0x00, 0x00, 0x00, 0x00, 0x00, 0x00, 0x80, 0x03, 0x00, 0xec, 0x0f, 0x00,
    0x02, 0x72, 0x24, 0x00, 0x4c, 0x00, 0x00, 0x00, 0x00, 0x0f, 0x00, 0x00, 0x00, 0xe2, 0x0f, 0x00,
    0x02, 0x72, 0x03, 0x00, 0x85, 0x00, 0x00, 0x00, 0x00, 0x0f, 0x00, 0x00, 0x00, 0xe2, 0x0f, 0x00,
    0x02, 0x78, 0x0a, 0x00, 0xd0, 0x79, 0x00, 0x00, 0x00, 0x0f, 0x00, 0x00, 0x00, 0xce, 0x0f, 0x00,
    0x44, 0x79, 0x40, 0x00, 0x30, 0x00, 0x00, 0x00, 0x00, 0x00, 0xc0, 0x03, 0x00, 0xea, 0x0f, 0x00,
    0x02, 0x72, 0x07, 0x00, 0x08, 0x00, 0x00, 0x00, 0x00, 0x0f, 0x00, 0x00, 0x00, 0xce, 0x0f, 0x00,
    0x41, 0x79, 0x03, 0x00, 0x00, 0x00, 0x00, 0x00, 0x00, 0x02, 0x80, 0x03, 0x00, 0xea, 0x0f, 0x00,
    0x08, 0x73, 0x02, 0x00, 0x85, 0x00, 0x00, 0x00, 0x00, 0x10, 0x00, 0x00, 0x00, 0x22, 0x0e, 0x00,
    0x45, 0x79, 0x03, 0x00, 0xd0, 0x00, 0x00, 0x00, 0x00, 0x02, 0x80, 0x03, 0x00, 0xe2, 0x0f, 0x00,
    0x02, 0x73, 0x00, 0x4d, 0x85, 0x00, 0x00, 0x00, 0x00, 0x00, 0x00, 0x00, 0x00, 0x62, 0x0e, 0x00,
    0x23, 0x74, 0x03, 0x02, 0x00, 0x00, 0x80, 0x3f, 0x85, 0x08, 0x00, 0x00, 0x00, 0xc8, 0x1f, 0x00,
    0x23, 0x72, 0x02, 0x02, 0x03, 0x00, 0x00, 0x00, 0x02, 0x00, 0x00, 0x00, 0x00, 0xc8, 0x0f, 0x00,
    0x23, 0x72, 0x04, 0x02, 0x4d, 0x00, 0x00, 0x00, 0xff, 0x00, 0x00, 0x00, 0x00, 0xc8, 0x0f, 0x00,
    0x23, 0x72, 0x03, 0x04, 0x85, 0x00, 0x00, 0x80, 0x4d, 0x00, 0x00, 0x00, 0x00, 0xc8, 0x0f, 0x00,
    0x23, 0x72, 0x02, 0x02, 0x03, 0x00, 0x00, 0x00, 0x04, 0x00, 0x00, 0x00, 0x00, 0xe2, 0x0f, 0x00,
    0x47, 0x89, 0x14, 0x00, 0x00, 0x00, 0x00, 0x00, 0x00, 0x00, 0x80, 0x03, 0x00, 0xec, 0x2f, 0x00,
    0x02, 0x72, 0x24, 0x00, 0x4d, 0x00, 0x00, 0x00, 0x00, 0x0f, 0x00, 0x00, 0x00, 0xe2, 0x0f, 0x00,
    0x02, 0x72, 0x03, 0x00, 0x85, 0x00, 0x00, 0x00, 0x00, 0x0f, 0x00, 0x00, 0x00, 0xe2, 0x0f, 0x00,
    0x02, 0x78, 0x0a, 0x00, 0xc0, 0x7a, 0x00, 0x00, 0x00, 0x0f, 0x00, 0x00, 0x00, 0xce, 0x0f, 0x00,
    0x44, 0x79, 0x04, 0x00, 0x30, 0x00, 0x00, 0x00, 0x00, 0x00, 0xc0, 0x03, 0x00, 0xea, 0x0f, 0x00,
    0x02, 0x72, 0x02, 0x00, 0x08, 0x00, 0x00, 0x00, 0x00, 0x0f, 0x00, 0x00, 0x00, 0xce, 0x0f, 0x00,
    0x41, 0x79, 0x03, 0x00, 0x00, 0x00, 0x00, 0x00, 0x00, 0x02, 0x80, 0x03, 0x00, 0xea, 0x0f, 0x00,
    0xac, 0x77, 0x04, 0xff, 0x80, 0x7c, 0x00, 0x00, 0x00, 0x08, 0x00, 0x08, 0x00, 0x22, 0x0e, 0x00,
    0x10, 0x72, 0x03, 0x0b, 0x88, 0x00, 0x00, 0x00, 0xff, 0xe0, 0xff, 0x07, 0x00, 0xe4, 0x0f, 0x00,
    0x3e, 0x72, 0x07, 0x02, 0x07, 0x00, 0x00, 0x00, 0xff, 0x10, 0x00, 0x00, 0x00, 0xc6, 0x0f, 0x00,
    0x0c, 0x7c, 0x00, 0x03, 0x04, 0x00, 0x00, 0x00, 0x70, 0x62, 0xf0, 0x0b, 0x00, 0xca, 0x1f, 0x00,
    0x0c, 0x72, 0x00, 0x03, 0xff, 0x00, 0x00, 0x00, 0x70, 0x16, 0x70, 0x00, 0x00, 0xda, 0x0f, 0x00,
    0x86, 0x89, 0x00, 0x92, 0x07, 0x60, 0x00, 0x00, 0x06, 0x19, 0x10, 0x0c, 0x00, 0xe4, 0x01, 0x00,
    0x41, 0x79, 0x02, 0x00, 0x00, 0x00, 0x00, 0x00, 0x00, 0x02, 0x80, 0x03, 0x00, 0xea, 0x0f, 0x00,
    0x0c, 0x72, 0x00, 0x05, 0x00, 0x00, 0x00, 0x00, 0x70, 0x62, 0xf0, 0x03, 0x00, 0xe2, 0x0f, 0x00,
    0x45, 0x79, 0x02, 0x00, 0x60, 0x02, 0x00, 0x00, 0x00, 0x02, 0x80, 0x03, 0x00, 0xd8, 0x0f, 0x00,
    0x47, 0x09, 0x90, 0x00, 0x00, 0x00, 0x00, 0x00, 0x00, 0x00, 0x80, 0x03, 0x00, 0xea, 0x0f, 0x00,
    0x08, 0x73, 0x03, 0x00, 0x84, 0x00, 0x00, 0x00, 0x00, 0x10, 0x00, 0x00, 0x00, 0x62, 0x0f, 0x00,
    0x45, 0x79, 0x03, 0x00, 0xd0, 0x00, 0x00, 0x00, 0x00, 0x02, 0x80, 0x03, 0x00, 0xe2, 0x0f, 0x00,
    0x02, 0x73, 0x00, 0x4e, 0x84, 0x00, 0x00, 0x00, 0x00, 0x00, 0x00, 0x00, 0x00, 0x22, 0x0e, 0x00,
    0x23, 0x74, 0x02, 0x03, 0x00, 0x00, 0x80, 0x3f, 0x84, 0x08, 0x00, 0x00, 0x00, 0xc8, 0x0f, 0x02,
    0x23, 0x72, 0x03, 0x03, 0x02, 0x00, 0x00, 0x00, 0x03, 0x00, 0x00, 0x00, 0x00, 0xc8, 0x0f, 0x00,
    0x23, 0x72, 0x07, 0x03, 0x4e, 0x00, 0x00, 0x00, 0xff, 0x00, 0x00, 0x00, 0x00, 0xc8, 0xff, 0x01,
    0x23, 0x72, 0x02, 0x07, 0x84, 0x00, 0x00, 0x80, 0x4e, 0x00, 0x00, 0x00, 0x00, 0xc8, 0x0f, 0x00,
    0x23, 0x72, 0x07, 0x03, 0x02, 0x00, 0x00, 0x00, 0x07, 0x00, 0x00, 0x00, 0x00, 0xe2, 0x0f, 0x00,
    0x47, 0x89, 0x14, 0x00, 0x00, 0x00, 0x00, 0x00, 0x00, 0x00, 0x80, 0x03, 0x00, 0xec, 0x0f, 0x00,
    0x02, 0x72, 0x24, 0x00, 0x4e, 0x00, 0x00, 0x00, 0x00, 0x0f, 0x00, 0x00, 0x00, 0xe2, 0x0f, 0x00,
    0x02, 0x72, 0x03, 0x00, 0x84, 0x00, 0x00, 0x00, 0x00, 0x0f, 0x00, 0x00, 0x00, 0xe2, 0x0f, 0x00,
    0x02, 0x78, 0x0a, 0x00, 0x50, 0x7c, 0x00, 0x00, 0x00, 0x0f, 0x00, 0x00, 0x00, 0xce, 0x0f, 0x00,
    0x44, 0x79, 0xa0, 0x00, 0x2c, 0x00, 0x00, 0x00, 0x00, 0x00, 0xc0, 0x03, 0x00, 0xea, 0x0f, 0x00,
    0x02, 0x72, 0x07, 0x00, 0x08, 0x00, 0x00, 0x00, 0x00, 0x0f, 0x00, 0x00, 0x00, 0xce, 0x0f, 0x00,
    0x41, 0x79, 0x03, 0x00, 0x00, 0x00, 0x00, 0x00, 0x00, 0x02, 0x80, 0x03, 0x00, 0xea, 0x0f, 0x00,
    0x08, 0x73, 0x03, 0x00, 0x84, 0x00, 0x00, 0x00, 0x00, 0x10, 0x00, 0x00, 0x00, 0x22, 0x0e, 0x00,
    0x45, 0x79, 0x03, 0x00, 0xd0, 0x00, 0x00, 0x00, 0x00, 0x02, 0x80, 0x03, 0x00, 0xe2, 0x0f, 0x00,
    0x02, 0x73, 0x00, 0x4f, 0x84, 0x00, 0x00, 0x00, 0x00, 0x00, 0x00, 0x00, 0x00, 0x62, 0x0e, 0x00,
    0x23, 0x74, 0x02, 0x03, 0x00, 0x00, 0x80, 0x3f, 0x84, 0x08, 0x00, 0x00, 0x00, 0xc8, 0x1f, 0x00,
    0x23, 0x72, 0x02, 0x03, 0x02, 0x00, 0x00, 0x00, 0x03, 0x00, 0x00, 0x00, 0x00, 0xc8, 0x0f, 0x00,
    0x23, 0x72, 0x04, 0x02, 0x4f, 0x00, 0x00, 0x00, 0xff, 0x00, 0x00, 0x00, 0x00, 0xc8, 0x0f, 0x00,
    0x23, 0x72, 0x03, 0x04, 0x84, 0x00, 0x00, 0x80, 0x4f, 0x00, 0x00, 0x00, 0x00, 0xc8, 0x0f, 0x00,
    0x23, 0x72, 0x02, 0x02, 0x03, 0x00, 0x00, 0x00, 0x04, 0x00, 0x00, 0x00, 0x00, 0xe2, 0x0f, 0x00,
    0x47, 0x89, 0x14, 0x00, 0x00, 0x00, 0x00, 0x00, 0x00, 0x00, 0x80, 0x03, 0x00, 0xec, 0x2f, 0x00,
    0x02, 0x72, 0x24, 0x00, 0x4f, 0x00, 0x00, 0x00, 0x00, 0x0f, 0x00, 0x00, 0x00, 0xe2, 0x0f, 0x00,
    0x02, 0x72, 0x03, 0x00, 0x84, 0x00, 0x00, 0x00, 0x00, 0x0f, 0x00, 0x00, 0x00, 0xe2, 0x0f, 0x00,
    0x02, 0x78, 0x0a, 0x00, 0x40, 0x7d, 0x00, 0x00, 0x00, 0x0f, 0x00, 0x00, 0x00, 0xce, 0x0f, 0x00,
    0x44, 0x79, 0x64, 0x00, 0x2c, 0x00, 0x00, 0x00, 0x00, 0x00, 0xc0, 0x03, 0x00, 0xea, 0x0f, 0x00,
    0x02, 0x72, 0x02, 0x00, 0x08, 0x00, 0x00, 0x00, 0x00, 0x0f, 0x00, 0x00, 0x00, 0xce, 0x0f, 0x00,
    0x41, 0x79, 0x03, 0x00, 0x00, 0x00, 0x00, 0x00, 0x00, 0x02, 0x80, 0x03, 0x00, 0xea, 0x0f, 0x00,
    0xac, 0x77, 0x04, 0xff, 0x80, 0x7c, 0x00, 0x00, 0x00, 0x08, 0x00, 0x08, 0x00, 0x22, 0x0e, 0x00,
    0x10, 0x72, 0x03, 0x05, 0x88, 0x00, 0x00, 0x00, 0xff, 0xe0, 0xff, 0x07, 0x00, 0xe4, 0x0f, 0x00,
    0x3e, 0x72, 0x07, 0x02, 0x07, 0x00, 0x00, 0x00, 0xff, 0x10, 0x00, 0x00, 0x00, 0xc6, 0x0f, 0x00,
    0x0c, 0x7c, 0x00, 0x03, 0x04, 0x00, 0x00, 0x00, 0x70, 0x62, 0xf0, 0x0b, 0x00, 0xca, 0x1f, 0x00,
    0x0c, 0x72, 0x00, 0x03, 0xff, 0x00, 0x00, 0x00, 0x70, 0x16, 0x70, 0x00, 0x00, 0xda, 0x0f, 0x00,
    0x86, 0x89, 0x00, 0x92, 0x07, 0x60, 0x40, 0x01, 0x06, 0x19, 0x10, 0x0c, 0x00, 0xe4, 0x01, 0x00,
    0x41, 0x79, 0x02, 0x00, 0x00, 0x00, 0x00, 0x00, 0x00, 0x02, 0x80, 0x03, 0x00, 0xea, 0x0f, 0x00,
    0x0c, 0x72, 0x00, 0x0b, 0x00, 0x00, 0x00, 0x00, 0x70, 0x62, 0xf0, 0x03, 0x00, 0xe2, 0x0f, 0x00,
    0x45, 0x79, 0x02, 0x00, 0x60, 0x02, 0x00, 0x00, 0x00, 0x02, 0x80, 0x03, 0x00, 0xd8, 0x0f, 0x00,
    0x47, 0x09, 0x90, 0x00, 0x00, 0x00, 0x00, 0x00, 0x00, 0x00, 0x80, 0x03, 0x00, 0xea, 0x0f, 0x00,
    0x08, 0x73, 0x02, 0x00, 0x85, 0x00, 0x00, 0x00, 0x00, 0x10, 0x00, 0x00, 0x00, 0x62, 0x0f, 0x00,
    0x45, 0x79, 0x03, 0x00, 0xd0, 0x00, 0x00, 0x00, 0x00, 0x02, 0x80, 0x03, 0x00, 0xe2, 0x0f, 0x00,
    0x02, 0x73, 0x00, 0x50, 0x85, 0x00, 0x00, 0x00, 0x00, 0x00, 0x00, 0x00, 0x00, 0x22, 0x0e, 0x00,
    0x23, 0x74, 0x03, 0x02, 0x00, 0x00, 0x80, 0x3f, 0x85, 0x08, 0x00, 0x00, 0x00, 0xc8, 0x0f, 0x02,
    0x23, 0x72, 0x03, 0x02, 0x03, 0x00, 0x00, 0x00, 0x02, 0x00, 0x00, 0x00, 0x00, 0xc8, 0x0f, 0x00,
    0x23, 0x72, 0x07, 0x03, 0x50, 0x00, 0x00, 0x00, 0xff, 0x00, 0x00, 0x00, 0x00, 0xc8, 0xff, 0x01,
    0x23, 0x72, 0x02, 0x07, 0x85, 0x00, 0x00, 0x80, 0x50, 0x00, 0x00, 0x00, 0x00, 0xc8, 0x0f, 0x00,
    0x23, 0x72, 0x07, 0x03, 0x02, 0x00, 0x00, 0x00, 0x07, 0x00, 0x00, 0x00, 0x00, 0xe2, 0x0f, 0x00,
    0x47, 0x89, 0x14, 0x00, 0x00, 0x00, 0x00, 0x00, 0x00, 0x00, 0x80, 0x03, 0x00, 0xec, 0x0f, 0x00,
    0x02, 0x72, 0x24, 0x00, 0x50, 0x00, 0x00, 0x00, 0x00, 0x0f, 0x00, 0x00, 0x00, 0xe2, 0x0f, 0x00,
    0x02, 0x72, 0x03, 0x00, 0x85, 0x00, 0x00, 0x00, 0x00, 0x0f, 0x00, 0x00, 0x00, 0xe2, 0x0f, 0x00,
    0x02, 0x78, 0x0a, 0x00, 0xd0, 0x7e, 0x00, 0x00, 0x00, 0x0f, 0x00, 0x00, 0x00, 0xce, 0x0f, 0x00,
    0x44, 0x79, 0x00, 0x00, 0x2c, 0x00, 0x00, 0x00, 0x00, 0x00, 0xc0, 0x03, 0x00, 0xea, 0x0f, 0x00,
    0x02, 0x72, 0x07, 0x00, 0x08, 0x00, 0x00, 0x00, 0x00, 0x0f, 0x00, 0x00, 0x00, 0xce, 0x0f, 0x00,
    0x41, 0x79, 0x03, 0x00, 0x00, 0x00, 0x00, 0x00, 0x00, 0x02, 0x80, 0x03, 0x00, 0xea, 0x0f, 0x00,
    0x08, 0x73, 0x02, 0x00, 0x85, 0x00, 0x00, 0x00, 0x00, 0x10, 0x00, 0x00, 0x00, 0x22, 0x0e, 0x00,
    0x45, 0x79, 0x03, 0x00, 0xd0, 0x00, 0x00, 0x00, 0x00, 0x02, 0x80, 0x03, 0x00, 0xe2, 0x0f, 0x00,
    0x02, 0x73, 0x00, 0x51, 0x85, 0x00, 0x00, 0x00, 0x00, 0x00, 0x00, 0x00, 0x00, 0x62, 0x0e, 0x00,
    0x23, 0x74, 0x03, 0x02, 0x00, 0x00, 0x80, 0x3f, 0x85, 0x08, 0x00, 0x00, 0x00, 0xc8, 0x1f, 0x00,
    0x23, 0x72, 0x02, 0x02, 0x03, 0x00, 0x00, 0x00, 0x02, 0x00, 0x00, 0x00, 0x00, 0xc8, 0x0f, 0x00,
    0x23, 0x72, 0x04, 0x02, 0x51, 0x00, 0x00, 0x00, 0xff, 0x00, 0x00, 0x00, 0x00, 0xc8, 0x0f, 0x00,
    0x23, 0x72, 0x03, 0x04, 0x85, 0x00, 0x00, 0x80, 0x51, 0x00, 0x00, 0x00, 0x00, 0xc8, 0x0f, 0x00,
    0x23, 0x72, 0x02, 0x02, 0x03, 0x00, 0x00, 0x00, 0x04, 0x00, 0x00, 0x00, 0x00, 0xe2, 0x0f, 0x00,
    0x47, 0x89, 0x14, 0x00, 0x00, 0x00, 0x00, 0x00, 0x00, 0x00, 0x80, 0x03, 0x00, 0xec, 0x2f, 0x00,
    0x02, 0x72, 0x24, 0x00, 0x51, 0x00, 0x00, 0x00, 0x00, 0x0f, 0x00, 0x00, 0x00, 0xe2, 0x0f, 0x00,
    0x02, 0x72, 0x03, 0x00, 0x85, 0x00, 0x00, 0x00, 0x00, 0x0f, 0x00, 0x00, 0x00, 0xe2, 0x0f, 0x00,
    0x02, 0x78, 0x0a, 0x00, 0xc0, 0x7f, 0x00, 0x00, 0x00, 0x0f, 0x00, 0x00, 0x00, 0xce, 0x0f, 0x00,
    0x44, 0x79, 0xc4, 0x00, 0x28, 0x00, 0x00, 0x00, 0x00, 0x00, 0xc0, 0x03, 0x00, 0xea, 0x0f, 0x00,
    0x02, 0x72, 0x02, 0x00, 0x08, 0x00, 0x00, 0x00, 0x00, 0x0f, 0x00, 0x00, 0x00, 0xce, 0x0f, 0x00,
    0x41, 0x79, 0x03, 0x00, 0x00, 0x00, 0x00, 0x00, 0x00, 0x02, 0x80, 0x03, 0x00, 0xea, 0x0f, 0x00,
    0xac, 0x77, 0x04, 0xff, 0x80, 0x7c, 0x00, 0x00, 0x00, 0x08, 0x00, 0x08, 0x00, 0x22, 0x0e, 0x00,
    0x10, 0x72, 0x03, 0x0b, 0x88, 0x00, 0x00, 0x00, 0xff, 0xe0, 0xff, 0x07, 0x00, 0xe4, 0x0f, 0x00,
    0x3e, 0x72, 0x07, 0x02, 0x07, 0x00, 0x00, 0x00, 0xff, 0x10, 0x00, 0x00, 0x00, 0xc6, 0x0f, 0x00,
    0x0c, 0x7c, 0x00, 0x03, 0x04, 0x00, 0x00, 0x00, 0x70, 0x62, 0xf0, 0x0b, 0x00, 0xca, 0x1f, 0x00,
    0x0c, 0x72, 0x00, 0x03, 0xff, 0x00, 0x00, 0x00, 0x70, 0x16, 0x70, 0x00, 0x00, 0xda, 0x0f, 0x00,
    0x86, 0x89, 0x00, 0x92, 0x07, 0x70, 0x00, 0x00, 0x06, 0x19, 0x10, 0x0c, 0x00, 0xe4, 0x01, 0x00,
    0x41, 0x79, 0x02, 0x00, 0x00, 0x00, 0x00, 0x00, 0x00, 0x02, 0x80, 0x03, 0x00, 0xea, 0x0f, 0x00,
    0x0c, 0x72, 0x00, 0x05, 0x00, 0x00, 0x00, 0x00, 0x70, 0x62, 0xf0, 0x03, 0x00, 0xe2, 0x0f, 0x00,
    0x45, 0x79, 0x02, 0x00, 0x60, 0x02, 0x00, 0x00, 0x00, 0x02, 0x80, 0x03, 0x00, 0xd8, 0x0f, 0x00,
    0x47, 0x09, 0x90, 0x00, 0x00, 0x00, 0x00, 0x00, 0x00, 0x00, 0x80, 0x03, 0x00, 0xea, 0x0f, 0x00,
    0x08, 0x73, 0x03, 0x00, 0x84, 0x00, 0x00, 0x00, 0x00, 0x10, 0x00, 0x00, 0x00, 0x62, 0x0f, 0x00,
    0x45, 0x79, 0x03, 0x00, 0xd0, 0x00, 0x00, 0x00, 0x00, 0x02, 0x80, 0x03, 0x00, 0xe2, 0x0f, 0x00,
    0x02, 0x73, 0x00, 0x52, 0x84, 0x00, 0x00, 0x00, 0x00, 0x00, 0x00, 0x00, 0x00, 0x22, 0x0e, 0x00,
    0x23, 0x74, 0x02, 0x03, 0x00, 0x00, 0x80, 0x3f, 0x84, 0x08, 0x00, 0x00, 0x00, 0xc8, 0x0f, 0x02,
    0x23, 0x72, 0x03, 0x03, 0x02, 0x00, 0x00, 0x00, 0x03, 0x00, 0x00, 0x00, 0x00, 0xc8, 0x0f, 0x00,
    0x23, 0x72, 0x07, 0x03, 0x52, 0x00, 0x00, 0x00, 0xff, 0x00, 0x00, 0x00, 0x00, 0xc8, 0xff, 0x01,
    0x23, 0x72, 0x02, 0x07, 0x84, 0x00, 0x00, 0x80, 0x52, 0x00, 0x00, 0x00, 0x00, 0xc8, 0x0f, 0x00,
    0x23, 0x72, 0x07, 0x03, 0x02, 0x00, 0x00, 0x00, 0x07, 0x00, 0x00, 0x00, 0x00, 0xe2, 0x0f, 0x00,
    0x47, 0x89, 0x14, 0x00, 0x00, 0x00, 0x00, 0x00, 0x00, 0x00, 0x80, 0x03, 0x00, 0xec, 0x0f, 0x00,
    0x02, 0x72, 0x24, 0x00, 0x52, 0x00, 0x00, 0x00, 0x00, 0x0f, 0x00, 0x00, 0x00, 0xe2, 0x0f, 0x00,
    0x02, 0x72, 0x03, 0x00, 0x84, 0x00, 0x00, 0x00, 0x00, 0x0f, 0x00, 0x00, 0x00, 0xe2, 0x0f, 0x00,
    0x02, 0x78, 0x0a, 0x00, 0x50, 0x81, 0x00, 0x00, 0x00, 0x0f, 0x00, 0x00, 0x00, 0xce, 0x0f, 0x00,
    0x44, 0x79, 0x60, 0x00, 0x28, 0x00, 0x00, 0x00, 0x00, 0x00, 0xc0, 0x03, 0x00, 0xea, 0x0f, 0x00,
    0x02, 0x72, 0x07, 0x00, 0x08, 0x00, 0x00, 0x00, 0x00, 0x0f, 0x00, 0x00, 0x00, 0xce, 0x0f, 0x00,
    0x41, 0x79, 0x03, 0x00, 0x00, 0x00, 0x00, 0x00, 0x00, 0x02, 0x80, 0x03, 0x00, 0xea, 0x0f, 0x00,
    0x08, 0x73, 0x03, 0x00, 0x84, 0x00, 0x00, 0x00, 0x00, 0x10, 0x00, 0x00, 0x00, 0x22, 0x0e, 0x00,
    0x45, 0x79, 0x03, 0x00, 0xd0, 0x00, 0x00, 0x00, 0x00, 0x02, 0x80, 0x03, 0x00, 0xe2, 0x0f, 0x00,
    0x02, 0x73, 0x00, 0x53, 0x84, 0x00, 0x00, 0x00, 0x00, 0x00, 0x00, 0x00, 0x00, 0x62, 0x0e, 0x00,
    0x23, 0x74, 0x02, 0x03, 0x00, 0x00, 0x80, 0x3f, 0x84, 0x08, 0x00, 0x00, 0x00, 0xc8, 0x1f, 0x00,
    0x23, 0x72, 0x02, 0x03, 0x02, 0x00, 0x00, 0x00, 0x03, 0x00, 0x00, 0x00, 0x00, 0xc8, 0x0f, 0x00,
    0x23, 0x72, 0x04, 0x02, 0x53, 0x00, 0x00, 0x00, 0xff, 0x00, 0x00, 0x00, 0x00, 0xc8, 0x0f, 0x00,
    0x23, 0x72, 0x03, 0x04, 0x84, 0x00, 0x00, 0x80, 0x53, 0x00, 0x00, 0x00, 0x00, 0xc8, 0x0f, 0x00,
    0x23, 0x72, 0x02, 0x02, 0x03, 0x00, 0x00, 0x00, 0x04, 0x00, 0x00, 0x00, 0x00, 0xe2, 0x0f, 0x00,
    0x47, 0x89, 0x14, 0x00, 0x00, 0x00, 0x00, 0x00, 0x00, 0x00, 0x80, 0x03, 0x00, 0xec, 0x2f, 0x00,
    0x02, 0x72, 0x24, 0x00, 0x53, 0x00, 0x00, 0x00, 0x00, 0x0f, 0x00, 0x00, 0x00, 0xe2, 0x0f, 0x00,
    0x02, 0x72, 0x03, 0x00, 0x84, 0x00, 0x00, 0x00, 0x00, 0x0f, 0x00, 0x00, 0x00, 0xe2, 0x0f, 0x00,
    0x02, 0x78, 0x0a, 0x00, 0x40, 0x82, 0x00, 0x00, 0x00, 0x0f, 0x00, 0x00, 0x00, 0xce, 0x0f, 0x00,
    0x44, 0x79, 0x24, 0x00, 0x28, 0x00, 0x00, 0x00, 0x00, 0x00, 0xc0, 0x03, 0x00, 0xea, 0x0f, 0x00,
    0x02, 0x72, 0x02, 0x00, 0x08, 0x00, 0x00, 0x00, 0x00, 0x0f, 0x00, 0x00, 0x00, 0xce, 0x0f, 0x00,
    0x41, 0x79, 0x03, 0x00, 0x00, 0x00, 0x00, 0x00, 0x00, 0x02, 0x80, 0x03, 0x00, 0xea, 0x0f, 0x00,
    0xac, 0x77, 0x04, 0xff, 0x80, 0x7c, 0x00, 0x00, 0x00, 0x08, 0x00, 0x08, 0x00, 0x22, 0x0e, 0x00,
    0x10, 0x72, 0x03, 0x05, 0x88, 0x00, 0x00, 0x00, 0xff, 0xe0, 0xff, 0x07, 0x00, 0xe4, 0x0f, 0x00,
    0x3e, 0x72, 0x07, 0x02, 0x07, 0x00, 0x00, 0x00, 0xff, 0x10, 0x00, 0x00, 0x00, 0xc6, 0x0f, 0x00,
    0x0c, 0x7c, 0x00, 0x03, 0x04, 0x00, 0x00, 0x00, 0x70, 0x62, 0xf0, 0x0b, 0x00, 0xca, 0x1f, 0x00,
    0x0c, 0x72, 0x00, 0x03, 0xff, 0x00, 0x00, 0x00, 0x70, 0x16, 0x70, 0x00, 0x00, 0xda, 0x0f, 0x00,
    0x86, 0x89, 0x00, 0x92, 0x07, 0x70, 0x40, 0x01, 0x06, 0x19, 0x10, 0x0c, 0x00, 0xe4, 0x01, 0x00,
    0x41, 0x79, 0x02, 0x00, 0x00, 0x00, 0x00, 0x00, 0x00, 0x02, 0x80, 0x03, 0x00, 0xea, 0x0f, 0x00,
    0x0c, 0x72, 0x00, 0x0b, 0x00, 0x00, 0x00, 0x00, 0x70, 0x62, 0xf0, 0x03, 0x00, 0xe2, 0x0f, 0x00,
    0x45, 0x79, 0x02, 0x00, 0x60, 0x02, 0x00, 0x00, 0x00, 0x02, 0x80, 0x03, 0x00, 0xd8, 0x0f, 0x00,
    0x47, 0x09, 0x90, 0x00, 0x00, 0x00, 0x00, 0x00, 0x00, 0x00, 0x80, 0x03, 0x00, 0xea, 0x0f, 0x00,
    0x08, 0x73, 0x02, 0x00, 0x85, 0x00, 0x00, 0x00, 0x00, 0x10, 0x00, 0x00, 0x00, 0x62, 0x0f, 0x00,
    0x45, 0x79, 0x03, 0x00, 0xd0, 0x00, 0x00, 0x00, 0x00, 0x02, 0x80, 0x03, 0x00, 0xe2, 0x0f, 0x00,
    0x02, 0x73, 0x00, 0x54, 0x85, 0x00, 0x00, 0x00, 0x00, 0x00, 0x00, 0x00, 0x00, 0x22, 0x0e, 0x00,
    0x23, 0x74, 0x03, 0x02, 0x00, 0x00, 0x80, 0x3f, 0x85, 0x08, 0x00, 0x00, 0x00, 0xc8, 0x0f, 0x02,
    0x23, 0x72, 0x03, 0x02, 0x03, 0x00, 0x00, 0x00, 0x02, 0x00, 0x00, 0x00, 0x00, 0xc8, 0x0f, 0x00,
    0x23, 0x72, 0x07, 0x03, 0x54, 0x00, 0x00, 0x00, 0xff, 0x00, 0x00, 0x00, 0x00, 0xc8, 0xff, 0x01,
    0x23, 0x72, 0x02, 0x07, 0x85, 0x00, 0x00, 0x80, 0x54, 0x00, 0x00, 0x00, 0x00, 0xc8, 0x0f, 0x00,
    0x23, 0x72, 0x07, 0x03, 0x02, 0x00, 0x00, 0x00, 0x07, 0x00, 0x00, 0x00, 0x00, 0xe2, 0x0f, 0x00,
    0x47, 0x89, 0x14, 0x00, 0x00, 0x00, 0x00, 0x00, 0x00, 0x00, 0x80, 0x03, 0x00, 0xec, 0x0f, 0x00,
    0x02, 0x72, 0x24, 0x00, 0x54, 0x00, 0x00, 0x00, 0x00, 0x0f, 0x00, 0x00, 0x00, 0xe2, 0x0f, 0x00,
    0x02, 0x72, 0x03, 0x00, 0x85, 0x00, 0x00, 0x00, 0x00, 0x0f, 0x00, 0x00, 0x00, 0xe2, 0x0f, 0x00,
    0x02, 0x78, 0x0a, 0x00, 0xd0, 0x83, 0x00, 0x00, 0x00, 0x0f, 0x00, 0x00, 0x00, 0xce, 0x0f, 0x00,
    0x44, 0x79, 0xc0, 0x00, 0x24, 0x00, 0x00, 0x00, 0x00, 0x00, 0xc0, 0x03, 0x00, 0xea, 0x0f, 0x00,
    0x02, 0x72, 0x07, 0x00, 0x08, 0x00, 0x00, 0x00, 0x00, 0x0f, 0x00, 0x00, 0x00, 0xce, 0x0f, 0x00,
    0x41, 0x79, 0x03, 0x00, 0x00, 0x00, 0x00, 0x00, 0x00, 0x02, 0x80, 0x03, 0x00, 0xea, 0x0f, 0x00,
    0x08, 0x73, 0x02, 0x00, 0x85, 0x00, 0x00, 0x00, 0x00, 0x10, 0x00, 0x00, 0x00, 0x22, 0x0e, 0x00,
    0x45, 0x79, 0x03, 0x00, 0xd0, 0x00, 0x00, 0x00, 0x00, 0x02, 0x80, 0x03, 0x00, 0xe2, 0x0f, 0x00,
    0x02, 0x73, 0x00, 0x55, 0x85, 0x00, 0x00, 0x00, 0x00, 0x00, 0x00, 0x00, 0x00, 0x62, 0x0e, 0x00,
    0x23, 0x74, 0x03, 0x02, 0x00, 0x00, 0x80, 0x3f, 0x85, 0x08, 0x00, 0x00, 0x00, 0xc8, 0x1f, 0x00,
    0x23, 0x72, 0x02, 0x02, 0x03, 0x00, 0x00, 0x00, 0x02, 0x00, 0x00, 0x00, 0x00, 0xc8, 0x0f, 0x00,
    0x23, 0x72, 0x04, 0x02, 0x55, 0x00, 0x00, 0x00, 0xff, 0x00, 0x00, 0x00, 0x00, 0xc8, 0x0f, 0x00,
    0x23, 0x72, 0x03, 0x04, 0x85, 0x00, 0x00, 0x80, 0x55, 0x00, 0x00, 0x00, 0x00, 0xc8, 0x0f, 0x00,
    0x23, 0x72, 0x02, 0x02, 0x03, 0x00, 0x00, 0x00, 0x04, 0x00, 0x00, 0x00, 0x00, 0xe2, 0x0f, 0x00,
    0x47, 0x89, 0x14, 0x00, 0x00, 0x00, 0x00, 0x00, 0x00, 0x00, 0x80, 0x03, 0x00, 0xec, 0x2f, 0x00,
    0x02, 0x72, 0x24, 0x00, 0x55, 0x00, 0x00, 0x00, 0x00, 0x0f, 0x00, 0x00, 0x00, 0xe2, 0x0f, 0x00,
    0x02, 0x72, 0x03, 0x00, 0x85, 0x00, 0x00, 0x00, 0x00, 0x0f, 0x00, 0x00, 0x00, 0xe2, 0x0f, 0x00,
    0x02, 0x78, 0x0a, 0x00, 0xc0, 0x84, 0x00, 0x00, 0x00, 0x0f, 0x00, 0x00, 0x00, 0xce, 0x0f, 0x00,
    0x44, 0x79, 0x84, 0x00, 0x24, 0x00, 0x00, 0x00, 0x00, 0x00, 0xc0, 0x03, 0x00, 0xea, 0x0f, 0x00,
    0x02, 0x72, 0x02, 0x00, 0x08, 0x00, 0x00, 0x00, 0x00, 0x0f, 0x00, 0x00, 0x00, 0xce, 0x0f, 0x00,
    0x41, 0x79, 0x03, 0x00, 0x00, 0x00, 0x00, 0x00, 0x00, 0x02, 0x80, 0x03, 0x00, 0xea, 0x0f, 0x00,
    0xac, 0x77, 0x04, 0xff, 0x80, 0x7c, 0x00, 0x00, 0x00, 0x08, 0x00, 0x08, 0x00, 0x22, 0x0e, 0x00,
    0x10, 0x72, 0x03, 0x0b, 0x88, 0x00, 0x00, 0x00, 0xff, 0xe0, 0xff, 0x07, 0x00, 0xe4, 0x0f, 0x00,
    0x3e, 0x72, 0x07, 0x02, 0x07, 0x00, 0x00, 0x00, 0xff, 0x10, 0x00, 0x00, 0x00, 0xc6, 0x0f, 0x00,
    0x0c, 0x7c, 0x00, 0x03, 0x04, 0x00, 0x00, 0x00, 0x70, 0x62, 0xf0, 0x0b, 0x00, 0xca, 0x1f, 0x00,
    0x0c, 0x72, 0x00, 0x03, 0xff, 0x00, 0x00, 0x00, 0x70, 0x16, 0x70, 0x00, 0x00, 0xda, 0x0f, 0x00,
    0x86, 0x89, 0x00, 0x92, 0x07, 0x80, 0x00, 0x00, 0x06, 0x19, 0x10, 0x0c, 0x00, 0xe4, 0x01, 0x00,
    0x41, 0x79, 0x02, 0x00, 0x00, 0x00, 0x00, 0x00, 0x00, 0x02, 0x80, 0x03, 0x00, 0xea, 0x0f, 0x00,
    0x0c, 0x72, 0x00, 0x05, 0x00, 0x00, 0x00, 0x00, 0x70, 0x62, 0xf0, 0x03, 0x00, 0xe2, 0x0f, 0x00,
    0x45, 0x79, 0x02, 0x00, 0x60, 0x02, 0x00, 0x00, 0x00, 0x02, 0x80, 0x03, 0x00, 0xd8, 0x0f, 0x00,
    0x47, 0x09, 0x90, 0x00, 0x00, 0x00, 0x00, 0x00, 0x00, 0x00, 0x80, 0x03, 0x00, 0xea, 0x0f, 0x00,
    0x08, 0x73, 0x03, 0x00, 0x84, 0x00, 0x00, 0x00, 0x00, 0x10, 0x00, 0x00, 0x00, 0x62, 0x0f, 0x00,
    0x45, 0x79, 0x03, 0x00, 0xd0, 0x00, 0x00, 0x00, 0x00, 0x02, 0x80, 0x03, 0x00, 0xe2, 0x0f, 0x00,
    0x02, 0x73, 0x00, 0x56, 0x84, 0x00, 0x00, 0x00, 0x00, 0x00, 0x00, 0x00, 0x00, 0x22, 0x0e, 0x00,
    0x23, 0x74, 0x02, 0x03, 0x00, 0x00, 0x80, 0x3f, 0x84, 0x08, 0x00, 0x00, 0x00, 0xc8, 0x0f, 0x02,
    0x23, 0x72, 0x03, 0x03, 0x02, 0x00, 0x00, 0x00, 0x03, 0x00, 0x00, 0x00, 0x00, 0xc8, 0x0f, 0x00,
    0x23, 0x72, 0x07, 0x03, 0x56, 0x00, 0x00, 0x00, 0xff, 0x00, 0x00, 0x00, 0x00, 0xc8, 0xff, 0x01,
    0x23, 0x72, 0x02, 0x07, 0x84, 0x00, 0x00, 0x80, 0x56, 0x00, 0x00, 0x00, 0x00, 0xc8, 0x0f, 0x00,
    0x23, 0x72, 0x07, 0x03, 0x02, 0x00, 0x00, 0x00, 0x07, 0x00, 0x00, 0x00, 0x00, 0xe2, 0x0f, 0x00,
    0x47, 0x89, 0x14, 0x00, 0x00, 0x00, 0x00, 0x00, 0x00, 0x00, 0x80, 0x03, 0x00, 0xec, 0x0f, 0x00,
    0x02, 0x72, 0x24, 0x00, 0x56, 0x00, 0x00, 0x00, 0x00, 0x0f, 0x00, 0x00, 0x00, 0xe2, 0x0f, 0x00,
    0x02, 0x72, 0x03, 0x00, 0x84, 0x00, 0x00, 0x00, 0x00, 0x0f, 0x00, 0x00, 0x00, 0xe2, 0x0f, 0x00,
    0x02, 0x78, 0x0a, 0x00, 0x50, 0x86, 0x00, 0x00, 0x00, 0x0f, 0x00, 0x00, 0x00, 0xce, 0x0f, 0x00,
    0x44, 0x79, 0x20, 0x00, 0x24, 0x00, 0x00, 0x00, 0x00, 0x00, 0xc0, 0x03, 0x00, 0xea, 0x0f, 0x00,
    0x02, 0x72, 0x07, 0x00, 0x08, 0x00, 0x00, 0x00, 0x00, 0x0f, 0x00, 0x00, 0x00, 0xce, 0x0f, 0x00,
    0x41, 0x79, 0x03, 0x00, 0x00, 0x00, 0x00, 0x00, 0x00, 0x02, 0x80, 0x03, 0x00, 0xea, 0x0f, 0x00,
    0x08, 0x73, 0x03, 0x00, 0x84, 0x00, 0x00, 0x00, 0x00, 0x10, 0x00, 0x00, 0x00, 0x22, 0x0e, 0x00,
    0x45, 0x79, 0x03, 0x00, 0xd0, 0x00, 0x00, 0x00, 0x00, 0x02, 0x80, 0x03, 0x00, 0xe2, 0x0f, 0x00,
    0x02, 0x73, 0x00, 0x57, 0x84, 0x00, 0x00, 0x00, 0x00, 0x00, 0x00, 0x00, 0x00, 0x62, 0x0e, 0x00,
    0x23, 0x74, 0x02, 0x03, 0x00, 0x00, 0x80, 0x3f, 0x84, 0x08, 0x00, 0x00, 0x00, 0xc8, 0x1f, 0x00,
    0x23, 0x72, 0x02, 0x03, 0x02, 0x00, 0x00, 0x00, 0x03, 0x00, 0x00, 0x00, 0x00, 0xc8, 0x0f, 0x00,
    0x23, 0x72, 0x04, 0x02, 0x57, 0x00, 0x00, 0x00, 0xff, 0x00, 0x00, 0x00, 0x00, 0xc8, 0x0f, 0x00,
    0x23, 0x72, 0x03, 0x04, 0x84, 0x00, 0x00, 0x80, 0x57, 0x00, 0x00, 0x00, 0x00, 0xc8, 0x0f, 0x00,
    0x23, 0x72, 0x02, 0x02, 0x03, 0x00, 0x00, 0x00, 0x04, 0x00, 0x00, 0x00, 0x00, 0xe2, 0x0f, 0x00,
    0x47, 0x89, 0x14, 0x00, 0x00, 0x00, 0x00, 0x00, 0x00, 0x00, 0x80, 0x03, 0x00, 0xec, 0x2f, 0x00,
    0x02, 0x72, 0x24, 0x00, 0x57, 0x00, 0x00, 0x00, 0x00, 0x0f, 0x00, 0x00, 0x00, 0xe2, 0x0f, 0x00,
    0x02, 0x72, 0x03, 0x00, 0x84, 0x00, 0x00, 0x00, 0x00, 0x0f, 0x00, 0x00, 0x00, 0xe2, 0x0f, 0x00,
    0x02, 0x78, 0x0a, 0x00, 0x40, 0x87, 0x00, 0x00, 0x00, 0x0f, 0x00, 0x00, 0x00, 0xce, 0x0f, 0x00,
    0x44, 0x79, 0xe4, 0x00, 0x20, 0x00, 0x00, 0x00, 0x00, 0x00, 0xc0, 0x03, 0x00, 0xea, 0x0f, 0x00,
    0x02, 0x72, 0x02, 0x00, 0x08, 0x00, 0x00, 0x00, 0x00, 0x0f, 0x00, 0x00, 0x00, 0xce, 0x0f, 0x00,
    0x41, 0x79, 0x03, 0x00, 0x00, 0x00, 0x00, 0x00, 0x00, 0x02, 0x80, 0x03, 0x00, 0xea, 0x0f, 0x00,
    0xac, 0x77, 0x04, 0xff, 0x80, 0x7c, 0x00, 0x00, 0x00, 0x08, 0x00, 0x08, 0x00, 0x22, 0x0e, 0x00,
    0x10, 0x72, 0x03, 0x05, 0x88, 0x00, 0x00, 0x00, 0xff, 0xe0, 0xff, 0x07, 0x00, 0xe4, 0x0f, 0x00,
    0x3e, 0x72, 0x07, 0x02, 0x07, 0x00, 0x00, 0x00, 0xff, 0x10, 0x00, 0x00, 0x00, 0xc6, 0x0f, 0x00,
    0x0c, 0x7c, 0x00, 0x03, 0x04, 0x00, 0x00, 0x00, 0x70, 0x62, 0xf0, 0x0b, 0x00, 0xca, 0x1f, 0x00,
    0x0c, 0x72, 0x00, 0x03, 0xff, 0x00, 0x00, 0x00, 0x70, 0x16, 0x70, 0x00, 0x00, 0xda, 0x0f, 0x00,
    0x86, 0x89, 0x00, 0x92, 0x07, 0x80, 0x40, 0x01, 0x06, 0x19, 0x10, 0x0c, 0x00, 0xe4, 0x01, 0x00,
    0x41, 0x79, 0x02, 0x00, 0x00, 0x00, 0x00, 0x00, 0x00, 0x02, 0x80, 0x03, 0x00, 0xea, 0x0f, 0x00,
    0x0c, 0x72, 0x00, 0x0b, 0x00, 0x00, 0x00, 0x00, 0x70, 0x62, 0xf0, 0x03, 0x00, 0xe2, 0x0f, 0x00,
    0x45, 0x79, 0x02, 0x00, 0x60, 0x02, 0x00, 0x00, 0x00, 0x02, 0x80, 0x03, 0x00, 0xd8, 0x0f, 0x00,
    0x47, 0x09, 0x90, 0x00, 0x00, 0x00, 0x00, 0x00, 0x00, 0x00, 0x80, 0x03, 0x00, 0xea, 0x0f, 0x00,
    0x08, 0x73, 0x02, 0x00, 0x85, 0x00, 0x00, 0x00, 0x00, 0x10, 0x00, 0x00, 0x00, 0x62, 0x0f, 0x00,
    0x45, 0x79, 0x03, 0x00, 0xd0, 0x00, 0x00, 0x00, 0x00, 0x02, 0x80, 0x03, 0x00, 0xe2, 0x0f, 0x00,
    0x02, 0x73, 0x00, 0x58, 0x85, 0x00, 0x00, 0x00, 0x00, 0x00, 0x00, 0x00, 0x00, 0x22, 0x0e, 0x00,
    0x23, 0x74, 0x03, 0x02, 0x00, 0x00, 0x80, 0x3f, 0x85, 0x08, 0x00, 0x00, 0x00, 0xc8, 0x0f, 0x02,
    0x23, 0x72, 0x03, 0x02, 0x03, 0x00, 0x00, 0x00, 0x02, 0x00, 0x00, 0x00, 0x00, 0xc8, 0x0f, 0x00,
    0x23, 0x72, 0x07, 0x03, 0x58, 0x00, 0x00, 0x00, 0xff, 0x00, 0x00, 0x00, 0x00, 0xc8, 0xff, 0x01,
    0x23, 0x72, 0x02, 0x07, 0x85, 0x00, 0x00, 0x80, 0x58, 0x00, 0x00, 0x00, 0x00, 0xc8, 0x0f, 0x00,
    0x23, 0x72, 0x07, 0x03, 0x02, 0x00, 0x00, 0x00, 0x07, 0x00, 0x00, 0x00, 0x00, 0xe2, 0x0f, 0x00,
    0x47, 0x89, 0x14, 0x00, 0x00, 0x00, 0x00, 0x00, 0x00, 0x00, 0x80, 0x03, 0x00, 0xec, 0x0f, 0x00,
    0x02, 0x72, 0x24, 0x00, 0x58, 0x00, 0x00, 0x00, 0x00, 0x0f, 0x00, 0x00, 0x00, 0xe2, 0x0f, 0x00,
    0x02, 0x72, 0x03, 0x00, 0x85, 0x00, 0x00, 0x00, 0x00, 0x0f, 0x00, 0x00, 0x00, 0xe2, 0x0f, 0x00,
    0x02, 0x78, 0x0a, 0x00, 0xd0, 0x88, 0x00, 0x00, 0x00, 0x0f, 0x00, 0x00, 0x00, 0xce, 0x0f, 0x00,
    0x44, 0x79, 0x80, 0x00, 0x20, 0x00, 0x00, 0x00, 0x00, 0x00, 0xc0, 0x03, 0x00, 0xea, 0x0f, 0x00,
    0x02, 0x72, 0x07, 0x00, 0x08, 0x00, 0x00, 0x00, 0x00, 0x0f, 0x00, 0x00, 0x00, 0xce, 0x0f, 0x00,
    0x41, 0x79, 0x03, 0x00, 0x00, 0x00, 0x00, 0x00, 0x00, 0x02, 0x80, 0x03, 0x00, 0xea, 0x0f, 0x00,
    0x08, 0x73, 0x02, 0x00, 0x85, 0x00, 0x00, 0x00, 0x00, 0x10, 0x00, 0x00, 0x00, 0x22, 0x0e, 0x00,
    0x45, 0x79, 0x03, 0x00, 0xd0, 0x00, 0x00, 0x00, 0x00, 0x02, 0x80, 0x03, 0x00, 0xe2, 0x0f, 0x00,
    0x02, 0x73, 0x00, 0x59, 0x85, 0x00, 0x00, 0x00, 0x00, 0x00, 0x00, 0x00, 0x00, 0x62, 0x0e, 0x00,
    0x23, 0x74, 0x03, 0x02, 0x00, 0x00, 0x80, 0x3f, 0x85, 0x08, 0x00, 0x00, 0x00, 0xc8, 0x1f, 0x00,
    0x23, 0x72, 0x02, 0x02, 0x03, 0x00, 0x00, 0x00, 0x02, 0x00, 0x00, 0x00, 0x00, 0xc8, 0x0f, 0x00,
    0x23, 0x72, 0x04, 0x02, 0x59, 0x00, 0x00, 0x00, 0xff, 0x00, 0x00, 0x00, 0x00, 0xc8, 0x0f, 0x00,
    0x23, 0x72, 0x03, 0x04, 0x85, 0x00, 0x00, 0x80, 0x59, 0x00, 0x00, 0x00, 0x00, 0xc8, 0x0f, 0x00,
    0x23, 0x72, 0x02, 0x02, 0x03, 0x00, 0x00, 0x00, 0x04, 0x00, 0x00, 0x00, 0x00, 0xe2, 0x0f, 0x00,
    0x47, 0x89, 0x14, 0x00, 0x00, 0x00, 0x00, 0x00, 0x00, 0x00, 0x80, 0x03, 0x00, 0xec, 0x2f, 0x00,
    0x02, 0x72, 0x24, 0x00, 0x59, 0x00, 0x00, 0x00, 0x00, 0x0f, 0x00, 0x00, 0x00, 0xe2, 0x0f, 0x00,
    0x02, 0x72, 0x03, 0x00, 0x85, 0x00, 0x00, 0x00, 0x00, 0x0f, 0x00, 0x00, 0x00, 0xe2, 0x0f, 0x00,
    0x02, 0x78, 0x0a, 0x00, 0xc0, 0x89, 0x00, 0x00, 0x00, 0x0f, 0x00, 0x00, 0x00, 0xce, 0x0f, 0x00,
    0x44, 0x79, 0x44, 0x00, 0x20, 0x00, 0x00, 0x00, 0x00, 0x00, 0xc0, 0x03, 0x00, 0xea, 0x0f, 0x00,
    0x02, 0x72, 0x02, 0x00, 0x08, 0x00, 0x00, 0x00, 0x00, 0x0f, 0x00, 0x00, 0x00, 0xce, 0x0f, 0x00,
    0x41, 0x79, 0x03, 0x00, 0x00, 0x00, 0x00, 0x00, 0x00, 0x02, 0x80, 0x03, 0x00, 0xea, 0x0f, 0x00,
    0xac, 0x77, 0x04, 0xff, 0x80, 0x7c, 0x00, 0x00, 0x00, 0x08, 0x00, 0x08, 0x00, 0x22, 0x0e, 0x00,
    0x10, 0x72, 0x03, 0x0b, 0x88, 0x00, 0x00, 0x00, 0xff, 0xe0, 0xff, 0x07, 0x00, 0xe4, 0x0f, 0x00,
    0x3e, 0x72, 0x07, 0x02, 0x07, 0x00, 0x00, 0x00, 0xff, 0x10, 0x00, 0x00, 0x00, 0xc6, 0x0f, 0x00,
    0x0c, 0x7c, 0x00, 0x03, 0x04, 0x00, 0x00, 0x00, 0x70, 0x62, 0xf0, 0x0b, 0x00, 0xca, 0x1f, 0x00,
    0x0c, 0x72, 0x00, 0x03, 0xff, 0x00, 0x00, 0x00, 0x70, 0x16, 0x70, 0x00, 0x00, 0xda, 0x0f, 0x00,
    0x86, 0x89, 0x00, 0x92, 0x07, 0x90, 0x00, 0x00, 0x06, 0x19, 0x10, 0x0c, 0x00, 0xe4, 0x01, 0x00,
    0x41, 0x79, 0x02, 0x00, 0x00, 0x00, 0x00, 0x00, 0x00, 0x02, 0x80, 0x03, 0x00, 0xea, 0x0f, 0x00,
    0x0c, 0x72, 0x00, 0x05, 0x00, 0x00, 0x00, 0x00, 0x70, 0x62, 0xf0, 0x03, 0x00, 0xe2, 0x0f, 0x00,
    0x45, 0x79, 0x02, 0x00, 0x60, 0x02, 0x00, 0x00, 0x00, 0x02, 0x80, 0x03, 0x00, 0xd8, 0x0f, 0x00,
    0x47, 0x09, 0x90, 0x00, 0x00, 0x00, 0x00, 0x00, 0x00, 0x00, 0x80, 0x03, 0x00, 0xea, 0x0f, 0x00,
    0x08, 0x73, 0x03, 0x00, 0x84, 0x00, 0x00, 0x00, 0x00, 0x10, 0x00, 0x00, 0x00, 0x62, 0x0f, 0x00,
    0x45, 0x79, 0x03, 0x00, 0xd0, 0x00, 0x00, 0x00, 0x00, 0x02, 0x80, 0x03, 0x00, 0xe2, 0x0f, 0x00,
    0x02, 0x73, 0x00, 0x5a, 0x84, 0x00, 0x00, 0x00, 0x00, 0x00, 0x00, 0x00, 0x00, 0x22, 0x0e, 0x00,
    0x23, 0x74, 0x02, 0x03, 0x00, 0x00, 0x80, 0x3f, 0x84, 0x08, 0x00, 0x00, 0x00, 0xc8, 0x0f, 0x02,
    0x23, 0x72, 0x03, 0x03, 0x02, 0x00, 0x00, 0x00, 0x03, 0x00, 0x00, 0x00, 0x00, 0xc8, 0x0f, 0x00,
    0x23, 0x72, 0x07, 0x03, 0x5a, 0x00, 0x00, 0x00, 0xff, 0x00, 0x00, 0x00, 0x00, 0xc8, 0xff, 0x01,
    0x23, 0x72, 0x02, 0x07, 0x84, 0x00, 0x00, 0x80, 0x5a, 0x00, 0x00, 0x00, 0x00, 0xc8, 0x0f, 0x00,
    0x23, 0x72, 0x07, 0x03, 0x02, 0x00, 0x00, 0x00, 0x07, 0x00, 0x00, 0x00, 0x00, 0xe2, 0x0f, 0x00,
    0x47, 0x89, 0x14, 0x00, 0x00, 0x00, 0x00, 0x00, 0x00, 0x00, 0x80, 0x03, 0x00, 0xec, 0x0f, 0x00,
    0x02, 0x72, 0x24, 0x00, 0x5a, 0x00, 0x00, 0x00, 0x00, 0x0f, 0x00, 0x00, 0x00, 0xe2, 0x0f, 0x00,
    0x02, 0x72, 0x03, 0x00, 0x84, 0x00, 0x00, 0x00, 0x00, 0x0f, 0x00, 0x00, 0x00, 0xe2, 0x0f, 0x00,
    0x02, 0x78, 0x0a, 0x00, 0x50, 0x8b, 0x00, 0x00, 0x00, 0x0f, 0x00, 0x00, 0x00, 0xce, 0x0f, 0x00,
    0x44, 0x79, 0xe0, 0x00, 0x1c, 0x00, 0x00, 0x00, 0x00, 0x00, 0xc0, 0x03, 0x00, 0xea, 0x0f, 0x00,
    0x02, 0x72, 0x07, 0x00, 0x08, 0x00, 0x00, 0x00, 0x00, 0x0f, 0x00, 0x00, 0x00, 0xce, 0x0f, 0x00,
    0x41, 0x79, 0x03, 0x00, 0x00, 0x00, 0x00, 0x00, 0x00, 0x02, 0x80, 0x03, 0x00, 0xea, 0x0f, 0x00,
    0x08, 0x73, 0x03, 0x00, 0x84, 0x00, 0x00, 0x00, 0x00, 0x10, 0x00, 0x00, 0x00, 0x22, 0x0e, 0x00,
    0x45, 0x79, 0x03, 0x00, 0xd0, 0x00, 0x00, 0x00, 0x00, 0x02, 0x80, 0x03, 0x00, 0xe2, 0x0f, 0x00,
    0x02, 0x73, 0x00, 0x5b, 0x84, 0x00, 0x00, 0x00, 0x00, 0x00, 0x00, 0x00, 0x00, 0x62, 0x0e, 0x00,
    0x23, 0x74, 0x02, 0x03, 0x00, 0x00, 0x80, 0x3f, 0x84, 0x08, 0x00, 0x00, 0x00, 0xc8, 0x1f, 0x00,
    0x23, 0x72, 0x02, 0x03, 0x02, 0x00, 0x00, 0x00, 0x03, 0x00, 0x00, 0x00, 0x00, 0xc8, 0x0f, 0x00,
    0x23, 0x72, 0x04, 0x02, 0x5b, 0x00, 0x00, 0x00, 0xff, 0x00, 0x00, 0x00, 0x00, 0xc8, 0x0f, 0x00,
    0x23, 0x72, 0x03, 0x04, 0x84, 0x00, 0x00, 0x80, 0x5b, 0x00, 0x00, 0x00, 0x00, 0xc8, 0x0f, 0x00,
    0x23, 0x72, 0x02, 0x02, 0x03, 0x00, 0x00, 0x00, 0x04, 0x00, 0x00, 0x00, 0x00, 0xe2, 0x0f, 0x00,
    0x47, 0x89, 0x14, 0x00, 0x00, 0x00, 0x00, 0x00, 0x00, 0x00, 0x80, 0x03, 0x00, 0xec, 0x2f, 0x00,
    0x02, 0x72, 0x24, 0x00, 0x5b, 0x00, 0x00, 0x00, 0x00, 0x0f, 0x00, 0x00, 0x00, 0xe2, 0x0f, 0x00,
    0x02, 0x72, 0x03, 0x00, 0x84, 0x00, 0x00, 0x00, 0x00, 0x0f, 0x00, 0x00, 0x00, 0xe2, 0x0f, 0x00,
    0x02, 0x78, 0x0a, 0x00, 0x40, 0x8c, 0x00, 0x00, 0x00, 0x0f, 0x00, 0x00, 0x00, 0xce, 0x0f, 0x00,
    0x44, 0x79, 0xa4, 0x00, 0x1c, 0x00, 0x00, 0x00, 0x00, 0x00, 0xc0, 0x03, 0x00, 0xea, 0x0f, 0x00,
    0x02, 0x72, 0x02, 0x00, 0x08, 0x00, 0x00, 0x00, 0x00, 0x0f, 0x00, 0x00, 0x00, 0xce, 0x0f, 0x00,
    0x41, 0x79, 0x03, 0x00, 0x00, 0x00, 0x00, 0x00, 0x00, 0x02, 0x80, 0x03, 0x00, 0xea, 0x0f, 0x00,
    0xac, 0x77, 0x04, 0xff, 0x80, 0x7c, 0x00, 0x00, 0x00, 0x08, 0x00, 0x08, 0x00, 0x22, 0x0e, 0x00,
    0x10, 0x72, 0x03, 0x05, 0x88, 0x00, 0x00, 0x00, 0xff, 0xe0, 0xff, 0x07, 0x00, 0xe4, 0x0f, 0x00,
    0x3e, 0x72, 0x07, 0x02, 0x07, 0x00, 0x00, 0x00, 0xff, 0x10, 0x00, 0x00, 0x00, 0xc6, 0x0f, 0x00,
    0x0c, 0x7c, 0x00, 0x03, 0x04, 0x00, 0x00, 0x00, 0x70, 0x62, 0xf0, 0x0b, 0x00, 0xca, 0x1f, 0x00,
    0x0c, 0x72, 0x00, 0x03, 0xff, 0x00, 0x00, 0x00, 0x70, 0x16, 0x70, 0x00, 0x00, 0xda, 0x0f, 0x00,
    0x86, 0x89, 0x00, 0x92, 0x07, 0x90, 0x40, 0x01, 0x06, 0x19, 0x10, 0x0c, 0x00, 0xe4, 0x01, 0x00,
    0x41, 0x79, 0x02, 0x00, 0x00, 0x00, 0x00, 0x00, 0x00, 0x02, 0x80, 0x03, 0x00, 0xea, 0x0f, 0x00,
    0x0c, 0x72, 0x00, 0x0b, 0x00, 0x00, 0x00, 0x00, 0x70, 0x62, 0xf0, 0x03, 0x00, 0xe2, 0x0f, 0x00,
    0x45, 0x79, 0x02, 0x00, 0x60, 0x02, 0x00, 0x00, 0x00, 0x02, 0x80, 0x03, 0x00, 0xd8, 0x0f, 0x00,
    0x47, 0x09, 0x90, 0x00, 0x00, 0x00, 0x00, 0x00, 0x00, 0x00, 0x80, 0x03, 0x00, 0xea, 0x0f, 0x00,
    0x08, 0x73, 0x02, 0x00, 0x85, 0x00, 0x00, 0x00, 0x00, 0x10, 0x00, 0x00, 0x00, 0x62, 0x0f, 0x00,
    0x45, 0x79, 0x03, 0x00, 0xd0, 0x00, 0x00, 0x00, 0x00, 0x02, 0x80, 0x03, 0x00, 0xe2, 0x0f, 0x00,
    0x02, 0x73, 0x00, 0x5c, 0x85, 0x00, 0x00, 0x00, 0x00, 0x00, 0x00, 0x00, 0x00, 0x22, 0x0e, 0x00,
    0x23, 0x74, 0x03, 0x02, 0x00, 0x00, 0x80, 0x3f, 0x85, 0x08, 0x00, 0x00, 0x00, 0xc8, 0x0f, 0x02,
    0x23, 0x72, 0x03, 0x02, 0x03, 0x00, 0x00, 0x00, 0x02, 0x00, 0x00, 0x00, 0x00, 0xc8, 0x0f, 0x00,
    0x23, 0x72, 0x07, 0x03, 0x5c, 0x00, 0x00, 0x00, 0xff, 0x00, 0x00, 0x00, 0x00, 0xc8, 0xff, 0x01,
    0x23, 0x72, 0x02, 0x07, 0x85, 0x00, 0x00, 0x80, 0x5c, 0x00, 0x00, 0x00, 0x00, 0xc8, 0x0f, 0x00,
    0x23, 0x72, 0x07, 0x03, 0x02, 0x00, 0x00, 0x00, 0x07, 0x00, 0x00, 0x00, 0x00, 0xe2, 0x0f, 0x00,
    0x47, 0x89, 0x14, 0x00, 0x00, 0x00, 0x00, 0x00, 0x00, 0x00, 0x80, 0x03, 0x00, 0xec, 0x0f, 0x00,
    0x02, 0x72, 0x24, 0x00, 0x5c, 0x00, 0x00, 0x00, 0x00, 0x0f, 0x00, 0x00, 0x00, 0xe2, 0x0f, 0x00,
    0x02, 0x72, 0x03, 0x00, 0x85, 0x00, 0x00, 0x00, 0x00, 0x0f, 0x00, 0x00, 0x00, 0xe2, 0x0f, 0x00,
    0x02, 0x78, 0x0a, 0x00, 0xd0, 0x8d, 0x00, 0x00, 0x00, 0x0f, 0x00, 0x00, 0x00, 0xce, 0x0f, 0x00,
    0x44, 0x79, 0x40, 0x00, 0x1c, 0x00, 0x00, 0x00, 0x00, 0x00, 0xc0, 0x03, 0x00, 0xea, 0x0f, 0x00,
    0x02, 0x72, 0x07, 0x00, 0x08, 0x00, 0x00, 0x00, 0x00, 0x0f, 0x00, 0x00, 0x00, 0xce, 0x0f, 0x00,
    0x41, 0x79, 0x03, 0x00, 0x00, 0x00, 0x00, 0x00, 0x00, 0x02, 0x80, 0x03, 0x00, 0xea, 0x0f, 0x00,
    0x08, 0x73, 0x02, 0x00, 0x85, 0x00, 0x00, 0x00, 0x00, 0x10, 0x00, 0x00, 0x00, 0x22, 0x0e, 0x00,
    0x45, 0x79, 0x03, 0x00, 0xd0, 0x00, 0x00, 0x00, 0x00, 0x02, 0x80, 0x03, 0x00, 0xe2, 0x0f, 0x00,
    0x02, 0x73, 0x00, 0x5d, 0x85, 0x00, 0x00, 0x00, 0x00, 0x00, 0x00, 0x00, 0x00, 0x62, 0x0e, 0x00,
    0x23, 0x74, 0x03, 0x02, 0x00, 0x00, 0x80, 0x3f, 0x85, 0x08, 0x00, 0x00, 0x00, 0xc8, 0x1f, 0x00,
    0x23, 0x72, 0x02, 0x02, 0x03, 0x00, 0x00, 0x00, 0x02, 0x00, 0x00, 0x00, 0x00, 0xc8, 0x0f, 0x00,
    0x23, 0x72, 0x04, 0x02, 0x5d, 0x00, 0x00, 0x00, 0xff, 0x00, 0x00, 0x00, 0x00, 0xc8, 0x0f, 0x00,
    0x23, 0x72, 0x03, 0x04, 0x85, 0x00, 0x00, 0x80, 0x5d, 0x00, 0x00, 0x00, 0x00, 0xc8, 0x0f, 0x00,
    0x23, 0x72, 0x02, 0x02, 0x03, 0x00, 0x00, 0x00, 0x04, 0x00, 0x00, 0x00, 0x00, 0xe2, 0x0f, 0x00,
    0x47, 0x89, 0x14, 0x00, 0x00, 0x00, 0x00, 0x00, 0x00, 0x00, 0x80, 0x03, 0x00, 0xec, 0x2f, 0x00,
    0x02, 0x72, 0x24, 0x00, 0x5d, 0x00, 0x00, 0x00, 0x00, 0x0f, 0x00, 0x00, 0x00, 0xe2, 0x0f, 0x00,
    0x02, 0x72, 0x03, 0x00, 0x85, 0x00, 0x00, 0x00, 0x00, 0x0f, 0x00, 0x00, 0x00, 0xe2, 0x0f, 0x00,
    0x02, 0x78, 0x0a, 0x00, 0xc0, 0x8e, 0x00, 0x00, 0x00, 0x0f, 0x00, 0x00, 0x00, 0xce, 0x0f, 0x00,
    0x44, 0x79, 0x04, 0x00, 0x1c, 0x00, 0x00, 0x00, 0x00, 0x00, 0xc0, 0x03, 0x00, 0xea, 0x0f, 0x00,
    0x02, 0x72, 0x02, 0x00, 0x08, 0x00, 0x00, 0x00, 0x00, 0x0f, 0x00, 0x00, 0x00, 0xce, 0x0f, 0x00,
    0x41, 0x79, 0x03, 0x00, 0x00, 0x00, 0x00, 0x00, 0x00, 0x02, 0x80, 0x03, 0x00, 0xea, 0x0f, 0x00,
    0xac, 0x77, 0x04, 0xff, 0x80, 0x7c, 0x00, 0x00, 0x00, 0x08, 0x00, 0x08, 0x00, 0x22, 0x0e, 0x00,
    0x10, 0x72, 0x03, 0x0b, 0x88, 0x00, 0x00, 0x00, 0xff, 0xe0, 0xff, 0x07, 0x00, 0xe4, 0x0f, 0x00,
    0x3e, 0x72, 0x07, 0x02, 0x07, 0x00, 0x00, 0x00, 0xff, 0x10, 0x00, 0x00, 0x00, 0xc6, 0x0f, 0x00,
    0x0c, 0x7c, 0x00, 0x03, 0x04, 0x00, 0x00, 0x00, 0x70, 0x62, 0xf0, 0x0b, 0x00, 0xca, 0x1f, 0x00,
    0x0c, 0x72, 0x00, 0x03, 0xff, 0x00, 0x00, 0x00, 0x70, 0x16, 0x70, 0x00, 0x00, 0xda, 0x0f, 0x00,
    0x86, 0x89, 0x00, 0x92, 0x07, 0xa0, 0x00, 0x00, 0x06, 0x19, 0x10, 0x0c, 0x00, 0xe4, 0x01, 0x00,
    0x41, 0x79, 0x02, 0x00, 0x00, 0x00, 0x00, 0x00, 0x00, 0x02, 0x80, 0x03, 0x00, 0xea, 0x0f, 0x00,
    0x0c, 0x72, 0x00, 0x05, 0x00, 0x00, 0x00, 0x00, 0x70, 0x62, 0xf0, 0x03, 0x00, 0xe2, 0x0f, 0x00,
    0x45, 0x79, 0x02, 0x00, 0x60, 0x02, 0x00, 0x00, 0x00, 0x02, 0x80, 0x03, 0x00, 0xd8, 0x0f, 0x00,
    0x47, 0x09, 0x90, 0x00, 0x00, 0x00, 0x00, 0x00, 0x00, 0x00, 0x80, 0x03, 0x00, 0xea, 0x0f, 0x00,
    0x08, 0x73, 0x03, 0x00, 0x84, 0x00, 0x00, 0x00, 0x00, 0x10, 0x00, 0x00, 0x00, 0x62, 0x0f, 0x00,
    0x45, 0x79, 0x03, 0x00, 0xd0, 0x00, 0x00, 0x00, 0x00, 0x02, 0x80, 0x03, 0x00, 0xe2, 0x0f, 0x00,
    0x02, 0x73, 0x00, 0x5e, 0x84, 0x00, 0x00, 0x00, 0x00, 0x00, 0x00, 0x00, 0x00, 0x22, 0x0e, 0x00,
    0x23, 0x74, 0x02, 0x03, 0x00, 0x00, 0x80, 0x3f, 0x84, 0x08, 0x00, 0x00, 0x00, 0xc8, 0x0f, 0x02,
    0x23, 0x72, 0x03, 0x03, 0x02, 0x00, 0x00, 0x00, 0x03, 0x00, 0x00, 0x00, 0x00, 0xc8, 0x0f, 0x00,
    0x23, 0x72, 0x07, 0x03, 0x5e, 0x00, 0x00, 0x00, 0xff, 0x00, 0x00, 0x00, 0x00, 0xc8, 0xff, 0x01,
    0x23, 0x72, 0x02, 0x07, 0x84, 0x00, 0x00, 0x80, 0x5e, 0x00, 0x00, 0x00, 0x00, 0xc8, 0x0f, 0x00,
    0x23, 0x72, 0x07, 0x03, 0x02, 0x00, 0x00, 0x00, 0x07, 0x00, 0x00, 0x00, 0x00, 0xe2, 0x0f, 0x00,
    0x47, 0x89, 0x14, 0x00, 0x00, 0x00, 0x00, 0x00, 0x00, 0x00, 0x80, 0x03, 0x00, 0xec, 0x0f, 0x00,
    0x02, 0x72, 0x24, 0x00, 0x5e, 0x00, 0x00, 0x00, 0x00, 0x0f, 0x00, 0x00, 0x00, 0xe2, 0x0f, 0x00,
    0x02, 0x72, 0x03, 0x00, 0x84, 0x00, 0x00, 0x00, 0x00, 0x0f, 0x00, 0x00, 0x00, 0xe2, 0x0f, 0x00,
    0x02, 0x78, 0x0a, 0x00, 0x50, 0x90, 0x00, 0x00, 0x00, 0x0f, 0x00, 0x00, 0x00, 0xce, 0x0f, 0x00,
    0x44, 0x79, 0xa0, 0x00, 0x18, 0x00, 0x00, 0x00, 0x00, 0x00, 0xc0, 0x03, 0x00, 0xea, 0x0f, 0x00,
    0x02, 0x72, 0x07, 0x00, 0x08, 0x00, 0x00, 0x00, 0x00, 0x0f, 0x00, 0x00, 0x00, 0xce, 0x0f, 0x00,
    0x41, 0x79, 0x03, 0x00, 0x00, 0x00, 0x00, 0x00, 0x00, 0x02, 0x80, 0x03, 0x00, 0xea, 0x0f, 0x00,
    0x08, 0x73, 0x03, 0x00, 0x84, 0x00, 0x00, 0x00, 0x00, 0x10, 0x00, 0x00, 0x00, 0x22, 0x0e, 0x00,
    0x45, 0x79, 0x03, 0x00, 0xd0, 0x00, 0x00, 0x00, 0x00, 0x02, 0x80, 0x03, 0x00, 0xe2, 0x0f, 0x00,
    0x02, 0x73, 0x00, 0x5f, 0x84, 0x00, 0x00, 0x00, 0x00, 0x00, 0x00, 0x00, 0x00, 0x62, 0x0e, 0x00,
    0x23, 0x74, 0x02, 0x03, 0x00, 0x00, 0x80, 0x3f, 0x84, 0x08, 0x00, 0x00, 0x00, 0xc8, 0x1f, 0x00,
    0x23, 0x72, 0x02, 0x03, 0x02, 0x00, 0x00, 0x00, 0x03, 0x00, 0x00, 0x00, 0x00, 0xc8, 0x0f, 0x00,
    0x23, 0x72, 0x04, 0x02, 0x5f, 0x00, 0x00, 0x00, 0xff, 0x00, 0x00, 0x00, 0x00, 0xc8, 0x0f, 0x00,
    0x23, 0x72, 0x03, 0x04, 0x84, 0x00, 0x00, 0x80, 0x5f, 0x00, 0x00, 0x00, 0x00, 0xc8, 0x0f, 0x00,
    0x23, 0x72, 0x02, 0x02, 0x03, 0x00, 0x00, 0x00, 0x04, 0x00, 0x00, 0x00, 0x00, 0xe2, 0x0f, 0x00,
    0x47, 0x89, 0x14, 0x00, 0x00, 0x00, 0x00, 0x00, 0x00, 0x00, 0x80, 0x03, 0x00, 0xec, 0x2f, 0x00,
    0x02, 0x72, 0x24, 0x00, 0x5f, 0x00, 0x00, 0x00, 0x00, 0x0f, 0x00, 0x00, 0x00, 0xe2, 0x0f, 0x00,
    0x02, 0x72, 0x03, 0x00, 0x84, 0x00, 0x00, 0x00, 0x00, 0x0f, 0x00, 0x00, 0x00, 0xe2, 0x0f, 0x00,
    0x02, 0x78, 0x0a, 0x00, 0x40, 0x91, 0x00, 0x00, 0x00, 0x0f, 0x00, 0x00, 0x00, 0xce, 0x0f, 0x00,
    0x44, 0x79, 0x64, 0x00, 0x18, 0x00, 0x00, 0x00, 0x00, 0x00, 0xc0, 0x03, 0x00, 0xea, 0x0f, 0x00,
    0x02, 0x72, 0x02, 0x00, 0x08, 0x00, 0x00, 0x00, 0x00, 0x0f, 0x00, 0x00, 0x00, 0xce, 0x0f, 0x00,
    0x41, 0x79, 0x03, 0x00, 0x00, 0x00, 0x00, 0x00, 0x00, 0x02, 0x80, 0x03, 0x00, 0xea, 0x0f, 0x00,
    0xac, 0x77, 0x04, 0xff, 0x80, 0x7c, 0x00, 0x00, 0x00, 0x08, 0x00, 0x08, 0x00, 0x22, 0x0e, 0x00,
    0x10, 0x72, 0x03, 0x05, 0x88, 0x00, 0x00, 0x00, 0xff, 0xe0, 0xff, 0x07, 0x00, 0xe4, 0x0f, 0x00,
    0x3e, 0x72, 0x07, 0x02, 0x07, 0x00, 0x00, 0x00, 0xff, 0x10, 0x00, 0x00, 0x00, 0xc6, 0x0f, 0x00,
    0x0c, 0x7c, 0x00, 0x03, 0x04, 0x00, 0x00, 0x00, 0x70, 0x62, 0xf0, 0x0b, 0x00, 0xca, 0x1f, 0x00,
    0x0c, 0x72, 0x00, 0x03, 0xff, 0x00, 0x00, 0x00, 0x70, 0x16, 0x70, 0x00, 0x00, 0xda, 0x0f, 0x00,
    0x86, 0x89, 0x00, 0x92, 0x07, 0xa0, 0x40, 0x01, 0x06, 0x19, 0x10, 0x0c, 0x00, 0xe4, 0x01, 0x00,
    0x41, 0x79, 0x02, 0x00, 0x00, 0x00, 0x00, 0x00, 0x00, 0x02, 0x80, 0x03, 0x00, 0xea, 0x0f, 0x00,
    0x0c, 0x72, 0x00, 0x0b, 0x00, 0x00, 0x00, 0x00, 0x70, 0x62, 0xf0, 0x03, 0x00, 0xe2, 0x0f, 0x00,
    0x45, 0x79, 0x02, 0x00, 0x60, 0x02, 0x00, 0x00, 0x00, 0x02, 0x80, 0x03, 0x00, 0xd8, 0x0f, 0x00,
    0x47, 0x09, 0x90, 0x00, 0x00, 0x00, 0x00, 0x00, 0x00, 0x00, 0x80, 0x03, 0x00, 0xea, 0x0f, 0x00,
    0x08, 0x73, 0x02, 0x00, 0x85, 0x00, 0x00, 0x00, 0x00, 0x10, 0x00, 0x00, 0x00, 0x62, 0x0f, 0x00,
    0x45, 0x79, 0x03, 0x00, 0xd0, 0x00, 0x00, 0x00, 0x00, 0x02, 0x80, 0x03, 0x00, 0xe2, 0x0f, 0x00,
    0x02, 0x73, 0x00, 0x60, 0x85, 0x00, 0x00, 0x00, 0x00, 0x00, 0x00, 0x00, 0x00, 0x22, 0x0e, 0x00,
    0x23, 0x74, 0x03, 0x02, 0x00, 0x00, 0x80, 0x3f, 0x85, 0x08, 0x00, 0x00, 0x00, 0xc8, 0x0f, 0x02,
    0x23, 0x72, 0x03, 0x02, 0x03, 0x00, 0x00, 0x00, 0x02, 0x00, 0x00, 0x00, 0x00, 0xc8, 0x0f, 0x00,
    0x23, 0x72, 0x07, 0x03, 0x60, 0x00, 0x00, 0x00, 0xff, 0x00, 0x00, 0x00, 0x00, 0xc8, 0xff, 0x01,
    0x23, 0x72, 0x02, 0x07, 0x85, 0x00, 0x00, 0x80, 0x60, 0x00, 0x00, 0x00, 0x00, 0xc8, 0x0f, 0x00,
    0x23, 0x72, 0x07, 0x03, 0x02, 0x00, 0x00, 0x00, 0x07, 0x00, 0x00, 0x00, 0x00, 0xe2, 0x0f, 0x00,
    0x47, 0x89, 0x14, 0x00, 0x00, 0x00, 0x00, 0x00, 0x00, 0x00, 0x80, 0x03, 0x00, 0xec, 0x0f, 0x00,
    0x02, 0x72, 0x24, 0x00, 0x60, 0x00, 0x00, 0x00, 0x00, 0x0f, 0x00, 0x00, 0x00, 0xe2, 0x0f, 0x00,
    0x02, 0x72, 0x03, 0x00, 0x85, 0x00, 0x00, 0x00, 0x00, 0x0f, 0x00, 0x00, 0x00, 0xe2, 0x0f, 0x00,
    0x02, 0x78, 0x0a, 0x00, 0xd0, 0x92, 0x00, 0x00, 0x00, 0x0f, 0x00, 0x00, 0x00, 0xce, 0x0f, 0x00,
    0x44, 0x79, 0x00, 0x00, 0x18, 0x00, 0x00, 0x00, 0x00, 0x00, 0xc0, 0x03, 0x00, 0xea, 0x0f, 0x00,
    0x02, 0x72, 0x07, 0x00, 0x08, 0x00, 0x00, 0x00, 0x00, 0x0f, 0x00, 0x00, 0x00, 0xce, 0x0f, 0x00,
    0x41, 0x79, 0x03, 0x00, 0x00, 0x00, 0x00, 0x00, 0x00, 0x02, 0x80, 0x03, 0x00, 0xea, 0x0f, 0x00,
    0x08, 0x73, 0x02, 0x00, 0x85, 0x00, 0x00, 0x00, 0x00, 0x10, 0x00, 0x00, 0x00, 0x22, 0x0e, 0x00,
    0x45, 0x79, 0x03, 0x00, 0xd0, 0x00, 0x00, 0x00, 0x00, 0x02, 0x80, 0x03, 0x00, 0xe2, 0x0f, 0x00,
    0x02, 0x73, 0x00, 0x61, 0x85, 0x00, 0x00, 0x00, 0x00, 0x00, 0x00, 0x00, 0x00, 0x62, 0x0e, 0x00,
    0x23, 0x74, 0x03, 0x02, 0x00, 0x00, 0x80, 0x3f, 0x85, 0x08, 0x00, 0x00, 0x00, 0xc8, 0x1f, 0x00,
    0x23, 0x72, 0x02, 0x02, 0x03, 0x00, 0x00, 0x00, 0x02, 0x00, 0x00, 0x00, 0x00, 0xc8, 0x0f, 0x00,
    0x23, 0x72, 0x04, 0x02, 0x61, 0x00, 0x00, 0x00, 0xff, 0x00, 0x00, 0x00, 0x00, 0xc8, 0x0f, 0x00,
    0x23, 0x72, 0x03, 0x04, 0x85, 0x00, 0x00, 0x80, 0x61, 0x00, 0x00, 0x00, 0x00, 0xc8, 0x0f, 0x00,
    0x23, 0x72, 0x02, 0x02, 0x03, 0x00, 0x00, 0x00, 0x04, 0x00, 0x00, 0x00, 0x00, 0xe2, 0x0f, 0x00,
    0x47, 0x89, 0x14, 0x00, 0x00, 0x00, 0x00, 0x00, 0x00, 0x00, 0x80, 0x03, 0x00, 0xec, 0x2f, 0x00,
    0x02, 0x72, 0x24, 0x00, 0x61, 0x00, 0x00, 0x00, 0x00, 0x0f, 0x00, 0x00, 0x00, 0xe2, 0x0f, 0x00,
    0x02, 0x72, 0x03, 0x00, 0x85, 0x00, 0x00, 0x00, 0x00, 0x0f, 0x00, 0x00, 0x00, 0xe2, 0x0f, 0x00,
    0x02, 0x78, 0x0a, 0x00, 0xc0, 0x93, 0x00, 0x00, 0x00, 0x0f, 0x00, 0x00, 0x00, 0xce, 0x0f, 0x00,
    0x44, 0x79, 0xc4, 0x00, 0x14, 0x00, 0x00, 0x00, 0x00, 0x00, 0xc0, 0x03, 0x00, 0xea, 0x0f, 0x00,
    0x02, 0x72, 0x02, 0x00, 0x08, 0x00, 0x00, 0x00, 0x00, 0x0f, 0x00, 0x00, 0x00, 0xce, 0x0f, 0x00,
    0x41, 0x79, 0x03, 0x00, 0x00, 0x00, 0x00, 0x00, 0x00, 0x02, 0x80, 0x03, 0x00, 0xea, 0x0f, 0x00,
    0xac, 0x77, 0x04, 0xff, 0x80, 0x7c, 0x00, 0x00, 0x00, 0x08, 0x00, 0x08, 0x00, 0x22, 0x0e, 0x00,
    0x10, 0x72, 0x03, 0x0b, 0x88, 0x00, 0x00, 0x00, 0xff, 0xe0, 0xff, 0x07, 0x00, 0xe4, 0x0f, 0x00,
    0x3e, 0x72, 0x07, 0x02, 0x07, 0x00, 0x00, 0x00, 0xff, 0x10, 0x00, 0x00, 0x00, 0xc6, 0x0f, 0x00,
    0x0c, 0x7c, 0x00, 0x03, 0x04, 0x00, 0x00, 0x00, 0x70, 0x62, 0xf0, 0x0b, 0x00, 0xca, 0x1f, 0x00,
    0x0c, 0x72, 0x00, 0x03, 0xff, 0x00, 0x00, 0x00, 0x70, 0x16, 0x70, 0x00, 0x00, 0xda, 0x0f, 0x00,
    0x86, 0x89, 0x00, 0x92, 0x07, 0xb0, 0x00, 0x00, 0x06, 0x19, 0x10, 0x0c, 0x00, 0xe4, 0x01, 0x00,
    0x41, 0x79, 0x02, 0x00, 0x00, 0x00, 0x00, 0x00, 0x00, 0x02, 0x80, 0x03, 0x00, 0xea, 0x0f, 0x00,
    0x0c, 0x72, 0x00, 0x05, 0x00, 0x00, 0x00, 0x00, 0x70, 0x62, 0xf0, 0x03, 0x00, 0xe2, 0x0f, 0x00,
    0x45, 0x79, 0x02, 0x00, 0x60, 0x02, 0x00, 0x00, 0x00, 0x02, 0x80, 0x03, 0x00, 0xd8, 0x0f, 0x00,
    0x47, 0x09, 0x90, 0x00, 0x00, 0x00, 0x00, 0x00, 0x00, 0x00, 0x80, 0x03, 0x00, 0xea, 0x0f, 0x00,
    0x08, 0x73, 0x03, 0x00, 0x84, 0x00, 0x00, 0x00, 0x00, 0x10, 0x00, 0x00, 0x00, 0x62, 0x0f, 0x00,
    0x45, 0x79, 0x03, 0x00, 0xd0, 0x00, 0x00, 0x00, 0x00, 0x02, 0x80, 0x03, 0x00, 0xe2, 0x0f, 0x00,
    0x02, 0x73, 0x00, 0x62, 0x84, 0x00, 0x00, 0x00, 0x00, 0x00, 0x00, 0x00, 0x00, 0x22, 0x0e, 0x00,
    0x23, 0x74, 0x02, 0x03, 0x00, 0x00, 0x80, 0x3f, 0x84, 0x08, 0x00, 0x00, 0x00, 0xc8, 0x0f, 0x02,
    0x23, 0x72, 0x03, 0x03, 0x02, 0x00, 0x00, 0x00, 0x03, 0x00, 0x00, 0x00, 0x00, 0xc8, 0x0f, 0x00,
    0x23, 0x72, 0x07, 0x03, 0x62, 0x00, 0x00, 0x00, 0xff, 0x00, 0x00, 0x00, 0x00, 0xc8, 0xff, 0x01,
    0x23, 0x72, 0x02, 0x07, 0x84, 0x00, 0x00, 0x80, 0x62, 0x00, 0x00, 0x00, 0x00, 0xc8, 0x0f, 0x00,
    0x23, 0x72, 0x07, 0x03, 0x02, 0x00, 0x00, 0x00, 0x07, 0x00, 0x00, 0x00, 0x00, 0xe2, 0x0f, 0x00,
    0x47, 0x89, 0x14, 0x00, 0x00, 0x00, 0x00, 0x00, 0x00, 0x00, 0x80, 0x03, 0x00, 0xec, 0x0f, 0x00,
    0x02, 0x72, 0x24, 0x00, 0x62, 0x00, 0x00, 0x00, 0x00, 0x0f, 0x00, 0x00, 0x00, 0xe2, 0x0f, 0x00,
    0x02, 0x72, 0x03, 0x00, 0x84, 0x00, 0x00, 0x00, 0x00, 0x0f, 0x00, 0x00, 0x00, 0xe2, 0x0f, 0x00,
    0x02, 0x78, 0x0a, 0x00, 0x50, 0x95, 0x00, 0x00, 0x00, 0x0f, 0x00, 0x00, 0x00, 0xce, 0x0f, 0x00,
    0x44, 0x79, 0x60, 0x00, 0x14, 0x00, 0x00, 0x00, 0x00, 0x00, 0xc0, 0x03, 0x00, 0xea, 0x0f, 0x00,
    0x02, 0x72, 0x07, 0x00, 0x08, 0x00, 0x00, 0x00, 0x00, 0x0f, 0x00, 0x00, 0x00, 0xce, 0x0f, 0x00,
    0x41, 0x79, 0x03, 0x00, 0x00, 0x00, 0x00, 0x00, 0x00, 0x02, 0x80, 0x03, 0x00, 0xea, 0x0f, 0x00,
    0x08, 0x73, 0x03, 0x00, 0x84, 0x00, 0x00, 0x00, 0x00, 0x10, 0x00, 0x00, 0x00, 0x22, 0x0e, 0x00,
    0x45, 0x79, 0x03, 0x00, 0xd0, 0x00, 0x00, 0x00, 0x00, 0x02, 0x80, 0x03, 0x00, 0xe2, 0x0f, 0x00,
    0x02, 0x73, 0x00, 0x63, 0x84, 0x00, 0x00, 0x00, 0x00, 0x00, 0x00, 0x00, 0x00, 0x62, 0x0e, 0x00,
    0x23, 0x74, 0x02, 0x03, 0x00, 0x00, 0x80, 0x3f, 0x84, 0x08, 0x00, 0x00, 0x00, 0xc8, 0x1f, 0x00,
    0x23, 0x72, 0x02, 0x03, 0x02, 0x00, 0x00, 0x00, 0x03, 0x00, 0x00, 0x00, 0x00, 0xc8, 0x0f, 0x00,
    0x23, 0x72, 0x04, 0x02, 0x63, 0x00, 0x00, 0x00, 0xff, 0x00, 0x00, 0x00, 0x00, 0xc8, 0x0f, 0x00,
    0x23, 0x72, 0x03, 0x04, 0x84, 0x00, 0x00, 0x80, 0x63, 0x00, 0x00, 0x00, 0x00, 0xc8, 0x0f, 0x00,
    0x23, 0x72, 0x02, 0x02, 0x03, 0x00, 0x00, 0x00, 0x04, 0x00, 0x00, 0x00, 0x00, 0xe2, 0x0f, 0x00,
    0x47, 0x89, 0x14, 0x00, 0x00, 0x00, 0x00, 0x00, 0x00, 0x00, 0x80, 0x03, 0x00, 0xec, 0x2f, 0x00,
    0x02, 0x72, 0x24, 0x00, 0x63, 0x00, 0x00, 0x00, 0x00, 0x0f, 0x00, 0x00, 0x00, 0xe2, 0x0f, 0x00,
    0x02, 0x72, 0x03, 0x00, 0x84, 0x00, 0x00, 0x00, 0x00, 0x0f, 0x00, 0x00, 0x00, 0xe2, 0x0f, 0x00,
    0x02, 0x78, 0x0a, 0x00, 0x40, 0x96, 0x00, 0x00, 0x00, 0x0f, 0x00, 0x00, 0x00, 0xce, 0x0f, 0x00,
    0x44, 0x79, 0x24, 0x00, 0x14, 0x00, 0x00, 0x00, 0x00, 0x00, 0xc0, 0x03, 0x00, 0xea, 0x0f, 0x00,
    0x02, 0x72, 0x02, 0x00, 0x08, 0x00, 0x00, 0x00, 0x00, 0x0f, 0x00, 0x00, 0x00, 0xce, 0x0f, 0x00,
    0x41, 0x79, 0x03, 0x00, 0x00, 0x00, 0x00, 0x00, 0x00, 0x02, 0x80, 0x03, 0x00, 0xea, 0x0f, 0x00,
    0xac, 0x77, 0x04, 0xff, 0x80, 0x7c, 0x00, 0x00, 0x00, 0x08, 0x00, 0x08, 0x00, 0x22, 0x0e, 0x00,
    0x10, 0x72, 0x03, 0x05, 0x88, 0x00, 0x00, 0x00, 0xff, 0xe0, 0xff, 0x07, 0x00, 0xe4, 0x0f, 0x00,
    0x3e, 0x72, 0x07, 0x02, 0x07, 0x00, 0x00, 0x00, 0xff, 0x10, 0x00, 0x00, 0x00, 0xc6, 0x0f, 0x00,
    0x0c, 0x7c, 0x00, 0x03, 0x04, 0x00, 0x00, 0x00, 0x70, 0x62, 0xf0, 0x0b, 0x00, 0xca, 0x1f, 0x00,
    0x0c, 0x72, 0x00, 0x03, 0xff, 0x00, 0x00, 0x00, 0x70, 0x16, 0x70, 0x00, 0x00, 0xda, 0x0f, 0x00,
    0x86, 0x89, 0x00, 0x92, 0x07, 0xb0, 0x40, 0x01, 0x06, 0x19, 0x10, 0x0c, 0x00, 0xe4, 0x01, 0x00,
    0x41, 0x79, 0x02, 0x00, 0x00, 0x00, 0x00, 0x00, 0x00, 0x02, 0x80, 0x03, 0x00, 0xea, 0x0f, 0x00,
    0x0c, 0x72, 0x00, 0x0b, 0x00, 0x00, 0x00, 0x00, 0x70, 0x62, 0xf0, 0x03, 0x00, 0xe2, 0x0f, 0x00,
    0x45, 0x79, 0x02, 0x00, 0x60, 0x02, 0x00, 0x00, 0x00, 0x02, 0x80, 0x03, 0x00, 0xd8, 0x0f, 0x00,
    0x47, 0x09, 0x90, 0x00, 0x00, 0x00, 0x00, 0x00, 0x00, 0x00, 0x80, 0x03, 0x00, 0xea, 0x0f, 0x00,
    0x08, 0x73, 0x02, 0x00, 0x85, 0x00, 0x00, 0x00, 0x00, 0x10, 0x00, 0x00, 0x00, 0x62, 0x0f, 0x00,
    0x45, 0x79, 0x03, 0x00, 0xd0, 0x00, 0x00, 0x00, 0x00, 0x02, 0x80, 0x03, 0x00, 0xe2, 0x0f, 0x00,
    0x02, 0x73, 0x00, 0x64, 0x85, 0x00, 0x00, 0x00, 0x00, 0x00, 0x00, 0x00, 0x00, 0x22, 0x0e, 0x00,
    0x23, 0x74, 0x03, 0x02, 0x00, 0x00, 0x80, 0x3f, 0x85, 0x08, 0x00, 0x00, 0x00, 0xc8, 0x0f, 0x02,
    0x23, 0x72, 0x03, 0x02, 0x03, 0x00, 0x00, 0x00, 0x02, 0x00, 0x00, 0x00, 0x00, 0xc8, 0x0f, 0x00,
    0x23, 0x72, 0x07, 0x03, 0x64, 0x00, 0x00, 0x00, 0xff, 0x00, 0x00, 0x00, 0x00, 0xc8, 0xff, 0x01,
    0x23, 0x72, 0x02, 0x07, 0x85, 0x00, 0x00, 0x80, 0x64, 0x00, 0x00, 0x00, 0x00, 0xc8, 0x0f, 0x00,
    0x23, 0x72, 0x07, 0x03, 0x02, 0x00, 0x00, 0x00, 0x07, 0x00, 0x00, 0x00, 0x00, 0xe2, 0x0f, 0x00,
    0x47, 0x89, 0x14, 0x00, 0x00, 0x00, 0x00, 0x00, 0x00, 0x00, 0x80, 0x03, 0x00, 0xec, 0x0f, 0x00,
    0x02, 0x72, 0x24, 0x00, 0x64, 0x00, 0x00, 0x00, 0x00, 0x0f, 0x00, 0x00, 0x00, 0xe2, 0x0f, 0x00,
    0x02, 0x72, 0x03, 0x00, 0x85, 0x00, 0x00, 0x00, 0x00, 0x0f, 0x00, 0x00, 0x00, 0xe2, 0x0f, 0x00,
    0x02, 0x78, 0x0a, 0x00, 0xd0, 0x97, 0x00, 0x00, 0x00, 0x0f, 0x00, 0x00, 0x00, 0xce, 0x0f, 0x00,
    0x44, 0x79, 0xc0, 0x00, 0x10, 0x00, 0x00, 0x00, 0x00, 0x00, 0xc0, 0x03, 0x00, 0xea, 0x0f, 0x00,
    0x02, 0x72, 0x07, 0x00, 0x08, 0x00, 0x00, 0x00, 0x00, 0x0f, 0x00, 0x00, 0x00, 0xce, 0x0f, 0x00,
    0x41, 0x79, 0x03, 0x00, 0x00, 0x00, 0x00, 0x00, 0x00, 0x02, 0x80, 0x03, 0x00, 0xea, 0x0f, 0x00,
    0x08, 0x73, 0x02, 0x00, 0x85, 0x00, 0x00, 0x00, 0x00, 0x10, 0x00, 0x00, 0x00, 0x22, 0x0e, 0x00,
    0x45, 0x79, 0x03, 0x00, 0xd0, 0x00, 0x00, 0x00, 0x00, 0x02, 0x80, 0x03, 0x00, 0xe2, 0x0f, 0x00,
    0x02, 0x73, 0x00, 0x65, 0x85, 0x00, 0x00, 0x00, 0x00, 0x00, 0x00, 0x00, 0x00, 0x62, 0x0e, 0x00,
    0x23, 0x74, 0x03, 0x02, 0x00, 0x00, 0x80, 0x3f, 0x85, 0x08, 0x00, 0x00, 0x00, 0xc8, 0x1f, 0x00,
    0x23, 0x72, 0x02, 0x02, 0x03, 0x00, 0x00, 0x00, 0x02, 0x00, 0x00, 0x00, 0x00, 0xc8, 0x0f, 0x00,
    0x23, 0x72, 0x04, 0x02, 0x65, 0x00, 0x00, 0x00, 0xff, 0x00, 0x00, 0x00, 0x00, 0xc8, 0x0f, 0x00,
    0x23, 0x72, 0x03, 0x04, 0x85, 0x00, 0x00, 0x80, 0x65, 0x00, 0x00, 0x00, 0x00, 0xc8, 0x0f, 0x00,
    0x23, 0x72, 0x02, 0x02, 0x03, 0x00, 0x00, 0x00, 0x04, 0x00, 0x00, 0x00, 0x00, 0xe2, 0x0f, 0x00,
    0x47, 0x89, 0x14, 0x00, 0x00, 0x00, 0x00, 0x00, 0x00, 0x00, 0x80, 0x03, 0x00, 0xec, 0x2f, 0x00,
    0x02, 0x72, 0x24, 0x00, 0x65, 0x00, 0x00, 0x00, 0x00, 0x0f, 0x00, 0x00, 0x00, 0xe2, 0x0f, 0x00,
    0x02, 0x72, 0x03, 0x00, 0x85, 0x00, 0x00, 0x00, 0x00, 0x0f, 0x00, 0x00, 0x00, 0xe2, 0x0f, 0x00,
    0x02, 0x78, 0x0a, 0x00, 0xc0, 0x98, 0x00, 0x00, 0x00, 0x0f, 0x00, 0x00, 0x00, 0xce, 0x0f, 0x00,
    0x44, 0x79, 0x84, 0x00, 0x10, 0x00, 0x00, 0x00, 0x00, 0x00, 0xc0, 0x03, 0x00, 0xea, 0x0f, 0x00,
    0x02, 0x72, 0x02, 0x00, 0x08, 0x00, 0x00, 0x00, 0x00, 0x0f, 0x00, 0x00, 0x00, 0xce, 0x0f, 0x00,
    0x41, 0x79, 0x03, 0x00, 0x00, 0x00, 0x00, 0x00, 0x00, 0x02, 0x80, 0x03, 0x00, 0xea, 0x0f, 0x00,
    0xac, 0x77, 0x04, 0xff, 0x80, 0x7c, 0x00, 0x00, 0x00, 0x08, 0x00, 0x08, 0x00, 0x22, 0x0e, 0x00,
    0x10, 0x72, 0x03, 0x0b, 0x88, 0x00, 0x00, 0x00, 0xff, 0xe0, 0xff, 0x07, 0x00, 0xe4, 0x0f, 0x00,
    0x3e, 0x72, 0x07, 0x02, 0x07, 0x00, 0x00, 0x00, 0xff, 0x10, 0x00, 0x00, 0x00, 0xc6, 0x0f, 0x00,
    0x0c, 0x7c, 0x00, 0x03, 0x04, 0x00, 0x00, 0x00, 0x70, 0x62, 0xf0, 0x0b, 0x00, 0xca, 0x1f, 0x00,
    0x0c, 0x72, 0x00, 0x03, 0xff, 0x00, 0x00, 0x00, 0x70, 0x16, 0x70, 0x00, 0x00, 0xda, 0x0f, 0x00,
    0x86, 0x89, 0x00, 0x92, 0x07, 0xc0, 0x00, 0x00, 0x06, 0x19, 0x10, 0x0c, 0x00, 0xe4, 0x01, 0x00,
    0x41, 0x79, 0x02, 0x00, 0x00, 0x00, 0x00, 0x00, 0x00, 0x02, 0x80, 0x03, 0x00, 0xea, 0x0f, 0x00,
    0x0c, 0x72, 0x00, 0x05, 0x00, 0x00, 0x00, 0x00, 0x70, 0x62, 0xf0, 0x03, 0x00, 0xe2, 0x0f, 0x00,
    0x45, 0x79, 0x02, 0x00, 0x60, 0x02, 0x00, 0x00, 0x00, 0x02, 0x80, 0x03, 0x00, 0xd8, 0x0f, 0x00,
    0x47, 0x09, 0x90, 0x00, 0x00, 0x00, 0x00, 0x00, 0x00, 0x00, 0x80, 0x03, 0x00, 0xea, 0x0f, 0x00,
    0x08, 0x73, 0x03, 0x00, 0x84, 0x00, 0x00, 0x00, 0x00, 0x10, 0x00, 0x00, 0x00, 0x62, 0x0f, 0x00,
    0x45, 0x79, 0x03, 0x00, 0xd0, 0x00, 0x00, 0x00, 0x00, 0x02, 0x80, 0x03, 0x00, 0xe2, 0x0f, 0x00,
    0x02, 0x73, 0x00, 0x66, 0x84, 0x00, 0x00, 0x00, 0x00, 0x00, 0x00, 0x00, 0x00, 0x22, 0x0e, 0x00,
    0x23, 0x74, 0x02, 0x03, 0x00, 0x00, 0x80, 0x3f, 0x84, 0x08, 0x00, 0x00, 0x00, 0xc8, 0x0f, 0x02,
    0x23, 0x72, 0x03, 0x03, 0x02, 0x00, 0x00, 0x00, 0x03, 0x00, 0x00, 0x00, 0x00, 0xc8, 0x0f, 0x00,
    0x23, 0x72, 0x07, 0x03, 0x66, 0x00, 0x00, 0x00, 0xff, 0x00, 0x00, 0x00, 0x00, 0xc8, 0xff, 0x01,
    0x23, 0x72, 0x02, 0x07, 0x84, 0x00, 0x00, 0x80, 0x66, 0x00, 0x00, 0x00, 0x00, 0xc8, 0x0f, 0x00,
    0x23, 0x72, 0x07, 0x03, 0x02, 0x00, 0x00, 0x00, 0x07, 0x00, 0x00, 0x00, 0x00, 0xe2, 0x0f, 0x00,
    0x47, 0x89, 0x14, 0x00, 0x00, 0x00, 0x00, 0x00, 0x00, 0x00, 0x80, 0x03, 0x00, 0xec, 0x0f, 0x00,
    0x02, 0x72, 0x24, 0x00, 0x66, 0x00, 0x00, 0x00, 0x00, 0x0f, 0x00, 0x00, 0x00, 0xe2, 0x0f, 0x00,
    0x02, 0x72, 0x03, 0x00, 0x84, 0x00, 0x00, 0x00, 0x00, 0x0f, 0x00, 0x00, 0x00, 0xe2, 0x0f, 0x00,
    0x02, 0x78, 0x0a, 0x00, 0x50, 0x9a, 0x00, 0x00, 0x00, 0x0f, 0x00, 0x00, 0x00, 0xce, 0x0f, 0x00,
    0x44, 0x79, 0x20, 0x00, 0x10, 0x00, 0x00, 0x00, 0x00, 0x00, 0xc0, 0x03, 0x00, 0xea, 0x0f, 0x00,
    0x02, 0x72, 0x07, 0x00, 0x08, 0x00, 0x00, 0x00, 0x00, 0x0f, 0x00, 0x00, 0x00, 0xce, 0x0f, 0x00,
    0x41, 0x79, 0x03, 0x00, 0x00, 0x00, 0x00, 0x00, 0x00, 0x02, 0x80, 0x03, 0x00, 0xea, 0x0f, 0x00,
    0x08, 0x73, 0x03, 0x00, 0x84, 0x00, 0x00, 0x00, 0x00, 0x10, 0x00, 0x00, 0x00, 0x22, 0x0e, 0x00,
    0x45, 0x79, 0x03, 0x00, 0xd0, 0x00, 0x00, 0x00, 0x00, 0x02, 0x80, 0x03, 0x00, 0xe2, 0x0f, 0x00,
    0x02, 0x73, 0x00, 0x67, 0x84, 0x00, 0x00, 0x00, 0x00, 0x00, 0x00, 0x00, 0x00, 0x62, 0x0e, 0x00,
    0x23, 0x74, 0x02, 0x03, 0x00, 0x00, 0x80, 0x3f, 0x84, 0x08, 0x00, 0x00, 0x00, 0xc8, 0x1f, 0x00,
    0x23, 0x72, 0x02, 0x03, 0x02, 0x00, 0x00, 0x00, 0x03, 0x00, 0x00, 0x00, 0x00, 0xc8, 0x0f, 0x00,
    0x23, 0x72, 0x04, 0x02, 0x67, 0x00, 0x00, 0x00, 0xff, 0x00, 0x00, 0x00, 0x00, 0xc8, 0x0f, 0x00,
    0x23, 0x72, 0x03, 0x04, 0x84, 0x00, 0x00, 0x80, 0x67, 0x00, 0x00, 0x00, 0x00, 0xc8, 0x0f, 0x00,
    0x23, 0x72, 0x02, 0x02, 0x03, 0x00, 0x00, 0x00, 0x04, 0x00, 0x00, 0x00, 0x00, 0xe2, 0x0f, 0x00,
    0x47, 0x89, 0x14, 0x00, 0x00, 0x00, 0x00, 0x00, 0x00, 0x00, 0x80, 0x03, 0x00, 0xec, 0x2f, 0x00,
    0x02, 0x72, 0x24, 0x00, 0x67, 0x00, 0x00, 0x00, 0x00, 0x0f, 0x00, 0x00, 0x00, 0xe2, 0x0f, 0x00,
    0x02, 0x72, 0x03, 0x00, 0x84, 0x00, 0x00, 0x00, 0x00, 0x0f, 0x00, 0x00, 0x00, 0xe2, 0x0f, 0x00,
    0x02, 0x78, 0x0a, 0x00, 0x40, 0x9b, 0x00, 0x00, 0x00, 0x0f, 0x00, 0x00, 0x00, 0xce, 0x0f, 0x00,
    0x44, 0x79, 0xe4, 0x00, 0x0c, 0x00, 0x00, 0x00, 0x00, 0x00, 0xc0, 0x03, 0x00, 0xea, 0x0f, 0x00,
    0x02, 0x72, 0x02, 0x00, 0x08, 0x00, 0x00, 0x00, 0x00, 0x0f, 0x00, 0x00, 0x00, 0xce, 0x0f, 0x00,
    0x41, 0x79, 0x03, 0x00, 0x00, 0x00, 0x00, 0x00, 0x00, 0x02, 0x80, 0x03, 0x00, 0xea, 0x0f, 0x00,
    0xac, 0x77, 0x04, 0xff, 0x80, 0x7c, 0x00, 0x00, 0x00, 0x08, 0x00, 0x08, 0x00, 0x22, 0x0e, 0x00,
    0x10, 0x72, 0x03, 0x05, 0x88, 0x00, 0x00, 0x00, 0xff, 0xe0, 0xff, 0x07, 0x00, 0xe4, 0x0f, 0x00,
    0x3e, 0x72, 0x07, 0x02, 0x07, 0x00, 0x00, 0x00, 0xff, 0x10, 0x00, 0x00, 0x00, 0xc6, 0x0f, 0x00,
    0x0c, 0x7c, 0x00, 0x03, 0x04, 0x00, 0x00, 0x00, 0x70, 0x62, 0xf0, 0x0b, 0x00, 0xca, 0x1f, 0x00,
    0x0c, 0x72, 0x00, 0x03, 0xff, 0x00, 0x00, 0x00, 0x70, 0x16, 0x70, 0x00, 0x00, 0xda, 0x0f, 0x00,
    0x86, 0x89, 0x00, 0x92, 0x07, 0xc0, 0x40, 0x01, 0x06, 0x19, 0x10, 0x0c, 0x00, 0xe4, 0x01, 0x00,
    0x41, 0x79, 0x02, 0x00, 0x00, 0x00, 0x00, 0x00, 0x00, 0x02, 0x80, 0x03, 0x00, 0xea, 0x0f, 0x00,
    0x0c, 0x72, 0x00, 0x0b, 0x00, 0x00, 0x00, 0x00, 0x70, 0x62, 0xf0, 0x03, 0x00, 0xe2, 0x0f, 0x00,
    0x45, 0x79, 0x02, 0x00, 0x60, 0x02, 0x00, 0x00, 0x00, 0x02, 0x80, 0x03, 0x00, 0xd8, 0x0f, 0x00,
    0x47, 0x09, 0x90, 0x00, 0x00, 0x00, 0x00, 0x00, 0x00, 0x00, 0x80, 0x03, 0x00, 0xea, 0x0f, 0x00,
    0x08, 0x73, 0x02, 0x00, 0x85, 0x00, 0x00, 0x00, 0x00, 0x10, 0x00, 0x00, 0x00, 0x62, 0x0f, 0x00,
    0x45, 0x79, 0x03, 0x00, 0xd0, 0x00, 0x00, 0x00, 0x00, 0x02, 0x80, 0x03, 0x00, 0xe2, 0x0f, 0x00,
    0x02, 0x73, 0x00, 0x38, 0x85, 0x00, 0x00, 0x00, 0x00, 0x00, 0x00, 0x00, 0x00, 0x22, 0x0e, 0x00,
    0x23, 0x74, 0x03, 0x02, 0x00, 0x00, 0x80, 0x3f, 0x85, 0x08, 0x00, 0x00, 0x00, 0xc8, 0x0f, 0x02,
    0x23, 0x72, 0x03, 0x02, 0x03, 0x00, 0x00, 0x00, 0x02, 0x00, 0x00, 0x00, 0x00, 0xc8, 0x0f, 0x00,
    0x23, 0x72, 0x07, 0x03, 0x38, 0x00, 0x00, 0x00, 0xff, 0x00, 0x00, 0x00, 0x00, 0xc8, 0xff, 0x01,
    0x23, 0x72, 0x02, 0x07, 0x85, 0x00, 0x00, 0x80, 0x38, 0x00, 0x00, 0x00, 0x00, 0xc8, 0x0f, 0x00,
    0x23, 0x72, 0x07, 0x03, 0x02, 0x00, 0x00, 0x00, 0x07, 0x00, 0x00, 0x00, 0x00, 0xe2, 0x0f, 0x00,
    0x47, 0x89, 0x14, 0x00, 0x00, 0x00, 0x00, 0x00, 0x00, 0x00, 0x80, 0x03, 0x00, 0xec, 0x0f, 0x00,
    0x02, 0x72, 0x24, 0x00, 0x38, 0x00, 0x00, 0x00, 0x00, 0x0f, 0x00, 0x00, 0x00, 0xe2, 0x0f, 0x00,
    0x02, 0x72, 0x03, 0x00, 0x85, 0x00, 0x00, 0x00, 0x00, 0x0f, 0x00, 0x00, 0x00, 0xe2, 0x0f, 0x00,
    0x02, 0x78, 0x0a, 0x00, 0xd0, 0x9c, 0x00, 0x00, 0x00, 0x0f, 0x00, 0x00, 0x00, 0xce, 0x0f, 0x00,
    0x44, 0x79, 0x80, 0x00, 0x0c, 0x00, 0x00, 0x00, 0x00, 0x00, 0xc0, 0x03, 0x00, 0xea, 0x0f, 0x00,
    0x02, 0x72, 0x07, 0x00, 0x08, 0x00, 0x00, 0x00, 0x00, 0x0f, 0x00, 0x00, 0x00, 0xce, 0x0f, 0x00,
    0x41, 0x79, 0x03, 0x00, 0x00, 0x00, 0x00, 0x00, 0x00, 0x02, 0x80, 0x03, 0x00, 0xea, 0x0f, 0x00,
    0x08, 0x73, 0x02, 0x00, 0x85, 0x00, 0x00, 0x00, 0x00, 0x10, 0x00, 0x00, 0x00, 0x22, 0x0e, 0x00,
    0x45, 0x79, 0x03, 0x00, 0xd0, 0x00, 0x00, 0x00, 0x00, 0x02, 0x80, 0x03, 0x00, 0xe2, 0x0f, 0x00,
    0x02, 0x73, 0x00, 0x39, 0x85, 0x00, 0x00, 0x00, 0x00, 0x00, 0x00, 0x00, 0x00, 0x62, 0x0e, 0x00,
    0x23, 0x74, 0x03, 0x02, 0x00, 0x00, 0x80, 0x3f, 0x85, 0x08, 0x00, 0x00, 0x00, 0xc8, 0x1f, 0x00,
    0x23, 0x72, 0x02, 0x02, 0x03, 0x00, 0x00, 0x00, 0x02, 0x00, 0x00, 0x00, 0x00, 0xc8, 0x0f, 0x00,
    0x23, 0x72, 0x04, 0x02, 0x39, 0x00, 0x00, 0x00, 0xff, 0x00, 0x00, 0x00, 0x00, 0xc8, 0x0f, 0x00,
    0x23, 0x72, 0x03, 0x04, 0x85, 0x00, 0x00, 0x80, 0x39, 0x00, 0x00, 0x00, 0x00, 0xc8, 0x0f, 0x00,
    0x23, 0x72, 0x02, 0x02, 0x03, 0x00, 0x00, 0x00, 0x04, 0x00, 0x00, 0x00, 0x00, 0xe2, 0x0f, 0x00,
    0x47, 0x89, 0x14, 0x00, 0x00, 0x00, 0x00, 0x00, 0x00, 0x00, 0x80, 0x03, 0x00, 0xec, 0x2f, 0x00,
    0x02, 0x72, 0x24, 0x00, 0x39, 0x00, 0x00, 0x00, 0x00, 0x0f, 0x00, 0x00, 0x00, 0xe2, 0x0f, 0x00,
    0x02, 0x72, 0x03, 0x00, 0x85, 0x00, 0x00, 0x00, 0x00, 0x0f, 0x00, 0x00, 0x00, 0xe2, 0x0f, 0x00,
    0x02, 0x78, 0x0a, 0x00, 0xc0, 0x9d, 0x00, 0x00, 0x00, 0x0f, 0x00, 0x00, 0x00, 0xce, 0x0f, 0x00,
    0x44, 0x79, 0x44, 0x00, 0x0c, 0x00, 0x00, 0x00, 0x00, 0x00, 0xc0, 0x03, 0x00, 0xea, 0x0f, 0x00,
    0x02, 0x72, 0x02, 0x00, 0x08, 0x00, 0x00, 0x00, 0x00, 0x0f, 0x00, 0x00, 0x00, 0xce, 0x0f, 0x00,
    0x41, 0x79, 0x03, 0x00, 0x00, 0x00, 0x00, 0x00, 0x00, 0x02, 0x80, 0x03, 0x00, 0xea, 0x0f, 0x00,
    0xac, 0x77, 0x04, 0xff, 0x80, 0x7c, 0x00, 0x00, 0x00, 0x08, 0x00, 0x08, 0x00, 0x22, 0x0e, 0x00,
    0x10, 0x72, 0x03, 0x0b, 0x88, 0x00, 0x00, 0x00, 0xff, 0xe0, 0xff, 0x07, 0x00, 0xe4, 0x0f, 0x00,
    0x3e, 0x72, 0x07, 0x02, 0x07, 0x00, 0x00, 0x00, 0xff, 0x10, 0x00, 0x00, 0x00, 0xc6, 0x0f, 0x00,
    0x0c, 0x7c, 0x00, 0x03, 0x04, 0x00, 0x00, 0x00, 0x70, 0x62, 0xf0, 0x0b, 0x00, 0xca, 0x1f, 0x00,
    0x0c, 0x72, 0x00, 0x03, 0xff, 0x00, 0x00, 0x00, 0x70, 0x16, 0x70, 0x00, 0x00, 0xda, 0x0f, 0x00,
    0x86, 0x89, 0x00, 0x92, 0x07, 0xd0, 0x00, 0x00, 0x06, 0x19, 0x10, 0x0c, 0x00, 0xe4, 0x01, 0x00,
    0x41, 0x79, 0x02, 0x00, 0x00, 0x00, 0x00, 0x00, 0x00, 0x02, 0x80, 0x03, 0x00, 0xea, 0x0f, 0x00,
    0x0c, 0x72, 0x00, 0x05, 0x00, 0x00, 0x00, 0x00, 0x70, 0x62, 0xf0, 0x03, 0x00, 0xe2, 0x0f, 0x00,
    0x45, 0x79, 0x02, 0x00, 0x60, 0x02, 0x00, 0x00, 0x00, 0x02, 0x80, 0x03, 0x00, 0xd8, 0x0f, 0x00,
    0x47, 0x09, 0x90, 0x00, 0x00, 0x00, 0x00, 0x00, 0x00, 0x00, 0x80, 0x03, 0x00, 0xea, 0x0f, 0x00,
    0x08, 0x73, 0x03, 0x00, 0x84, 0x00, 0x00, 0x00, 0x00, 0x10, 0x00, 0x00, 0x00, 0x62, 0x0f, 0x00,
    0x45, 0x79, 0x03, 0x00, 0xd0, 0x00, 0x00, 0x00, 0x00, 0x02, 0x80, 0x03, 0x00, 0xe2, 0x0f, 0x00,
    0x02, 0x73, 0x00, 0x3a, 0x84, 0x00, 0x00, 0x00, 0x00, 0x00, 0x00, 0x00, 0x00, 0x22, 0x0e, 0x00,
    0x23, 0x74, 0x02, 0x03, 0x00, 0x00, 0x80, 0x3f, 0x84, 0x08, 0x00, 0x00, 0x00, 0xc8, 0x0f, 0x02,
    0x23, 0x72, 0x03, 0x03, 0x02, 0x00, 0x00, 0x00, 0x03, 0x00, 0x00, 0x00, 0x00, 0xc8, 0x0f, 0x00,
    0x23, 0x72, 0x07, 0x03, 0x3a, 0x00, 0x00, 0x00, 0xff, 0x00, 0x00, 0x00, 0x00, 0xc8, 0xff, 0x01,
    0x23, 0x72, 0x02, 0x07, 0x84, 0x00, 0x00, 0x80, 0x3a, 0x00, 0x00, 0x00, 0x00, 0xc8, 0x0f, 0x00,
    0x23, 0x72, 0x07, 0x03, 0x02, 0x00, 0x00, 0x00, 0x07, 0x00, 0x00, 0x00, 0x00, 0xe2, 0x0f, 0x00,
    0x47, 0x89, 0x14, 0x00, 0x00, 0x00, 0x00, 0x00, 0x00, 0x00, 0x80, 0x03, 0x00, 0xec, 0x0f, 0x00,
    0x02, 0x72, 0x24, 0x00, 0x3a, 0x00, 0x00, 0x00, 0x00, 0x0f, 0x00, 0x00, 0x00, 0xe2, 0x0f, 0x00,
    0x02, 0x72, 0x03, 0x00, 0x84, 0x00, 0x00, 0x00, 0x00, 0x0f, 0x00, 0x00, 0x00, 0xe2, 0x0f, 0x00,
    0x02, 0x78, 0x0a, 0x00, 0x50, 0x9f, 0x00, 0x00, 0x00, 0x0f, 0x00, 0x00, 0x00, 0xce, 0x0f, 0x00,
    0x44, 0x79, 0xe0, 0x00, 0x08, 0x00, 0x00, 0x00, 0x00, 0x00, 0xc0, 0x03, 0x00, 0xea, 0x0f, 0x00,
    0x02, 0x72, 0x07, 0x00, 0x08, 0x00, 0x00, 0x00, 0x00, 0x0f, 0x00, 0x00, 0x00, 0xce, 0x0f, 0x00,
    0x41, 0x79, 0x03, 0x00, 0x00, 0x00, 0x00, 0x00, 0x00, 0x02, 0x80, 0x03, 0x00, 0xea, 0x0f, 0x00,
    0x08, 0x73, 0x03, 0x00, 0x84, 0x00, 0x00, 0x00, 0x00, 0x10, 0x00, 0x00, 0x00, 0x22, 0x0e, 0x00,
    0x45, 0x79, 0x03, 0x00, 0xd0, 0x00, 0x00, 0x00, 0x00, 0x02, 0x80, 0x03, 0x00, 0xe2, 0x0f, 0x00,
    0x02, 0x73, 0x00, 0x3b, 0x84, 0x00, 0x00, 0x00, 0x00, 0x00, 0x00, 0x00, 0x00, 0x62, 0x0e, 0x00,
    0x23, 0x74, 0x02, 0x03, 0x00, 0x00, 0x80, 0x3f, 0x84, 0x08, 0x00, 0x00, 0x00, 0xc8, 0x1f, 0x00,
    0x23, 0x72, 0x02, 0x03, 0x02, 0x00, 0x00, 0x00, 0x03, 0x00, 0x00, 0x00, 0x00, 0xc8, 0x0f, 0x00,
    0x23, 0x72, 0x04, 0x02, 0x3b, 0x00, 0x00, 0x00, 0xff, 0x00, 0x00, 0x00, 0x00, 0xc8, 0x0f, 0x00,
    0x23, 0x72, 0x03, 0x04, 0x84, 0x00, 0x00, 0x80, 0x3b, 0x00, 0x00, 0x00, 0x00, 0xc8, 0x0f, 0x00,
    0x23, 0x72, 0x02, 0x02, 0x03, 0x00, 0x00, 0x00, 0x04, 0x00, 0x00, 0x00, 0x00, 0xe2, 0x0f, 0x00,
    0x47, 0x89, 0x14, 0x00, 0x00, 0x00, 0x00, 0x00, 0x00, 0x00, 0x80, 0x03, 0x00, 0xec, 0x2f, 0x00,
    0x02, 0x72, 0x24, 0x00, 0x3b, 0x00, 0x00, 0x00, 0x00, 0x0f, 0x00, 0x00, 0x00, 0xe2, 0x0f, 0x00,
    0x02, 0x72, 0x03, 0x00, 0x84, 0x00, 0x00, 0x00, 0x00, 0x0f, 0x00, 0x00, 0x00, 0xe2, 0x0f, 0x00,
    0x02, 0x78, 0x0a, 0x00, 0x40, 0xa0, 0x00, 0x00, 0x00, 0x0f, 0x00, 0x00, 0x00, 0xce, 0x0f, 0x00,
    0x44, 0x79, 0xa4, 0x00, 0x08, 0x00, 0x00, 0x00, 0x00, 0x00, 0xc0, 0x03, 0x00, 0xea, 0x0f, 0x00,
    0x02, 0x72, 0x02, 0x00, 0x08, 0x00, 0x00, 0x00, 0x00, 0x0f, 0x00, 0x00, 0x00, 0xce, 0x0f, 0x00,
    0x41, 0x79, 0x03, 0x00, 0x00, 0x00, 0x00, 0x00, 0x00, 0x02, 0x80, 0x03, 0x00, 0xea, 0x0f, 0x00,
    0xac, 0x77, 0x04, 0xff, 0x80, 0x7c, 0x00, 0x00, 0x00, 0x08, 0x00, 0x08, 0x00, 0x22, 0x0e, 0x00,
    0x10, 0x72, 0x03, 0x05, 0x88, 0x00, 0x00, 0x00, 0xff, 0xe0, 0xff, 0x07, 0x00, 0xe4, 0x0f, 0x00,
    0x3e, 0x72, 0x07, 0x02, 0x07, 0x00, 0x00, 0x00, 0xff, 0x10, 0x00, 0x00, 0x00, 0xc6, 0x0f, 0x00,
    0x0c, 0x7c, 0x00, 0x03, 0x04, 0x00, 0x00, 0x00, 0x70, 0x62, 0xf0, 0x0b, 0x00, 0xca, 0x1f, 0x00,
    0x0c, 0x72, 0x00, 0x03, 0xff, 0x00, 0x00, 0x00, 0x70, 0x16, 0x70, 0x00, 0x00, 0xda, 0x0f, 0x00,
    0x86, 0x89, 0x00, 0x92, 0x07, 0xd0, 0x40, 0x01, 0x06, 0x19, 0x10, 0x0c, 0x00, 0xe4, 0x01, 0x00,
    0x41, 0x79, 0x02, 0x00, 0x00, 0x00, 0x00, 0x00, 0x00, 0x02, 0x80, 0x03, 0x00, 0xea, 0x0f, 0x00,
    0x0c, 0x72, 0x00, 0x0b, 0x00, 0x00, 0x00, 0x00, 0x70, 0x62, 0xf0, 0x03, 0x00, 0xe2, 0x0f, 0x00,
    0x45, 0x79, 0x02, 0x00, 0x60, 0x02, 0x00, 0x00, 0x00, 0x02, 0x80, 0x03, 0x00, 0xd8, 0x0f, 0x00,
    0x47, 0x09, 0x90, 0x00, 0x00, 0x00, 0x00, 0x00, 0x00, 0x00, 0x80, 0x03, 0x00, 0xea, 0x0f, 0x00,
    0x08, 0x73, 0x02, 0x00, 0x85, 0x00, 0x00, 0x00, 0x00, 0x10, 0x00, 0x00, 0x00, 0x62, 0x0f, 0x00,
    0x45, 0x79, 0x03, 0x00, 0xd0, 0x00, 0x00, 0x00, 0x00, 0x02, 0x80, 0x03, 0x00, 0xe2, 0x0f, 0x00,
    0x02, 0x73, 0x00, 0x34, 0x85, 0x00, 0x00, 0x00, 0x00, 0x00, 0x00, 0x00, 0x00, 0x22, 0x0e, 0x00,
    0x23, 0x74, 0x03, 0x02, 0x00, 0x00, 0x80, 0x3f, 0x85, 0x08, 0x00, 0x00, 0x00, 0xc8, 0x0f, 0x02,
    0x23, 0x72, 0x03, 0x02, 0x03, 0x00, 0x00, 0x00, 0x02, 0x00, 0x00, 0x00, 0x00, 0xc8, 0x0f, 0x00,
    0x23, 0x72, 0x07, 0x03, 0x34, 0x00, 0x00, 0x00, 0xff, 0x00, 0x00, 0x00, 0x00, 0xc8, 0xff, 0x01,
    0x23, 0x72, 0x02, 0x07, 0x85, 0x00, 0x00, 0x80, 0x34, 0x00, 0x00, 0x00, 0x00, 0xc8, 0x0f, 0x00,
    0x23, 0x72, 0x07, 0x03, 0x02, 0x00, 0x00, 0x00, 0x07, 0x00, 0x00, 0x00, 0x00, 0xe2, 0x0f, 0x00,
    0x47, 0x89, 0x14, 0x00, 0x00, 0x00, 0x00, 0x00, 0x00, 0x00, 0x80, 0x03, 0x00, 0xec, 0x0f, 0x00,
    0x02, 0x72, 0x24, 0x00, 0x34, 0x00, 0x00, 0x00, 0x00, 0x0f, 0x00, 0x00, 0x00, 0xe2, 0x0f, 0x00,
    0x02, 0x72, 0x03, 0x00, 0x85, 0x00, 0x00, 0x00, 0x00, 0x0f, 0x00, 0x00, 0x00, 0xe2, 0x0f, 0x00,
    0x02, 0x78, 0x0a, 0x00, 0xd0, 0xa1, 0x00, 0x00, 0x00, 0x0f, 0x00, 0x00, 0x00, 0xce, 0x0f, 0x00,
    0x44, 0x79, 0x40, 0x00, 0x08, 0x00, 0x00, 0x00, 0x00, 0x00, 0xc0, 0x03, 0x00, 0xea, 0x0f, 0x00,
    0x02, 0x72, 0x07, 0x00, 0x08, 0x00, 0x00, 0x00, 0x00, 0x0f, 0x00, 0x00, 0x00, 0xce, 0x0f, 0x00,
    0x41, 0x79, 0x03, 0x00, 0x00, 0x00, 0x00, 0x00, 0x00, 0x02, 0x80, 0x03, 0x00, 0xea, 0x0f, 0x00,
    0x08, 0x73, 0x02, 0x00, 0x85, 0x00, 0x00, 0x00, 0x00, 0x10, 0x00, 0x00, 0x00, 0x22, 0x0e, 0x00,
    0x45, 0x79, 0x03, 0x00, 0xd0, 0x00, 0x00, 0x00, 0x00, 0x02, 0x80, 0x03, 0x00, 0xe2, 0x0f, 0x00,
    0x02, 0x73, 0x00, 0x35, 0x85, 0x00, 0x00, 0x00, 0x00, 0x00, 0x00, 0x00, 0x00, 0x62, 0x0e, 0x00,
    0x23, 0x74, 0x03, 0x02, 0x00, 0x00, 0x80, 0x3f, 0x85, 0x08, 0x00, 0x00, 0x00, 0xc8, 0x1f, 0x00,
    0x23, 0x72, 0x02, 0x02, 0x03, 0x00, 0x00, 0x00, 0x02, 0x00, 0x00, 0x00, 0x00, 0xc8, 0x0f, 0x00,
    0x23, 0x72, 0x04, 0x02, 0x35, 0x00, 0x00, 0x00, 0xff, 0x00, 0x00, 0x00, 0x00, 0xc8, 0x0f, 0x00,
    0x23, 0x72, 0x03, 0x04, 0x85, 0x00, 0x00, 0x80, 0x35, 0x00, 0x00, 0x00, 0x00, 0xc8, 0x0f, 0x00,
    0x23, 0x72, 0x02, 0x02, 0x03, 0x00, 0x00, 0x00, 0x04, 0x00, 0x00, 0x00, 0x00, 0xe2, 0x0f, 0x00,
    0x47, 0x89, 0x14, 0x00, 0x00, 0x00, 0x00, 0x00, 0x00, 0x00, 0x80, 0x03, 0x00, 0xec, 0x2f, 0x00,
    0x02, 0x72, 0x24, 0x00, 0x35, 0x00, 0x00, 0x00, 0x00, 0x0f, 0x00, 0x00, 0x00, 0xe2, 0x0f, 0x00,
    0x02, 0x72, 0x03, 0x00, 0x85, 0x00, 0x00, 0x00, 0x00, 0x0f, 0x00, 0x00, 0x00, 0xe2, 0x0f, 0x00,
    0x02, 0x78, 0x0a, 0x00, 0xc0, 0xa2, 0x00, 0x00, 0x00, 0x0f, 0x00, 0x00, 0x00, 0xce, 0x0f, 0x00,
    0x44, 0x79, 0x04, 0x00, 0x08, 0x00, 0x00, 0x00, 0x00, 0x00, 0xc0, 0x03, 0x00, 0xea, 0x0f, 0x00,
    0x02, 0x72, 0x02, 0x00, 0x08, 0x00, 0x00, 0x00, 0x00, 0x0f, 0x00, 0x00, 0x00, 0xce, 0x0f, 0x00,
    0x41, 0x79, 0x03, 0x00, 0x00, 0x00, 0x00, 0x00, 0x00, 0x02, 0x80, 0x03, 0x00, 0xea, 0x0f, 0x00,
    0xac, 0x77, 0x04, 0xff, 0x80, 0x7c, 0x00, 0x00, 0x00, 0x08, 0x00, 0x08, 0x00, 0x22, 0x0e, 0x00,
    0x10, 0x72, 0x03, 0x0b, 0x88, 0x00, 0x00, 0x00, 0xff, 0xe0, 0xff, 0x07, 0x00, 0xe4, 0x0f, 0x00,
    0x3e, 0x72, 0x07, 0x02, 0x07, 0x00, 0x00, 0x00, 0xff, 0x10, 0x00, 0x00, 0x00, 0xc6, 0x0f, 0x00,
    0x0c, 0x7c, 0x00, 0x03, 0x04, 0x00, 0x00, 0x00, 0x70, 0x62, 0xf0, 0x0b, 0x00, 0xca, 0x1f, 0x00,
    0x0c, 0x72, 0x00, 0x03, 0xff, 0x00, 0x00, 0x00, 0x70, 0x16, 0x70, 0x00, 0x00, 0xda, 0x0f, 0x00,
    0x86, 0x89, 0x00, 0x92, 0x07, 0xe0, 0x00, 0x00, 0x06, 0x19, 0x10, 0x0c, 0x00, 0xe4, 0x01, 0x00,
    0x41, 0x79, 0x02, 0x00, 0x00, 0x00, 0x00, 0x00, 0x00, 0x02, 0x80, 0x03, 0x00, 0xea, 0x0f, 0x00,
    0x0c, 0x72, 0x00, 0x05, 0x00, 0x00, 0x00, 0x00, 0x70, 0x62, 0xf0, 0x03, 0x00, 0xe2, 0x0f, 0x00,
    0x45, 0x79, 0x02, 0x00, 0x60, 0x02, 0x00, 0x00, 0x00, 0x02, 0x80, 0x03, 0x00, 0xd8, 0x0f, 0x00,
    0x47, 0x09, 0x90, 0x00, 0x00, 0x00, 0x00, 0x00, 0x00, 0x00, 0x80, 0x03, 0x00, 0xea, 0x0f, 0x00,
    0x08, 0x73, 0x03, 0x00, 0x84, 0x00, 0x00, 0x00, 0x00, 0x10, 0x00, 0x00, 0x00, 0x62, 0x0f, 0x00,
    0x45, 0x79, 0x03, 0x00, 0xd0, 0x00, 0x00, 0x00, 0x00, 0x02, 0x80, 0x03, 0x00, 0xe2, 0x0f, 0x00,
    0x02, 0x73, 0x00, 0x36, 0x84, 0x00, 0x00, 0x00, 0x00, 0x00, 0x00, 0x00, 0x00, 0x22, 0x0e, 0x00,
    0x23, 0x74, 0x02, 0x03, 0x00, 0x00, 0x80, 0x3f, 0x84, 0x08, 0x00, 0x00, 0x00, 0xc8, 0x0f, 0x02,
    0x23, 0x72, 0x03, 0x03, 0x02, 0x00, 0x00, 0x00, 0x03, 0x00, 0x00, 0x00, 0x00, 0xc8, 0x0f, 0x00,
    0x23, 0x72, 0x07, 0x03, 0x36, 0x00, 0x00, 0x00, 0xff, 0x00, 0x00, 0x00, 0x00, 0xc8, 0xff, 0x01,
    0x23, 0x72, 0x02, 0x07, 0x84, 0x00, 0x00, 0x80, 0x36, 0x00, 0x00, 0x00, 0x00, 0xc8, 0x0f, 0x00,
    0x23, 0x72, 0x07, 0x03, 0x02, 0x00, 0x00, 0x00, 0x07, 0x00, 0x00, 0x00, 0x00, 0xe2, 0x0f, 0x00,
    0x47, 0x89, 0x14, 0x00, 0x00, 0x00, 0x00, 0x00, 0x00, 0x00, 0x80, 0x03, 0x00, 0xec, 0x0f, 0x00,
    0x02, 0x72, 0x24, 0x00, 0x36, 0x00, 0x00, 0x00, 0x00, 0x0f, 0x00, 0x00, 0x00, 0xe2, 0x0f, 0x00,
    0x02, 0x72, 0x03, 0x00, 0x84, 0x00, 0x00, 0x00, 0x00, 0x0f, 0x00, 0x00, 0x00, 0xe2, 0x0f, 0x00,
    0x02, 0x78, 0x0a, 0x00, 0x50, 0xa4, 0x00, 0x00, 0x00, 0x0f, 0x00, 0x00, 0x00, 0xce, 0x0f, 0x00,
    0x44, 0x79, 0xa0, 0x00, 0x04, 0x00, 0x00, 0x00, 0x00, 0x00, 0xc0, 0x03, 0x00, 0xea, 0x0f, 0x00,
    0x02, 0x72, 0x07, 0x00, 0x08, 0x00, 0x00, 0x00, 0x00, 0x0f, 0x00, 0x00, 0x00, 0xce, 0x0f, 0x00,
    0x41, 0x79, 0x03, 0x00, 0x00, 0x00, 0x00, 0x00, 0x00, 0x02, 0x80, 0x03, 0x00, 0xea, 0x0f, 0x00,
    0x08, 0x73, 0x03, 0x00, 0x84, 0x00, 0x00, 0x00, 0x00, 0x10, 0x00, 0x00, 0x00, 0x22, 0x0e, 0x00,
    0x45, 0x79, 0x03, 0x00, 0xd0, 0x00, 0x00, 0x00, 0x00, 0x02, 0x80, 0x03, 0x00, 0xe2, 0x0f, 0x00,
    0x02, 0x73, 0x00, 0x37, 0x84, 0x00, 0x00, 0x00, 0x00, 0x00, 0x00, 0x00, 0x00, 0x62, 0x0e, 0x00,
    0x23, 0x74, 0x02, 0x03, 0x00, 0x00, 0x80, 0x3f, 0x84, 0x08, 0x00, 0x00, 0x00, 0xc8, 0x1f, 0x00,
    0x23, 0x72, 0x02, 0x03, 0x02, 0x00, 0x00, 0x00, 0x03, 0x00, 0x00, 0x00, 0x00, 0xc8, 0x0f, 0x00,
    0x23, 0x72, 0x04, 0x02, 0x37, 0x00, 0x00, 0x00, 0xff, 0x00, 0x00, 0x00, 0x00, 0xc8, 0x0f, 0x00,
    0x23, 0x72, 0x03, 0x04, 0x84, 0x00, 0x00, 0x80, 0x37, 0x00, 0x00, 0x00, 0x00, 0xc8, 0x0f, 0x00,
    0x23, 0x72, 0x02, 0x02, 0x03, 0x00, 0x00, 0x00, 0x04, 0x00, 0x00, 0x00, 0x00, 0xe2, 0x0f, 0x00,
    0x47, 0x89, 0x14, 0x00, 0x00, 0x00, 0x00, 0x00, 0x00, 0x00, 0x80, 0x03, 0x00, 0xec, 0x2f, 0x00,
    0x02, 0x72, 0x24, 0x00, 0x37, 0x00, 0x00, 0x00, 0x00, 0x0f, 0x00, 0x00, 0x00, 0xe2, 0x0f, 0x00,
    0x02, 0x72, 0x03, 0x00, 0x84, 0x00, 0x00, 0x00, 0x00, 0x0f, 0x00, 0x00, 0x00, 0xe2, 0x0f, 0x00,
    0x02, 0x78, 0x0a, 0x00, 0x40, 0xa5, 0x00, 0x00, 0x00, 0x0f, 0x00, 0x00, 0x00, 0xce, 0x0f, 0x00,
    0x44, 0x79, 0x64, 0x00, 0x04, 0x00, 0x00, 0x00, 0x00, 0x00, 0xc0, 0x03, 0x00, 0xea, 0x0f, 0x00,
    0x02, 0x72, 0x02, 0x00, 0x08, 0x00, 0x00, 0x00, 0x00, 0x0f, 0x00, 0x00, 0x00, 0xce, 0x0f, 0x00,
    0x41, 0x79, 0x03, 0x00, 0x00, 0x00, 0x00, 0x00, 0x00, 0x02, 0x80, 0x03, 0x00, 0xea, 0x0f, 0x00,
    0xac, 0x77, 0x04, 0xff, 0x80, 0x7c, 0x00, 0x00, 0x00, 0x08, 0x00, 0x08, 0x00, 0x22, 0x0e, 0x00,
    0x10, 0x72, 0x03, 0x05, 0x88, 0x00, 0x00, 0x00, 0xff, 0xe0, 0xff, 0x07, 0x00, 0xe4, 0x0f, 0x00,
    0x3e, 0x72, 0x07, 0x02, 0x07, 0x00, 0x00, 0x00, 0xff, 0x10, 0x00, 0x00, 0x00, 0xc6, 0x0f, 0x00,
    0x0c, 0x7c, 0x00, 0x03, 0x04, 0x00, 0x00, 0x00, 0x70, 0x62, 0xf0, 0x0b, 0x00, 0xca, 0x1f, 0x00,
    0x0c, 0x72, 0x00, 0x03, 0xff, 0x00, 0x00, 0x00, 0x70, 0x16, 0x70, 0x00, 0x00, 0xda, 0x0f, 0x00,
    0x86, 0x89, 0x00, 0x92, 0x07, 0xe0, 0x40, 0x01, 0x06, 0x19, 0x10, 0x0c, 0x00, 0xe4, 0x01, 0x00,
    0x41, 0x79, 0x02, 0x00, 0x00, 0x00, 0x00, 0x00, 0x00, 0x02, 0x80, 0x03, 0x00, 0xea, 0x0f, 0x00,
    0x0c, 0x72, 0x00, 0x0b, 0x00, 0x00, 0x00, 0x00, 0x70, 0x62, 0xf0, 0x03, 0x00, 0xe2, 0x0f, 0x00,
    0x45, 0x79, 0x02, 0x00, 0x60, 0x02, 0x00, 0x00, 0x00, 0x02, 0x80, 0x03, 0x00, 0xd8, 0x0f, 0x00,
    0x47, 0x09, 0x90, 0x00, 0x00, 0x00, 0x00, 0x00, 0x00, 0x00, 0x80, 0x03, 0x00, 0xea, 0x0f, 0x00,
    0x08, 0x73, 0x02, 0x00, 0x85, 0x00, 0x00, 0x00, 0x00, 0x10, 0x00, 0x00, 0x00, 0x62, 0x0f, 0x00,
    0x45, 0x79, 0x03, 0x00, 0xd0, 0x00, 0x00, 0x00, 0x00, 0x02, 0x80, 0x03, 0x00, 0xe2, 0x0f, 0x00,
    0x02, 0x73, 0x00, 0x2c, 0x85, 0x00, 0x00, 0x00, 0x00, 0x00, 0x00, 0x00, 0x00, 0x22, 0x0e, 0x00,
    0x23, 0x74, 0x03, 0x02, 0x00, 0x00, 0x80, 0x3f, 0x85, 0x08, 0x00, 0x00, 0x00, 0xc8, 0x0f, 0x02,
    0x23, 0x72, 0x03, 0x02, 0x03, 0x00, 0x00, 0x00, 0x02, 0x00, 0x00, 0x00, 0x00, 0xc8, 0x0f, 0x00,
    0x23, 0x72, 0x07, 0x03, 0x2c, 0x00, 0x00, 0x00, 0xff, 0x00, 0x00, 0x00, 0x00, 0xc8, 0xff, 0x01,
    0x23, 0x72, 0x02, 0x07, 0x85, 0x00, 0x00, 0x80, 0x2c, 0x00, 0x00, 0x00, 0x00, 0xc8, 0x0f, 0x00,
    0x23, 0x72, 0x07, 0x03, 0x02, 0x00, 0x00, 0x00, 0x07, 0x00, 0x00, 0x00, 0x00, 0xe2, 0x0f, 0x00,
    0x47, 0x89, 0x14, 0x00, 0x00, 0x00, 0x00, 0x00, 0x00, 0x00, 0x80, 0x03, 0x00, 0xec, 0x0f, 0x00,
    0x02, 0x72, 0x24, 0x00, 0x2c, 0x00, 0x00, 0x00, 0x00, 0x0f, 0x00, 0x00, 0x00, 0xe2, 0x0f, 0x00,
    0x02, 0x72, 0x03, 0x00, 0x85, 0x00, 0x00, 0x00, 0x00, 0x0f, 0x00, 0x00, 0x00, 0xe2, 0x0f, 0x00,
    0x02, 0x78, 0x0a, 0x00, 0xd0, 0xa6, 0x00, 0x00, 0x00, 0x0f, 0x00, 0x00, 0x00, 0xce, 0x0f, 0x00,
    0x44, 0x79, 0x00, 0x00, 0x04, 0x00, 0x00, 0x00, 0x00, 0x00, 0xc0, 0x03, 0x00, 0xea, 0x0f, 0x00,
    0x02, 0x72, 0x07, 0x00, 0x08, 0x00, 0x00, 0x00, 0x00, 0x0f, 0x00, 0x00, 0x00, 0xce, 0x0f, 0x00,
    0x41, 0x79, 0x03, 0x00, 0x00, 0x00, 0x00, 0x00, 0x00, 0x02, 0x80, 0x03, 0x00, 0xea, 0x0f, 0x00,
    0x08, 0x73, 0x02, 0x00, 0x85, 0x00, 0x00, 0x00, 0x00, 0x10, 0x00, 0x00, 0x00, 0x22, 0x0e, 0x00,
    0x45, 0x79, 0x03, 0x00, 0xd0, 0x00, 0x00, 0x00, 0x00, 0x02, 0x80, 0x03, 0x00, 0xe2, 0x0f, 0x00,
    0x02, 0x73, 0x00, 0x2d, 0x85, 0x00, 0x00, 0x00, 0x00, 0x00, 0x00, 0x00, 0x00, 0x62, 0x0e, 0x00,
    0x23, 0x74, 0x03, 0x02, 0x00, 0x00, 0x80, 0x3f, 0x85, 0x08, 0x00, 0x00, 0x00, 0xc8, 0x1f, 0x00,
    0x23, 0x72, 0x02, 0x02, 0x03, 0x00, 0x00, 0x00, 0x02, 0x00, 0x00, 0x00, 0x00, 0xc8, 0x0f, 0x00,
    0x23, 0x72, 0x04, 0x02, 0x2d, 0x00, 0x00, 0x00, 0xff, 0x00, 0x00, 0x00, 0x00, 0xc8, 0x0f, 0x00,
    0x23, 0x72, 0x03, 0x04, 0x85, 0x00, 0x00, 0x80, 0x2d, 0x00, 0x00, 0x00, 0x00, 0xc8, 0x0f, 0x00,
    0x23, 0x72, 0x02, 0x02, 0x03, 0x00, 0x00, 0x00, 0x04, 0x00, 0x00, 0x00, 0x00, 0xe2, 0x0f, 0x00,
    0x47, 0x89, 0x14, 0x00, 0x00, 0x00, 0x00, 0x00, 0x00, 0x00, 0x80, 0x03, 0x00, 0xec, 0x2f, 0x00,
    0x02, 0x72, 0x24, 0x00, 0x2d, 0x00, 0x00, 0x00, 0x00, 0x0f, 0x00, 0x00, 0x00, 0xe2, 0x0f, 0x00,
    0x02, 0x72, 0x03, 0x00, 0x85, 0x00, 0x00, 0x00, 0x00, 0x0f, 0x00, 0x00, 0x00, 0xe2, 0x0f, 0x00,
    0x02, 0x78, 0x0a, 0x00, 0xc0, 0xa7, 0x00, 0x00, 0x00, 0x0f, 0x00, 0x00, 0x00, 0xce, 0x0f, 0x00,
    0x44, 0x79, 0xc4, 0x00, 0x00, 0x00, 0x00, 0x00, 0x00, 0x00, 0xc0, 0x03, 0x00, 0xea, 0x0f, 0x00,
    0x02, 0x72, 0x02, 0x00, 0x08, 0x00, 0x00, 0x00, 0x00, 0x0f, 0x00, 0x00, 0x00, 0xce, 0x0f, 0x00,
    0x41, 0x79, 0x03, 0x00, 0x00, 0x00, 0x00, 0x00, 0x00, 0x02, 0x80, 0x03, 0x00, 0xea, 0x0f, 0x00,
    0xac, 0x77, 0x04, 0xff, 0x80, 0x7c, 0x00, 0x00, 0x00, 0x08, 0x00, 0x08, 0x00, 0x22, 0x0e, 0x00,
    0x10, 0x72, 0x0b, 0x0b, 0x88, 0x00, 0x00, 0x00, 0xff, 0xe0, 0xff, 0x07, 0x00, 0xe4, 0x0f, 0x00,
    0x3e, 0x72, 0x07, 0x02, 0x07, 0x00, 0x00, 0x00, 0xff, 0x10, 0x00, 0x00, 0x00, 0xc6, 0x0f, 0x00,
    0x0c, 0x7c, 0x00, 0x0b, 0x04, 0x00, 0x00, 0x00, 0x70, 0x62, 0xf0, 0x0b, 0x00, 0xca, 0x1f, 0x00,
    0x0c, 0x72, 0x00, 0x0b, 0xff, 0x00, 0x00, 0x00, 0x70, 0x16, 0x70, 0x00, 0x00, 0xda, 0x0f, 0x00,
    0x86, 0x89, 0x00, 0x92, 0x07, 0xf0, 0x00, 0x00, 0x06, 0x19, 0x10, 0x0c, 0x00, 0xe4, 0x01, 0x00,
    0x41, 0x79, 0x02, 0x00, 0x00, 0x00, 0x00, 0x00, 0x00, 0x02, 0x80, 0x03, 0x00, 0xea, 0x0f, 0x00,
    0x0c, 0x72, 0x00, 0x05, 0x00, 0x00, 0x00, 0x00, 0x70, 0x62, 0xf0, 0x03, 0x00, 0xda, 0x0f, 0x00,
    0x4d, 0x09, 0x00, 0x00, 0x00, 0x00, 0x00, 0x00, 0x00, 0x00, 0x80, 0x03, 0x00, 0xea, 0x0f, 0x00,
    0x08, 0x73, 0x03, 0x00, 0x84, 0x00, 0x00, 0x00, 0x00, 0x10, 0x00, 0x00, 0x00, 0x62, 0x0f, 0x00,
    0x45, 0x79, 0x02, 0x00, 0xd0, 0x00, 0x00, 0x00, 0x00, 0x02, 0x80, 0x03, 0x00, 0xe2, 0x0f, 0x00,
    0x02, 0x73, 0x00, 0x2e, 0x84, 0x00, 0x00, 0x00, 0x00, 0x00, 0x00, 0x00, 0x00, 0x22, 0x0e, 0x00,
    0x23, 0x74, 0x00, 0x03, 0x00, 0x00, 0x80, 0x3f, 0x84, 0x08, 0x00, 0x00, 0x00, 0xc8, 0x0f, 0x02,
    0x23, 0x72, 0x03, 0x03, 0x00, 0x00, 0x00, 0x00, 0x03, 0x00, 0x00, 0x00, 0x00, 0xc8, 0x0f, 0x00,
    0x23, 0x72, 0x07, 0x03, 0x2e, 0x00, 0x00, 0x00, 0xff, 0x00, 0x00, 0x00, 0x00, 0xc8, 0xff, 0x01,
    0x23, 0x72, 0x00, 0x07, 0x84, 0x00, 0x00, 0x80, 0x2e, 0x00, 0x00, 0x00, 0x00, 0xc8, 0x0f, 0x00,
    0x23, 0x72, 0x07, 0x03, 0x00, 0x00, 0x00, 0x00, 0x07, 0x00, 0x00, 0x00, 0x00, 0xe2, 0x0f, 0x00,
    0x47, 0x89, 0x14, 0x00, 0x00, 0x00, 0x00, 0x00, 0x00, 0x00, 0x80, 0x03, 0x00, 0xec, 0x0f, 0x00,
    0x02, 0x72, 0x24, 0x00, 0x2e, 0x00, 0x00, 0x00, 0x00, 0x0f, 0x00, 0x00, 0x00, 0xe2, 0x0f, 0x00,
    0x02, 0x72, 0x03, 0x00, 0x84, 0x00, 0x00, 0x00, 0x00, 0x0f, 0x00, 0x00, 0x00, 0xe2, 0x0f, 0x00,
    0x02, 0x78, 0x0a, 0x00, 0x40, 0xa9, 0x00, 0x00, 0x00, 0x0f, 0x00, 0x00, 0x00, 0xce, 0x0f, 0x00,
    0x44, 0x79, 0x64, 0x00, 0x00, 0x00, 0x00, 0x00, 0x00, 0x00, 0xc0, 0x03, 0x00, 0xea, 0x0f, 0x00,
    0x02, 0x72, 0x07, 0x00, 0x08, 0x00, 0x00, 0x00, 0x00, 0x0f, 0x00, 0x00, 0x00, 0xce, 0x0f, 0x00,
    0x41, 0x79, 0x02, 0x00, 0x00, 0x00, 0x00, 0x00, 0x00, 0x02, 0x80, 0x03, 0x00, 0xea, 0x0f, 0x00,
    0x08, 0x73, 0x03, 0x00, 0x84, 0x00, 0x00, 0x00, 0x00, 0x10, 0x00, 0x00, 0x00, 0x22, 0x0e, 0x00,
    0x45, 0x79, 0x02, 0x00, 0xd0, 0x00, 0x00, 0x00, 0x00, 0x02, 0x80, 0x03, 0x00, 0xe2, 0x0f, 0x00,
    0x02, 0x73, 0x00, 0x2f, 0x84, 0x00, 0x00, 0x00, 0x00, 0x00, 0x00, 0x00, 0x00, 0x62, 0x0e, 0x00,
    0x23, 0x74, 0x00, 0x03, 0x00, 0x00, 0x80, 0x3f, 0x84, 0x08, 0x00, 0x00, 0x00, 0xc8, 0x1f, 0x00,
    0x23, 0x72, 0x00, 0x03, 0x00, 0x00, 0x00, 0x00, 0x03, 0x00, 0x00, 0x00, 0x00, 0xc8, 0x0f, 0x00,
    0x23, 0x72, 0x02, 0x00, 0x2f, 0x00, 0x00, 0x00, 0xff, 0x00, 0x00, 0x00, 0x00, 0xc8, 0x0f, 0x00,
    0x23, 0x72, 0x03, 0x02, 0x84, 0x00, 0x00, 0x80, 0x2f, 0x00, 0x00, 0x00, 0x00, 0xc8, 0x0f, 0x00,
    0x23, 0x72, 0x00, 0x00, 0x03, 0x00, 0x00, 0x00, 0x02, 0x00, 0x00, 0x00, 0x00, 0xe2, 0x0f, 0x00,
    0x47, 0x89, 0x14, 0x00, 0x00, 0x00, 0x00, 0x00, 0x00, 0x00, 0x80, 0x03, 0x00, 0xec, 0x2f, 0x00,
    0x02, 0x72, 0x24, 0x00, 0x2f, 0x00, 0x00, 0x00, 0x00, 0x0f, 0x00, 0x00, 0x00, 0xe2, 0x0f, 0x00,
    0x02, 0x72, 0x03, 0x00, 0x84, 0x00, 0x00, 0x00, 0x00, 0x0f, 0x00, 0x00, 0x00, 0xe2, 0x0f, 0x00,
    0x02, 0x78, 0x0a, 0x00, 0x30, 0xaa, 0x00, 0x00, 0x00, 0x0f, 0x00, 0x00, 0x00, 0xce, 0x0f, 0x00,
    0x44, 0x79, 0x28, 0x00, 0x00, 0x00, 0x00, 0x00, 0x00, 0x00, 0xc0, 0x03, 0x00, 0xea, 0x0f, 0x00,
    0x02, 0x72, 0x00, 0x00, 0x08, 0x00, 0x00, 0x00, 0x00, 0x0f, 0x00, 0x00, 0x00, 0xce, 0x0f, 0x00,
    0x41, 0x79, 0x02, 0x00, 0x00, 0x00, 0x00, 0x00, 0x00, 0x02, 0x80, 0x03, 0x00, 0xea, 0x0f, 0x00,
    0xac, 0x77, 0x04, 0xff, 0x80, 0x7c, 0x00, 0x00, 0x00, 0x08, 0x00, 0x08, 0x00, 0x22, 0x0e, 0x00,
    0x10, 0x72, 0x05, 0x05, 0x88, 0x00, 0x00, 0x00, 0xff, 0xe0, 0xff, 0x07, 0x00, 0xe4, 0x0f, 0x00,
    0x3e, 0x72, 0x07, 0x00, 0x07, 0x00, 0x00, 0x00, 0xff, 0x10, 0x00, 0x00, 0x00, 0xc6, 0x0f, 0x00,
    0x0c, 0x7c, 0x00, 0x05, 0x04, 0x00, 0x00, 0x00, 0x70, 0x62, 0xf0, 0x0b, 0x00, 0xca, 0x1f, 0x00,
    0x0c, 0x72, 0x00, 0x05, 0xff, 0x00, 0x00, 0x00, 0x70, 0x16, 0x70, 0x00, 0x00, 0xda, 0x0f, 0x00,
    0x4d, 0x09, 0x00, 0x00, 0x00, 0x00, 0x00, 0x00, 0x00, 0x00, 0x80, 0x03, 0x00, 0xea, 0x0f, 0x00,
    0x86, 0x79, 0x00, 0x92, 0x07, 0xf0, 0x40, 0x01, 0x06, 0x19, 0x10, 0x0c, 0x00, 0xe2, 0x0f, 0x00,
    0x4d, 0x79, 0x00, 0x00, 0x00, 0x00, 0x00, 0x00, 0x00, 0x00, 0x80, 0x03, 0x00, 0xea, 0x0f, 0x00,
    0x19, 0x78, 0x04, 0xff, 0x17, 0x00, 0x00, 0x00, 0x03, 0x16, 0x01, 0x00, 0x00, 0xe2, 0x0f, 0x00,
    0x45, 0x79, 0x00, 0x00, 0x20, 0x06, 0x00, 0x00, 0x00, 0x02, 0x80, 0x03, 0x00, 0xe2, 0x0f, 0x00,
    0x19, 0x78, 0x02, 0xff, 0x17, 0x00, 0x00, 0x00, 0x24, 0x16, 0x01, 0x00, 0x00, 0xe4, 0x0f, 0x00,
    0x12, 0x78, 0x0e, 0x04, 0xff, 0x00, 0x00, 0x00, 0xff, 0xc0, 0x8e, 0x07, 0x00, 0xe4, 0x0f, 0x00,
    0x12, 0x78, 0x0c, 0x02, 0xff, 0x00, 0x00, 0x00, 0xff, 0xc0, 0x8e, 0x07, 0x00, 0xe4, 0x0f, 0x00,
    0x10, 0x78, 0x06, 0x0e, 0xff, 0xff, 0xff, 0xff, 0xff, 0xe0, 0xff, 0x07, 0x00, 0xe4, 0x0f, 0x00,
    0x10, 0x78, 0x02, 0x0c, 0xff, 0xff, 0xff, 0xff, 0xff, 0xe0, 0xff, 0x07, 0x00, 0xc6, 0x0f, 0x00,
    0x0c, 0x78, 0x00, 0x06, 0xfd, 0x00, 0x00, 0x00, 0x70, 0x40, 0xf0, 0x03, 0x00, 0xca, 0x0f, 0x00,
    0x0c, 0x78, 0x00, 0x02, 0xfd, 0x00, 0x00, 0x00, 0x70, 0x44, 0x70, 0x00, 0x00, 0xda, 0x0f, 0x00,
    0x02, 0x82, 0x04, 0x00, 0xff, 0x00, 0x00, 0x00, 0x00, 0x0f, 0x00, 0x00, 0x00, 0xe2, 0x0f, 0x00,
    0x47, 0x89, 0x5c, 0x00, 0x00, 0x00, 0x00, 0x00, 0x00, 0x00, 0x80, 0x03, 0x00, 0xec, 0x0f, 0x00,
    0x0b, 0x78, 0x00, 0x24, 0x00, 0x00, 0x80, 0x7f, 0x00, 0xc2, 0xf1, 0x03, 0x00, 0xe2, 0x0f, 0x00,
    0x0b, 0x78, 0x00, 0x03, 0x00, 0x00, 0x80, 0x7f, 0x00, 0xc2, 0xf3, 0x03, 0x00, 0xca, 0x0f, 0x00,
    0x1c, 0x78, 0x8f, 0x00, 0x00, 0x00, 0x00, 0x00, 0x70, 0x3f, 0x70, 0x00, 0x00, 0xda, 0x0f, 0x00,
    0x47, 0x09, 0x4c, 0x00, 0x04, 0x00, 0x00, 0x00, 0x00, 0x00, 0x80, 0x03, 0x00, 0xea, 0x0f, 0x00,
    0x12, 0x78, 0xff, 0x03, 0xff, 0xff, 0xff, 0x7f, 0x24, 0xc8, 0x80, 0x07, 0x00, 0xda, 0x0f, 0x00,
    0x47, 0x89, 0x3c, 0x00, 0x04, 0x00, 0x00, 0x00, 0x00, 0x00, 0x80, 0x03, 0x00, 0xea, 0x0f, 0x00,
    0x0b, 0x78, 0x00, 0x24, 0x00, 0x00, 0x80, 0x7f, 0x00, 0xd2, 0xf1, 0x03, 0x00, 0xe2, 0x0f, 0x04,
    0x0b, 0x78, 0x00, 0x03, 0x00, 0x00, 0x80, 0x7f, 0x00, 0xd2, 0xf5, 0x03, 0x00, 0xe2, 0x0f, 0x00,
    0x0b, 0x78, 0x00, 0x24, 0x00, 0x00, 0x80, 0x7f, 0x00, 0xd2, 0xf3, 0x03, 0x00, 0xd8, 0x0f, 0x00,
    0x47, 0xa9, 0x2c, 0x00, 0x04, 0x00, 0x00, 0x00, 0x00, 0x00, 0x00, 0x04, 0x00, 0xea, 0x0f, 0x00,
    0x12, 0x78, 0xff, 0x24, 0xff, 0xff, 0xff, 0x7f, 0xff, 0xc0, 0x80, 0x07, 0x00, 0xc8, 0x0f, 0x00,
    0x1c, 0x78, 0xf2, 0x00, 0x00, 0x00, 0x00, 0x00, 0x77, 0x05, 0x70, 0x01, 0x00, 0xda, 0x0f, 0x00,
    0x47, 0x09, 0x18, 0x00, 0x04, 0x00, 0x00, 0x00, 0x00, 0x00, 0x80, 0x03, 0x00, 0xea, 0x0f, 0x00,
    0x12, 0x78, 0xff, 0x03, 0xff, 0xff, 0xff, 0x7f, 0xff, 0xc0, 0x80, 0x07, 0x00, 0xc8, 0x0f, 0x00,
    0x1c, 0x78, 0xf2, 0x00, 0x00, 0x00, 0x00, 0x00, 0x77, 0x05, 0xf0, 0x00, 0x00, 0xda, 0x0f, 0x00,
    0x47, 0x09, 0x00, 0x00, 0x04, 0x00, 0x00, 0x00, 0x00, 0x00, 0x80, 0x03, 0x00, 0xea, 0x0f, 0x00,
    0x0c, 0x72, 0x00, 0x02, 0xff, 0x00, 0x00, 0x00, 0x70, 0x62, 0xf0, 0x03, 0x00, 0xe2, 0x0f, 0x00,
    0x0c, 0x72, 0x00, 0x06, 0xff, 0x00, 0x00, 0x00, 0x70, 0x62, 0xf2, 0x03, 0x00, 0xd8, 0x0f, 0x00,
    0x02, 0x02, 0x04, 0x00, 0xff, 0x00, 0x00, 0x00, 0x00, 0x0f, 0x00, 0x00, 0x00, 0xe2, 0x0f, 0x00,
    0x02, 0x88, 0x04, 0x00, 0xc0, 0xff, 0xff, 0xff, 0x00, 0x0f, 0x00, 0x00, 0x00, 0xe2, 0x0f, 0x00,
    0x23, 0x88, 0x24, 0x24, 0x00, 0x00, 0x80, 0x5f, 0xff, 0x00, 0x00, 0x00, 0x00, 0xe2, 0x0f, 0x00,
    0x23, 0x98, 0x03, 0x03, 0x00, 0x00, 0x80, 0x5f, 0xff, 0x00, 0x00, 0x00, 0x00, 0xc6, 0x0f, 0x00,
    0x10, 0x98, 0x04, 0x04, 0x40, 0x00, 0x00, 0x00, 0xff, 0xe0, 0xff, 0x07, 0x00, 0xce, 0x0f, 0x00,
    0x11, 0x78, 0x02, 0x0e, 0x00, 0x00, 0x80, 0xc0, 0xff, 0xb8, 0x8e, 0x07, 0x00, 0xe2, 0x0f, 0x00,
    0x45, 0x79, 0x01, 0x00, 0x60, 0x03, 0x00, 0x00, 0x00, 0x02, 0x80, 0x03, 0x00, 0xe6, 0x0f, 0x00,
    0x10, 0x72, 0x06, 0x02, 0x03, 0x00, 0x00, 0x00, 0xff, 0xe1, 0xff, 0x07, 0x00, 0xe4, 0x0f, 0x00,
    0x10, 0x78, 0x03, 0x0c, 0x81, 0xff, 0xff, 0xff, 0xff, 0xe0, 0xff, 0x07, 0x00, 0xe4, 0x0f, 0x00,
    0x08, 0x73, 0x08, 0x00, 0x06, 0x00, 0x00, 0x00, 0x00, 0x10, 0x00, 0x00, 0x00, 0x22, 0x0e, 0x00,
    0x21, 0x72, 0x09, 0x06, 0xff, 0x00, 0x00, 0x80, 0x00, 0x01, 0x01, 0x00, 0x00, 0xe4, 0x0f, 0x00,
    0x24, 0x78, 0x02, 0x03, 0x00, 0x00, 0x80, 0xff, 0x24, 0x02, 0x8e, 0x07, 0x00, 0xe2, 0x0f, 0x04,
    0x10, 0x78, 0x03, 0x03, 0x7f, 0x00, 0x00, 0x00, 0x0e, 0xe8, 0xff, 0x07, 0x00, 0xc8, 0x0f, 0x00,
    0x10, 0x72, 0x03, 0x03, 0x04, 0x00, 0x00, 0x00, 0xff, 0xe0, 0xff, 0x07, 0x00, 0xe2, 0x0f, 0x00,
    0x23, 0x74, 0x0d, 0x08, 0x00, 0x00, 0x80, 0x3f, 0x09, 0x00, 0x00, 0x00, 0x00, 0xc8, 0x1f, 0x00,
    0x23, 0x72, 0x0f, 0x08, 0x0d, 0x00, 0x00, 0x00, 0x08, 0x00, 0x00, 0x00, 0x00, 0xc8, 0x0f, 0x00,
    0x23, 0x72, 0x08, 0x02, 0x0f, 0x00, 0x00, 0x00, 0xff, 0x00, 0x00, 0x00, 0x00, 0xc8, 0x0f, 0x00,
    0x23, 0x72, 0x0d, 0x09, 0x08, 0x00, 0x00, 0x00, 0x02, 0x00, 0x00, 0x00, 0x00, 0xc8, 0x0f, 0x00,
    0x23, 0x72, 0x0c, 0x0f, 0x0d, 0x00, 0x00, 0x00, 0x08, 0x00, 0x00, 0x00, 0x00, 0xc8, 0x0f, 0x00,
    0x23, 0x72, 0x0d, 0x09, 0x0c, 0x00, 0x00, 0x00, 0x02, 0x00, 0x00, 0x00, 0x00, 0xc8, 0x0f, 0x00,
    0x23, 0x72, 0x08, 0x0f, 0x0d, 0x00, 0x00, 0x00, 0x0c, 0x00, 0x00, 0x00, 0x00, 0xca, 0x0f, 0x00,
    0x19, 0x78, 0x02, 0xff, 0x17, 0x00, 0x00, 0x00, 0x08, 0x16, 0x01, 0x00, 0x00, 0xc8, 0x0f, 0x00,
    0x12, 0x78, 0x02, 0x02, 0xff, 0x00, 0x00, 0x00, 0xff, 0xc0, 0x8e, 0x07, 0x00, 0xc8, 0x0f, 0x00,
    0x10, 0x72, 0x06, 0x02, 0x03, 0x00, 0x00, 0x00, 0xff, 0xe0, 0xff, 0x07, 0x00, 0xc8, 0x0f, 0x00,
    0x10, 0x78, 0x02, 0x06, 0xff, 0xff, 0xff, 0xff, 0xff, 0xe0, 0xff, 0x07, 0x00, 0xca, 0x0f, 0x00,
    0x0c, 0x78, 0x00, 0x02, 0xfe, 0x00, 0x00, 0x00, 0x70, 0x60, 0xf0, 0x03, 0x00, 0xda, 0x0f, 0x00,
    0x47, 0x89, 0x80, 0x00, 0x00, 0x00, 0x00, 0x00, 0x00, 0x00, 0x80, 0x03, 0x00, 0xea, 0x0f, 0x00,
    0x0c, 0x78, 0x00, 0x06, 0xfe, 0x00, 0x00, 0x00, 0x70, 0x42, 0xf0, 0x03, 0x00, 0xda, 0x0f, 0x00,
    0x47, 0x09, 0x6c, 0x00, 0x00, 0x00, 0x00, 0x00, 0x00, 0x00, 0x80, 0x03, 0x00, 0xea, 0x0f, 0x00,
    0x0c, 0x78, 0x00, 0x06, 0x01, 0x00, 0x00, 0x00, 0x70, 0x62, 0xf0, 0x03, 0x00, 0xda, 0x0f, 0x00,
    0x47, 0x09, 0x74, 0x00, 0x00, 0x00, 0x00, 0x00, 0x00, 0x00, 0x80, 0x03, 0x00, 0xea, 0x0f, 0x00,
    0x0c, 0x78, 0x00, 0x06, 0xe8, 0xff, 0xff, 0xff, 0x70, 0x62, 0xf0, 0x03, 0x00, 0xe2, 0x0f, 0x00,
    0x12, 0x78, 0x08, 0x08, 0x00, 0x00, 0x00, 0x80, 0xff, 0xc0, 0x8e, 0x07, 0x00, 0xd8, 0x0f, 0x00,
    0x47, 0x89, 0x68, 0x00, 0x00, 0x00, 0x00, 0x00, 0x00, 0x00, 0x80, 0x03, 0x00, 0xea, 0x0f, 0x00,
    0x23, 0x72, 0x02, 0x0f, 0x0d, 0x00, 0x00, 0x00, 0x0c, 0xc0, 0x00, 0x00, 0x00, 0xe2, 0x0f, 0x1c,
    0x10, 0x78, 0x09, 0x06, 0x20, 0x00, 0x00, 0x00, 0xff, 0xe0, 0xff, 0x07, 0x00, 0xe2, 0x0f, 0x04,
    0x23, 0x72, 0x03, 0x0f, 0x0d, 0x00, 0x00, 0x00, 0x0c, 0x40, 0x00, 0x00, 0x00, 0xe2, 0x0f, 0x1c,
    0x0c, 0x72, 0x00, 0x06, 0xff, 0x00, 0x00, 0x00, 0x70, 0x52, 0xf2, 0x03, 0x00, 0xe2, 0x0f, 0x04,
    0x0c, 0x72, 0x00, 0x06, 0xff, 0x00, 0x00, 0x00, 0x70, 0x52, 0xf4, 0x03, 0x00, 0xe2, 0x0f, 0x00,
    0x12, 0x78, 0x02, 0x02, 0xff, 0xff, 0x7f, 0x00, 0xff, 0xc0, 0x8e, 0x07, 0x00, 0xe4, 0x0f, 0x00,
    0x10, 0x72, 0x06, 0x06, 0xff, 0x00, 0x00, 0x00, 0xff, 0xe1, 0xff, 0x07, 0x00, 0xe4, 0x0f, 0x00,
    0x12, 0x78, 0x04, 0x02, 0x00, 0x00, 0x80, 0x00, 0xff, 0xfc, 0x8e, 0x07, 0x00, 0xe2, 0x0f, 0x00,
    0x23, 0x72, 0x02, 0x0f, 0x0d, 0x00, 0x00, 0x00, 0x0c, 0x80, 0x00, 0x00, 0x00, 0xc6, 0x0f, 0x00,
    0x19, 0x72, 0x09, 0x04, 0x09, 0x00, 0x00, 0x00, 0xff, 0x06, 0x00, 0x00, 0x00, 0xe4, 0x0f, 0x00,
    0x0b, 0x72, 0x00, 0x02, 0x03, 0x00, 0x00, 0x00, 0x00, 0xd0, 0xf1, 0x03, 0x00, 0xe2, 0x0f, 0x00,
    0x07, 0x72, 0x03, 0x06, 0xff, 0x00, 0x00, 0x00, 0x00, 0x00, 0x00, 0x01, 0x00, 0xe4, 0x0f, 0x00,
    0x0c, 0x72, 0x00, 0x09, 0xff, 0x00, 0x00, 0x00, 0x70, 0x52, 0xf2, 0x00, 0x00, 0xc6, 0x0f, 0x00,
    0x19, 0x72, 0x03, 0xff, 0x03, 0x00, 0x00, 0x00, 0x04, 0x16, 0x01, 0x00, 0x00, 0xe4, 0x0f, 0x00,
    0x1c, 0x78, 0x8f, 0x00, 0x00, 0x00, 0x00, 0x00, 0x70, 0x3f, 0x70, 0x00, 0x00, 0xe4, 0x0f, 0x00,
    0x19, 0x78, 0x09, 0xff, 0x01, 0x00, 0x00, 0x00, 0x03, 0x16, 0x01, 0x00, 0x00, 0xc6, 0x0f, 0x00,
    0x07, 0x78, 0x02, 0xff, 0x01, 0x00, 0x00, 0x00, 0x00, 0x00, 0x00, 0x04, 0x00, 0xca, 0x0f, 0x00,
    0x12, 0x78, 0x02, 0x02, 0x01, 0x00, 0x00, 0x00, 0x09, 0xf8, 0x8e, 0x07, 0x00, 0xc8, 0x0f, 0x00,
    0x12, 0x72, 0x02, 0x02, 0x03, 0x00, 0x00, 0x00, 0xff, 0xc0, 0x8e, 0x07, 0x00, 0xc8, 0x0f, 0x00,
    0x10, 0x72, 0x09, 0x09, 0x02, 0x00, 0x00, 0x00, 0xff, 0xe0, 0xff, 0x07, 0x00, 0xc8, 0x0f, 0x00,
    0x12, 0x72, 0x08, 0x09, 0x08, 0x00, 0x00, 0x00, 0xff, 0xfc, 0x8e, 0x07, 0x00, 0xe2, 0x0f, 0x00,
    0x47, 0x79, 0x10, 0x00, 0x00, 0x00, 0x00, 0x00, 0x00, 0x00, 0x80, 0x03, 0x00, 0xec, 0x0f, 0x00,
    0x12, 0x78, 0x08, 0x08, 0x00, 0x00, 0x00, 0x80, 0xff, 0xc0, 0x8e, 0x07, 0x00, 0xc8, 0x0f, 0x00,
    0x12, 0x78, 0x08, 0x08, 0x00, 0x00, 0x80, 0x7f, 0xff, 0xfc, 0x8e, 0x07, 0x00, 0xe2, 0x0f, 0x00,
    0x47, 0x79, 0x04, 0x00, 0x00, 0x00, 0x00, 0x00, 0x00, 0x00, 0x80, 0x03, 0x00, 0xec, 0x0f, 0x00,
    0x24, 0x78, 0x08, 0x03, 0x00, 0x00, 0x80, 0x00, 0x08, 0x02, 0x8e, 0x07, 0x00, 0xce, 0x0f, 0x00,
    0x41, 0x79, 0x01, 0x00, 0x00, 0x00, 0x00, 0x00, 0x00, 0x02, 0x80, 0x03, 0x00, 0xea, 0x0f, 0x00,
    0x47, 0x79, 0x20, 0x00, 0x00, 0x00, 0x00, 0x00, 0x00, 0x00, 0x80, 0x03, 0x00, 0xea, 0x0f, 0x00,
    0x12, 0x78, 0x03, 0x03, 0x00, 0x00, 0x00, 0x80, 0x24, 0x48, 0x8e, 0x07, 0x00, 0xc8, 0x0f, 0x00,
    0x12, 0x78, 0x08, 0x03, 0x00, 0x00, 0x80, 0x7f, 0xff, 0xfc, 0x8e, 0x07, 0x00, 0xe2, 0x0f, 0x00,
    0x47, 0x79, 0x14, 0x00, 0x00, 0x00, 0x00, 0x00, 0x00, 0x00, 0x80, 0x03, 0x00, 0xec, 0x0f, 0x00,
    0x12, 0x78, 0x08, 0x03, 0x00, 0x00, 0x00, 0x80, 0x24, 0x48, 0x8e, 0x07, 0x00, 0xe2, 0x0f, 0x00,
    0x47, 0x79, 0x0c, 0x00, 0x00, 0x00, 0x00, 0x00, 0x00, 0x00, 0x80, 0x03, 0x00, 0xec, 0x0f, 0x00,
    0x08, 0x79, 0x08, 0x00, 0x00, 0x00, 0xc0, 0xff, 0x00, 0x14, 0x00, 0x00, 0x00, 0x22, 0x0e, 0x00,
    0x47, 0x79, 0x04, 0x00, 0x00, 0x00, 0x00, 0x00, 0x00, 0x00, 0x80, 0x03, 0x00, 0xea, 0x0f, 0x00,
    0x21, 0x72, 0x08, 0x24, 0x03, 0x00, 0x00, 0x00, 0x00, 0x00, 0x01, 0x00, 0x00, 0xce, 0x0f, 0x00,
    0x41, 0x79, 0x00, 0x00, 0x00, 0x00, 0x00, 0x00, 0x00, 0x02, 0x80, 0x03, 0x00, 0xea, 0x0f, 0x00,
    0x02, 0x72, 0x02, 0x00, 0x0a, 0x00, 0x00, 0x00, 0x00, 0x0f, 0x00, 0x00, 0x00, 0xe2, 0x0f, 0x00,
    0x02, 0x78, 0x03, 0x00, 0x00, 0x00, 0x00, 0x00, 0x00, 0x0f, 0x00, 0x00, 0x00, 0xc8, 0x0f, 0x00,
    0x50, 0x79, 0xb0, 0x02, 0x4c, 0xff, 0xff, 0xff, 0xff, 0xff, 0xc3, 0x03, 0x00, 0xea, 0x1f, 0x00,
    0x47, 0x79, 0xfc, 0x00, 0xfc, 0xff, 0xff, 0xff, 0xff, 0xff, 0x83, 0x03, 0x00, 0xc0, 0x0f, 0x00,
    0x18, 0x79, 0x00, 0x00, 0x00, 0x00, 0x00, 0x00, 0x00, 0x00, 0x00, 0x00, 0x00, 0xc0, 0x0f, 0x00,
    0x18, 0x79, 0x00, 0x00, 0x00, 0x00, 0x00, 0x00, 0x00, 0x00, 0x00, 0x00, 0x00, 0xc0, 0x0f, 0x00,
    0x18, 0x79, 0x00, 0x00, 0x00, 0x00, 0x00, 0x00, 0x00, 0x00, 0x00, 0x00, 0x00, 0xc0, 0x0f, 0x00,
    0x18, 0x79, 0x00, 0x00, 0x00, 0x00, 0x00, 0x00, 0x00, 0x00, 0x00, 0x00, 0x00, 0xc0, 0x0f, 0x00,
    0x18, 0x79, 0x00, 0x00, 0x00, 0x00, 0x00, 0x00, 0x00, 0x00, 0x00, 0x00, 0x00, 0xc0, 0x0f, 0x00,
    0x18, 0x79, 0x00, 0x00, 0x00, 0x00, 0x00, 0x00, 0x00, 0x00, 0x00, 0x00, 0x00, 0xc0, 0x0f, 0x00,
    0x18, 0x79, 0x00, 0x00, 0x00, 0x00, 0x00, 0x00, 0x00, 0x00, 0x00, 0x00, 0x00, 0xc0, 0x0f, 0x00,
    0x18, 0x79, 0x00, 0x00, 0x00, 0x00, 0x00, 0x00, 0x00, 0x00, 0x00, 0x00, 0x00, 0xc0, 0x0f, 0x00,
    0x18, 0x79, 0x00, 0x00, 0x00, 0x00, 0x00, 0x00, 0x00, 0x00, 0x00, 0x00, 0x00, 0xc0, 0x0f, 0x00,
    0x18, 0x79, 0x00, 0x00, 0x00, 0x00, 0x00, 0x00, 0x00, 0x00, 0x00, 0x00, 0x00, 0xc0, 0x0f, 0x00,
    0x18, 0x79, 0x00, 0x00, 0x00, 0x00, 0x00, 0x00, 0x00, 0x00, 0x00, 0x00, 0x00, 0xc0, 0x0f, 0x00,
    0x00, 0x00, 0x00, 0x00, 0x00, 0x00, 0x00, 0x00, 0x00, 0x00, 0x00, 0x00, 0x00, 0x00, 0x00, 0x00,
    0x00, 0x00, 0x00, 0x00, 0x00, 0x00, 0x00, 0x00, 0x00, 0x00, 0x00, 0x00, 0x00, 0x00, 0x00, 0x00,
    0x00, 0x00, 0x00, 0x00, 0x00, 0x00, 0x00, 0x00, 0x00, 0x00, 0x00, 0x00, 0x00, 0x00, 0x00, 0x00,
    0x00, 0x00, 0x00, 0x00, 0x00, 0x00, 0x00, 0x00, 0x00, 0x00, 0x00, 0x00, 0x00, 0x00, 0x00, 0x00,
    0x00, 0x00, 0x00, 0x00, 0x00, 0x00, 0x00, 0x00, 0x00, 0x00, 0x00, 0x00, 0x00, 0x00, 0x00, 0x00,
    0x00, 0x00, 0x00, 0x00, 0x00, 0x00, 0x00, 0x00, 0x00, 0x00, 0x00, 0x00, 0x00, 0x00, 0x00, 0x00,
    0x00, 0x00, 0x00, 0x00, 0x00, 0x00, 0x00, 0x00, 0x00, 0x00, 0x00, 0x00, 0x00, 0x00, 0x00, 0x00,
    0x00, 0x00, 0x00, 0x00, 0x00, 0x00, 0x00, 0x00, 0x00, 0x00, 0x00, 0x00, 0x00, 0x00, 0x00, 0x00,
    0x00, 0x00, 0x00, 0x00, 0x00, 0x00, 0x00, 0x00, 0x00, 0x00, 0x00, 0x00, 0x00, 0x00, 0x00, 0x00,
    0x00, 0x00, 0x00, 0x00, 0x00, 0x00, 0x00, 0x00, 0x00, 0x00, 0x00, 0x00, 0x00, 0x00, 0x00, 0x00,
    0x00, 0x00, 0x00, 0x00, 0x00, 0x00, 0x00, 0x00, 0x00, 0x00, 0x00, 0x00, 0x00, 0x00, 0x00, 0x00,
    0x00, 0x00, 0x00, 0x00, 0x00, 0x00, 0x00, 0x00, 0x00, 0x00, 0x00, 0x00, 0x00, 0x00, 0x00, 0x00,
    0x00, 0x00, 0x00, 0x00, 0x00, 0x00, 0x00, 0x00, 0x00, 0x00, 0x00, 0x00, 0x00, 0x00, 0x00, 0x00,
    0x00, 0x00, 0x00, 0x00, 0x00, 0x00, 0x00, 0x00, 0x00, 0x00, 0x00, 0x00, 0x00, 0x00, 0x00, 0x00,
    0x00, 0x00, 0x00, 0x00, 0x00, 0x00, 0x00, 0x00, 0x00, 0x00, 0x00, 0x00, 0x00, 0x00, 0x00, 0x00,
    0x00, 0x00, 0x00, 0x00, 0x00, 0x00, 0x00, 0x00, 0x00, 0x00, 0x00, 0x00, 0x00, 0x00, 0x00, 0x00,
    0x00, 0x00, 0x00, 0x00, 0x00, 0x00, 0x00, 0x00, 0x00, 0x00, 0x00, 0x00, 0x00, 0x00, 0x00, 0x00,
    0x00, 0x00, 0x00, 0x00, 0x00, 0x00, 0x00, 0x00, 0x00, 0x00, 0x00, 0x00, 0x00, 0x00, 0x00, 0x00,
    0x00, 0x00, 0x00, 0x00, 0x00, 0x00, 0x00, 0x00, 0x00, 0x00, 0x00, 0x00, 0x00, 0x00, 0x00, 0x00,
    0x00, 0x00, 0x00, 0x00, 0x00, 0x00, 0x00, 0x00, 0x00, 0x00, 0x00, 0x00, 0x00, 0x00, 0x00, 0x00,
    0x00, 0x00, 0x00, 0x00, 0x00, 0x00, 0x00, 0x00, 0x00, 0x00, 0x00, 0x00, 0x00, 0x00, 0x00, 0x00,
    0x00, 0x00, 0x00, 0x00, 0x00, 0x00, 0x00, 0x00, 0x00, 0x00, 0x00, 0x00, 0x00, 0x00, 0x00, 0x00,
    0x00, 0x00, 0x00, 0x00, 0x00, 0x00, 0x00, 0x00, 0x00, 0x00, 0x00, 0x00, 0x00, 0x00, 0x00, 0x00,
    0x00, 0x00, 0x00, 0x00, 0x00, 0x00, 0x00, 0x00, 0x00, 0x00, 0x00, 0x00, 0x00, 0x00, 0x00, 0x00,
    0x00, 0x00, 0x00, 0x00, 0x00, 0x00, 0x00, 0x00, 0x00, 0x00, 0x00, 0x00, 0x00, 0x00, 0x00, 0x00,
    0x00, 0x00, 0x00, 0x00, 0x00, 0x00, 0x00, 0x00, 0x00, 0x00, 0x00, 0x00, 0x00, 0x00, 0x00, 0x00,
    0x00, 0x00, 0x00, 0x00, 0x00, 0x00, 0x00, 0x00, 0x00, 0x00, 0x00, 0x00, 0x00, 0x00, 0x00, 0x00,
    0x00, 0x00, 0x00, 0x00, 0x00, 0x00, 0x00, 0x00, 0x00, 0x00, 0x00, 0x00, 0x00, 0x00, 0x00, 0x00,
    0x00, 0x00, 0x00, 0x00, 0x00, 0x00, 0x00, 0x00, 0x00, 0x00, 0x00, 0x00, 0x00, 0x00, 0x00, 0x00,
    0x00, 0x00, 0x00, 0x00, 0x00, 0x00, 0x00, 0x00, 0x00, 0x00, 0x00, 0x00, 0x00, 0x00, 0x00, 0x00,
    0x00, 0x00, 0x00, 0x00, 0x00, 0x00, 0x00, 0x00, 0x00, 0x00, 0x00, 0x00, 0x00, 0x00, 0x00, 0x00,
    0x00, 0x00, 0x00, 0x00, 0x00, 0x00, 0x00, 0x00, 0x00, 0x00, 0x00, 0x00, 0x00, 0x00, 0x00, 0x00,
    0x00, 0x00, 0x00, 0x00, 0x00, 0x00, 0x00, 0x00, 0x00, 0x00, 0x00, 0x00, 0x00, 0x00, 0x00, 0x00,
    0x00, 0x00, 0x00, 0x00, 0x00, 0x00, 0x00, 0x00, 0x00, 0x00, 0x00, 0x00, 0x00, 0x00, 0x00, 0x00,
    0x00, 0x00, 0x00, 0x00, 0x00, 0x00, 0x00, 0x00, 0x00, 0x00, 0x00, 0x00, 0x00, 0x00, 0x00, 0x00,
    0x00, 0x00, 0x00, 0x00, 0x00, 0x00, 0x00, 0x00, 0x00, 0x00, 0x00, 0x00, 0x00, 0x00, 0x00, 0x00,
    0x00, 0x00, 0x00, 0x00, 0x00, 0x00, 0x00, 0x00, 0x00, 0x00, 0x00, 0x00, 0x00, 0x00, 0x00, 0x00,
    0x00, 0x00, 0x00, 0x00, 0x00, 0x00, 0x00, 0x00, 0x00, 0x00, 0x00, 0x00, 0x00, 0x00, 0x00, 0x00,
    0x00, 0x00, 0x00, 0x00, 0x00, 0x00, 0x00, 0x00, 0x00, 0x00, 0x00, 0x00, 0x00, 0x00, 0x00, 0x00,
    0x00, 0x00, 0x00, 0x00, 0x00, 0x00, 0x00, 0x00, 0x00, 0x00, 0x00, 0x00, 0x00, 0x00, 0x00, 0x00,
    0x00, 0x00, 0x00, 0x00, 0x00, 0x00, 0x00, 0x00, 0x00, 0x00, 0x00, 0x00, 0x00, 0x00, 0x00, 0x00,
    0x00, 0x00, 0x00, 0x00, 0x00, 0x00, 0x00, 0x00, 0x00, 0x00, 0x00, 0x00, 0x00, 0x00, 0x00, 0x00,
    0x00, 0x00, 0x00, 0x00, 0x00, 0x00, 0x00, 0x00, 0x00, 0x00, 0x00, 0x00, 0x00, 0x00, 0x00, 0x00,
    0x00, 0x00, 0x00, 0x00, 0x00, 0x00, 0x00, 0x00, 0x00, 0x00, 0x00, 0x00, 0x00, 0x00, 0x00, 0x00,
    0x00, 0x00, 0x00, 0x00, 0x00, 0x00, 0x00, 0x00, 0x00, 0x00, 0x00, 0x00, 0x00, 0x00, 0x00, 0x00,
    0x00, 0x00, 0x00, 0x00, 0x00, 0x00, 0x00, 0x00, 0x00, 0x00, 0x00, 0x00, 0x00, 0x00, 0x00, 0x00,
    0x00, 0x00, 0x00, 0x00, 0x00, 0x00, 0x00, 0x00, 0x00, 0x00, 0x00, 0x00, 0x00, 0x00, 0x00, 0x00,
    0x00, 0x00, 0x00, 0x00, 0x00, 0x00, 0x00, 0x00, 0x00, 0x00, 0x00, 0x00, 0x00, 0x00, 0x00, 0x00,
    0x00, 0x00, 0x00, 0x00, 0x00, 0x00, 0x00, 0x00, 0x00, 0x00, 0x00, 0x00, 0x00, 0x00, 0x00, 0x00,
    0x00, 0x00, 0x00, 0x00, 0x00, 0x00, 0x00, 0x00, 0x00, 0x00, 0x00, 0x00, 0x00, 0x00, 0x00, 0x00,
    0x00, 0x00, 0x00, 0x00, 0x00, 0x00, 0x00, 0x00, 0x00, 0x00, 0x00, 0x00, 0x00, 0x00, 0x00, 0x00,
    0x00, 0x00, 0x00, 0x00, 0x00, 0x00, 0x00, 0x00, 0x00, 0x00, 0x00, 0x00, 0x00, 0x00, 0x00, 0x00,
    0x00, 0x00, 0x00, 0x00, 0x00, 0x00, 0x00, 0x00, 0x00, 0x00, 0x00, 0x00, 0x00, 0x00, 0x00, 0x00,
    0x00, 0x00, 0x00, 0x00, 0x00, 0x00, 0x00, 0x00, 0x00, 0x00, 0x00, 0x00, 0x00, 0x00, 0x00, 0x00,
    0x00, 0x00, 0x00, 0x00, 0x00, 0x00, 0x00, 0x00, 0x00, 0x00, 0x00, 0x00, 0x00, 0x00, 0x00, 0x00,
    0x00, 0x00, 0x00, 0x00, 0x00, 0x00, 0x00, 0x00, 0x00, 0x00, 0x00, 0x00, 0x00, 0x00, 0x00, 0x00,
    0x00, 0x00, 0x00, 0x00, 0x00, 0x00, 0x00, 0x00, 0x00, 0x00, 0x00, 0x00, 0x00, 0x00, 0x00, 0x00,
    0x00, 0x00, 0x00, 0x00, 0x00, 0x00, 0x00, 0x00, 0x00, 0x00, 0x00, 0x00, 0x00, 0x00, 0x00, 0x00,
    0x00, 0x00, 0x00, 0x00, 0x00, 0x00, 0x00, 0x00, 0x00, 0x00, 0x00, 0x00, 0x00, 0x00, 0x00, 0x00,
    0x00, 0x00, 0x00, 0x00, 0x00, 0x00, 0x00, 0x00, 0x00, 0x00, 0x00, 0x00, 0x00, 0x00, 0x00, 0x00,
    0x00, 0x00, 0x00, 0x00, 0x00, 0x00, 0x00, 0x00, 0x00, 0x00, 0x00, 0x00, 0x00, 0x00, 0x00, 0x00,
    0x00, 0x00, 0x00, 0x00, 0x00, 0x00, 0x00, 0x00, 0x00, 0x00, 0x00, 0x00, 0x00, 0x00, 0x00, 0x00,
    0x00, 0x00, 0x00, 0x00, 0x00, 0x00, 0x00, 0x00, 0x00, 0x00, 0x00, 0x00, 0x00, 0x00, 0x00, 0x00,
    0x0f, 0x00, 0x00, 0x00, 0x15, 0x0b, 0x00, 0x40, 0x40, 0xf7, 0xff, 0xf7, 0xff, 0x7f, 0xff, 0xdf,
    0xff, 0x7f, 0xfb, 0xdf, 0xdf, 0x7e, 0xff, 0x47, 0xd4, 0xef, 0x7f, 0xde, 0xfd, 0xff, 0xff, 0xff,
    0x0e, 0xfe, 0x79, 0xaf, 0x05, 0xfe, 0xff, 0xff, 0xff, 0xbf, 0x07, 0x00, 0x00, 0x60, 0xfe, 0x03,
    0xdc, 0xff, 0xbf, 0x7b, 0xfb, 0xff, 0xff, 0xff, 0xff, 0xff, 0xff, 0xff, 0x0f, 0xfc, 0xff, 0xff,
    0xff, 0x35, 0x81, 0x4e, 0xc5, 0xeb, 0xf1, 0x2c, 0xe0, 0x15, 0xb8, 0x0f, 0xf6, 0x17, 0xe8, 0x00,
    0x6c, 0xfc, 0xff, 0xff, 0xfe, 0x6f, 0x00, 0x10, 0x11, 0xc1, 0x22, 0x62, 0x44, 0xc4, 0x23, 0x22,
    0x46, 0x44, 0xc0, 0xfb, 0x7d, 0xdf, 0xfb, 0xf7, 0xff, 0xfe, 0xfe, 0xff, 0x7e, 0xef, 0xff, 0xfe,
    0xff, 0xff, 0xfe, 0xff, 0xf7, 0xff, 0xff, 0xff, 0xff, 0xff, 0xff, 0xff, 0xff, 0xff, 0xff, 0xff,
    0xff, 0xff, 0xff, 0xff, 0xff, 0xff, 0xff, 0xff, 0xff, 0xff, 0xff, 0xff, 0xff, 0xff, 0xff, 0xff,
    0x7f, 0xad, 0xff, 0xff, 0xbd, 0xef, 0xff, 0x7f, 0xff, 0xfb, 0xff, 0xdf, 0xff, 0xdf, 0xff, 0xff,
    0xb7, 0xc5, 0xff, 0x7f, 0xfc, 0xfa, 0xeb, 0xee, 0xbb, 0x20, 0xfa, 0x5d, 0xff, 0x7f, 0x7f, 0x7f,
    0x7d, 0xd7, 0xdd, 0xbf, 0xc1, 0xef, 0xdf, 0xfb, 0xdf, 0xaa, 0xcf, 0xef, 0x00, 0xd0, 0xff, 0xf7,
    0xff, 0xdb, 0xfb, 0xff, 0xef, 0xff, 0xb7, 0xf7, 0xff, 0xef, 0xff, 0xb7, 0xf7, 0xff, 0xef, 0xff,
    0xb7, 0xf7, 0xff, 0xef, 0xff, 0xb7, 0xf7, 0xff, 0xef, 0xff, 0xb7, 0xf7, 0xff, 0xef, 0xff, 0xb7,
    0xf7, 0xff, 0xef, 0xff, 0xb7, 0xf7, 0xff, 0xef, 0xff, 0xb7, 0xf7, 0xff, 0xef, 0xff, 0xb7, 0xf7,
    0xff, 0xef, 0xff, 0xb7, 0xf7, 0xff, 0xef, 0xff, 0xb7, 0xf7, 0xff, 0xef, 0xff, 0xb7, 0xf7, 0xff,
    0xef, 0xff, 0xb7, 0xf7, 0xff, 0xef, 0xff, 0xb7, 0xf7, 0xff, 0xef, 0xff, 0xb7, 0xf7, 0xff, 0xef,
    0xff, 0xb7, 0xf7, 0xff, 0xef, 0xff, 0xb7, 0xf7, 0xff, 0xef, 0xff, 0xb7, 0xf7, 0xff, 0xef, 0xff,
    0xb7, 0xf7, 0xff, 0xef, 0xff, 0xb7, 0xf7, 0xff, 0xef, 0xff, 0xb7, 0xf7, 0xff, 0xef, 0xff, 0xb7,
    0xf7, 0xff, 0xef, 0xff, 0xb7, 0xf7, 0xff, 0xef, 0xff, 0xb7, 0xf7, 0xff, 0xef, 0xff, 0xb7, 0xf7,
    0xff, 0xef, 0xff, 0xb7, 0xf7, 0xff, 0xef, 0xff, 0xb7, 0xf7, 0xff, 0xef, 0xff, 0xb7, 0xf7, 0xff,
    0xef, 0xff, 0xb7, 0xf7, 0xff, 0xef, 0xff, 0xb7, 0xf7, 0xff, 0xf7, 0xff, 0xdb, 0xf7, 0xff, 0xfb,
    0xb7, 0xff, 0xff, 0xff, 0xff, 0xff, 0xff, 0xfb, 0xff, 0xff, 0x07, 0x00, 0x01, 0x0b, 0x04, 0x0a,
    0xf8, 0x00, 0x04, 0x00, 0x00, 0x00, 0x41, 0x00, 0x00, 0x04, 0x00, 0x00, 0x01, 0x0b, 0x04, 0x0a,
    0xf8, 0x00, 0x04, 0x00, 0x00, 0x00, 0xc1, 0x02, 0x04, 0x04, 0x00, 0x00, 0x01, 0x0b, 0x04, 0x0a,
    0xf8, 0x00, 0x04, 0x00, 0x00, 0x00, 0x41, 0x02, 0x05, 0x02, 0x00, 0x00, 0x01, 0x0b, 0x0e, 0x0a,
    0xfa, 0x00, 0x05, 0x00, 0x00, 0x00, 0x83, 0x01, 0x39, 0x04, 0x00, 0x00, 0x01, 0x0b, 0x04, 0x0a,
    0xf8, 0x00, 0x04, 0x00, 0x00, 0x00, 0x01, 0x02, 0x05, 0x04, 0x00, 0x00, 0x01, 0x0b, 0x06, 0x0a,
    0xfa, 0x00, 0x04, 0x00, 0x00, 0x00, 0x01, 0x01, 0x04, 0x02, 0x00, 0x00, 0x41, 0x12, 0x40, 0x0a,
    0x41, 0x12, 0x40, 0x0a, 0x01, 0x29, 0x00, 0x04, 0xf8, 0x00, 0x04, 0x00, 0x01, 0xf8, 0x01, 0x02,
    0x00, 0x02, 0xc0, 0x01, 0x01, 0x2b, 0x00, 0x0a, 0xf8, 0x00, 0x04, 0x00, 0x00, 0x00, 0x01, 0xf8,
    0x81, 0x00, 0xc0, 0x01, 0x41, 0x12, 0x40, 0x0a, 0x01, 0x2b, 0x00, 0x0a, 0x11, 0x00, 0x04, 0x00,
    0x00, 0x00, 0x01, 0xf8, 0x41, 0x01, 0xc0, 0x02, 0x41, 0x12, 0x40, 0x0a, 0x01, 0x2b, 0x00, 0x0a,
    0xf8, 0x00, 0x04, 0x00, 0x00, 0x00, 0x01, 0xf8, 0x81, 0x01, 0x40, 0x01, 0x01, 0x2b, 0x00, 0x0a,
    0xf8, 0x00, 0x04, 0x00, 0x00, 0x00, 0x01, 0xf8, 0xc1, 0x00, 0xc0, 0x00, 0x41, 0x12, 0x40, 0x0a,
    0x01, 0x2b, 0x00, 0x0a, 0xf8, 0x00, 0x04, 0x00, 0x00, 0x00, 0x01, 0xf8, 0x81, 0x01, 0x40, 0x01,
    0x01, 0x0b, 0x04, 0x0a, 0xf8, 0x00, 0x04, 0x00, 0x00, 0x00, 0xc1, 0x02, 0x06, 0x02, 0x00, 0x00,
    0x02, 0x22, 0x08, 0x06, 0xfa, 0x00, 0x42, 0x00, 0x00, 0x00, 0x01, 0x01, 0x40, 0x00, 0x02, 0x00,
    0x00, 0x00, 0x00, 0x00, 0x00, 0x00, 0x00, 0x00, 0x00, 0x00, 0x00, 0x00, 0x4c, 0x00, 0x00, 0x00,
    0x02, 0x22, 0x0e, 0x06, 0xf8, 0x00, 0x52, 0x00, 0x00, 0x00, 0x83, 0x00, 0x40, 0x00, 0x02, 0x00,
    0x00, 0x00, 0x00, 0x00, 0x00, 0x00, 0x00, 0x00, 0x00, 0x00, 0x00, 0x00, 0x30, 0x00, 0x00, 0x00,
    0x01, 0x0b, 0x0c, 0x0a, 0xf8, 0x00, 0x05, 0x00, 0x00, 0x00, 0x83, 0x03, 0xff, 0x0f, 0x00, 0x00,
    0x02, 0x22, 0x08, 0x06, 0xfa, 0x00, 0x42, 0x00, 0x00, 0x00, 0x41, 0x01, 0x40, 0x00, 0x02, 0x00,
    0x00, 0x00, 0x00, 0x00, 0x00, 0x00, 0x00, 0x00, 0x00, 0x00, 0x00, 0x00, 0x40, 0x00, 0x00, 0x00,
    0x01, 0x0b, 0x04, 0x0a, 0xf8, 0x00, 0x04, 0x00, 0x00, 0x00, 0x41, 0x1a, 0x01, 0x02, 0x00, 0x00,
    0x02, 0x22, 0x08, 0x06, 0xfa, 0x00, 0x52, 0x00, 0x00, 0x00, 0x03, 0x02, 0x40, 0x00, 0x02, 0x00,
    0x00, 0x00, 0x00, 0x00, 0x00, 0x00, 0x00, 0x00, 0x00, 0x00, 0x00, 0x00, 0x08, 0x00, 0x00, 0x00,
    0x02, 0x22, 0x08, 0x06, 0xfa, 0x00, 0x42, 0x00, 0x00, 0x00, 0x81, 0x02, 0x40, 0x00, 0x02, 0x00,
    0x00, 0x00, 0x00, 0x00, 0x00, 0x00, 0x00, 0x00, 0x00, 0x00, 0x00, 0x00, 0x60, 0x00, 0x00, 0x00,
    0x02, 0x22, 0x08, 0x06, 0xfa, 0x00, 0x42, 0x00, 0x00, 0x00, 0x01, 0x01, 0x40, 0x00, 0x02, 0x00,
    0x00, 0x00, 0x00, 0x00, 0x00, 0x00, 0x00, 0x00, 0x00, 0x00, 0x00, 0x00, 0x48, 0x00, 0x00, 0x00,
    0x41, 0x0c, 0x54, 0x04, 0x02, 0x22, 0x0e, 0x06, 0x09, 0x00, 0x52, 0x00, 0x00, 0x00, 0x83, 0x01,
    0x40, 0x00, 0x02, 0x00, 0x00, 0x00, 0x00, 0x00, 0x00, 0x00, 0x00, 0x00, 0x00, 0x00, 0x00, 0x00,
    0x10, 0x00, 0x00, 0x00, 0x02, 0x22, 0x08, 0x06, 0xfa, 0x00, 0x52, 0x00, 0x00, 0x00, 0x03, 0x01,
    0x40, 0x00, 0x02, 0x00, 0x00, 0x00, 0x00, 0x00, 0x00, 0x00, 0x00, 0x00, 0x00, 0x00, 0x00, 0x00,
    0x28, 0x00, 0x00, 0x00, 0x41, 0x0c, 0x50, 0x04, 0x41, 0x0c, 0x50, 0x04, 0x01, 0x0b, 0x0c, 0x0a,
    0x11, 0x00, 0x05, 0x00, 0x00, 0x00, 0x03, 0x07, 0xff, 0x0f, 0x00, 0x00, 0x01, 0x0b, 0x0c, 0x0a,
    0x11, 0x00, 0x05, 0x00, 0x00, 0x00, 0x83, 0x07, 0xff, 0x0f, 0x00, 0x00, 0x01, 0x0b, 0x0c, 0x0a,
    0x19, 0x00, 0x05, 0x00, 0x00, 0x00, 0x03, 0x08, 0xff, 0x0f, 0x00, 0x00, 0x41, 0x0c, 0x54, 0x04,
    0x01, 0x0b, 0x0c, 0x0a, 0x19, 0x00, 0x05, 0x00, 0x00, 0x00, 0x83, 0x08, 0xff, 0x0f, 0x00, 0x00,
    0x01, 0x0b, 0x0c, 0x0a, 0x21, 0x00, 0x05, 0x00, 0x00, 0x00, 0x03, 0x0c, 0xff, 0x0f, 0x00, 0x00,
    0x01, 0x0b, 0x0c, 0x0a, 0x21, 0x00, 0x05, 0x00, 0x00, 0x00, 0x83, 0x0c, 0xff, 0x0f, 0x00, 0x00,
    0x01, 0x0b, 0x0c, 0x0a, 0x01, 0x00, 0x05, 0x00, 0x00, 0x00, 0x03, 0x0a, 0xff, 0x0f, 0x00, 0x00,
    0x01, 0x0b, 0x0c, 0x0a, 0x01, 0x00, 0x05, 0x00, 0x00, 0x00, 0x83, 0x0a, 0xff, 0x0f, 0x00, 0x00,
    0x01, 0x0b, 0x06, 0x0a, 0xfa, 0x00, 0x04, 0x00, 0x00, 0x00, 0x41, 0x01, 0x2c, 0x02, 0x00, 0x00,
    0x02, 0x22, 0x08, 0x06, 0xfa, 0x00, 0x52, 0x00, 0x00, 0x00, 0x83, 0x02, 0x40, 0x00, 0x02, 0x00,
    0x00, 0x00, 0x00, 0x00, 0x00, 0x00, 0x00, 0x00, 0x00, 0x00, 0x00, 0x00, 0x20, 0x00, 0x00, 0x00,
    0x01, 0x0b, 0x0c, 0x0a, 0x29, 0x00, 0x05, 0x00, 0x00, 0x00, 0x03, 0x0b, 0xff, 0x0f, 0x00, 0x00,
    0x01, 0x0b, 0x0c, 0x0a, 0x29, 0x00, 0x05, 0x00, 0x00, 0x00, 0x83, 0x0b, 0xff, 0x0f, 0x00, 0x00,
    0x01, 0x0b, 0x0c, 0x0a, 0x11, 0x00, 0x05, 0x00, 0x00, 0x00, 0x03, 0x0d, 0xff, 0x0f, 0x00, 0x00,
    0x01, 0x0b, 0x0c, 0x0a, 0x11, 0x00, 0x05, 0x00, 0x00, 0x00, 0x83, 0x0d, 0xff, 0x0f, 0x00, 0x00,
    0x01, 0x0b, 0x0c, 0x0a, 0x19, 0x00, 0x05, 0x00, 0x00, 0x00, 0x03, 0x0e, 0xff, 0x0f, 0x00, 0x00,
    0x01, 0x0b, 0x0c, 0x0a, 0x19, 0x00, 0x05, 0x00, 0x00, 0x00, 0x83, 0x0e, 0xff, 0x0f, 0x00, 0x00,
    0x41, 0x0c, 0x50, 0x04, 0x01, 0x0b, 0x0c, 0x0a, 0xf8, 0x00, 0x05, 0x00, 0x00, 0x00, 0x03, 0x21,
    0xff, 0x0f, 0x00, 0x00, 0x01, 0x0b, 0x0c, 0x0a, 0xf8, 0x00, 0x05, 0x00, 0x00, 0x00, 0x03, 0x09,
    0xff, 0x0f, 0x00, 0x00, 0x01, 0x0b, 0x0c, 0x0a, 0xf8, 0x00, 0x05, 0x00, 0x00, 0x00, 0x83, 0x09,
    0xff, 0x0f, 0x00, 0x00, 0x41, 0x0c, 0x50, 0x04, 0x01, 0x0b, 0x0c, 0x0a, 0xf8, 0x00, 0x05, 0x00,
    0x00, 0x00, 0x03, 0x0f, 0xff, 0x0f, 0x00, 0x00, 0x01, 0x0b, 0x0c, 0x0a, 0xf8, 0x00, 0x05, 0x00,
    0x00, 0x00, 0x83, 0x0f, 0xff, 0x0f, 0x00, 0x00, 0x01, 0x0b, 0x0c, 0x0a, 0xf8, 0x00, 0x05, 0x00,
    0x00, 0x00, 0x03, 0x10, 0xff, 0x0f, 0x00, 0x00, 0x01, 0x0b, 0x0c, 0x0a, 0xf8, 0x00, 0x05, 0x00,
    0x00, 0x00, 0x83, 0x10, 0xff, 0x0f, 0x00, 0x00, 0x01, 0x0b, 0x0c, 0x0a, 0xf8, 0x00, 0x05, 0x00,
    0x00, 0x00, 0x03, 0x11, 0xff, 0x0f, 0x00, 0x00, 0x01, 0x0b, 0x0c, 0x0a, 0xf8, 0x00, 0x05, 0x00,
    0x00, 0x00, 0x83, 0x11, 0xff, 0x0f, 0x00, 0x00, 0x01, 0x0b, 0x0c, 0x0a, 0xf8, 0x00, 0x05, 0x00,
    0x00, 0x00, 0x03, 0x12, 0xff, 0x0f, 0x00, 0x00, 0x01, 0x0b, 0x0c, 0x0a, 0xf8, 0x00, 0x05, 0x00,
    0x00, 0x00, 0x83, 0x12, 0xff, 0x0f, 0x00, 0x00, 0x01, 0x0b, 0x0c, 0x0a, 0xf8, 0x00, 0x05, 0x00,
    0x00, 0x00, 0x03, 0x13, 0xff, 0x0f, 0x00, 0x00, 0x01, 0x0b, 0x0c, 0x0a, 0xf8, 0x00, 0x05, 0x00,
    0x00, 0x00, 0x83, 0x13, 0xff, 0x0f, 0x00, 0x00, 0x01, 0x0b, 0x0c, 0x0a, 0xf8, 0x00, 0x05, 0x00,
    0x00, 0x00, 0x03, 0x14, 0xff, 0x0f, 0x00, 0x00, 0x01, 0x0b, 0x0c, 0x0a, 0xf8, 0x00, 0x05, 0x00,
    0x00, 0x00, 0x83, 0x14, 0xff, 0x0f, 0x00, 0x00, 0x01, 0x0b, 0x0c, 0x0a, 0xf8, 0x00, 0x05, 0x00,
    0x00, 0x00, 0x03, 0x15, 0xff, 0x0f, 0x00, 0x00, 0x01, 0x0b, 0x0c, 0x0a, 0xf8, 0x00, 0x05, 0x00,
    0x00, 0x00, 0x83, 0x15, 0xff, 0x0f, 0x00, 0x00, 0x01, 0x0b, 0x0c, 0x0a, 0xf8, 0x00, 0x05, 0x00,
    0x00, 0x00, 0x03, 0x16, 0xff, 0x0f, 0x00, 0x00, 0x01, 0x0b, 0x0c, 0x0a, 0xf8, 0x00, 0x05, 0x00,
    0x00, 0x00, 0x83, 0x16, 0xff, 0x0f, 0x00, 0x00, 0x01, 0x0b, 0x0c, 0x0a, 0xf8, 0x00, 0x05, 0x00,
    0x00, 0x00, 0x03, 0x17, 0xff, 0x0f, 0x00, 0x00, 0x01, 0x0b, 0x0c, 0x0a, 0xf8, 0x00, 0x05, 0x00,
    0x00, 0x00, 0x83, 0x17, 0xff, 0x0f, 0x00, 0x00, 0x01, 0x0b, 0x0c, 0x0a, 0xf8, 0x00, 0x05, 0x00,
    0x00, 0x00, 0x03, 0x18, 0xff, 0x0f, 0x00, 0x00, 0x01, 0x0b, 0x0c, 0x0a, 0xf8, 0x00, 0x05, 0x00,
    0x00, 0x00, 0x83, 0x18, 0xff, 0x0f, 0x00, 0x00, 0x01, 0x0b, 0x0c, 0x0a, 0xf8, 0x00, 0x05, 0x00,
    0x00, 0x00, 0x03, 0x19, 0xff, 0x0f, 0x00, 0x00, 0x01, 0x0b, 0x0c, 0x0a, 0xf8, 0x00, 0x05, 0x00,
    0x00, 0x00, 0x83, 0x19, 0xff, 0x0f, 0x00, 0x00, 0x01, 0x0b, 0x0c, 0x0a, 0x08, 0x00, 0x05, 0x00,
    0x00, 0x00, 0x03, 0x06, 0xff, 0x0f, 0x00, 0x00, 0x01, 0x0b, 0x0c, 0x0a, 0x08, 0x00, 0x05, 0x00,
    0x00, 0x00, 0x83, 0x06, 0xff, 0x0f, 0x00, 0x00, 0x01, 0x0b, 0x0c, 0x0a, 0xf8, 0x00, 0x05, 0x00,
    0x00, 0x00, 0x03, 0x0a, 0xff, 0x0f, 0x00, 0x00, 0x01, 0x0b, 0x0c, 0x0a, 0xf8, 0x00, 0x05, 0x00,
    0x00, 0x00, 0x83, 0x0a, 0xff, 0x0f, 0x00, 0x00, 0x01, 0x0b, 0x0c, 0x0a, 0xf8, 0x00, 0x05, 0x00,
    0x00, 0x00, 0x03, 0x0b, 0xff, 0x0f, 0x00, 0x00, 0x01, 0x0b, 0x0c, 0x0a, 0xf8, 0x00, 0x05, 0x00,
    0x00, 0x00, 0x83, 0x0b, 0xff, 0x0f, 0x00, 0x00, 0x01, 0x0b, 0x0c, 0x0a, 0xf8, 0x00, 0x05, 0x00,
    0x00, 0x00, 0x03, 0x0d, 0xff, 0x0f, 0x00, 0x00, 0x01, 0x0b, 0x0c, 0x0a, 0xf8, 0x00, 0x05, 0x00,
    0x00, 0x00, 0x83, 0x0d, 0xff, 0x0f, 0x00, 0x00, 0x01, 0x0b, 0x0c, 0x0a, 0xf8, 0x00, 0x05, 0x00,
    0x00, 0x00, 0x03, 0x0e, 0xff, 0x0f, 0x00, 0x00, 0x01, 0x0b, 0x0c, 0x0a, 0xf8, 0x00, 0x05, 0x00,
    0x00, 0x00, 0x83, 0x0e, 0xff, 0x0f, 0x00, 0x00, 0x02, 0x22, 0x0e, 0x06, 0xf8, 0x00, 0x52, 0x00,
    0x00, 0x00, 0x03, 0x2c, 0x40, 0x00, 0x02, 0x00, 0x00, 0x00, 0x00, 0x00, 0x00, 0x00, 0x00, 0x00,
    0x00, 0x00, 0x00, 0x00, 0x00, 0x00, 0x00, 0x00, 0x02, 0x22, 0x08, 0x06, 0xfa, 0x00, 0x42, 0x00,
    0x00, 0x00, 0x41, 0x01, 0x40, 0x00, 0x02, 0x00, 0x00, 0x00, 0x00, 0x00, 0x00, 0x00, 0x00, 0x00,
    0x00, 0x00, 0x00, 0x00, 0x5c, 0x00, 0x00, 0x00, 0x02, 0x22, 0x08, 0x06, 0xfa, 0x00, 0x42, 0x00,
    0x00, 0x00, 0x01, 0x02, 0x40, 0x00, 0x02, 0x00, 0x00, 0x00, 0x00, 0x00, 0x00, 0x00, 0x00, 0x00,
    0x00, 0x00, 0x00, 0x00, 0x54, 0x00, 0x00, 0x00, 0x02, 0x22, 0x08, 0x06, 0xfa, 0x00, 0x42, 0x00,
    0x00, 0x00, 0x41, 0x02, 0x40, 0x00, 0x02, 0x00, 0x00, 0x00, 0x00, 0x00, 0x00, 0x00, 0x00, 0x00,
    0x00, 0x00, 0x00, 0x00, 0x58, 0x00, 0x00, 0x00, 0x02, 0x0c, 0x52, 0x0e, 0xf8, 0x00, 0x0a, 0x00,
    0x00, 0x00, 0x03, 0x2c, 0x01, 0xf8, 0x02, 0x2c, 0x00, 0x0b, 0x00, 0x00, 0x00, 0x00, 0x00, 0x00,
    0x08, 0x00, 0x00, 0x00, 0x00, 0x00, 0x00, 0x00, 0x01, 0x0b, 0x0c, 0x0a, 0xf8, 0x00, 0x05, 0x00,
    0x00, 0x00, 0x83, 0x28, 0xff, 0x0f, 0x00, 0x00, 0x01, 0x0b, 0x0c, 0x0a, 0xf8, 0x00, 0x05, 0x00,
    0x00, 0x00, 0x03, 0x29, 0xff, 0x0f, 0x00, 0x00, 0x01, 0x0b, 0x0c, 0x0a, 0xf8, 0x00, 0x05, 0x00,
    0x00, 0x00, 0x83, 0x29, 0xff, 0x0f, 0x00, 0x00, 0x01, 0x0b, 0x0c, 0x0a, 0xf8, 0x00, 0x05, 0x00,
    0x00, 0x00, 0x03, 0x2a, 0xff, 0x0f, 0x00, 0x00, 0x01, 0x0b, 0x0c, 0x0a, 0xf8, 0x00, 0x05, 0x00,
    0x00, 0x00, 0x83, 0x2a, 0xff, 0x0f, 0x00, 0x00, 0x01, 0x47, 0x5a, 0x16, 0xf8, 0x00, 0x04, 0x00,
    0x00, 0x00, 0x00, 0x00, 0x01, 0x00, 0x00, 0x00, 0x02, 0x22, 0x0e, 0x06, 0x11, 0x00, 0x52, 0x00,
    0x00, 0x00, 0x03, 0x1a, 0x40, 0x00, 0x02, 0x00, 0x00, 0x00, 0x00, 0x00, 0x00, 0x00, 0x00, 0x00,
    0x00, 0x00, 0x00, 0x00, 0x18, 0x00, 0x00, 0x00, 0x02, 0x22, 0x0e, 0x06, 0x09, 0x00, 0x52, 0x00,
    0x00, 0x00, 0x03, 0x1b, 0x40, 0x00, 0x02, 0x00, 0x00, 0x00, 0x00, 0x00, 0x00, 0x00, 0x00, 0x00,
    0x00, 0x00, 0x00, 0x00, 0x38, 0x00, 0x00, 0x00, 0x02, 0x22, 0x0e, 0x06, 0x19, 0x00, 0x52, 0x00,
    0x00, 0x00, 0x03, 0x1c, 0x40, 0x00, 0x02, 0x00, 0x00, 0x00, 0x00, 0x00, 0x00, 0x00, 0x00, 0x00,
    0x00, 0x00, 0x00, 0x00, 0x18, 0x00, 0x00, 0x00, 0x02, 0x22, 0x0e, 0x06, 0x01, 0x00, 0x52, 0x00,
    0x00, 0x00, 0x83, 0x1c, 0x40, 0x00, 0x02, 0x00, 0x00, 0x00, 0x00, 0x00, 0x00, 0x00, 0x00, 0x00,
    0x00, 0x00, 0x00, 0x00, 0x38, 0x00, 0x00, 0x00, 0x41, 0x0c, 0x50, 0x04, 0x01, 0x0b, 0x0c, 0x0a,
    0xf8, 0x00, 0x05, 0x00, 0x00, 0x00, 0x83, 0x01, 0xff, 0x0f, 0x00, 0x00, 0x02, 0x22, 0x0e, 0x06,
    0x29, 0x00, 0x52, 0x00, 0x00, 0x00, 0x83, 0x1d, 0x40, 0x00, 0x02, 0x00, 0x00, 0x00, 0x00, 0x00,
    0x00, 0x00, 0x00, 0x00, 0x00, 0x00, 0x00, 0x00, 0x18, 0x00, 0x00, 0x00, 0x41, 0x0c, 0x50, 0x04,
    0x41, 0x0c, 0x50, 0x04, 0x01, 0x0b, 0x0c, 0x0a, 0xf8, 0x00, 0x05, 0x00, 0x00, 0x00, 0x03, 0x01,
    0xff, 0x0f, 0x00, 0x00, 0x41, 0x0c, 0x50, 0x04, 0x01, 0x0b, 0x0c, 0x0a, 0xf8, 0x00, 0x05, 0x00,
    0x00, 0x00, 0x83, 0x0c, 0xff, 0x0f, 0x00, 0x00, 0x41, 0x0c, 0x50, 0x04, 0x41, 0x0c, 0x50, 0x04,
    0x41, 0x0c, 0x50, 0x04, 0x01, 0x0b, 0x0c, 0x0a, 0xf8, 0x00, 0x05, 0x00, 0x00, 0x00, 0x83, 0x1a,
    0xff, 0x0f, 0x00, 0x00, 0x41, 0x0c, 0x50, 0x04, 0x01, 0x0b, 0x0c, 0x0a, 0xf8, 0x00, 0x05, 0x00,
    0x00, 0x00, 0x03, 0x1a, 0xff, 0x0f, 0x00, 0x00, 0x01, 0x0b, 0x0c, 0x0a, 0xf8, 0x00, 0x05, 0x00,
    0x00, 0x00, 0x03, 0x1b, 0xff, 0x0f, 0x00, 0x00, 0x41, 0x0c, 0x50, 0x04, 0x41, 0x0c, 0x50, 0x04,
    0x01, 0x0b, 0x0c, 0x0a, 0xf8, 0x00, 0x05, 0x00, 0x00, 0x00, 0x83, 0x1c, 0xff, 0x0f, 0x00, 0x00,
    0x01, 0x0b, 0x0c, 0x0a, 0xf8, 0x00, 0x05, 0x00, 0x00, 0x00, 0x03, 0x1c, 0xff, 0x0f, 0x00, 0x00,
    0x02, 0x22, 0x0e, 0x06, 0x09, 0x00, 0x52, 0x00, 0x00, 0x00, 0x03, 0x1f, 0x40, 0x00, 0x02, 0x00,
    0x00, 0x00, 0x00, 0x00, 0x00, 0x00, 0x00, 0x00, 0x00, 0x00, 0x00, 0x00, 0x38, 0x00, 0x00, 0x00,
    0x02, 0x22, 0x0e, 0x06, 0x19, 0x00, 0x52, 0x00, 0x00, 0x00, 0x83, 0x20, 0x40, 0x00, 0x02, 0x00,
    0x00, 0x00, 0x00, 0x00, 0x00, 0x00, 0x00, 0x00, 0x00, 0x00, 0x00, 0x00, 0x18, 0x00, 0x00, 0x00,
    0x02, 0x22, 0x0e, 0x06, 0x11, 0x00, 0x52, 0x00, 0x00, 0x00, 0x83, 0x1f, 0x40, 0x00, 0x02, 0x00,
    0x00, 0x00, 0x00, 0x00, 0x00, 0x00, 0x00, 0x00, 0x00, 0x00, 0x00, 0x00, 0x38, 0x00, 0x00, 0x00,
    0x02, 0x22, 0x0e, 0x06, 0x29, 0x00, 0x52, 0x00, 0x00, 0x00, 0x03, 0x25, 0x40, 0x00, 0x02, 0x00,
    0x00, 0x00, 0x00, 0x00, 0x00, 0x00, 0x00, 0x00, 0x00, 0x00, 0x00, 0x00, 0x18, 0x00, 0x00, 0x00,
    0x41, 0x0c, 0x50, 0x04, 0x41, 0x0c, 0x50, 0x04, 0x41, 0x0c, 0x50, 0x04, 0x02, 0x22, 0x0e, 0x06,
    0x01, 0x00, 0x52, 0x00, 0x00, 0x00, 0x83, 0x23, 0x40, 0x00, 0x02, 0x00, 0x00, 0x00, 0x00, 0x00,
    0x00, 0x00, 0x00, 0x00, 0x00, 0x00, 0x00, 0x00, 0x38, 0x00, 0x00, 0x00, 0x41, 0x0c, 0x50, 0x04,
    0x01, 0x0b, 0x0c, 0x0a, 0xf8, 0x00, 0x05, 0x00, 0x00, 0x00, 0x03, 0x1e, 0xff, 0x0f, 0x00, 0x00,
    0x41, 0x0c, 0x50, 0x04, 0x41, 0x0c, 0x50, 0x04, 0x41, 0x0c, 0x50, 0x04, 0x01, 0x0b, 0x0c, 0x0a,
    0xf8, 0x00, 0x05, 0x00, 0x00, 0x00, 0x03, 0x1f, 0xff, 0x0f, 0x00, 0x00, 0x01, 0x0b, 0x0c, 0x0a,
    0xf8, 0x00, 0x05, 0x00, 0x00, 0x00, 0x83, 0x1f, 0xff, 0x0f, 0x00, 0x00, 0x41, 0x0c, 0x50, 0x04,
    0x01, 0x0b, 0x0c, 0x0a, 0xf8, 0x00, 0x05, 0x00, 0x00, 0x00, 0x03, 0x1d, 0xff, 0x0f, 0x00, 0x00,
    0x01, 0x0b, 0x0c, 0x0a, 0xf8, 0x00, 0x05, 0x00, 0x00, 0x00, 0x83, 0x1d, 0xff, 0x0f, 0x00, 0x00,
    0x41, 0x0c, 0x50, 0x04, 0x41, 0x0c, 0x50, 0x04, 0x01, 0x0b, 0x0c, 0x0a, 0xf8, 0x00, 0x05, 0x00,
    0x00, 0x00, 0x83, 0x20, 0xff, 0x0f, 0x00, 0x00, 0x01, 0x0b, 0x0c, 0x0a, 0xf8, 0x00, 0x05, 0x00,
    0x00, 0x00, 0x03, 0x23, 0xff, 0x0f, 0x00, 0x00, 0x01, 0x0b, 0x0c, 0x0a, 0xf8, 0x00, 0x05, 0x00,
    0x00, 0x00, 0x83, 0x23, 0xff, 0x0f, 0x00, 0x00, 0x01, 0x0b, 0x0c, 0x0a, 0xf8, 0x00, 0x05, 0x00,
    0x00, 0x00, 0x03, 0x20, 0xff, 0x0f, 0x00, 0x00, 0x02, 0x22, 0x0e, 0x06, 0x31, 0x00, 0x52, 0x00,
    0x00, 0x00, 0x03, 0x26, 0x40, 0x00, 0x02, 0x00, 0x00, 0x00, 0x00, 0x00, 0x00, 0x00, 0x00, 0x00,
    0x00, 0x00, 0x00, 0x00, 0x18, 0x00, 0x00, 0x00, 0x02, 0x22, 0x0e, 0x06, 0x11, 0x00, 0x52, 0x00,
    0x00, 0x00, 0x03, 0x27, 0x40, 0x00, 0x02, 0x00, 0x00, 0x00, 0x00, 0x00, 0x00, 0x00, 0x00, 0x00,
    0x00, 0x00, 0x00, 0x00, 0x38, 0x00, 0x00, 0x00, 0x41, 0x0c, 0x50, 0x04, 0x02, 0x22, 0x0e, 0x06,
    0x29, 0x00, 0x52, 0x00, 0x00, 0x00, 0x83, 0x2b, 0x40, 0x00, 0x02, 0x00, 0x00, 0x00, 0x00, 0x00,
    0x00, 0x00, 0x00, 0x00, 0x00, 0x00, 0x00, 0x00, 0x18, 0x00, 0x00, 0x00, 0x02, 0x22, 0x0e, 0x06,
    0x09, 0x00, 0x52, 0x00, 0x00, 0x00, 0x83, 0x27, 0x40, 0x00, 0x02, 0x00, 0x00, 0x00, 0x00, 0x00,
    0x00, 0x00, 0x00, 0x00, 0x00, 0x00, 0x00, 0x00, 0x38, 0x00, 0x00, 0x00, 0x02, 0x22, 0x0e, 0x06,
    0x01, 0x00, 0x52, 0x00, 0x00, 0x00, 0x03, 0x28, 0x40, 0x00, 0x02, 0x00, 0x00, 0x00, 0x00, 0x00,
    0x00, 0x00, 0x00, 0x00, 0x00, 0x00, 0x00, 0x00, 0x18, 0x00, 0x00, 0x00, 0x02, 0x22, 0x0e, 0x06,
    0x19, 0x00, 0x52, 0x00, 0x00, 0x00, 0x83, 0x26, 0x40, 0x00, 0x02, 0x00, 0x00, 0x00, 0x00, 0x00,
    0x00, 0x00, 0x00, 0x00, 0x00, 0x00, 0x00, 0x00, 0x38, 0x00, 0x00, 0x00, 0x41, 0x0c, 0x50, 0x04,
    0x41, 0x0c, 0x50, 0x04, 0x41, 0x0c, 0x50, 0x04, 0x41, 0x0c, 0x50, 0x04, 0x41, 0x0c, 0x50, 0x04,
    0x41, 0x0c, 0x50, 0x04, 0x41, 0x0c, 0x50, 0x04, 0x41, 0x0c, 0x50, 0x04, 0x41, 0x0c, 0x50, 0x04,
    0x41, 0x0c, 0x50, 0x04, 0x41, 0x0c, 0x50, 0x04, 0x01, 0x0b, 0x0c, 0x0a, 0xf8, 0x00, 0x05, 0x00,
    0x00, 0x00, 0x03, 0x25, 0xff, 0x0f, 0x00, 0x00, 0x01, 0x0b, 0x0c, 0x0a, 0xf8, 0x00, 0x05, 0x00,
    0x00, 0x00, 0x03, 0x26, 0xff, 0x0f, 0x00, 0x00, 0x01, 0x0b, 0x0c, 0x0a, 0xf8, 0x00, 0x05, 0x00,
    0x00, 0x00, 0x03, 0x27, 0xff, 0x0f, 0x00, 0x00, 0x01, 0x0b, 0x0c, 0x0a, 0xf8, 0x00, 0x05, 0x00,
    0x00, 0x00, 0x83, 0x27, 0xff, 0x0f, 0x00, 0x00, 0x01, 0x0b, 0x0c, 0x0a, 0xf8, 0x00, 0x05, 0x00,
    0x00, 0x00, 0x03, 0x28, 0xff, 0x0f, 0x00, 0x00, 0x01, 0x47, 0x5a, 0x16, 0xf8, 0x00, 0x04, 0x00,
    0x00, 0x00, 0x00, 0x00, 0x01, 0x00, 0x00, 0x00, 0x02, 0x5a, 0x00, 0x26, 0xf8, 0x00, 0x81, 0x92,
    0x02, 0x00, 0x00, 0x00, 0x07, 0x2b, 0x06, 0x1a, 0x00, 0x02, 0x1d, 0xc0, 0xff, 0x00, 0xf8, 0x00,
    0x00, 0x00, 0x00, 0x00, 0x00, 0x00, 0x00, 0x00, 0x02, 0x5a, 0x00, 0x26, 0xf8, 0x00, 0x81, 0x92,
    0x02, 0x00, 0x00, 0x00, 0x07, 0x1d, 0x06, 0x1a, 0x00, 0x82, 0x1d, 0xc0, 0xff, 0x00, 0xf8, 0x00,
    0x00, 0x00, 0x00, 0x00, 0x00, 0x00, 0x00, 0x00, 0xd0, 0x00, 0x02, 0x5a, 0x00, 0x26, 0xf8, 0x00,
    0x81, 0x92, 0x02, 0x00, 0x00, 0x00, 0x07, 0x1c, 0x06, 0x1a, 0x00, 0x02, 0x0c, 0xc0, 0xff, 0x00,
    0xf8, 0x00, 0x00, 0x00, 0x00, 0x00, 0x00, 0x00, 0x00, 0x00, 0xd0, 0x00, 0x02, 0x5a, 0x00, 0x26,
    0xf8, 0x00, 0x81, 0x92, 0x02, 0x00, 0x00, 0x00, 0x07, 0x0c, 0x06, 0x1a, 0x00, 0x82, 0x0c, 0xc0,
    0xff, 0x00, 0xf8, 0x00, 0x00, 0x00, 0x00, 0x00, 0x00, 0x00, 0x00, 0x00, 0xd0, 0x00, 0x02, 0x5a,
    0x00, 0x26, 0xf8, 0x00, 0x81, 0x92, 0x02, 0x00, 0x00, 0x00, 0x07, 0x1f, 0x06, 0x1a, 0x00, 0x02,
    0x01, 0xc0, 0xff, 0x00, 0xf8, 0x00, 0x00, 0x00, 0x00, 0x00, 0x00, 0x00, 0x00, 0x00, 0xd0, 0x00,
    0x02, 0x5a, 0x00, 0x26, 0xf8, 0x00, 0x81, 0x92, 0x02, 0x00, 0x00, 0x00, 0x07, 0x1e, 0x06, 0x1a,
    0x00, 0x02, 0x25, 0xc0, 0xff, 0x00, 0xf8, 0x00, 0x00, 0x00, 0x00, 0x00, 0x00, 0x00, 0x00, 0x00,
    0xd0, 0x00, 0x02, 0x5a, 0x00, 0x26, 0xf8, 0x00, 0x81, 0x92, 0x02, 0x00, 0x00, 0x00, 0x07, 0x01,
    0x06, 0x1a, 0x00, 0x82, 0x01, 0xc0, 0xff, 0x00, 0xf8, 0x00, 0x00, 0x00, 0x00, 0x00, 0x00, 0x00,
    0x00, 0x00, 0xd0, 0x00, 0x02, 0x5a, 0x00, 0x26, 0xf8, 0x00, 0x81, 0x92, 0x02, 0x00, 0x00, 0x00,
    0x07, 0x25, 0x06, 0x1a, 0x00, 0x82, 0x25, 0xc0, 0xff, 0x00, 0xf8, 0x00, 0x00, 0x00, 0x00, 0x00,
    0x00, 0x00, 0x00, 0x00, 0x02, 0x5a, 0x00, 0x26, 0xf8, 0x00, 0x81, 0x92, 0x02, 0x00, 0x00, 0x00,
    0x07, 0x2b, 0x06, 0x20, 0x00, 0x02, 0x1b, 0x06, 0x2b, 0x00, 0xf8, 0x00, 0x00, 0x00, 0x00, 0x00,
    0x00, 0x00, 0x00, 0x00, 0xd0, 0x00, 0x02, 0x5a, 0x00, 0x26, 0xf8, 0x00, 0x81, 0x92, 0x02, 0x00,
    0x00, 0x00, 0x07, 0x1b, 0x06, 0x20, 0x00, 0x82, 0x1b, 0x06, 0x1d, 0x00, 0xf8, 0x00, 0x00, 0x00,
    0x00, 0x00, 0x00, 0x00, 0x00, 0x00, 0x02, 0x5a, 0x00, 0x26, 0xf8, 0x00, 0x81, 0x92, 0x02, 0x00,
    0x00, 0x00, 0x07, 0x1c, 0x06, 0x20, 0x00, 0x02, 0x28, 0x06, 0x1c, 0x00, 0xf8, 0x00, 0x00, 0x00,
    0x00, 0x00, 0x00, 0x00, 0x00, 0x00, 0xd0, 0x00, 0x02, 0x5a, 0x00, 0x26, 0xf8, 0x00, 0x81, 0x92,
    0x02, 0x00, 0x00, 0x00, 0x07, 0x0c, 0x06, 0x20, 0x00, 0x82, 0x28, 0x06, 0x0c, 0x00, 0xf8, 0x00,
    0x00, 0x00, 0x00, 0x00, 0x00, 0x00, 0x00, 0x00, 0x02, 0x5a, 0x00, 0x26, 0xf8, 0x00, 0x81, 0x92,
    0x02, 0x00, 0x00, 0x00, 0x07, 0x1f, 0x06, 0x20, 0x00, 0x02, 0x27, 0x06, 0x1f, 0x00, 0xf8, 0x00,
    0x00, 0x00, 0x00, 0x00, 0x00, 0x00, 0x00, 0x00, 0xd0, 0x00, 0x02, 0x5a, 0x00, 0x26, 0xf8, 0x00,
    0x81, 0x92, 0x02, 0x00, 0x00, 0x00, 0x07, 0x01, 0x06, 0x20, 0x00, 0x82, 0x27, 0x06, 0x01, 0x00,
    0xf8, 0x00, 0x00, 0x00, 0x00, 0x00, 0x00, 0x00, 0x00, 0x00, 0x02, 0x5a, 0x00, 0x26, 0xf8, 0x00,
    0x81, 0x92, 0x02, 0x00, 0x00, 0x00, 0x07, 0x2b, 0x06, 0x26, 0x00, 0x02, 0x1a, 0x06, 0x2b, 0x00,
    0xf8, 0x00, 0x00, 0x00, 0x00, 0x00, 0x00, 0x00, 0x00, 0x00, 0xd0, 0x00, 0x02, 0x5a, 0x00, 0x26,
    0xf8, 0x00, 0x81, 0x92, 0x02, 0x00, 0x00, 0x00, 0x07, 0x1e, 0x06, 0x20, 0x00, 0x02, 0x23, 0x06,
    0x1e, 0x00, 0xf8, 0x00, 0x00, 0x00, 0x00, 0x00, 0x00, 0x00, 0x00, 0x00, 0xd0, 0x00, 0x02, 0x5a,
    0x00, 0x26, 0xf8, 0x00, 0x81, 0x92, 0x02, 0x00, 0x00, 0x00, 0x07, 0x25, 0x06, 0x20, 0x00, 0x82,
    0x23, 0x06, 0x25, 0x00, 0xf8, 0x00, 0x00, 0x00, 0x00, 0x00, 0x00, 0x00, 0x00, 0x00, 0x02, 0x5a,
    0x00, 0x26, 0xf8, 0x00, 0x81, 0x92, 0x02, 0x00, 0x00, 0x00, 0x07, 0x1a, 0x06, 0x26, 0x00, 0x82,
    0x1a, 0x06, 0x1b, 0x00, 0xf8, 0x00, 0x00, 0x00, 0x00, 0x00, 0x00, 0x00, 0x00, 0x00, 0x02, 0x5a,
    0x00, 0x26, 0xf8, 0x00, 0x81, 0x92, 0x02, 0x00, 0x00, 0x00, 0x07, 0x1c, 0x06, 0x26, 0x00, 0x02,
    0x1d, 0x06, 0x1c, 0x00, 0xf8, 0x00, 0x00, 0x00, 0x00, 0x00, 0x00, 0x00, 0x00, 0x00, 0xd0, 0x00,
    0x02, 0x5a, 0x00, 0x26, 0xf8, 0x00, 0x81, 0x92, 0x02, 0x00, 0x00, 0x00, 0x07, 0x1d, 0x06, 0x26,
    0x00, 0x82, 0x1d, 0x06, 0x0c, 0x00, 0xf8, 0x00, 0x00, 0x00, 0x00, 0x00, 0x00, 0x00, 0x00, 0x00,
    0x02, 0x5a, 0x00, 0x26, 0xf8, 0x00, 0x81, 0x92, 0x02, 0x00, 0x00, 0x00, 0x07, 0x1f, 0x06, 0x26,
    0x00, 0x02, 0x28, 0x06, 0x1f, 0x00, 0xf8, 0x00, 0x00, 0x00, 0x00, 0x00, 0x00, 0x00, 0x00, 0x00,
    0xd0, 0x00, 0x02, 0x5a, 0x00, 0x26, 0xf8, 0x00, 0x81, 0x92, 0x02, 0x00, 0x00, 0x00, 0x07, 0x01,
    0x06, 0x26, 0x00, 0x82, 0x28, 0x06, 0x01, 0x00, 0xf8, 0x00, 0x00, 0x00, 0x00, 0x00, 0x00, 0x00,
    0x00, 0x00, 0x02, 0x5a, 0x00, 0x26, 0xf8, 0x00, 0x81, 0x92, 0x02, 0x00, 0x00, 0x00, 0x07, 0x1e,
    0x06, 0x26, 0x00, 0x02, 0x27, 0x06, 0x1e, 0x00, 0xf8, 0x00, 0x00, 0x00, 0x00, 0x00, 0x00, 0x00,
    0x00, 0x00, 0xd0, 0x00, 0x02, 0x5a, 0x00, 0x26, 0xf8, 0x00, 0x81, 0x92, 0x02, 0x00, 0x00, 0x00,
    0x07, 0x26, 0x06, 0x26, 0x00, 0x82, 0x27, 0x06, 0x25, 0x00, 0xf8, 0x00, 0x00, 0x00, 0x00, 0x00,
    0x00, 0x00, 0x00, 0x00, 0x02, 0x5a, 0x00, 0x26, 0xf8, 0x00, 0x81, 0x92, 0x02, 0x00, 0x00, 0x00,
    0x07, 0x1c, 0x06, 0x23, 0x00, 0x02, 0x1b, 0x06, 0x1c, 0x00, 0xf8, 0x00, 0x00, 0x00, 0x00, 0x00,
    0x00, 0x00, 0x00, 0x00, 0xd0, 0x00, 0x02, 0x5a, 0x00, 0x26, 0xf8, 0x00, 0x81, 0x92, 0x02, 0x00,
    0x00, 0x00, 0x07, 0x1b, 0x06, 0x23, 0x00, 0x82, 0x1b, 0x06, 0x1d, 0x00, 0xf8, 0x00, 0x00, 0x00,
    0x00, 0x00, 0x00, 0x00, 0x00, 0x00, 0x02, 0x5a, 0x00, 0x26, 0xf8, 0x00, 0x81, 0x92, 0x02, 0x00,
    0x00, 0x00, 0x07, 0x2b, 0x06, 0x23, 0x00, 0x02, 0x20, 0x06, 0x2b, 0x00, 0xf8, 0x00, 0x00, 0x00,
    0x00, 0x00, 0x00, 0x00, 0x00, 0x00, 0xd0, 0x00, 0x02, 0x5a, 0x00, 0x26, 0xf8, 0x00, 0x81, 0x92,
    0x02, 0x00, 0x00, 0x00, 0x07, 0x1a, 0x06, 0x23, 0x00, 0x82, 0x20, 0x06, 0x1a, 0x00, 0xf8, 0x00,
    0x00, 0x00, 0x00, 0x00, 0x00, 0x00, 0x00, 0x00, 0x02, 0x5a, 0x00, 0x26, 0xf8, 0x00, 0x81, 0x92,
    0x02, 0x00, 0x00, 0x00, 0x07, 0x1f, 0x06, 0x23, 0x00, 0x02, 0x0c, 0x06, 0x1f, 0x00, 0xf8, 0x00,
    0x00, 0x00, 0x00, 0x00, 0x00, 0x00, 0x00, 0x00, 0xd0, 0x00, 0x02, 0x5a, 0x00, 0x26, 0xf8, 0x00,
    0x81, 0x92, 0x02, 0x00, 0x00, 0x00, 0x07, 0x0c, 0x06, 0x23, 0x00, 0x82, 0x0c, 0x06, 0x01, 0x00,
    0xf8, 0x00, 0x00, 0x00, 0x00, 0x00, 0x00, 0x00, 0x00, 0x00, 0x02, 0x5a, 0x00, 0x26, 0xf8, 0x00,
    0x81, 0x92, 0x02, 0x00, 0x00, 0x00, 0x07, 0x1e, 0x06, 0x23, 0x00, 0x02, 0x27, 0x06, 0x1e, 0x00,
    0xf8, 0x00, 0x00, 0x00, 0x00, 0x00, 0x00, 0x00, 0x00, 0x00, 0xd0, 0x00, 0x02, 0x5a, 0x00, 0x26,
    0xf8, 0x00, 0x81, 0x92, 0x02, 0x00, 0x00, 0x00, 0x07, 0x23, 0x06, 0x23, 0x00, 0x82, 0x27, 0x06,
    0x26, 0x00, 0xf8, 0x00, 0x00, 0x00, 0x00, 0x00, 0x00, 0x00, 0x00, 0x00, 0x02, 0x5a, 0x00, 0x26,
    0xf8, 0x00, 0x81, 0x92, 0x02, 0x00, 0x00, 0x00, 0x07, 0x2b, 0x06, 0x1d, 0x00, 0x02, 0x25, 0x06,
    0x2b, 0x00, 0xf8, 0x00, 0x00, 0x00, 0x00, 0x00, 0x00, 0x00, 0x00, 0x00, 0xd0, 0x00, 0x02, 0x5a,
    0x00, 0x26, 0xf8, 0x00, 0x81, 0x92, 0x02, 0x00, 0x00, 0x00, 0x07, 0x1a, 0x06, 0x1d, 0x00, 0x82,
    0x25, 0x06, 0x1a, 0x00, 0xf8, 0x00, 0x00, 0x00, 0x00, 0x00, 0x00, 0x00, 0x00, 0x00, 0x02, 0x5a,
    0x00, 0x26, 0xf8, 0x00, 0x81, 0x92, 0x02, 0x00, 0x00, 0x00, 0x07, 0x1c, 0x06, 0x1d, 0x00, 0x02,
    0x20, 0x06, 0x1c, 0x00, 0xf8, 0x00, 0x00, 0x00, 0x00, 0x00, 0x00, 0x00, 0x00, 0x00, 0xd0, 0x00,
    0x02, 0x5a, 0x00, 0x26, 0xf8, 0x00, 0x81, 0x92, 0x02, 0x00, 0x00, 0x00, 0x07, 0x1b, 0x06, 0x1d,
    0x00, 0x82, 0x20, 0x06, 0x1b, 0x00, 0xf8, 0x00, 0x00, 0x00, 0x00, 0x00, 0x00, 0x00, 0x00, 0x00,
    0x02, 0x5a, 0x00, 0x26, 0xf8, 0x00, 0x81, 0x92, 0x02, 0x00, 0x00, 0x00, 0x07, 0x1f, 0x06, 0x1d,
    0x00, 0x02, 0x2a, 0x06, 0x1f, 0x00, 0xf8, 0x00, 0x00, 0x00, 0x00, 0x00, 0x00, 0x00, 0x00, 0x00,
    0xd0, 0x00, 0x02, 0x5a, 0x00, 0x26, 0xf8, 0x00, 0x81, 0x92, 0x02, 0x00, 0x00, 0x00, 0x07, 0x2a,
    0x06, 0x1d, 0x00, 0x82, 0x2a, 0x06, 0x0c, 0x00, 0xf8, 0x00, 0x00, 0x00, 0x00, 0x00, 0x00, 0x00,
    0x00, 0x00, 0x02, 0x5a, 0x00, 0x26, 0xf8, 0x00, 0x81, 0x92, 0x02, 0x00, 0x00, 0x00, 0x07, 0x1e,
    0x06, 0x1d, 0x00, 0x02, 0x01, 0x06, 0x1e, 0x00, 0xf8, 0x00, 0x00, 0x00, 0x00, 0x00, 0x00, 0x00,
    0x00, 0x00, 0xd0, 0x00, 0x02, 0x5a, 0x00, 0x26, 0xf8, 0x00, 0x81, 0x92, 0x02, 0x00, 0x00, 0x00,
    0x07, 0x1d, 0x06, 0x1d, 0x00, 0x82, 0x01, 0x06, 0x23, 0x00, 0xf8, 0x00, 0x00, 0x00, 0x00, 0x00,
    0x00, 0x00, 0x00, 0x00, 0x02, 0x5a, 0x00, 0x26, 0xf8, 0x00, 0x81, 0x92, 0x02, 0x00, 0x00, 0x00,
    0x07, 0x2b, 0x06, 0x28, 0x00, 0x02, 0x25, 0x06, 0x2b, 0x00, 0xf8, 0x00, 0x00, 0x00, 0x00, 0x00,
    0x00, 0x00, 0x00, 0x00, 0xd0, 0x00, 0x02, 0x5a, 0x00, 0x26, 0xf8, 0x00, 0x81, 0x92, 0x02, 0x00,
    0x00, 0x00, 0x07, 0x1a, 0x06, 0x28, 0x00, 0x82, 0x25, 0x06, 0x1a, 0x00, 0xf8, 0x00, 0x00, 0x00,
    0x00, 0x00, 0x00, 0x00, 0x00, 0x00, 0x02, 0x5a, 0x00, 0x26, 0xf8, 0x00, 0x81, 0x92, 0x02, 0x00,
    0x00, 0x00, 0x07, 0x1c, 0x06, 0x28, 0x00, 0x02, 0x20, 0x06, 0x1c, 0x00, 0xf8, 0x00, 0x00, 0x00,
    0x00, 0x00, 0x00, 0x00, 0x00, 0x00, 0xd0, 0x00, 0x02, 0x5a, 0x00, 0x26, 0xf8, 0x00, 0x81, 0x92,
    0x02, 0x00, 0x00, 0x00, 0x07, 0x1b, 0x06, 0x28, 0x00, 0x82, 0x20, 0x06, 0x1b, 0x00, 0xf8, 0x00,
    0x00, 0x00, 0x00, 0x00, 0x00, 0x00, 0x00, 0x00, 0x02, 0x5a, 0x00, 0x26, 0xf8, 0x00, 0x81, 0x92,
    0x02, 0x00, 0x00, 0x00, 0x07, 0x2b, 0x06, 0x23, 0x00, 0x02, 0x01, 0x06, 0x2b, 0x00, 0xf8, 0x00,
    0x00, 0x00, 0x00, 0x00, 0x00, 0x00, 0x00, 0x00, 0xd0, 0x00, 0x02, 0x5a, 0x00, 0x26, 0xf8, 0x00,
    0x81, 0x92, 0x02, 0x00, 0x00, 0x00, 0x07, 0x1a, 0x06, 0x23, 0x00, 0x82, 0x01, 0x06, 0x1a, 0x00,
    0xf8, 0x00, 0x00, 0x00, 0x00, 0x00, 0x00, 0x00, 0x00, 0x00, 0x02, 0x5a, 0x00, 0x26, 0xf8, 0x00,
    0x81, 0x92, 0x02, 0x00, 0x00, 0x00, 0x07, 0x2b, 0x06, 0x20, 0x00, 0x02, 0x25, 0x06, 0x2b, 0x00,
    0xf8, 0x00, 0x00, 0x00, 0x00, 0x00, 0x00, 0x00, 0x00, 0x00, 0xd0, 0x00, 0x02, 0x5a, 0x00, 0x26,
    0xf8, 0x00, 0x81, 0x92, 0x02, 0x00, 0x00, 0x00, 0x07, 0x1e, 0x06, 0x28, 0x00, 0x02, 0x29, 0x06,
    0x1e, 0x00, 0xf8, 0x00, 0x00, 0x00, 0x00, 0x00, 0x00, 0x00, 0x00, 0x00, 0xd0, 0x00, 0x02, 0x5a,
    0x00, 0x26, 0xf8, 0x00, 0x81, 0x92, 0x02, 0x00, 0x00, 0x00, 0x07, 0x1f, 0x06, 0x28, 0x00, 0x02,
    0x0c, 0x06, 0x1f, 0x00, 0xf8, 0x00, 0x00, 0x00, 0x00, 0x00, 0x00, 0x00, 0x00, 0x00, 0xd0, 0x00,
    0x02, 0x5a, 0x00, 0x26, 0xf8, 0x00, 0x81, 0x92, 0x02, 0x00, 0x00, 0x00, 0x07, 0x2a, 0x06, 0x28,
    0x00, 0x82, 0x0c, 0x06, 0x2a, 0x00, 0xf8, 0x00, 0x00, 0x00, 0x00, 0x00, 0x00, 0x00, 0x00, 0x00,
    0x02, 0x5a, 0x00, 0x26, 0xf8, 0x00, 0x81, 0x92, 0x02, 0x00, 0x00, 0x00, 0x07, 0x1c, 0x06, 0x23,
    0x00, 0x02, 0x27, 0x06, 0x1c, 0x00, 0xf8, 0x00, 0x00, 0x00, 0x00, 0x00, 0x00, 0x00, 0x00, 0x00,
    0x02, 0x5a, 0x00, 0x26, 0xf8, 0x00, 0x81, 0x92, 0x02, 0x00, 0x00, 0x00, 0x07, 0x1a, 0x06, 0x20,
    0x00, 0x82, 0x25, 0x06, 0x1a, 0x00, 0xf8, 0x00, 0x00, 0x00, 0x00, 0x00, 0x00, 0x00, 0x00, 0x00,
    0x02, 0x5a, 0x00, 0x26, 0xf8, 0x00, 0x81, 0x92, 0x02, 0x00, 0x00, 0x00, 0x07, 0x1d, 0x06, 0x28,
    0x00, 0x82, 0x29, 0x06, 0x1d, 0x00, 0xf8, 0x00, 0x00, 0x00, 0x00, 0x00, 0x00, 0x00, 0x00, 0x00,
    0x02, 0x5a, 0x00, 0x26, 0xf8, 0x00, 0x81, 0x92, 0x02, 0x00, 0x00, 0x00, 0x07, 0x1e, 0x06, 0x23,
    0x00, 0x02, 0x01, 0x06, 0x1e, 0x00, 0xf8, 0x00, 0x00, 0x00, 0x00, 0x00, 0x00, 0x00, 0x00, 0x00,
    0x02, 0x5a, 0x00, 0x26, 0xf8, 0x00, 0x81, 0x92, 0x02, 0x00, 0x00, 0x00, 0x07, 0x1c, 0x06, 0x20,
    0x00, 0x02, 0x0c, 0x06, 0x1c, 0x00, 0xf8, 0x00, 0x00, 0x00, 0x00, 0x00, 0x00, 0x00, 0x00, 0x00,
    0x02, 0x5a, 0x00, 0x26, 0xf8, 0x00, 0x81, 0x92, 0x02, 0x00, 0x00, 0x00, 0x07, 0x1b, 0x06, 0x23,
    0x00, 0x82, 0x27, 0x06, 0x1b, 0x00, 0xf8, 0x00, 0x00, 0x00, 0x00, 0x00, 0x00, 0x00, 0x00, 0x00,
    0x02, 0x5a, 0x00, 0x26, 0xf8, 0x00, 0x81, 0x92, 0x02, 0x00, 0x00, 0x00, 0x07, 0x1d, 0x06, 0x23,
    0x00, 0x82, 0x01, 0x06, 0x1d, 0x00, 0xf8, 0x00, 0x00, 0x00, 0x00, 0x00, 0x00, 0x00, 0x00, 0x00,
    0x02, 0x5a, 0x00, 0x26, 0xf8, 0x00, 0x81, 0x92, 0x02, 0x00, 0x00, 0x00, 0x07, 0x1f, 0x06, 0x23,
    0x00, 0x02, 0x26, 0x06, 0x1f, 0x00, 0xf8, 0x00, 0x00, 0x00, 0x00, 0x00, 0x00, 0x00, 0x00, 0x00,
    0x02, 0x5a, 0x00, 0x26, 0xf8, 0x00, 0x81, 0x92, 0x02, 0x00, 0x00, 0x00, 0x07, 0x2a, 0x06, 0x23,
    0x00, 0x82, 0x26, 0x06, 0x2a, 0x00, 0xf8, 0x00, 0x00, 0x00, 0x00, 0x00, 0x00, 0x00, 0x00, 0x00,
    0x02, 0x5a, 0x00, 0x26, 0xf8, 0x00, 0x81, 0x92, 0x02, 0x00, 0x00, 0x00, 0x07, 0x1b, 0x06, 0x20,
    0x00, 0x82, 0x0c, 0x06, 0x1b, 0x00, 0xf8, 0x00, 0x00, 0x00, 0x00, 0x00, 0x00, 0x00, 0x00, 0x00,
    0x02, 0x5a, 0x00, 0x26, 0xf8, 0x00, 0x81, 0x92, 0x02, 0x00, 0x00, 0x00, 0x07, 0x1f, 0x06, 0x20,
    0x00, 0x02, 0x25, 0x06, 0x1f, 0x00, 0xf8, 0x00, 0x00, 0x00, 0x00, 0x00, 0x00, 0x00, 0x00, 0x00,
    0x02, 0x5a, 0x00, 0x26, 0xf8, 0x00, 0x81, 0x92, 0x02, 0x00, 0x00, 0x00, 0x07, 0x2a, 0x06, 0x20,
    0x00, 0x82, 0x25, 0x06, 0x2a, 0x00, 0xf8, 0x00, 0x00, 0x00, 0x00, 0x00, 0x00, 0x00, 0x00, 0x00,
    0x02, 0x5a, 0x00, 0x26, 0xf8, 0x00, 0x81, 0x92, 0x02, 0x00, 0x00, 0x00, 0x07, 0x1e, 0x06, 0x20,
    0x00, 0x02, 0x01, 0x06, 0x1e, 0x00, 0xf8, 0x00, 0x00, 0x00, 0x00, 0x00, 0x00, 0x00, 0x00, 0x00,
    0x02, 0x5a, 0x00, 0x26, 0xf8, 0x00, 0x81, 0x92, 0x02, 0x00, 0x00, 0x00, 0x07, 0x1d, 0x06, 0x20,
    0x00, 0x82, 0x01, 0x06, 0x1d, 0x00, 0xf8, 0x00, 0x00, 0x00, 0x00, 0x00, 0x00, 0x00, 0x00, 0x00,
    0x02, 0x5a, 0x00, 0x26, 0xf8, 0x00, 0x81, 0x92, 0x02, 0x00, 0x00, 0x00, 0x07, 0x11, 0x06, 0x0c,
    0x00, 0x02, 0x1a, 0x06, 0x11, 0x00, 0xf8, 0x00, 0x00, 0x00, 0x00, 0x00, 0x00, 0x00, 0x00, 0x00,
    0x02, 0x5a, 0x00, 0x26, 0xf8, 0x00, 0x81, 0x92, 0x02, 0x00, 0x00, 0x00, 0x07, 0x12, 0x06, 0x0c,
    0x00, 0x82, 0x1a, 0x06, 0x12, 0x00, 0xf8, 0x00, 0x00, 0x00, 0x00, 0x00, 0x00, 0x00, 0x00, 0x00,
    0x02, 0x5a, 0x00, 0x26, 0xf8, 0x00, 0x81, 0x92, 0x02, 0x00, 0x00, 0x00, 0x07, 0x0f, 0x06, 0x0c,
    0x00, 0x02, 0x1b, 0x06, 0x0f, 0x00, 0xf8, 0x00, 0x00, 0x00, 0x00, 0x00, 0x00, 0x00, 0x00, 0x00,
    0x02, 0x5a, 0x00, 0x26, 0xf8, 0x00, 0x81, 0x92, 0x02, 0x00, 0x00, 0x00, 0x07, 0x10, 0x06, 0x0c,
    0x00, 0x82, 0x1b, 0x06, 0x10, 0x00, 0xf8, 0x00, 0x00, 0x00, 0x00, 0x00, 0x00, 0x00, 0x00, 0x00,
    0x02, 0x5a, 0x00, 0x26, 0xf8, 0x00, 0x81, 0x92, 0x02, 0x00, 0x00, 0x00, 0x07, 0x17, 0x06, 0x0c,
    0x00, 0x02, 0x1a, 0x06, 0x17, 0x00, 0xf8, 0x00, 0x00, 0x00, 0x00, 0x00, 0x00, 0x00, 0x00, 0x00,
    0x02, 0x5a, 0x00, 0x26, 0xf8, 0x00, 0x81, 0x92, 0x02, 0x00, 0x00, 0x00, 0x07, 0x15, 0x06, 0x0c,
    0x00, 0x02, 0x1b, 0x06, 0x15, 0x00, 0xf8, 0x00, 0x00, 0x00, 0x00, 0x00, 0x00, 0x00, 0x00, 0x00,
    0x02, 0x5a, 0x00, 0x26, 0xf8, 0x00, 0x81, 0x92, 0x02, 0x00, 0x00, 0x00, 0x07, 0x16, 0x06, 0x0c,
    0x00, 0x82, 0x1b, 0x06, 0x16, 0x00, 0xf8, 0x00, 0x00, 0x00, 0x00, 0x00, 0x00, 0x00, 0x00, 0x00,
    0x02, 0x5a, 0x00, 0x26, 0xf8, 0x00, 0x81, 0x92, 0x02, 0x00, 0x00, 0x00, 0x07, 0x09, 0x06, 0x0c,
    0x00, 0x02, 0x1c, 0x06, 0x09, 0x00, 0xf8, 0x00, 0x00, 0x00, 0x00, 0x00, 0x00, 0x00, 0x00, 0x00,
    0x02, 0x5a, 0x00, 0x26, 0xf8, 0x00, 0x81, 0x92, 0x02, 0x00, 0x00, 0x00, 0x07, 0x0a, 0x06, 0x0c,
    0x00, 0x82, 0x1c, 0x06, 0x0a, 0x00, 0xf8, 0x00, 0x00, 0x00, 0x00, 0x00, 0x00, 0x00, 0x00, 0x00,
    0x02, 0x5a, 0x00, 0x26, 0xf8, 0x00, 0x81, 0x92, 0x02, 0x00, 0x00, 0x00, 0x07, 0x19, 0x06, 0x0c,
    0x00, 0x02, 0x1b, 0x06, 0x19, 0x00, 0xf8, 0x00, 0x00, 0x00, 0x00, 0x00, 0x00, 0x00, 0x00, 0x00,
    0x02, 0x5a, 0x00, 0x26, 0xf8, 0x00, 0x81, 0x92, 0x02, 0x00, 0x00, 0x00, 0x07, 0x0e, 0x06, 0x0c,
    0x00, 0x82, 0x1b, 0x06, 0x0e, 0x00, 0xf8, 0x00, 0x00, 0x00, 0x00, 0x00, 0x00, 0x00, 0x00, 0x00,
    0x02, 0x5a, 0x00, 0x26, 0xf8, 0x00, 0x81, 0x92, 0x02, 0x00, 0x00, 0x00, 0x07, 0x13, 0x06, 0x0c,
    0x00, 0x02, 0x1c, 0x06, 0x13, 0x00, 0xf8, 0x00, 0x00, 0x00, 0x00, 0x00, 0x00, 0x00, 0x00, 0x00,
    0x02, 0x5a, 0x00, 0x26, 0xf8, 0x00, 0x81, 0x92, 0x02, 0x00, 0x00, 0x00, 0x07, 0x14, 0x06, 0x0c,
    0x00, 0x82, 0x1c, 0x06, 0x14, 0x00, 0xf8, 0x00, 0x00, 0x00, 0x00, 0x00, 0x00, 0x00, 0x00, 0x00,
    0x02, 0x5a, 0x00, 0x26, 0xf8, 0x00, 0x81, 0x92, 0x02, 0x00, 0x00, 0x00, 0x07, 0x18, 0x06, 0x0c,
    0x00, 0x82, 0x1a, 0x06, 0x18, 0x00, 0xf8, 0x00, 0x00, 0x00, 0x00, 0x00, 0x00, 0x00, 0x00, 0x00,
    0x02, 0x5a, 0x00, 0x26, 0xf8, 0x00, 0x81, 0x92, 0x02, 0x00, 0x00, 0x00, 0x07, 0x0d, 0x06, 0x0c,
    0x00, 0x02, 0x1f, 0x06, 0x0d, 0x00, 0xf8, 0x00, 0x00, 0x00, 0x00, 0x00, 0x00, 0x00, 0x00, 0x00,
    0xd0, 0x00, 0x02, 0x5a, 0x00, 0x26, 0xf8, 0x00, 0x81, 0x92, 0x02, 0x00, 0x00, 0x00, 0x07, 0x0b,
    0x06, 0x0c, 0x00, 0x82, 0x1f, 0x06, 0x0b, 0x00, 0xf8, 0x00, 0x00, 0x00, 0x00, 0x00, 0x00, 0x00,
    0x00, 0x00, 0x02, 0x5a, 0x00, 0x26, 0xf8, 0x00, 0x81, 0x92, 0x02, 0x00, 0x00, 0x00, 0x07, 0x09,
    0x06, 0x0c, 0x00, 0x02, 0x20, 0x06, 0x09, 0x00, 0xf8, 0x00, 0x00, 0x00, 0x00, 0x00, 0x00, 0x00,
    0x00, 0x00, 0xd0, 0x00, 0x02, 0x5a, 0x00, 0x26, 0xf8, 0x00, 0x81, 0x92, 0x02, 0x00, 0x00, 0x00,
    0x07, 0x0a, 0x06, 0x0c, 0x00, 0x82, 0x20, 0x06, 0x0a, 0x00, 0xf8, 0x00, 0x00, 0x00, 0x00, 0x00,
    0x00, 0x00, 0x00, 0x00, 0x02, 0x5a, 0x00, 0x26, 0xf8, 0x00, 0x81, 0x92, 0x02, 0x00, 0x00, 0x00,
    0x07, 0x15, 0x06, 0x0c, 0x00, 0x02, 0x1b, 0x06, 0x15, 0x00, 0xf8, 0x00, 0x00, 0x00, 0x00, 0x00,
    0x00, 0x00, 0x00, 0x00, 0x02, 0x5a, 0x00, 0x26, 0xf8, 0x00, 0x81, 0x92, 0x02, 0x00, 0x00, 0x00,
    0x07, 0x16, 0x06, 0x0c, 0x00, 0x82, 0x1b, 0x06, 0x16, 0x00, 0xf8, 0x00, 0x00, 0x00, 0x00, 0x00,
    0x00, 0x00, 0x00, 0x00, 0x02, 0x5a, 0x00, 0x26, 0xf8, 0x00, 0x81, 0x92, 0x02, 0x00, 0x00, 0x00,
    0x07, 0x0f, 0x06, 0x0c, 0x00, 0x02, 0x1e, 0x06, 0x0f, 0x00, 0xf8, 0x00, 0x00, 0x00, 0x00, 0x00,
    0x00, 0x00, 0x00, 0x00, 0x02, 0x5a, 0x00, 0x26, 0xf8, 0x00, 0x81, 0x92, 0x02, 0x00, 0x00, 0x00,
    0x07, 0x10, 0x06, 0x0c, 0x00, 0x82, 0x1e, 0x06, 0x10, 0x00, 0xf8, 0x00, 0x00, 0x00, 0x00, 0x00,
    0x00, 0x00, 0x00, 0x00, 0x02, 0x5a, 0x00, 0x26, 0xf8, 0x00, 0x81, 0x92, 0x02, 0x00, 0x00, 0x00,
    0x07, 0x0d, 0x06, 0x0c, 0x00, 0x02, 0x20, 0x06, 0x0d, 0x00, 0xf8, 0x00, 0x00, 0x00, 0x00, 0x00,
    0x00, 0x00, 0x00, 0x00, 0x02, 0x5a, 0x00, 0x26, 0xf8, 0x00, 0x81, 0x92, 0x02, 0x00, 0x00, 0x00,
    0x07, 0x19, 0x06, 0x0c, 0x00, 0x02, 0x1b, 0x06, 0x19, 0x00, 0xf8, 0x00, 0x00, 0x00, 0x00, 0x00,
    0x00, 0x00, 0x00, 0x00, 0x02, 0x5a, 0x00, 0x26, 0xf8, 0x00, 0x81, 0x92, 0x02, 0x00, 0x00, 0x00,
    0x07, 0x0e, 0x06, 0x0c, 0x00, 0x82, 0x1b, 0x06, 0x0e, 0x00, 0xf8, 0x00, 0x00, 0x00, 0x00, 0x00,
    0x00, 0x00, 0x00, 0x00, 0x02, 0x5a, 0x00, 0x26, 0xf8, 0x00, 0x81, 0x92, 0x02, 0x00, 0x00, 0x00,
    0x07, 0x11, 0x06, 0x0c, 0x00, 0x02, 0x1d, 0x06, 0x11, 0x00, 0xf8, 0x00, 0x00, 0x00, 0x00, 0x00,
    0x00, 0x00, 0x00, 0x00, 0x02, 0x5a, 0x00, 0x26, 0xf8, 0x00, 0x81, 0x92, 0x02, 0x00, 0x00, 0x00,
    0x07, 0x12, 0x06, 0x0c, 0x00, 0x82, 0x1d, 0x06, 0x12, 0x00, 0xf8, 0x00, 0x00, 0x00, 0x00, 0x00,
    0x00, 0x00, 0x00, 0x00, 0xd0, 0x00, 0x02, 0x5a, 0x00, 0x26, 0xf8, 0x00, 0x81, 0x92, 0x02, 0x00,
    0x00, 0x00, 0x07, 0x13, 0x06, 0x0c, 0x00, 0x02, 0x1c, 0x06, 0x13, 0x00, 0xf8, 0x00, 0x00, 0x00,
    0x00, 0x00, 0x00, 0x00, 0x00, 0x00, 0xd0, 0x00, 0x02, 0x5a, 0x00, 0x26, 0xf8, 0x00, 0x81, 0x92,
    0x02, 0x00, 0x00, 0x00, 0x07, 0x14, 0x06, 0x0c, 0x00, 0x82, 0x1c, 0x06, 0x14, 0x00, 0xf8, 0x00,
    0x00, 0x00, 0x00, 0x00, 0x00, 0x00, 0x00, 0x00, 0x02, 0x5a, 0x00, 0x26, 0xf8, 0x00, 0x81, 0x92,
    0x02, 0x00, 0x00, 0x00, 0x07, 0x17, 0x06, 0x0c, 0x00, 0x02, 0x1a, 0x06, 0x17, 0x00, 0xf8, 0x00,
    0x00, 0x00, 0x00, 0x00, 0x00, 0x00, 0x00, 0x00, 0xd0, 0x00, 0x02, 0x5a, 0x00, 0x26, 0xf8, 0x00,
    0x81, 0x92, 0x02, 0x00, 0x00, 0x00, 0x07, 0x18, 0x06, 0x0c, 0x00, 0x82, 0x1a, 0x06, 0x18, 0x00,
    0xf8, 0x00, 0x00, 0x00, 0x00, 0x00, 0x00, 0x00, 0x00, 0x00, 0x02, 0x5a, 0x00, 0x26, 0xf8, 0x00,
    0x81, 0x92, 0x02, 0x00, 0x00, 0x00, 0x07, 0x0b, 0x06, 0x0c, 0x00, 0x82, 0x20, 0x06, 0x0b, 0x00,
    0xf8, 0x00, 0x00, 0x00, 0x00, 0x00, 0x00, 0x00, 0x00, 0x00, 0x02, 0x5a, 0x00, 0x26, 0xf8, 0x00,
    0x81, 0x92, 0x02, 0x00, 0x00, 0x00, 0x07, 0x0f, 0x06, 0x0c, 0x00, 0x02, 0x1e, 0x06, 0x0f, 0x00,
    0xf8, 0x00, 0x00, 0x00, 0x00, 0x00, 0x00, 0x00, 0x00, 0x00, 0x02, 0x5a, 0x00, 0x26, 0xf8, 0x00,
    0x81, 0x92, 0x02, 0x00, 0x00, 0x00, 0x07, 0x15, 0x06, 0x0c, 0x00, 0x02, 0x1b, 0x06, 0x15, 0x00,
    0xf8, 0x00, 0x00, 0x00, 0x00, 0x00, 0x00, 0x00, 0x00, 0x00, 0x02, 0x5a, 0x00, 0x26, 0xf8, 0x00,
    0x81, 0x92, 0x02, 0x00, 0x00, 0x00, 0x07, 0x16, 0x06, 0x0c, 0x00, 0x82, 0x1b, 0x06, 0x16, 0x00,
    0xf8, 0x00, 0x00, 0x00, 0x00, 0x00, 0x00, 0x00, 0x00, 0x00, 0x02, 0x5a, 0x00, 0x26, 0xf8, 0x00,
    0x81, 0x92, 0x02, 0x00, 0x00, 0x00, 0x07, 0x13, 0x06, 0x0c, 0x00, 0x02, 0x1c, 0x06, 0x13, 0x00,
    0xf8, 0x00, 0x00, 0x00, 0x00, 0x00, 0x00, 0x00, 0x00, 0x00, 0x02, 0x5a, 0x00, 0x26, 0xf8, 0x00,
    0x81, 0x92, 0x02, 0x00, 0x00, 0x00, 0x07, 0x14, 0x06, 0x0c, 0x00, 0x82, 0x1c, 0x06, 0x14, 0x00,
    0xf8, 0x00, 0x00, 0x00, 0x00, 0x00, 0x00, 0x00, 0x00, 0x00, 0x02, 0x5a, 0x00, 0x26, 0xf8, 0x00,
    0x81, 0x92, 0x02, 0x00, 0x00, 0x00, 0x07, 0x17, 0x06, 0x0c, 0x00, 0x02, 0x1a, 0x06, 0x17, 0x00,
    0xf8, 0x00, 0x00, 0x00, 0x00, 0x00, 0x00, 0x00, 0x00, 0x00, 0x02, 0x5a, 0x00, 0x26, 0xf8, 0x00,
    0x81, 0x92, 0x02, 0x00, 0x00, 0x00, 0x07, 0x18, 0x06, 0x0c, 0x00, 0x82, 0x1a, 0x06, 0x18, 0x00,
    0xf8, 0x00, 0x00, 0x00, 0x00, 0x00, 0x00, 0x00, 0x00, 0x00, 0x02, 0x5a, 0x00, 0x26, 0xf8, 0x00,
    0x81, 0x92, 0x02, 0x00, 0x00, 0x00, 0x07, 0x09, 0x06, 0x0c, 0x00, 0x02, 0x1f, 0x06, 0x09, 0x00,
    0xf8, 0x00, 0x00, 0x00, 0x00, 0x00, 0x00, 0x00, 0x00, 0x00, 0x02, 0x5a, 0x00, 0x26, 0xf8, 0x00,
    0x81, 0x92, 0x02, 0x00, 0x00, 0x00, 0x07, 0x10, 0x06, 0x0c, 0x00, 0x82, 0x1e, 0x06, 0x10, 0x00,
    0xf8, 0x00, 0x00, 0x00, 0x00, 0x00, 0x00, 0x00, 0x00, 0x00, 0x02, 0x5a, 0x00, 0x26, 0xf8, 0x00,
    0x81, 0x92, 0x02, 0x00, 0x00, 0x00, 0x07, 0x11, 0x06, 0x0c, 0x00, 0x02, 0x1d, 0x06, 0x11, 0x00,
    0xf8, 0x00, 0x00, 0x00, 0x00, 0x00, 0x00, 0x00, 0x00, 0x00, 0x02, 0x5a, 0x00, 0x26, 0xf8, 0x00,
    0x81, 0x92, 0x02, 0x00, 0x00, 0x00, 0x07, 0x19, 0x06, 0x0c, 0x00, 0x02, 0x1b, 0x06, 0x19, 0x00,
    0xf8, 0x00, 0x00, 0x00, 0x00, 0x00, 0x00, 0x00, 0x00, 0x00, 0x02, 0x5a, 0x00, 0x26, 0xf8, 0x00,
    0x81, 0x92, 0x02, 0x00, 0x00, 0x00, 0x07, 0x0e, 0x06, 0x0c, 0x00, 0x82, 0x1b, 0x06, 0x0e, 0x00,
    0xf8, 0x00, 0x00, 0x00, 0x00, 0x00, 0x00, 0x00, 0x00, 0x00, 0x02, 0x5a, 0x00, 0x26, 0xf8, 0x00,
    0x81, 0x92, 0x02, 0x00, 0x00, 0x00, 0x07, 0x0a, 0x06, 0x0c, 0x00, 0x82, 0x1f, 0x06, 0x0a, 0x00,
    0xf8, 0x00, 0x00, 0x00, 0x00, 0x00, 0x00, 0x00, 0x00, 0x00, 0x02, 0x5a, 0x00, 0x26, 0xf8, 0x00,
    0x81, 0x92, 0x02, 0x00, 0x00, 0x00, 0x07, 0x12, 0x06, 0x0c, 0x00, 0x82, 0x1d, 0x06, 0x12, 0x00,
    0xf8, 0x00, 0x00, 0x00, 0x00, 0x00, 0x00, 0x00, 0x00, 0x00, 0xd0, 0x00, 0x02, 0x5a, 0x00, 0x26,
    0xf8, 0x00, 0x81, 0x92, 0x02, 0x00, 0x00, 0x00, 0x07, 0x0d, 0x06, 0x0c, 0x00, 0x02, 0x1c, 0x06,
    0x0d, 0x00, 0xf8, 0x00, 0x00, 0x00, 0x00, 0x00, 0x00, 0x00, 0x00, 0x00, 0xd0, 0x00, 0x02, 0x5a,
    0x00, 0x26, 0xf8, 0x00, 0x81, 0x92, 0x02, 0x00, 0x00, 0x00, 0x07, 0x0b, 0x06, 0x0c, 0x00, 0x82,
    0x1c, 0x06, 0x0b, 0x00, 0xf8, 0x00, 0x00, 0x00, 0x00, 0x00, 0x00, 0x00, 0x00, 0x00, 0x02, 0x5a,
    0x00, 0x26, 0xf8, 0x00, 0x81, 0x92, 0x02, 0x00, 0x00, 0x00, 0x07, 0x0f, 0x06, 0x0c, 0x00, 0x02,
    0x1a, 0x06, 0x0f, 0x00, 0xf8, 0x00, 0x00, 0x00, 0x00, 0x00, 0x00, 0x00, 0x00, 0x00, 0x02, 0x5a,
    0x00, 0x26, 0xf8, 0x00, 0x81, 0x92, 0x02, 0x00, 0x00, 0x00, 0x07, 0x09, 0x06, 0x0c, 0x00, 0x02,
    0x1b, 0x06, 0x09, 0x00, 0xf8, 0x00, 0x00, 0x00, 0x00, 0x00, 0x00, 0x00, 0x00, 0x00, 0x02, 0x5a,
    0x00, 0x26, 0xf8, 0x00, 0x81, 0x92, 0x02, 0x00, 0x00, 0x00, 0x07, 0x0a, 0x06, 0x0c, 0x00, 0x82,
    0x1b, 0x06, 0x0a, 0x00, 0xf8, 0x00, 0x00, 0x00, 0x00, 0x00, 0x00, 0x00, 0x00, 0x00, 0x02, 0x5a,
    0x00, 0x26, 0xf8, 0x00, 0x81, 0x92, 0x02, 0x00, 0x00, 0x00, 0x07, 0x13, 0x06, 0x0c, 0x00, 0x02,
    0x01, 0x06, 0x13, 0x00, 0xf8, 0x00, 0x00, 0x00, 0x00, 0x00, 0x00, 0x00, 0x00, 0x00, 0x02, 0x5a,
    0x00, 0x26, 0xf8, 0x00, 0x81, 0x92, 0x02, 0x00, 0x00, 0x00, 0x07, 0x10, 0x06, 0x0c, 0x00, 0x82,
    0x1a, 0x06, 0x10, 0x00, 0xf8, 0x00, 0x00, 0x00, 0x00, 0x00, 0x00, 0x00, 0x00, 0x00, 0x02, 0x5a,
    0x00, 0x26, 0xf8, 0x00, 0x81, 0x92, 0x02, 0x00, 0x00, 0x00, 0x07, 0x11, 0x06, 0x0c, 0x00, 0x02,
    0x1b, 0x06, 0x11, 0x00, 0xf8, 0x00, 0x00, 0x00, 0x00, 0x00, 0x00, 0x00, 0x00, 0x00, 0x02, 0x5a,
    0x00, 0x26, 0xf8, 0x00, 0x81, 0x92, 0x02, 0x00, 0x00, 0x00, 0x07, 0x12, 0x06, 0x0c, 0x00, 0x82,
    0x1b, 0x06, 0x12, 0x00, 0xf8, 0x00, 0x00, 0x00, 0x00, 0x00, 0x00, 0x00, 0x00, 0x00, 0x02, 0x5a,
    0x00, 0x26, 0xf8, 0x00, 0x81, 0x92, 0x02, 0x00, 0x00, 0x00, 0x07, 0x14, 0x06, 0x0c, 0x00, 0x82,
    0x01, 0x06, 0x14, 0x00, 0xf8, 0x00, 0x00, 0x00, 0x00, 0x00, 0x00, 0x00, 0x00, 0x00, 0x02, 0x5a,
    0x00, 0x26, 0xf8, 0x00, 0x81, 0x92, 0x02, 0x00, 0x00, 0x00, 0x07, 0x15, 0x06, 0x0c, 0x00, 0x02,
    0x1d, 0x06, 0x15, 0x00, 0xf8, 0x00, 0x00, 0x00, 0x00, 0x00, 0x00, 0x00, 0x00, 0x00, 0x02, 0x0c,
    0x52, 0x0e, 0xf8, 0x00, 0x0a, 0x00, 0x00, 0x00, 0x03, 0x2c, 0x01, 0xf8, 0x02, 0x2c, 0x00, 0x0b,
    0x00, 0x00, 0x00, 0x00, 0x00, 0x00, 0x10, 0x00, 0x00, 0x00, 0x00, 0x00, 0x00, 0x00, 0x02, 0x5a,
    0x00, 0x26, 0xf8, 0x00, 0x81, 0x92, 0x02, 0x00, 0x00, 0x00, 0x07, 0x16, 0x06, 0x0c, 0x00, 0x82,
    0x1d, 0x06, 0x16, 0x00, 0xf8, 0x00, 0x00, 0x00, 0x00, 0x00, 0x00, 0x00, 0x00, 0x00, 0x02, 0x5a,
    0x00, 0x26, 0xf8, 0x00, 0x81, 0x92, 0x02, 0x00, 0x00, 0x00, 0x07, 0x17, 0x06, 0x0c, 0x00, 0x02,
    0x1c, 0x06, 0x17, 0x00, 0xf8, 0x00, 0x00, 0x00, 0x00, 0x00, 0x00, 0x00, 0x00, 0x00, 0xd0, 0x00,
    0x02, 0x5a, 0x00, 0x26, 0xf8, 0x00, 0x81, 0x92, 0x02, 0x00, 0x00, 0x00, 0x07, 0x18, 0x06, 0x0c,
    0x00, 0x82, 0x1c, 0x06, 0x18, 0x00, 0xf8, 0x00, 0x00, 0x00, 0x00, 0x00, 0x00, 0x00, 0x00, 0x00,
    0xd0, 0x00, 0x02, 0x5a, 0x00, 0x26, 0xf8, 0x00, 0x81, 0x92, 0x02, 0x00, 0x00, 0x00, 0x07, 0x19,
    0x06, 0x0c, 0x00, 0x02, 0x1b, 0x06, 0x19, 0x00, 0xf8, 0x00, 0x00, 0x00, 0x00, 0x00, 0x00, 0x00,
    0x00, 0x00, 0xd0, 0x00, 0x02, 0x5a, 0x00, 0x26, 0xf8, 0x00, 0x81, 0x92, 0x02, 0x00, 0x00, 0x00,
    0x07, 0x0e, 0x06, 0x0c, 0x00, 0x82, 0x1b, 0x06, 0x0e, 0x00, 0xf8, 0x00, 0x00, 0x00, 0x00, 0x00,
    0x00, 0x00, 0x00, 0x00, 0xd0, 0x00, 0x02, 0x5a, 0x00, 0x26, 0xf8, 0x00, 0x81, 0x92, 0x02, 0x00,
    0x00, 0x00, 0x07, 0x0d, 0x06, 0x0c, 0x00, 0x02, 0x1a, 0x06, 0x0d, 0x00, 0xf8, 0x00, 0x00, 0x00,
    0x00, 0x00, 0x00, 0x00, 0x00, 0x00, 0xd0, 0x00, 0x02, 0x5a, 0x00, 0x26, 0xf8, 0x00, 0x81, 0x92,
    0x02, 0x00, 0x00, 0x00, 0x07, 0x0b, 0x06, 0x0c, 0x00, 0x82, 0x1a, 0x06, 0x0b, 0x00, 0xf8, 0x00,
    0x00, 0x00, 0x00, 0x00, 0x00, 0x00, 0x00, 0x00, 0xd0, 0x00, 0x41, 0x0c, 0x54, 0x04, 0x42, 0x0a,
    0x0a, 0x0e, 0x42, 0x0a, 0x0a, 0x0e, 0x02, 0x22, 0x08, 0x06, 0xfa, 0x00, 0x42, 0x00, 0x00, 0x00,
    0x01, 0x01, 0x40, 0x00, 0x02, 0x00, 0x00, 0x00, 0x00, 0x00, 0x00, 0x00, 0x00, 0x00, 0x00, 0x00,
    0x00, 0x00, 0x64, 0x00, 0x00, 0x00, 0x02, 0x38, 0x0e, 0x32, 0x01, 0x00, 0x40, 0x11, 0x00, 0x00,
    0x00, 0x00, 0x82, 0x24, 0x0a, 0x00, 0x00, 0x82, 0x01, 0x40, 0x01, 0x00, 0x00, 0x00, 0x00, 0x00,
    0x00, 0x00, 0x00, 0x00, 0x00, 0x00, 0x42, 0x0a, 0x0a, 0x0e, 0x42, 0x0a, 0x0a, 0x0e, 0x02, 0x22,
    0x08, 0x06, 0xfa, 0x00, 0x42, 0x00, 0x00, 0x00, 0x01, 0x01, 0x40, 0x00, 0x02, 0x00, 0x00, 0x00,
    0x00, 0x00, 0x00, 0x00, 0x00, 0x00, 0x00, 0x00, 0x00, 0x00, 0x64, 0x00, 0x00, 0x00, 0x02, 0x38,
    0x0e, 0x32, 0x01, 0x00, 0x40, 0x11, 0x00, 0x00, 0x00, 0x00, 0x82, 0x24, 0x0a, 0x00, 0x00, 0x82,
    0x01, 0xc0, 0x01, 0x00, 0x00, 0x00, 0x00, 0x00, 0x00, 0x00, 0x00, 0x40, 0x01, 0x00, 0x42, 0x0a,
    0x0a, 0x0e, 0x42, 0x0a, 0x0a, 0x0e, 0x02, 0x22, 0x08, 0x06, 0xfa, 0x00, 0x42, 0x00, 0x00, 0x00,
    0x01, 0x01, 0x40, 0x00, 0x02, 0x00, 0x00, 0x00, 0x00, 0x00, 0x00, 0x00, 0x00, 0x00, 0x00, 0x00,
    0x00, 0x00, 0x64, 0x00, 0x00, 0x00, 0x02, 0x38, 0x0e, 0x32, 0x01, 0x00, 0x40, 0x11, 0x00, 0x00,
    0x00, 0x00, 0x82, 0x24, 0x0a, 0x00, 0x00, 0x82, 0x01, 0xc0, 0x01, 0x00, 0x00, 0x00, 0x00, 0x00,
    0x00, 0x00, 0x10, 0x00, 0x00, 0x00, 0x42, 0x0a, 0x0a, 0x0e, 0x42, 0x0a, 0x0a, 0x0e, 0x02, 0x22,
    0x08, 0x06, 0xfa, 0x00, 0x42, 0x00, 0x00, 0x00, 0x01, 0x01, 0x40, 0x00, 0x02, 0x00, 0x00, 0x00,
    0x00, 0x00, 0x00, 0x00, 0x00, 0x00, 0x00, 0x00, 0x00, 0x00, 0x64, 0x00, 0x00, 0x00, 0x02, 0x38,
    0x0e, 0x32, 0x01, 0x00, 0x40, 0x11, 0x00, 0x00, 0x00, 0x00, 0x82, 0x24, 0x0a, 0x00, 0x00, 0x82,
    0x01, 0xc0, 0x01, 0x00, 0x00, 0x00, 0x00, 0x00, 0x00, 0x00, 0x10, 0x40, 0x01, 0x00, 0x42, 0x0a,
    0x0a, 0x0e, 0x42, 0x0a, 0x0a, 0x0e, 0x02, 0x22, 0x08, 0x06, 0xfa, 0x00, 0x42, 0x00, 0x00, 0x00,
    0x01, 0x01, 0x40, 0x00, 0x02, 0x00, 0x00, 0x00, 0x00, 0x00, 0x00, 0x00, 0x00, 0x00, 0x00, 0x00,
    0x00, 0x00, 0x64, 0x00, 0x00, 0x00, 0x02, 0x38, 0x0e, 0x32, 0x01, 0x00, 0x40, 0x11, 0x00, 0x00,
    0x00, 0x00, 0x82, 0x24, 0x0a, 0x00, 0x00, 0x82, 0x01, 0xc0, 0x01, 0x00, 0x00, 0x00, 0x00, 0x00,
    0x00, 0x00, 0x20, 0x00, 0x00, 0x00, 0x42, 0x0a, 0x0a, 0x0e, 0x42, 0x0a, 0x0a, 0x0e, 0x02, 0x22,
    0x08, 0x06, 0xfa, 0x00, 0x42, 0x00, 0x00, 0x00, 0x01, 0x01, 0x40, 0x00, 0x02, 0x00, 0x00, 0x00,
    0x00, 0x00, 0x00, 0x00, 0x00, 0x00, 0x00, 0x00, 0x00, 0x00, 0x64, 0x00, 0x00, 0x00, 0x02, 0x38,
    0x0e, 0x32, 0x01, 0x00, 0x40, 0x11, 0x00, 0x00, 0x00, 0x00, 0x82, 0x24, 0x0a, 0x00, 0x00, 0x82,
    0x01, 0xc0, 0x01, 0x00, 0x00, 0x00, 0x00, 0x00, 0x00, 0x00, 0x20, 0x40, 0x01, 0x00, 0x42, 0x0a,
    0x0a, 0x0e, 0x42, 0x0a, 0x0a, 0x0e, 0x02, 0x22, 0x08, 0x06, 0xfa, 0x00, 0x42, 0x00, 0x00, 0x00,
    0x01, 0x01, 0x40, 0x00, 0x02, 0x00, 0x00, 0x00, 0x00, 0x00, 0x00, 0x00, 0x00, 0x00, 0x00, 0x00,
    0x00, 0x00, 0x64, 0x00, 0x00, 0x00, 0x02, 0x38, 0x0e, 0x32, 0x01, 0x00, 0x40, 0x11, 0x00, 0x00,
    0x00, 0x00, 0x82, 0x24, 0x0a, 0x00, 0x00, 0x82, 0x01, 0xc0, 0x01, 0x00, 0x00, 0x00, 0x00, 0x00,
    0x00, 0x00, 0x30, 0x00, 0x00, 0x00, 0x42, 0x0a, 0x0a, 0x0e, 0x42, 0x0a, 0x0a, 0x0e, 0x02, 0x22,
    0x08, 0x06, 0xfa, 0x00, 0x42, 0x00, 0x00, 0x00, 0x01, 0x01, 0x40, 0x00, 0x02, 0x00, 0x00, 0x00,
    0x00, 0x00, 0x00, 0x00, 0x00, 0x00, 0x00, 0x00, 0x00, 0x00, 0x64, 0x00, 0x00, 0x00, 0x02, 0x38,
    0x0e, 0x32, 0x01, 0x00, 0x40, 0x11, 0x00, 0x00, 0x00, 0x00, 0x82, 0x24, 0x0a, 0x00, 0x00, 0x82,
    0x01, 0xc0, 0x01, 0x00, 0x00, 0x00, 0x00, 0x00, 0x00, 0x00, 0x30, 0x40, 0x01, 0x00, 0x42, 0x0a,
    0x0a, 0x0e, 0x42, 0x0a, 0x0a, 0x0e, 0x02, 0x22, 0x08, 0x06, 0xfa, 0x00, 0x42, 0x00, 0x00, 0x00,
    0x01, 0x01, 0x40, 0x00, 0x02, 0x00, 0x00, 0x00, 0x00, 0x00, 0x00, 0x00, 0x00, 0x00, 0x00, 0x00,
    0x00, 0x00, 0x64, 0x00, 0x00, 0x00, 0x02, 0x38, 0x0e, 0x32, 0x01, 0x00, 0x40, 0x11, 0x00, 0x00,
    0x00, 0x00, 0x82, 0x24, 0x0a, 0x00, 0x00, 0x82, 0x01, 0xc0, 0x01, 0x00, 0x00, 0x00, 0x00, 0x00,
    0x00, 0x00, 0x40, 0x00, 0x00, 0x00, 0x42, 0x0a, 0x0a, 0x0e, 0x42, 0x0a, 0x0a, 0x0e, 0x02, 0x22,
    0x08, 0x06, 0xfa, 0x00, 0x42, 0x00, 0x00, 0x00, 0x01, 0x01, 0x40, 0x00, 0x02, 0x00, 0x00, 0x00,
    0x00, 0x00, 0x00, 0x00, 0x00, 0x00, 0x00, 0x00, 0x00, 0x00, 0x64, 0x00, 0x00, 0x00, 0x02, 0x38,
    0x0e, 0x32, 0x01, 0x00, 0x40, 0x11, 0x00, 0x00, 0x00, 0x00, 0x82, 0x24, 0x0a, 0x00, 0x00, 0x82,
    0x01, 0xc0, 0x01, 0x00, 0x00, 0x00, 0x00, 0x00, 0x00, 0x00, 0x40, 0x40, 0x01, 0x00, 0x42, 0x0a,
    0x0a, 0x0e, 0x42, 0x0a, 0x0a, 0x0e, 0x02, 0x22, 0x08, 0x06, 0xfa, 0x00, 0x42, 0x00, 0x00, 0x00,
    0x01, 0x01, 0x40, 0x00, 0x02, 0x00, 0x00, 0x00, 0x00, 0x00, 0x00, 0x00, 0x00, 0x00, 0x00, 0x00,
    0x00, 0x00, 0x64, 0x00, 0x00, 0x00, 0x02, 0x38, 0x0e, 0x32, 0x01, 0x00, 0x40, 0x11, 0x00, 0x00,
    0x00, 0x00, 0x82, 0x24, 0x0a, 0x00, 0x00, 0x82, 0x01, 0xc0, 0x01, 0x00, 0x00, 0x00, 0x00, 0x00,
    0x00, 0x00, 0x50, 0x00, 0x00, 0x00, 0x42, 0x0a, 0x0a, 0x0e, 0x42, 0x0a, 0x0a, 0x0e, 0x02, 0x22,
    0x08, 0x06, 0xfa, 0x00, 0x42, 0x00, 0x00, 0x00, 0x01, 0x01, 0x40, 0x00, 0x02, 0x00, 0x00, 0x00,
    0x00, 0x00, 0x00, 0x00, 0x00, 0x00, 0x00, 0x00, 0x00, 0x00, 0x64, 0x00, 0x00, 0x00, 0x02, 0x38,
    0x0e, 0x32, 0x01, 0x00, 0x40, 0x11, 0x00, 0x00, 0x00, 0x00, 0x82, 0x24, 0x0a, 0x00, 0x00, 0x82,
    0x01, 0xc0, 0x01, 0x00, 0x00, 0x00, 0x00, 0x00, 0x00, 0x00, 0x50, 0x40, 0x01, 0x00, 0x42, 0x0a,
    0x0a, 0x0e, 0x42, 0x0a, 0x0a, 0x0e, 0x02, 0x22, 0x08, 0x06, 0xfa, 0x00, 0x42, 0x00, 0x00, 0x00,
    0x01, 0x01, 0x40, 0x00, 0x02, 0x00, 0x00, 0x00, 0x00, 0x00, 0x00, 0x00, 0x00, 0x00, 0x00, 0x00,
    0x00, 0x00, 0x64, 0x00, 0x00, 0x00, 0x02, 0x38, 0x0e, 0x32, 0x01, 0x00, 0x40, 0x11, 0x00, 0x00,
    0x00, 0x00, 0x82, 0x24, 0x0a, 0x00, 0x00, 0x82, 0x01, 0xc0, 0x01, 0x00, 0x00, 0x00, 0x00, 0x00,
    0x00, 0x00, 0x60, 0x00, 0x00, 0x00, 0x42, 0x0a, 0x0a, 0x0e, 0x42, 0x0a, 0x0a, 0x0e, 0x02, 0x22,
    0x08, 0x06, 0xfa, 0x00, 0x42, 0x00, 0x00, 0x00, 0x01, 0x01, 0x40, 0x00, 0x02, 0x00, 0x00, 0x00,
    0x00, 0x00, 0x00, 0x00, 0x00, 0x00, 0x00, 0x00, 0x00, 0x00, 0x64, 0x00, 0x00, 0x00, 0x02, 0x38,
    0x0e, 0x32, 0x01, 0x00, 0x40, 0x11, 0x00, 0x00, 0x00, 0x00, 0x82, 0x24, 0x0a, 0x00, 0x00, 0x82,
    0x01, 0xc0, 0x01, 0x00, 0x00, 0x00, 0x00, 0x00, 0x00, 0x00, 0x60, 0x40, 0x01, 0x00, 0x42, 0x0a,
    0x0a, 0x0e, 0x42, 0x0a, 0x0a, 0x0e, 0x02, 0x22, 0x08, 0x06, 0xfa, 0x00, 0x42, 0x00, 0x00, 0x00,
    0x01, 0x01, 0x40, 0x00, 0x02, 0x00, 0x00, 0x00, 0x00, 0x00, 0x00, 0x00, 0x00, 0x00, 0x00, 0x00,
    0x00, 0x00, 0x64, 0x00, 0x00, 0x00, 0x02, 0x38, 0x0e, 0x32, 0x01, 0x00, 0x40, 0x11, 0x00, 0x00,
    0x00, 0x00, 0x82, 0x24, 0x0a, 0x00, 0x00, 0x82, 0x01, 0xc0, 0x01, 0x00, 0x00, 0x00, 0x00, 0x00,
    0x00, 0x00, 0x70, 0x00, 0x00, 0x00, 0x42, 0x0a, 0x0a, 0x0e, 0x42, 0x0a, 0x0a, 0x0e, 0x02, 0x22,
    0x08, 0x06, 0xfa, 0x00, 0x42, 0x00, 0x00, 0x00, 0x01, 0x01, 0x40, 0x00, 0x02, 0x00, 0x00, 0x00,
    0x00, 0x00, 0x00, 0x00, 0x00, 0x00, 0x00, 0x00, 0x00, 0x00, 0x64, 0x00, 0x00, 0x00, 0x02, 0x38,
    0x0e, 0x32, 0x01, 0x00, 0x40, 0x11, 0x00, 0x00, 0x00, 0x00, 0x82, 0x24, 0x0a, 0x00, 0x00, 0x82,
    0x01, 0xc0, 0x01, 0x00, 0x00, 0x00, 0x00, 0x00, 0x00, 0x00, 0x70, 0x40, 0x01, 0x00, 0x42, 0x0a,
    0x0a, 0x0e, 0x42, 0x0a, 0x0a, 0x0e, 0x02, 0x22, 0x08, 0x06, 0xfa, 0x00, 0x42, 0x00, 0x00, 0x00,
    0x01, 0x01, 0x40, 0x00, 0x02, 0x00, 0x00, 0x00, 0x00, 0x00, 0x00, 0x00, 0x00, 0x00, 0x00, 0x00,
    0x00, 0x00, 0x64, 0x00, 0x00, 0x00, 0x02, 0x38, 0x0e, 0x32, 0x01, 0x00, 0x40, 0x11, 0x00, 0x00,
    0x00, 0x00, 0x82, 0x24, 0x0a, 0x00, 0x00, 0x82, 0x01, 0xc0, 0x01, 0x00, 0x00, 0x00, 0x00, 0x00,
    0x00, 0x00, 0x80, 0x00, 0x00, 0x00, 0x42, 0x0a, 0x0a, 0x0e, 0x42, 0x0a, 0x0a, 0x0e, 0x02, 0x22,
    0x08, 0x06, 0xfa, 0x00, 0x42, 0x00, 0x00, 0x00, 0x01, 0x01, 0x40, 0x00, 0x02, 0x00, 0x00, 0x00,
    0x00, 0x00, 0x00, 0x00, 0x00, 0x00, 0x00, 0x00, 0x00, 0x00, 0x64, 0x00, 0x00, 0x00, 0x02, 0x38,
    0x0e, 0x32, 0x01, 0x00, 0x40, 0x11, 0x00, 0x00, 0x00, 0x00, 0x82, 0x24, 0x0a, 0x00, 0x00, 0x82,
    0x01, 0xc0, 0x01, 0x00, 0x00, 0x00, 0x00, 0x00, 0x00, 0x00, 0x80, 0x40, 0x01, 0x00, 0x42, 0x0a,
    0x0a, 0x0e, 0x42, 0x0a, 0x0a, 0x0e, 0x02, 0x22, 0x08, 0x06, 0xfa, 0x00, 0x42, 0x00, 0x00, 0x00,
    0x01, 0x01, 0x40, 0x00, 0x02, 0x00, 0x00, 0x00, 0x00, 0x00, 0x00, 0x00, 0x00, 0x00, 0x00, 0x00,
    0x00, 0x00, 0x64, 0x00, 0x00, 0x00, 0x02, 0x38, 0x0e, 0x32, 0x01, 0x00, 0x40, 0x11, 0x00, 0x00,
    0x00, 0x00, 0x82, 0x24, 0x0a, 0x00, 0x00, 0x82, 0x01, 0xc0, 0x01, 0x00, 0x00, 0x00, 0x00, 0x00,
    0x00, 0x00, 0x90, 0x00, 0x00, 0x00, 0x42, 0x0a, 0x0a, 0x0e, 0x42, 0x0a, 0x0a, 0x0e, 0x02, 0x22,
    0x08, 0x06, 0xfa, 0x00, 0x42, 0x00, 0x00, 0x00, 0x01, 0x01, 0x40, 0x00, 0x02, 0x00, 0x00, 0x00,
    0x00, 0x00, 0x00, 0x00, 0x00, 0x00, 0x00, 0x00, 0x00, 0x00, 0x64, 0x00, 0x00, 0x00, 0x02, 0x38,
    0x0e, 0x32, 0x01, 0x00, 0x40, 0x11, 0x00, 0x00, 0x00, 0x00, 0x82, 0x24, 0x0a, 0x00, 0x00, 0x82,
    0x01, 0xc0, 0x01, 0x00, 0x00, 0x00, 0x00, 0x00, 0x00, 0x00, 0x90, 0x40, 0x01, 0x00, 0x42, 0x0a,
    0x0a, 0x0e, 0x42, 0x0a, 0x0a, 0x0e, 0x02, 0x22, 0x08, 0x06, 0xfa, 0x00, 0x42, 0x00, 0x00, 0x00,
    0x01, 0x01, 0x40, 0x00, 0x02, 0x00, 0x00, 0x00, 0x00, 0x00, 0x00, 0x00, 0x00, 0x00, 0x00, 0x00,
    0x00, 0x00, 0x64, 0x00, 0x00, 0x00, 0x02, 0x38, 0x0e, 0x32, 0x01, 0x00, 0x40, 0x11, 0x00, 0x00,
    0x00, 0x00, 0x82, 0x24, 0x0a, 0x00, 0x00, 0x82, 0x01, 0xc0, 0x01, 0x00, 0x00, 0x00, 0x00, 0x00,
    0x00, 0x00, 0xa0, 0x00, 0x00, 0x00, 0x42, 0x0a, 0x0a, 0x0e, 0x42, 0x0a, 0x0a, 0x0e, 0x02, 0x22,
    0x08, 0x06, 0xfa, 0x00, 0x42, 0x00, 0x00, 0x00, 0x01, 0x01, 0x40, 0x00, 0x02, 0x00, 0x00, 0x00,
    0x00, 0x00, 0x00, 0x00, 0x00, 0x00, 0x00, 0x00, 0x00, 0x00, 0x64, 0x00, 0x00, 0x00, 0x02, 0x38,
    0x0e, 0x32, 0x01, 0x00, 0x40, 0x11, 0x00, 0x00, 0x00, 0x00, 0x82, 0x24, 0x0a, 0x00, 0x00, 0x82,
    0x01, 0xc0, 0x01, 0x00, 0x00, 0x00, 0x00, 0x00, 0x00, 0x00, 0xa0, 0x40, 0x01, 0x00, 0x42, 0x0a,
    0x0a, 0x0e, 0x42, 0x0a, 0x0a, 0x0e, 0x02, 0x22, 0x08, 0x06, 0xfa, 0x00, 0x42, 0x00, 0x00, 0x00,
    0x01, 0x01, 0x40, 0x00, 0x02, 0x00, 0x00, 0x00, 0x00, 0x00, 0x00, 0x00, 0x00, 0x00, 0x00, 0x00,
    0x00, 0x00, 0x64, 0x00, 0x00, 0x00, 0x02, 0x38, 0x0e, 0x32, 0x01, 0x00, 0x40, 0x11, 0x00, 0x00,
    0x00, 0x00, 0x82, 0x24, 0x0a, 0x00, 0x00, 0x82, 0x01, 0xc0, 0x01, 0x00, 0x00, 0x00, 0x00, 0x00,
    0x00, 0x00, 0xb0, 0x00, 0x00, 0x00, 0x42, 0x0a, 0x0a, 0x0e, 0x42, 0x0a, 0x0a, 0x0e, 0x02, 0x22,
    0x08, 0x06, 0xfa, 0x00, 0x42, 0x00, 0x00, 0x00, 0x01, 0x01, 0x40, 0x00, 0x02, 0x00, 0x00, 0x00,
    0x00, 0x00, 0x00, 0x00, 0x00, 0x00, 0x00, 0x00, 0x00, 0x00, 0x64, 0x00, 0x00, 0x00, 0x02, 0x38,
    0x0e, 0x32, 0x01, 0x00, 0x40, 0x11, 0x00, 0x00, 0x00, 0x00, 0x82, 0x24, 0x0a, 0x00, 0x00, 0x82,
    0x01, 0xc0, 0x01, 0x00, 0x00, 0x00, 0x00, 0x00, 0x00, 0x00, 0xb0, 0x40, 0x01, 0x00, 0x42, 0x0a,
    0x0a, 0x0e, 0x42, 0x0a, 0x0a, 0x0e, 0x02, 0x22, 0x08, 0x06, 0xfa, 0x00, 0x42, 0x00, 0x00, 0x00,
    0x01, 0x01, 0x40, 0x00, 0x02, 0x00, 0x00, 0x00, 0x00, 0x00, 0x00, 0x00, 0x00, 0x00, 0x00, 0x00,
    0x00, 0x00, 0x64, 0x00, 0x00, 0x00, 0x02, 0x38, 0x0e, 0x32, 0x01, 0x00, 0x40, 0x11, 0x00, 0x00,
    0x00, 0x00, 0x82, 0x24, 0x0a, 0x00, 0x00, 0x82, 0x01, 0xc0, 0x01, 0x00, 0x00, 0x00, 0x00, 0x00,
    0x00, 0x00, 0xc0, 0x00, 0x00, 0x00, 0x42, 0x0a, 0x0a, 0x0e, 0x42, 0x0a, 0x0a, 0x0e, 0x02, 0x22,
    0x08, 0x06, 0xfa, 0x00, 0x42, 0x00, 0x00, 0x00, 0x01, 0x01, 0x40, 0x00, 0x02, 0x00, 0x00, 0x00,
    0x00, 0x00, 0x00, 0x00, 0x00, 0x00, 0x00, 0x00, 0x00, 0x00, 0x64, 0x00, 0x00, 0x00, 0x02, 0x38,
    0x0e, 0x32, 0x01, 0x00, 0x40, 0x11, 0x00, 0x00, 0x00, 0x00, 0x82, 0x24, 0x0a, 0x00, 0x00, 0x82,
    0x01, 0xc0, 0x01, 0x00, 0x00, 0x00, 0x00, 0x00, 0x00, 0x00, 0xc0, 0x40, 0x01, 0x00, 0x42, 0x0a,
    0x0a, 0x0e, 0x42, 0x0a, 0x0a, 0x0e, 0x02, 0x22, 0x08, 0x06, 0xfa, 0x00, 0x42, 0x00, 0x00, 0x00,
    0x01, 0x01, 0x40, 0x00, 0x02, 0x00, 0x00, 0x00, 0x00, 0x00, 0x00, 0x00, 0x00, 0x00, 0x00, 0x00,
    0x00, 0x00, 0x64, 0x00, 0x00, 0x00, 0x02, 0x38, 0x0e, 0x32, 0x01, 0x00, 0x40, 0x11, 0x00, 0x00,
    0x00, 0x00, 0x82, 0x24, 0x0a, 0x00, 0x00, 0x82, 0x01, 0xc0, 0x01, 0x00, 0x00, 0x00, 0x00, 0x00,
    0x00, 0x00, 0xd0, 0x00, 0x00, 0x00, 0x42, 0x0a, 0x0a, 0x0e, 0x42, 0x0a, 0x0a, 0x0e, 0x02, 0x22,
    0x08, 0x06, 0xfa, 0x00, 0x42, 0x00, 0x00, 0x00, 0x01, 0x01, 0x40, 0x00, 0x02, 0x00, 0x00, 0x00,
    0x00, 0x00, 0x00, 0x00, 0x00, 0x00, 0x00, 0x00, 0x00, 0x00, 0x64, 0x00, 0x00, 0x00, 0x02, 0x38,
    0x0e, 0x32, 0x01, 0x00, 0x40, 0x11, 0x00, 0x00, 0x00, 0x00, 0x82, 0x24, 0x0a, 0x00, 0x00, 0x82,
    0x01, 0xc0, 0x01, 0x00, 0x00, 0x00, 0x00, 0x00, 0x00, 0x00, 0xd0, 0x40, 0x01, 0x00, 0x42, 0x0a,
    0x0a, 0x0e, 0x42, 0x0a, 0x0a, 0x0e, 0x02, 0x22, 0x08, 0x06, 0xfa, 0x00, 0x42, 0x00, 0x00, 0x00,
    0x01, 0x01, 0x40, 0x00, 0x02, 0x00, 0x00, 0x00, 0x00, 0x00, 0x00, 0x00, 0x00, 0x00, 0x00, 0x00,
    0x00, 0x00, 0x64, 0x00, 0x00, 0x00, 0x02, 0x38, 0x0e, 0x32, 0x01, 0x00, 0x40, 0x11, 0x00, 0x00,
    0x00, 0x00, 0x82, 0x24, 0x0a, 0x00, 0x00, 0x82, 0x01, 0xc0, 0x01, 0x00, 0x00, 0x00, 0x00, 0x00,
    0x00, 0x00, 0xe0, 0x00, 0x00, 0x00, 0x42, 0x0a, 0x0a, 0x0e, 0x42, 0x0a, 0x0a, 0x0e, 0x02, 0x22,
    0x08, 0x06, 0xfa, 0x00, 0x42, 0x00, 0x00, 0x00, 0x01, 0x01, 0x40, 0x00, 0x02, 0x00, 0x00, 0x00,
    0x00, 0x00, 0x00, 0x00, 0x00, 0x00, 0x00, 0x00, 0x00, 0x00, 0x64, 0x00, 0x00, 0x00, 0x02, 0x38,
    0x0e, 0x32, 0x01, 0x00, 0x40, 0x11, 0x00, 0x00, 0x00, 0x00, 0x82, 0x24, 0x0a, 0x00, 0x00, 0x82,
    0x01, 0xc0, 0x01, 0x00, 0x00, 0x00, 0x00, 0x00, 0x00, 0x00, 0xe0, 0x40, 0x01, 0x00, 0x42, 0x0a,
    0x0a, 0x0e, 0x42, 0x0a, 0x0a, 0x0e, 0x02, 0x22, 0x08, 0x06, 0xfa, 0x00, 0x42, 0x00, 0x00, 0x00,
    0x01, 0x01, 0x40, 0x00, 0x02, 0x00, 0x00, 0x00, 0x00, 0x00, 0x00, 0x00, 0x00, 0x00, 0x00, 0x00,
    0x00, 0x00, 0x64, 0x00, 0x00, 0x00, 0x02, 0x38, 0x0e, 0x32, 0x01, 0x00, 0x40, 0x11, 0x00, 0x00,
    0x00, 0x00, 0x82, 0x24, 0x0a, 0x00, 0x00, 0x82, 0x01, 0xc0, 0x01, 0x00, 0x00, 0x00, 0x00, 0x00,
    0x00, 0x00, 0xf0, 0x00, 0x00, 0x00, 0x42, 0x0a, 0x0a, 0x0e, 0x42, 0x0a, 0x0a, 0x0e, 0x02, 0x22,
    0x08, 0x06, 0xfa, 0x00, 0x42, 0x00, 0x00, 0x00, 0x01, 0x01, 0x40, 0x00, 0x02, 0x00, 0x00, 0x00,
    0x00, 0x00, 0x00, 0x00, 0x00, 0x00, 0x00, 0x00, 0x00, 0x00, 0x64, 0x00, 0x00, 0x00, 0x02, 0x38,
    0x0e, 0x32, 0xf8, 0x00, 0x40, 0x11, 0x00, 0x00, 0x00, 0x00, 0x82, 0x24, 0x0a, 0x00, 0x00, 0x82,
    0x01, 0xc0, 0x01, 0x00, 0x00, 0x00, 0x00, 0x00, 0x00, 0x00, 0xf0, 0x40, 0x01, 0x00, 0x01, 0x10,
    0x06, 0x0a, 0xf8, 0x00, 0x20, 0x00, 0x00, 0x00, 0x01, 0x00, 0x00, 0x00, 0x00, 0x08, 0x01, 0x10,
    0x06, 0x0a, 0xf8, 0x00, 0x20, 0x03, 0x00, 0x00, 0x01, 0x00, 0x00, 0x10, 0x00, 0x00, 0x01, 0x10,
    0x06, 0x0a, 0xf8, 0x00, 0x20, 0x03, 0x00, 0x00, 0x01, 0x00, 0x00, 0x08, 0x00, 0x00, 0x01, 0x10,
    0x06, 0x0a, 0xf8, 0x00, 0x20, 0x00, 0x00, 0x00, 0x01, 0x00, 0x00, 0x00, 0x00, 0x08, 0x42, 0x33,
    0x04, 0x0e, 0x50, 0x06, 0xff, 0xff, 0xff, 0xff, 0x24, 0x00, 0x00, 0x00, 0x00, 0x00, 0x00, 0x00,
    0xff, 0xff, 0xff, 0xff, 0xff, 0xff, 0xff, 0xff, 0x03, 0x00, 0x01, 0x7c, 0xff, 0xff, 0xff, 0xff,
    0x0f, 0x0c, 0x81, 0x80, 0x80, 0x28, 0x00, 0x08, 0xff, 0x81, 0x80, 0x28, 0x08, 0x81, 0x80, 0x80,
    0x28, 0x00, 0x00, 0x00, 0xff, 0xff, 0xff, 0xff, 0x34, 0x00, 0x00, 0x00, 0x00, 0x00, 0x00, 0x00,
    0x00, 0x00, 0x00, 0x00, 0x00, 0x00, 0x00, 0x00, 0x00, 0x00, 0x00, 0x00, 0x00, 0x00, 0x00, 0x00,
    0x20, 0xfc, 0x00, 0x00, 0x00, 0x00, 0x00, 0x00, 0x04, 0x10, 0x00, 0x00, 0x00, 0x04, 0xc0, 0x04,
    0x00, 0x00, 0x0c, 0x81, 0x80, 0x80, 0x28, 0x00, 0x04, 0x40, 0xf7, 0x00, 0x00, 0x00, 0x00, 0x00,
    0x00, 0x00, 0x00, 0x00, 0xff, 0xff, 0xff, 0xff, 0x3c, 0x00, 0x00, 0x00, 0x00, 0x00, 0x00, 0x00,
    0xff, 0xff, 0xff, 0xff, 0xff, 0xff, 0xff, 0xff, 0x03, 0x00, 0x01, 0x7c, 0x80, 0x82, 0x80, 0x28,
    0x0c, 0x81, 0x80, 0x80, 0x28, 0x00, 0x08, 0xff, 0x81, 0x80, 0x28, 0x08, 0x81, 0x80, 0x80, 0x28,
    0x08, 0x8a, 0x80, 0x80, 0x28, 0x16, 0x80, 0x82, 0x80, 0x28, 0x10, 0x03, 0x00, 0x00, 0x00, 0x00,
    0x00, 0x00, 0x00, 0x00, 0x92, 0x8a, 0x80, 0x80, 0x28, 0x00, 0x22, 0x00, 0xff, 0xff, 0xff, 0xff,
    0x2c, 0x00, 0x00, 0x00, 0x00, 0x00, 0x00, 0x00, 0x70, 0x00, 0x00, 0x00, 0x00, 0x00, 0x00, 0x00,
    0x20, 0xfc, 0x00, 0x00, 0x00, 0x00, 0x00, 0x00, 0xe0, 0x0a, 0x00, 0x00, 0x00, 0x00, 0x00, 0x00,
    0x04, 0xb0, 0x0a, 0x00, 0x00, 0x09, 0x8a, 0x80, 0x80, 0x28, 0x82, 0x80, 0x80, 0x28, 0x00, 0x00,
    0x00, 0x00, 0x00, 0x00, 0x04, 0x2f, 0x08, 0x00, 0x14, 0x00, 0x00, 0x00, 0xc6, 0x00, 0x00, 0x00,
    0x04, 0x11, 0x08, 0x00, 0x11, 0x00, 0x00, 0x00, 0x00, 0x00, 0x00, 0x00, 0x04, 0x11, 0x08, 0x00,
    0x14, 0x00, 0x00, 0x00, 0x00, 0x00, 0x00, 0x00, 0x04, 0x12, 0x08, 0x00, 0x14, 0x00, 0x00, 0x00,
    0x00, 0x00, 0x00, 0x00, 0x04, 0x37, 0x04, 0x00, 0x80, 0x00, 0x00, 0x00, 0x04, 0x5a, 0x24, 0x00,
    0x8a, 0x9d, 0x22, 0xa4, 0xb1, 0x9d, 0x14, 0x6d, 0x00, 0xb4, 0x2a, 0xf3, 0xf7, 0x58, 0x03, 0x8e,
    0x0c, 0x07, 0x0a, 0x1b, 0xe2, 0xde, 0x8a, 0xd7, 0x52, 0x63, 0x87, 0x0c, 0xd7, 0x2b, 0x07, 0x00,
    0xcd, 0x2b, 0x00, 0x00, 0x04, 0x17, 0x0c, 0x00, 0x00, 0x00, 0x00, 0x00, 0x11, 0x00, 0x64, 0x00,
    0x00, 0xf0, 0x11, 0x00, 0x04, 0x17, 0x0c, 0x00, 0x00, 0x00, 0x00, 0x00, 0x10, 0x00, 0x60, 0x00,
    0x00, 0xf0, 0x11, 0x00, 0x04, 0x17, 0x0c, 0x00, 0x00, 0x00, 0x00, 0x00, 0x0f, 0x00, 0x5c, 0x00,
    0x00, 0xf0, 0x11, 0x00, 0x04, 0x17, 0x0c, 0x00, 0x00, 0x00, 0x00, 0x00, 0x0e, 0x00, 0x58, 0x00,
    0x00, 0xf0, 0x11, 0x00, 0x04, 0x17, 0x0c, 0x00, 0x00, 0x00, 0x00, 0x00, 0x0d, 0x00, 0x54, 0x00,
    0x00, 0xf0, 0x11, 0x00, 0x04, 0x17, 0x0c, 0x00, 0x00, 0x00, 0x00, 0x00, 0x0c, 0x00, 0x50, 0x00,
    0x00, 0xf0, 0x11, 0x00, 0x04, 0x17, 0x0c, 0x00, 0x00, 0x00, 0x00, 0x00, 0x0b, 0x00, 0x4c, 0x00,
    0x00, 0xf0, 0x11, 0x00, 0x04, 0x17, 0x0c, 0x00, 0x00, 0x00, 0x00, 0x00, 0x0a, 0x00, 0x48, 0x00,
    0x00, 0xf0, 0x11, 0x00, 0x04, 0x17, 0x0c, 0x00, 0x00, 0x00, 0x00, 0x00, 0x09, 0x00, 0x44, 0x00,
    0x00, 0xf0, 0x11, 0x00, 0x04, 0x17, 0x0c, 0x00, 0x00, 0x00, 0x00, 0x00, 0x08, 0x00, 0x40, 0x00,
    0x00, 0xf0, 0x11, 0x00, 0x04, 0x17, 0x0c, 0x00, 0x00, 0x00, 0x00, 0x00, 0x07, 0x00, 0x38, 0x00,
    0x00, 0xf0, 0x21, 0x00, 0x04, 0x17, 0x0c, 0x00, 0x00, 0x00, 0x00, 0x00, 0x06, 0x00, 0x30, 0x00,
    0x00, 0xf0, 0x21, 0x00, 0x04, 0x17, 0x0c, 0x00, 0x00, 0x00, 0x00, 0x00, 0x05, 0x00, 0x28, 0x00,
    0x00, 0xf0, 0x21, 0x00, 0x04, 0x17, 0x0c, 0x00, 0x00, 0x00, 0x00, 0x00, 0x04, 0x00, 0x20, 0x00,
    0x00, 0xf0, 0x21, 0x00, 0x04, 0x17, 0x0c, 0x00, 0x00, 0x00, 0x00, 0x00, 0x03, 0x00, 0x18, 0x00,
    0x00, 0xf0, 0x21, 0x00, 0x04, 0x17, 0x0c, 0x00, 0x00, 0x00, 0x00, 0x00, 0x02, 0x00, 0x10, 0x00,
    0x00, 0xf0, 0x21, 0x00, 0x04, 0x17, 0x0c, 0x00, 0x00, 0x00, 0x00, 0x00, 0x01, 0x00, 0x08, 0x00,
    0x00, 0xf0, 0x21, 0x00, 0x04, 0x17, 0x0c, 0x00, 0x00, 0x00, 0x00, 0x00, 0x00, 0x00, 0x00, 0x00,
    0x00, 0xf0, 0x21, 0x00, 0x03, 0x50, 0x00, 0x00, 0x03, 0x1b, 0xff, 0x00, 0x02, 0x4c, 0x01, 0x00,
    0x04, 0x29, 0x20, 0x00, 0xff, 0xff, 0xff, 0xff, 0xff, 0xff, 0xff, 0xff, 0xff, 0xff, 0xff, 0xff,
    0xff, 0xff, 0xff, 0xff, 0xff, 0xff, 0xff, 0xff, 0xff, 0xff, 0xff, 0xff, 0xff, 0xff, 0xff, 0xff,
    0xff, 0xff, 0xff, 0xff, 0x04, 0x28, 0x20, 0x00, 0x00, 0x5d, 0x00, 0x00, 0xd0, 0x5f, 0x00, 0x00,
    0x20, 0x60, 0x00, 0x00, 0x80, 0x60, 0x00, 0x00, 0x70, 0x84, 0x00, 0x00, 0x90, 0x84, 0x00, 0x00,
    0x90, 0x85, 0x00, 0x00, 0xb0, 0x85, 0x00, 0x00, 0x02, 0x4a, 0x00, 0x00, 0x04, 0x1c, 0x0c, 0x00,
    0xa0, 0xf8, 0x00, 0x00, 0xe0, 0xfb, 0x00, 0x00, 0x10, 0xfc, 0x00, 0x00, 0x04, 0x05, 0x0c, 0x00,
    0x80, 0x00, 0x00, 0x00, 0x01, 0x00, 0x00, 0x00, 0x01, 0x00, 0x00, 0x00, 0x04, 0x1e, 0x04, 0x00,
    0x00, 0x00, 0x00, 0x00, 0x00, 0x00, 0x00, 0x00, 0x2c, 0xfb, 0x00, 0x00, 0x00, 0x00, 0x00, 0x00,
    0x08, 0x00, 0x01, 0x00, 0x14, 0x00, 0x00, 0x00, 0x50, 0xfb, 0x00, 0x00, 0x00, 0x00, 0x00, 0x00,
    0xcc, 0xf9, 0x00, 0x00, 0x00, 0x00, 0x00, 0x00, 0x08, 0x00, 0x01, 0x00, 0x14, 0x00, 0x00, 0x00,
    0xf0, 0xf9, 0x00, 0x00, 0x00, 0x00, 0x00, 0x00, 0xac, 0xf7, 0x00, 0x00, 0x00, 0x00, 0x00, 0x00,
    0x08, 0x00, 0x01, 0x00, 0x14, 0x00, 0x00, 0x00, 0xd0, 0xf7, 0x00, 0x00, 0x00, 0x00, 0x00, 0x00,
    0x4c, 0xf6, 0x00, 0x00, 0x00, 0x00, 0x00, 0x00, 0x08, 0x00, 0x01, 0x00, 0x14, 0x00, 0x00, 0x00,
    0x70, 0xf6, 0x00, 0x00, 0x00, 0x00, 0x00, 0x00, 0x0c, 0xf4, 0x00, 0x00, 0x00, 0x00, 0x00, 0x00,
    0x08, 0x00, 0x01, 0x00, 0x14, 0x00, 0x00, 0x00, 0x30, 0xf4, 0x00, 0x00, 0x00, 0x00, 0x00, 0x00,
    0xac, 0xf2, 0x00, 0x00, 0x00, 0x00, 0x00, 0x00, 0x08, 0x00, 0x01, 0x00, 0x14, 0x00, 0x00, 0x00,
    0xd0, 0xf2, 0x00, 0x00, 0x00, 0x00, 0x00, 0x00, 0x6c, 0xf0, 0x00, 0x00, 0x00, 0x00, 0x00, 0x00,
    0x08, 0x00, 0x01, 0x00, 0x14, 0x00, 0x00, 0x00, 0x90, 0xf0, 0x00, 0x00, 0x00, 0x00, 0x00, 0x00,
    0x0c, 0xef, 0x00, 0x00, 0x00, 0x00, 0x00, 0x00, 0x08, 0x00, 0x01, 0x00, 0x14, 0x00, 0x00, 0x00,
    0x30, 0xef, 0x00, 0x00, 0x00, 0x00, 0x00, 0x00, 0xcc, 0xec, 0x00, 0x00, 0x00, 0x00, 0x00, 0x00,
    0x08, 0x00, 0x01, 0x00, 0x14, 0x00, 0x00, 0x00, 0xf0, 0xec, 0x00, 0x00, 0x00, 0x00, 0x00, 0x00,
    0x6c, 0xeb, 0x00, 0x00, 0x00, 0x00, 0x00, 0x00, 0x08, 0x00, 0x01, 0x00, 0x14, 0x00, 0x00, 0x00,
    0x90, 0xeb, 0x00, 0x00, 0x00, 0x00, 0x00, 0x00, 0x2c, 0xe9, 0x00, 0x00, 0x00, 0x00, 0x00, 0x00,
    0x08, 0x00, 0x01, 0x00, 0x14, 0x00, 0x00, 0x00, 0x50, 0xe9, 0x00, 0x00, 0x00, 0x00, 0x00, 0x00,
    0xcc, 0xe7, 0x00, 0x00, 0x00, 0x00, 0x00, 0x00, 0x08, 0x00, 0x01, 0x00, 0x14, 0x00, 0x00, 0x00,
    0xf0, 0xe7, 0x00, 0x00, 0x00, 0x00, 0x00, 0x00, 0x8c, 0xe5, 0x00, 0x00, 0x00, 0x00, 0x00, 0x00,
    0x08, 0x00, 0x01, 0x00, 0x14, 0x00, 0x00, 0x00, 0xb0, 0xe5, 0x00, 0x00, 0x00, 0x00, 0x00, 0x00,
    0x2c, 0xe4, 0x00, 0x00, 0x00, 0x00, 0x00, 0x00, 0x08, 0x00, 0x01, 0x00, 0x14, 0x00, 0x00, 0x00,
    0x50, 0xe4, 0x00, 0x00, 0x00, 0x00, 0x00, 0x00, 0xec, 0xe1, 0x00, 0x00, 0x00, 0x00, 0x00, 0x00,
    0x08, 0x00, 0x01, 0x00, 0x14, 0x00, 0x00, 0x00, 0x10, 0xe2, 0x00, 0x00, 0x00, 0x00, 0x00, 0x00,
    0x8c, 0xe0, 0x00, 0x00, 0x00, 0x00, 0x00, 0x00, 0x08, 0x00, 0x01, 0x00, 0x14, 0x00, 0x00, 0x00,
    0xb0, 0xe0, 0x00, 0x00, 0x00, 0x00, 0x00, 0x00, 0x4c, 0xde, 0x00, 0x00, 0x00, 0x00, 0x00, 0x00,
    0x08, 0x00, 0x01, 0x00, 0x14, 0x00, 0x00, 0x00, 0x70, 0xde, 0x00, 0x00, 0x00, 0x00, 0x00, 0x00,
    0xec, 0xdc, 0x00, 0x00, 0x00, 0x00, 0x00, 0x00, 0x08, 0x00, 0x01, 0x00, 0x14, 0x00, 0x00, 0x00,
    0x10, 0xdd, 0x00, 0x00, 0x00, 0x00, 0x00, 0x00, 0xac, 0xda, 0x00, 0x00, 0x00, 0x00, 0x00, 0x00,
    0x08, 0x00, 0x01, 0x00, 0x14, 0x00, 0x00, 0x00, 0xd0, 0xda, 0x00, 0x00, 0x00, 0x00, 0x00, 0x00,
    0x4c, 0xd9, 0x00, 0x00, 0x00, 0x00, 0x00, 0x00, 0x08, 0x00, 0x01, 0x00, 0x14, 0x00, 0x00, 0x00,
    0x70, 0xd9, 0x00, 0x00, 0x00, 0x00, 0x00, 0x00, 0x0c, 0xd7, 0x00, 0x00, 0x00, 0x00, 0x00, 0x00,
    0x08, 0x00, 0x01, 0x00, 0x14, 0x00, 0x00, 0x00, 0x30, 0xd7, 0x00, 0x00, 0x00, 0x00, 0x00, 0x00,
    0xac, 0xd5, 0x00, 0x00, 0x00, 0x00, 0x00, 0x00, 0x08, 0x00, 0x01, 0x00, 0x14, 0x00, 0x00, 0x00,
    0xd0, 0xd5, 0x00, 0x00, 0x00, 0x00, 0x00, 0x00, 0x6c, 0xd3, 0x00, 0x00, 0x00, 0x00, 0x00, 0x00,
    0x08, 0x00, 0x01, 0x00, 0x14, 0x00, 0x00, 0x00, 0x90, 0xd3, 0x00, 0x00, 0x00, 0x00, 0x00, 0x00,
    0x0c, 0xd2, 0x00, 0x00, 0x00, 0x00, 0x00, 0x00, 0x08, 0x00, 0x01, 0x00, 0x14, 0x00, 0x00, 0x00,
    0x30, 0xd2, 0x00, 0x00, 0x00, 0x00, 0x00, 0x00, 0xcc, 0xcf, 0x00, 0x00, 0x00, 0x00, 0x00, 0x00,
    0x08, 0x00, 0x01, 0x00, 0x14, 0x00, 0x00, 0x00, 0xf0, 0xcf, 0x00, 0x00, 0x00, 0x00, 0x00, 0x00,
    0x6c, 0xce, 0x00, 0x00, 0x00, 0x00, 0x00, 0x00, 0x08, 0x00, 0x01, 0x00, 0x14, 0x00, 0x00, 0x00,
    0x90, 0xce, 0x00, 0x00, 0x00, 0x00, 0x00, 0x00, 0x2c, 0xcc, 0x00, 0x00, 0x00, 0x00, 0x00, 0x00,
    0x08, 0x00, 0x01, 0x00, 0x14, 0x00, 0x00, 0x00, 0x50, 0xcc, 0x00, 0x00, 0x00, 0x00, 0x00, 0x00,
    0xcc, 0xca, 0x00, 0x00, 0x00, 0x00, 0x00, 0x00, 0x08, 0x00, 0x01, 0x00, 0x14, 0x00, 0x00, 0x00,
    0xf0, 0xca, 0x00, 0x00, 0x00, 0x00, 0x00, 0x00, 0x8c, 0xc8, 0x00, 0x00, 0x00, 0x00, 0x00, 0x00,
    0x08, 0x00, 0x01, 0x00, 0x14, 0x00, 0x00, 0x00, 0xb0, 0xc8, 0x00, 0x00, 0x00, 0x00, 0x00, 0x00,
    0x2c, 0xc7, 0x00, 0x00, 0x00, 0x00, 0x00, 0x00, 0x08, 0x00, 0x01, 0x00, 0x14, 0x00, 0x00, 0x00,
    0x50, 0xc7, 0x00, 0x00, 0x00, 0x00, 0x00, 0x00, 0xec, 0xc4, 0x00, 0x00, 0x00, 0x00, 0x00, 0x00,
    0x08, 0x00, 0x01, 0x00, 0x14, 0x00, 0x00, 0x00, 0x10, 0xc5, 0x00, 0x00, 0x00, 0x00, 0x00, 0x00,
    0x8c, 0xc3, 0x00, 0x00, 0x00, 0x00, 0x00, 0x00, 0x08, 0x00, 0x01, 0x00, 0x14, 0x00, 0x00, 0x00,
    0xb0, 0xc3, 0x00, 0x00, 0x00, 0x00, 0x00, 0x00, 0x4c, 0xc1, 0x00, 0x00, 0x00, 0x00, 0x00, 0x00,
    0x08, 0x00, 0x01, 0x00, 0x14, 0x00, 0x00, 0x00, 0x70, 0xc1, 0x00, 0x00, 0x00, 0x00, 0x00, 0x00,
    0xec, 0xbf, 0x00, 0x00, 0x00, 0x00, 0x00, 0x00, 0x08, 0x00, 0x01, 0x00, 0x14, 0x00, 0x00, 0x00,
    0x10, 0xc0, 0x00, 0x00, 0x00, 0x00, 0x00, 0x00, 0xac, 0xbd, 0x00, 0x00, 0x00, 0x00, 0x00, 0x00,
    0x08, 0x00, 0x01, 0x00, 0x14, 0x00, 0x00, 0x00, 0xd0, 0xbd, 0x00, 0x00, 0x00, 0x00, 0x00, 0x00,
    0x4c, 0xbc, 0x00, 0x00, 0x00, 0x00, 0x00, 0x00, 0x08, 0x00, 0x01, 0x00, 0x14, 0x00, 0x00, 0x00,
    0x70, 0xbc, 0x00, 0x00, 0x00, 0x00, 0x00, 0x00, 0x0c, 0xba, 0x00, 0x00, 0x00, 0x00, 0x00, 0x00,
    0x08, 0x00, 0x01, 0x00, 0x14, 0x00, 0x00, 0x00, 0x30, 0xba, 0x00, 0x00, 0x00, 0x00, 0x00, 0x00,
    0xac, 0xb8, 0x00, 0x00, 0x00, 0x00, 0x00, 0x00, 0x08, 0x00, 0x01, 0x00, 0x14, 0x00, 0x00, 0x00,
    0xd0, 0xb8, 0x00, 0x00, 0x00, 0x00, 0x00, 0x00, 0x6c, 0xb6, 0x00, 0x00, 0x00, 0x00, 0x00, 0x00,
    0x08, 0x00, 0x01, 0x00, 0x14, 0x00, 0x00, 0x00, 0x90, 0xb6, 0x00, 0x00, 0x00, 0x00, 0x00, 0x00,
    0x0c, 0xb5, 0x00, 0x00, 0x00, 0x00, 0x00, 0x00, 0x08, 0x00, 0x01, 0x00, 0x14, 0x00, 0x00, 0x00,
    0x30, 0xb5, 0x00, 0x00, 0x00, 0x00, 0x00, 0x00, 0xcc, 0xb2, 0x00, 0x00, 0x00, 0x00, 0x00, 0x00,
    0x08, 0x00, 0x01, 0x00, 0x14, 0x00, 0x00, 0x00, 0xf0, 0xb2, 0x00, 0x00, 0x00, 0x00, 0x00, 0x00,
    0x6c, 0xb1, 0x00, 0x00, 0x00, 0x00, 0x00, 0x00, 0x08, 0x00, 0x01, 0x00, 0x14, 0x00, 0x00, 0x00,
    0x90, 0xb1, 0x00, 0x00, 0x00, 0x00, 0x00, 0x00, 0x2c, 0xaf, 0x00, 0x00, 0x00, 0x00, 0x00, 0x00,
    0x08, 0x00, 0x01, 0x00, 0x14, 0x00, 0x00, 0x00, 0x50, 0xaf, 0x00, 0x00, 0x00, 0x00, 0x00, 0x00,
    0xcc, 0xad, 0x00, 0x00, 0x00, 0x00, 0x00, 0x00, 0x08, 0x00, 0x01, 0x00, 0x14, 0x00, 0x00, 0x00,
    0xf0, 0xad, 0x00, 0x00, 0x00, 0x00, 0x00, 0x00, 0x8c, 0xab, 0x00, 0x00, 0x00, 0x00, 0x00, 0x00,
    0x08, 0x00, 0x01, 0x00, 0x14, 0x00, 0x00, 0x00, 0xb0, 0xab, 0x00, 0x00, 0x00, 0x00, 0x00, 0x00,
    0x2c, 0xaa, 0x00, 0x00, 0x00, 0x00, 0x00, 0x00, 0x08, 0x00, 0x01, 0x00, 0x14, 0x00, 0x00, 0x00,
    0x50, 0xaa, 0x00, 0x00, 0x00, 0x00, 0x00, 0x00, 0xec, 0xa7, 0x00, 0x00, 0x00, 0x00, 0x00, 0x00,
    0x08, 0x00, 0x01, 0x00, 0x14, 0x00, 0x00, 0x00, 0x10, 0xa8, 0x00, 0x00, 0x00, 0x00, 0x00, 0x00,
    0x8c, 0xa6, 0x00, 0x00, 0x00, 0x00, 0x00, 0x00, 0x08, 0x00, 0x01, 0x00, 0x14, 0x00, 0x00, 0x00,
    0xb0, 0xa6, 0x00, 0x00, 0x00, 0x00, 0x00, 0x00, 0x4c, 0xa4, 0x00, 0x00, 0x00, 0x00, 0x00, 0x00,
    0x08, 0x00, 0x01, 0x00, 0x14, 0x00, 0x00, 0x00, 0x70, 0xa4, 0x00, 0x00, 0x00, 0x00, 0x00, 0x00,
    0xec, 0xa2, 0x00, 0x00, 0x00, 0x00, 0x00, 0x00, 0x08, 0x00, 0x01, 0x00, 0x14, 0x00, 0x00, 0x00,
    0x10, 0xa3, 0x00, 0x00, 0x00, 0x00, 0x00, 0x00, 0xac, 0xa0, 0x00, 0x00, 0x00, 0x00, 0x00, 0x00,
    0x08, 0x00, 0x01, 0x00, 0x14, 0x00, 0x00, 0x00, 0xd0, 0xa0, 0x00, 0x00, 0x00, 0x00, 0x00, 0x00,
    0x4c, 0x9f, 0x00, 0x00, 0x00, 0x00, 0x00, 0x00, 0x08, 0x00, 0x01, 0x00, 0x14, 0x00, 0x00, 0x00,
    0x70, 0x9f, 0x00, 0x00, 0x00, 0x00, 0x00, 0x00, 0x0c, 0x9d, 0x00, 0x00, 0x00, 0x00, 0x00, 0x00,
    0x08, 0x00, 0x01, 0x00, 0x14, 0x00, 0x00, 0x00, 0x30, 0x9d, 0x00, 0x00, 0x00, 0x00, 0x00, 0x00,
    0xac, 0x9b, 0x00, 0x00, 0x00, 0x00, 0x00, 0x00, 0x08, 0x00, 0x01, 0x00, 0x14, 0x00, 0x00, 0x00,
    0xd0, 0x9b, 0x00, 0x00, 0x00, 0x00, 0x00, 0x00, 0x6c, 0x99, 0x00, 0x00, 0x00, 0x00, 0x00, 0x00,
    0x08, 0x00, 0x01, 0x00, 0x14, 0x00, 0x00, 0x00, 0x90, 0x99, 0x00, 0x00, 0x00, 0x00, 0x00, 0x00,
    0x0c, 0x98, 0x00, 0x00, 0x00, 0x00, 0x00, 0x00, 0x08, 0x00, 0x01, 0x00, 0x14, 0x00, 0x00, 0x00,
    0x30, 0x98, 0x00, 0x00, 0x00, 0x00, 0x00, 0x00, 0xcc, 0x95, 0x00, 0x00, 0x00, 0x00, 0x00, 0x00,
    0x08, 0x00, 0x01, 0x00, 0x14, 0x00, 0x00, 0x00, 0xf0, 0x95, 0x00, 0x00, 0x00, 0x00, 0x00, 0x00,
    0x6c, 0x94, 0x00, 0x00, 0x00, 0x00, 0x00, 0x00, 0x08, 0x00, 0x01, 0x00, 0x14, 0x00, 0x00, 0x00,
    0x90, 0x94, 0x00, 0x00, 0x00, 0x00, 0x00, 0x00, 0x2c, 0x92, 0x00, 0x00, 0x00, 0x00, 0x00, 0x00,
    0x08, 0x00, 0x01, 0x00, 0x14, 0x00, 0x00, 0x00, 0x50, 0x92, 0x00, 0x00, 0x00, 0x00, 0x00, 0x00,
    0xcc, 0x90, 0x00, 0x00, 0x00, 0x00, 0x00, 0x00, 0x08, 0x00, 0x01, 0x00, 0x14, 0x00, 0x00, 0x00,
    0xf0, 0x90, 0x00, 0x00, 0x00, 0x00, 0x00, 0x00, 0x8c, 0x8e, 0x00, 0x00, 0x00, 0x00, 0x00, 0x00,
    0x08, 0x00, 0x01, 0x00, 0x14, 0x00, 0x00, 0x00, 0xb0, 0x8e, 0x00, 0x00, 0x00, 0x00, 0x00, 0x00,
    0x2c, 0x8d, 0x00, 0x00, 0x00, 0x00, 0x00, 0x00, 0x08, 0x00, 0x01, 0x00, 0x14, 0x00, 0x00, 0x00,
    0x50, 0x8d, 0x00, 0x00, 0x00, 0x00, 0x00, 0x00, 0xcc, 0x8a, 0x00, 0x00, 0x00, 0x00, 0x00, 0x00,
    0x08, 0x00, 0x01, 0x00, 0x14, 0x00, 0x00, 0x00, 0xf0, 0x8a, 0x00, 0x00, 0x00, 0x00, 0x00, 0x00,
    0x6c, 0x89, 0x00, 0x00, 0x00, 0x00, 0x00, 0x00, 0x08, 0x00, 0x01, 0x00, 0x14, 0x00, 0x00, 0x00,
    0x90, 0x89, 0x00, 0x00, 0x00, 0x00, 0x00, 0x00, 0x8c, 0x13, 0x00, 0x00, 0x00, 0x00, 0x00, 0x00,
    0x03, 0x00, 0x01, 0x00, 0x10, 0x00, 0x00, 0x00, 0x00, 0x00, 0x00, 0x00, 0x00, 0x00, 0x00, 0x00,
    0x48, 0x00, 0x00, 0x00, 0x00, 0x00, 0x00, 0x00, 0x02, 0x00, 0x01, 0x00, 0x0f, 0x00, 0x00, 0x00,
    0x00, 0x00, 0x00, 0x00, 0x00, 0x00, 0x00, 0x00, 0x40, 0x00, 0x00, 0x00, 0x00, 0x00, 0x00, 0x00,
    0x02, 0x00, 0x01, 0x00, 0x0e, 0x00, 0x00, 0x00, 0x00, 0x00, 0x00, 0x00, 0x00, 0x00, 0x00, 0x00,
    0x38, 0x00, 0x00, 0x00, 0x00, 0x00, 0x00, 0x00, 0x02, 0x00, 0x01, 0x00, 0x0d, 0x00, 0x00, 0x00,
    0x00, 0x00, 0x00, 0x00, 0x00, 0x00, 0x00, 0x00, 0x30, 0x00, 0x00, 0x00, 0x00, 0x00, 0x00, 0x00,
    0x02, 0x00, 0x01, 0x00, 0x0c, 0x00, 0x00, 0x00, 0x00, 0x00, 0x00, 0x00, 0x00, 0x00, 0x00, 0x00,
    0x28, 0x00, 0x00, 0x00, 0x00, 0x00, 0x00, 0x00, 0x02, 0x00, 0x01, 0x00, 0x0b, 0x00, 0x00, 0x00,
    0x00, 0x00, 0x00, 0x00, 0x00, 0x00, 0x00, 0x00, 0x20, 0x00, 0x00, 0x00, 0x00, 0x00, 0x00, 0x00,
    0x02, 0x00, 0x01, 0x00, 0x0a, 0x00, 0x00, 0x00, 0x00, 0x00, 0x00, 0x00, 0x00, 0x00, 0x00, 0x00,
    0x18, 0x00, 0x00, 0x00, 0x00, 0x00, 0x00, 0x00, 0x02, 0x00, 0x01, 0x00, 0x09, 0x00, 0x00, 0x00,
    0x00, 0x00, 0x00, 0x00, 0x00, 0x00, 0x00, 0x00, 0x10, 0x00, 0x00, 0x00, 0x00, 0x00, 0x00, 0x00,
    0x02, 0x00, 0x01, 0x00, 0x08, 0x00, 0x00, 0x00, 0x00, 0x00, 0x00, 0x00, 0x00, 0x00, 0x00, 0x00,
    0x08, 0x00, 0x00, 0x00, 0x00, 0x00, 0x00, 0x00, 0x02, 0x00, 0x01, 0x00, 0x07, 0x00, 0x00, 0x00,
    0x00, 0x00, 0x00, 0x00, 0x00, 0x00, 0x00, 0x00, 0x00, 0x00, 0x00, 0x00, 0x00, 0x00, 0x00, 0x00,
    0x02, 0x00, 0x01, 0x00, 0x05, 0x00, 0x00, 0x00, 0x00, 0x00, 0x00, 0x00, 0x00, 0x00, 0x00, 0x00,
    0xcc, 0x00, 0x00, 0x00, 0x00, 0x00, 0x00, 0x00, 0x3d, 0x00, 0x01, 0x00, 0x14, 0x00, 0x00, 0x00,
    0x20, 0xfc, 0x00, 0x00, 0x00, 0x00, 0x00, 0x00, 0x44, 0x00, 0x00, 0x00, 0x00, 0x00, 0x00, 0x00,
    0x3d, 0x00, 0x01, 0x00, 0x14, 0x00, 0x00, 0x00, 0x00, 0x00, 0x00, 0x00, 0x00, 0x00, 0x00, 0x00,
    0xa8, 0x00, 0x00, 0x00, 0x00, 0x00, 0x00, 0x00, 0x3d, 0x00, 0x01, 0x00, 0x14, 0x00, 0x00, 0x00,
    0x00, 0x00, 0x00, 0x00, 0x00, 0x00, 0x00, 0x00, 0x00, 0x00, 0x00, 0x00, 0x00, 0x00, 0x00, 0x00,
    0x00, 0x00, 0x00, 0x00, 0x00, 0x00, 0x00, 0x00, 0x00, 0x00, 0x00, 0x00, 0x00, 0x00, 0x00, 0x00,
    0x51, 0x00, 0x00, 0x00, 0x03, 0x00, 0x14, 0x00, 0x00, 0x00, 0x00, 0x00, 0x00, 0x00, 0x00, 0x00,
    0x00, 0x00, 0x00, 0x00, 0x00, 0x00, 0x00, 0x00, 0x95, 0x00, 0x00, 0x00, 0x21, 0x00, 0x00, 0x00,
    0x00, 0x00, 0x00, 0x00, 0x00, 0x00, 0x00, 0x00, 0x04, 0x00, 0x00, 0x00, 0x00, 0x00, 0x00, 0x00,
    0xc4, 0x00, 0x00, 0x00, 0x20, 0xa0, 0x1c, 0x00, 0x00, 0x00, 0x00, 0x00, 0x00, 0x00, 0x00, 0x00,
    0x00, 0x00, 0x00, 0x00, 0x00, 0x00, 0x00, 0x00, 0xe5, 0x00, 0x00, 0x00, 0x03, 0x00, 0x12, 0x00,
    0x00, 0x00, 0x00, 0x00, 0x00, 0x00, 0x00, 0x00, 0x00, 0x00, 0x00, 0x00, 0x00, 0x00, 0x00, 0x00,
    0xf0, 0x00, 0x00, 0x00, 0x0d, 0x20, 0x12, 0x00, 0x01, 0x00, 0x00, 0x00, 0x00, 0x00, 0x00, 0x00,
    0x01, 0x00, 0x00, 0x00, 0x00, 0x00, 0x00, 0x00, 0x70, 0x01, 0x00, 0x00, 0x03, 0x00, 0x1b, 0x00,
    0x00, 0x00, 0x00, 0x00, 0x00, 0x00, 0x00, 0x00, 0x00, 0x00, 0x00, 0x00, 0x00, 0x00, 0x00, 0x00,
    0x81, 0x01, 0x00, 0x00, 0x0d, 0x20, 0x12, 0x00, 0x06, 0x00, 0x00, 0x00, 0x00, 0x00, 0x00, 0x00,
    0x01, 0x00, 0x00, 0x00, 0x00, 0x00, 0x00, 0x00, 0xff, 0x01, 0x00, 0x00, 0x0d, 0x20, 0x12, 0x00,
    0x03, 0x00, 0x00, 0x00, 0x00, 0x00, 0x00, 0x00, 0x01, 0x00, 0x00, 0x00, 0x00, 0x00, 0x00, 0x00,
    0x80, 0x02, 0x00, 0x00, 0x0d, 0x20, 0x12, 0x00, 0x08, 0x00, 0x00, 0x00, 0x00, 0x00, 0x00, 0x00,
    0x01, 0x00, 0x00, 0x00, 0x00, 0x00, 0x00, 0x00, 0xff, 0x02, 0x00, 0x00, 0x0d, 0x20, 0x12, 0x00,
    0x02, 0x00, 0x00, 0x00, 0x00, 0x00, 0x00, 0x00, 0x01, 0x00, 0x00, 0x00, 0x00, 0x00, 0x00, 0x00,
    0x88, 0x03, 0x00, 0x00, 0x0d, 0x20, 0x12, 0x00, 0x07, 0x00, 0x00, 0x00, 0x00, 0x00, 0x00, 0x00,
    0x01, 0x00, 0x00, 0x00, 0x00, 0x00, 0x00, 0x00, 0x05, 0x04, 0x00, 0x00, 0x0d, 0x20, 0x12, 0x00,
    0x04, 0x00, 0x00, 0x00, 0x00, 0x00, 0x00, 0x00, 0x01, 0x00, 0x00, 0x00, 0x00, 0x00, 0x00, 0x00,
    0x8b, 0x04, 0x00, 0x00, 0x0d, 0x20, 0x12, 0x00, 0x09, 0x00, 0x00, 0x00, 0x00, 0x00, 0x00, 0x00,
    0x01, 0x00, 0x00, 0x00, 0x00, 0x00, 0x00, 0x00, 0x16, 0x05, 0x00, 0x00, 0x0d, 0x20, 0x12, 0x00,
    0x00, 0x00, 0x00, 0x00, 0x00, 0x00, 0x00, 0x00, 0x01, 0x00, 0x00, 0x00, 0x00, 0x00, 0x00, 0x00,
    0x8a, 0x05, 0x00, 0x00, 0x0d, 0x20, 0x12, 0x00, 0x05, 0x00, 0x00, 0x00, 0x00, 0x00, 0x00, 0x00,
    0x01, 0x00, 0x00, 0x00, 0x00, 0x00, 0x00, 0x00, 0xf8, 0x05, 0x00, 0x00, 0x21, 0x00, 0x00, 0x00,
    0x00, 0x00, 0x00, 0x00, 0x00, 0x00, 0x00, 0x00, 0x04, 0x00, 0x00, 0x00, 0x00, 0x00, 0x00, 0x00,
    0x18, 0x06, 0x00, 0x00, 0x22, 0x00, 0x14, 0x00, 0x20, 0xfc, 0x00, 0x00, 0x00, 0x00, 0x00, 0x00,
    0xe0, 0x0a, 0x00, 0x00, 0x00, 0x00, 0x00, 0x00, 0x7e, 0x06, 0x00, 0x00, 0x03, 0x00, 0x15, 0x00,
    0x00, 0x00, 0x00, 0x00, 0x00, 0x00, 0x00, 0x00, 0x00, 0x00, 0x00, 0x00, 0x00, 0x00, 0x00, 0x00,
    0xd9, 0x06, 0x00, 0x00, 0x03, 0x00, 0x0a, 0x00, 0x00, 0x00, 0x00, 0x00, 0x00, 0x00, 0x00, 0x00,
    0x00, 0x00, 0x00, 0x00, 0x00, 0x00, 0x00, 0x00, 0xf5, 0x06, 0x00, 0x00, 0x12, 0x10, 0x14, 0x00,
    0x00, 0x00, 0x00, 0x00, 0x00, 0x00, 0x00, 0x00, 0x00, 0x07, 0x01, 0x00, 0x00, 0x00, 0x00, 0x00,
    0x00, 0x00, 0x00, 0x00, 0x00, 0x00, 0x00, 0x00, 0x00, 0x00, 0x00, 0x00, 0x00, 0x00, 0x00, 0x00,
    0x00, 0x00, 0x00, 0x00, 0x00, 0x00, 0x00, 0x00, 0x00, 0x00, 0x00, 0x00, 0x00, 0x00, 0x00, 0x00,
    0x00, 0x00, 0x00, 0x00, 0x00, 0x00, 0x00, 0x00, 0x00, 0x00, 0x00, 0x00, 0x00, 0x00, 0x00, 0x00,
    0x00, 0x00, 0x00, 0x00, 0x00, 0x00, 0x00, 0x00, 0x00, 0x00, 0x00, 0x00, 0x00, 0x00, 0x00, 0x00,
    0x01, 0x00, 0x00, 0x00, 0x03, 0x00, 0x00, 0x00, 0x00, 0x00, 0x00, 0x00, 0x00, 0x00, 0x00, 0x00,
    0x00, 0x00, 0x00, 0x00, 0x00, 0x00, 0x00, 0x00, 0x40, 0x00, 0x00, 0x00, 0x00, 0x00, 0x00, 0x00,
    0x9a, 0x02, 0x00, 0x00, 0x00, 0x00, 0x00, 0x00, 0x00, 0x00, 0x00, 0x00, 0x00, 0x00, 0x00, 0x00,
    0x01, 0x00, 0x00, 0x00, 0x00, 0x00, 0x00, 0x00, 0x00, 0x00, 0x00, 0x00, 0x00, 0x00, 0x00, 0x00,
    0x0b, 0x00, 0x00, 0x00, 0x03, 0x00, 0x00, 0x00, 0x00, 0x00, 0x00, 0x00, 0x00, 0x00, 0x00, 0x00,
    0x00, 0x00, 0x00, 0x00, 0x00, 0x00, 0x00, 0x00, 0xfe, 0x02, 0x00, 0x00, 0x00, 0x00, 0x00, 0x00,
    0x2d, 0x07, 0x00, 0x00, 0x00, 0x00, 0x00, 0x00, 0x00, 0x00, 0x00, 0x00, 0x00, 0x00, 0x00, 0x00,
    0x01, 0x00, 0x00, 0x00, 0x00, 0x00, 0x00, 0x00, 0x00, 0x00, 0x00, 0x00, 0x00, 0x00, 0x00, 0x00,
    0x13, 0x00, 0x00, 0x00, 0x02, 0x00, 0x00, 0x00, 0x00, 0x00, 0x00, 0x00, 0x00, 0x00, 0x00, 0x00,
    0x00, 0x00, 0x00, 0x00, 0x00, 0x00, 0x00, 0x00, 0x48, 0x0a, 0x00, 0x00, 0x00, 0x00, 0x00, 0x00,
    0x10, 0x02, 0x00, 0x00, 0x00, 0x00, 0x00, 0x00, 0x02, 0x00, 0x00, 0x00, 0x14, 0x00, 0x00, 0x00,
    0x08, 0x00, 0x00, 0x00, 0x00, 0x00, 0x00, 0x00, 0x18, 0x00, 0x00, 0x00, 0x00, 0x00, 0x00, 0x00,
    0x03, 0x01, 0x00, 0x00, 0x01, 0x00, 0x00, 0x00, 0x00, 0x00, 0x00, 0x00, 0x00, 0x00, 0x00, 0x00,
    0x00, 0x00, 0x00, 0x00, 0x00, 0x00, 0x00, 0x00, 0x58, 0x0c, 0x00, 0x00, 0x00, 0x00, 0x00, 0x00,
    0xe8, 0x00, 0x00, 0x00, 0x00, 0x00, 0x00, 0x00, 0x00, 0x00, 0x00, 0x00, 0x00, 0x00, 0x00, 0x00,
    0x01, 0x00, 0x00, 0x00, 0x00, 0x00, 0x00, 0x00, 0x00, 0x00, 0x00, 0x00, 0x00, 0x00, 0x00, 0x00,
    0x29, 0x00, 0x00, 0x00, 0x07, 0x00, 0x00, 0x00, 0x00, 0x00, 0x00, 0x02, 0x00, 0x00, 0x00, 0x00,
    0x00, 0x00, 0x00, 0x00, 0x00, 0x00, 0x00, 0x00, 0x40, 0x0d, 0x00, 0x00, 0x00, 0x00, 0x00, 0x00,
    0xa4, 0x00, 0x00, 0x00, 0x00, 0x00, 0x00, 0x00, 0x00, 0x00, 0x00, 0x00, 0x00, 0x00, 0x00, 0x00,
    0x04, 0x00, 0x00, 0x00, 0x00, 0x00, 0x00, 0x00, 0x00, 0x00, 0x00, 0x00, 0x00, 0x00, 0x00, 0x00,
    0x39, 0x00, 0x00, 0x00, 0x07, 0x00, 0x00, 0x00, 0x40, 0x00, 0x00, 0x01, 0x00, 0x00, 0x00, 0x00,
    0x00, 0x00, 0x00, 0x00, 0x00, 0x00, 0x00, 0x00, 0xe4, 0x0d, 0x00, 0x00, 0x00, 0x00, 0x00, 0x00,
    0x24, 0x00, 0x00, 0x00, 0x00, 0x00, 0x00, 0x00, 0x05, 0x00, 0x00, 0x00, 0x09, 0x00, 0x00, 0x00,
    0x04, 0x00, 0x00, 0x00, 0x00, 0x00, 0x00, 0x00, 0x00, 0x00, 0x00, 0x00, 0x00, 0x00, 0x00, 0x00,
    0x48, 0x00, 0x00, 0x00, 0x00, 0x00, 0x00, 0x70, 0x00, 0x00, 0x00, 0x00, 0x00, 0x00, 0x00, 0x00,
    0x00, 0x00, 0x00, 0x00, 0x00, 0x00, 0x00, 0x00, 0x08, 0x0e, 0x00, 0x00, 0x00, 0x00, 0x00, 0x00,
    0x30, 0x00, 0x00, 0x00, 0x00, 0x00, 0x00, 0x00, 0x03, 0x00, 0x00, 0x00, 0x00, 0x00, 0x00, 0x00,
    0x04, 0x00, 0x00, 0x00, 0x00, 0x00, 0x00, 0x00, 0x00, 0x00, 0x00, 0x00, 0x00, 0x00, 0x00, 0x00,
    0x65, 0x00, 0x00, 0x00, 0x00, 0x00, 0x00, 0x70, 0x40, 0x00, 0x00, 0x00, 0x00, 0x00, 0x00, 0x00,
    0x00, 0x00, 0x00, 0x00, 0x00, 0x00, 0x00, 0x00, 0x38, 0x0e, 0x00, 0x00, 0x00, 0x00, 0x00, 0x00,
    0xc0, 0x01, 0x00, 0x00, 0x00, 0x00, 0x00, 0x00, 0x03, 0x00, 0x00, 0x00, 0x0f, 0x00, 0x00, 0x00,
    0x04, 0x00, 0x00, 0x00, 0x00, 0x00, 0x00, 0x00, 0x00, 0x00, 0x00, 0x00, 0x00, 0x00, 0x00, 0x00,
    0xc7, 0x00, 0x00, 0x00, 0x86, 0x00, 0x00, 0x70, 0x00, 0x00, 0x00, 0x00, 0x00, 0x00, 0x00, 0x00,
    0x00, 0x00, 0x00, 0x00, 0x00, 0x00, 0x00, 0x00, 0xf8, 0x0f, 0x00, 0x00, 0x00, 0x00, 0x00, 0x00,
    0x10, 0x00, 0x00, 0x00, 0x00, 0x00, 0x00, 0x00, 0x00, 0x00, 0x00, 0x00, 0x00, 0x00, 0x00, 0x00,
    0x04, 0x00, 0x00, 0x00, 0x00, 0x00, 0x00, 0x00, 0x00, 0x00, 0x00, 0x00, 0x00, 0x00, 0x00, 0x00,
    0x5e, 0x01, 0x00, 0x00, 0x01, 0x00, 0x00, 0x70, 0x00, 0x00, 0x00, 0x00, 0x00, 0x00, 0x00, 0x00,
    0x00, 0x00, 0x00, 0x00, 0x00, 0x00, 0x00, 0x00, 0x08, 0x10, 0x00, 0x00, 0x00, 0x00, 0x00, 0x00,
    0x20, 0x00, 0x00, 0x00, 0x00, 0x00, 0x00, 0x00, 0x03, 0x00, 0x00, 0x00, 0x00, 0x00, 0x00, 0x00,
    0x04, 0x00, 0x00, 0x00, 0x00, 0x00, 0x00, 0x00, 0x08, 0x00, 0x00, 0x00, 0x00, 0x00, 0x00, 0x00,
    0xea, 0x00, 0x00, 0x00, 0x04, 0x00, 0x00, 0x00, 0x40, 0x00, 0x00, 0x00, 0x00, 0x00, 0x00, 0x00,
    0x00, 0x00, 0x00, 0x00, 0x00, 0x00, 0x00, 0x00, 0x28, 0x10, 0x00, 0x00, 0x00, 0x00, 0x00, 0x00,
    0x00, 0x00, 0x00, 0x00, 0x00, 0x00, 0x00, 0x00, 0x03, 0x00, 0x00, 0x00, 0x0f, 0x00, 0x00, 0x00,
    0x08, 0x00, 0x00, 0x00, 0x00, 0x00, 0x00, 0x00, 0x18, 0x00, 0x00, 0x00, 0x00, 0x00, 0x00, 0x00,
    0x25, 0x01, 0x00, 0x00, 0x04, 0x00, 0x00, 0x00, 0x40, 0x00, 0x00, 0x00, 0x00, 0x00, 0x00, 0x00,
    0x00, 0x00, 0x00, 0x00, 0x00, 0x00, 0x00, 0x00, 0x28, 0x10, 0x00, 0x00, 0x00, 0x00, 0x00, 0x00,
    0xf0, 0x00, 0x00, 0x00, 0x00, 0x00, 0x00, 0x00, 0x03, 0x00, 0x00, 0x00, 0x0e, 0x00, 0x00, 0x00,
    0x08, 0x00, 0x00, 0x00, 0x00, 0x00, 0x00, 0x00, 0x18, 0x00, 0x00, 0x00, 0x00, 0x00, 0x00, 0x00,
    0x4c, 0x01, 0x00, 0x00, 0x04, 0x00, 0x00, 0x00, 0x40, 0x00, 0x00, 0x00, 0x00, 0x00, 0x00, 0x00,
    0x00, 0x00, 0x00, 0x00, 0x00, 0x00, 0x00, 0x00, 0x18, 0x11, 0x00, 0x00, 0x00, 0x00, 0x00, 0x00,
    0x48, 0x00, 0x00, 0x00, 0x00, 0x00, 0x00, 0x00, 0x03, 0x00, 0x00, 0x00, 0x04, 0x00, 0x00, 0x00,
    0x08, 0x00, 0x00, 0x00, 0x00, 0x00, 0x00, 0x00, 0x18, 0x00, 0x00, 0x00, 0x00, 0x00, 0x00, 0x00,
    0xb6, 0x00, 0x00, 0x00, 0x01, 0x00, 0x00, 0x00, 0x02, 0x00, 0x00, 0x00, 0x00, 0x00, 0x00, 0x00,
    0x00, 0x00, 0x00, 0x00, 0x00, 0x00, 0x00, 0x00, 0x60, 0x11, 0x00, 0x00, 0x00, 0x00, 0x00, 0x00,
    0x50, 0x00, 0x00, 0x00, 0x00, 0x00, 0x00, 0x00, 0x00, 0x00, 0x00, 0x00, 0x00, 0x00, 0x00, 0x00,
    0x08, 0x00, 0x00, 0x00, 0x00, 0x00, 0x00, 0x00, 0x00, 0x00, 0x00, 0x00, 0x00, 0x00, 0x00, 0x00,
    0x51, 0x00, 0x00, 0x00, 0x01, 0x00, 0x00, 0x00, 0x06, 0x00, 0x00, 0x00, 0x00, 0x00, 0x00, 0x00,
    0x00, 0x00, 0x00, 0x00, 0x00, 0x00, 0x00, 0x00, 0x00, 0x12, 0x00, 0x00, 0x00, 0x00, 0x00, 0x00,
    0x00, 0xb2, 0x00, 0x00, 0x00, 0x00, 0x00, 0x00, 0x03, 0x00, 0x00, 0x00, 0x14, 0x00, 0x00, 0x00,
    0x80, 0x00, 0x00, 0x00, 0x00, 0x00, 0x00, 0x00, 0x00, 0x00, 0x00, 0x00, 0x00, 0x00, 0x00, 0x00,
    0x7c, 0x00, 0x00, 0x00, 0x08, 0x00, 0x00, 0x00, 0x43, 0x00, 0x00, 0x00, 0x00, 0x00, 0x00, 0x00,
    0x00, 0x00, 0x00, 0x00, 0x00, 0x00, 0x00, 0x00, 0x00, 0xc4, 0x00, 0x00, 0x00, 0x00, 0x00, 0x00,
    0x00, 0x04, 0x00, 0x00, 0x00, 0x00, 0x00, 0x00, 0x00, 0x00, 0x00, 0x00, 0x0f, 0x00, 0x00, 0x00,
    0x00, 0x04, 0x00, 0x00, 0x00, 0x00, 0x00, 0x00, 0x00, 0x00, 0x00, 0x00, 0x00, 0x00, 0x00, 0x00,
    0x95, 0x00, 0x00, 0x00, 0x08, 0x00, 0x00, 0x00, 0x03, 0x00, 0x00, 0x00, 0x00, 0x00, 0x00, 0x00,
    0x00, 0x00, 0x00, 0x00, 0x00, 0x00, 0x00, 0x00, 0x00, 0xc4, 0x00, 0x00, 0x00, 0x00, 0x00, 0x00,
    0x40, 0x00, 0x00, 0x00, 0x00, 0x00, 0x00, 0x00, 0x00, 0x00, 0x00, 0x00, 0x00, 0x00, 0x00, 0x00,
    0x01, 0x00, 0x00, 0x00, 0x00, 0x00, 0x00, 0x00, 0x00, 0x00, 0x00, 0x00, 0x00, 0x00, 0x00, 0x00,
    0xab, 0x00, 0x00, 0x00, 0x08, 0x00, 0x00, 0x00, 0x03, 0x00, 0x00, 0x00, 0x00, 0x00, 0x00, 0x00,
    0x00, 0x00, 0x00, 0x00, 0x00, 0x00, 0x00, 0x00, 0x00, 0xc4, 0x00, 0x00, 0x00, 0x00, 0x00, 0x00,
    0x0a, 0x00, 0x00, 0x00, 0x00, 0x00, 0x00, 0x00, 0x00, 0x00, 0x00, 0x00, 0x00, 0x00, 0x00, 0x00,
    0x01, 0x00, 0x00, 0x00, 0x00, 0x00, 0x00, 0x00, 0x00, 0x00, 0x00, 0x00, 0x00, 0x00, 0x00, 0x00,
    0x7a, 0x01, 0x00, 0x00, 0x01, 0x00, 0x00, 0x00, 0x42, 0x00, 0x00, 0x00, 0x00, 0x00, 0x00, 0x00,
    0x00, 0x00, 0x00, 0x00, 0x00, 0x00, 0x00, 0x00, 0x00, 0xc4, 0x00, 0x00, 0x00, 0x00, 0x00, 0x00,
    0xe8, 0x03, 0x00, 0x00, 0x00, 0x00, 0x00, 0x00, 0x00, 0x00, 0x00, 0x00, 0x0f, 0x00, 0x00, 0x00,
    0x04, 0x00, 0x00, 0x00, 0x00, 0x00, 0x00, 0x00, 0x00, 0x00, 0x00, 0x00, 0x00, 0x00, 0x00, 0x00,
    0x96, 0x01, 0x00, 0x00, 0x16, 0x00, 0x00, 0x70, 0x00, 0x00, 0x00, 0x10, 0x00, 0x00, 0x00, 0x00,
    0x00, 0x00, 0x00, 0x00, 0x00, 0x00, 0x00, 0x00, 0xf0, 0xc7, 0x00, 0x00, 0x00, 0x00, 0x00, 0x00,
    0x74, 0x25, 0x00, 0x00, 0x00, 0x00, 0x00, 0x00, 0x1d, 0x00, 0x00, 0x00, 0x14, 0x00, 0x00, 0x00,
    0x10, 0x00, 0x00, 0x00, 0x00, 0x00, 0x00, 0x00, 0x00, 0x00, 0x00, 0x00, 0x00, 0x00, 0x00, 0x00,
    0xb5, 0x01, 0x00, 0x00, 0x01, 0x00, 0x00, 0x00, 0x00, 0x00, 0x00, 0x10, 0x00, 0x00, 0x00, 0x00,
    0x00, 0x00, 0x00, 0x00, 0x00, 0x00, 0x00, 0x00, 0x64, 0xed, 0x00, 0x00, 0x00, 0x00, 0x00, 0x00,
    0xf0, 0x00, 0x00, 0x00, 0x00, 0x00, 0x00, 0x00, 0x00, 0x00, 0x00, 0x00, 0x00, 0x00, 0x00, 0x00,
    0x01, 0x00, 0x00, 0x00, 0x00, 0x00, 0x00, 0x00, 0x00, 0x00, 0x00, 0x00, 0x00, 0x00, 0x00, 0x00,
    0xca, 0x01, 0x00, 0x00, 0x83, 0x00, 0x00, 0x70, 0x00, 0x00, 0x00, 0x10, 0x00, 0x00, 0x00, 0x00,
    0x00, 0x00, 0x00, 0x00, 0x00, 0x00, 0x00, 0x00, 0x54, 0xee, 0x00, 0x00, 0x00, 0x00, 0x00, 0x00,
    0x30, 0x00, 0x00, 0x00, 0x00, 0x00, 0x00, 0x00, 0x1d, 0x00, 0x00, 0x00, 0x00, 0x00, 0x00, 0x00,
    0x04, 0x00, 0x00, 0x00, 0x00, 0x00, 0x00, 0x00, 0x00, 0x00, 0x00, 0x00, 0x00, 0x00, 0x00, 0x00,
    0xdb, 0x01, 0x00, 0x00, 0x83, 0x00, 0x00, 0x70, 0x40, 0x00, 0x00, 0x10, 0x00, 0x00, 0x00, 0x00,
    0x00, 0x00, 0x00, 0x00, 0x00, 0x00, 0x00, 0x00, 0x84, 0xee, 0x00, 0x00, 0x00, 0x00, 0x00, 0x00,
    0xd0, 0x01, 0x00, 0x00, 0x00, 0x00, 0x00, 0x00, 0x1d, 0x00, 0x00, 0x00, 0x14, 0x00, 0x00, 0x00,
    0x04, 0x00, 0x00, 0x00, 0x00, 0x00, 0x00, 0x00, 0x00, 0x00, 0x00, 0x00, 0x00, 0x00, 0x00, 0x00,
    0xfa, 0x01, 0x00, 0x00, 0x82, 0x00, 0x00, 0x70, 0x40, 0x00, 0x00, 0x10, 0x00, 0x00, 0x00, 0x00,
    0x00, 0x00, 0x00, 0x00, 0x00, 0x00, 0x00, 0x00, 0x58, 0xf0, 0x00, 0x00, 0x00, 0x00, 0x00, 0x00,
    0x18, 0x06, 0x00, 0x00, 0x00, 0x00, 0x00, 0x00, 0x1d, 0x00, 0x00, 0x00, 0x14, 0x00, 0x00, 0x00,
    0x08, 0x00, 0x00, 0x00, 0x00, 0x00, 0x00, 0x00, 0x18, 0x00, 0x00, 0x00, 0x00, 0x00, 0x00, 0x00,
    0x1b, 0x02, 0x00, 0x00, 0x82, 0x00, 0x00, 0x70, 0x40, 0x00, 0x00, 0x10, 0x00, 0x00, 0x00, 0x00,
    0x00, 0x00, 0x00, 0x00, 0x00, 0x00, 0x00, 0x00, 0x70, 0xf6, 0x00, 0x00, 0x00, 0x00, 0x00, 0x00,
    0xf0, 0x00, 0x00, 0x00, 0x00, 0x00, 0x00, 0x00, 0x1d, 0x00, 0x00, 0x00, 0x1b, 0x00, 0x00, 0x00,
    0x08, 0x00, 0x00, 0x00, 0x00, 0x00, 0x00, 0x00, 0x18, 0x00, 0x00, 0x00, 0x00, 0x00, 0x00, 0x00,
    0x39, 0x02, 0x00, 0x00, 0x82, 0x00, 0x00, 0x70, 0x40, 0x00, 0x00, 0x10, 0x00, 0x00, 0x00, 0x00,
    0x00, 0x00, 0x00, 0x00, 0x00, 0x00, 0x00, 0x00, 0x60, 0xf7, 0x00, 0x00, 0x00, 0x00, 0x00, 0x00,
    0x48, 0x00, 0x00, 0x00, 0x00, 0x00, 0x00, 0x00, 0x1d, 0x00, 0x00, 0x00, 0x15, 0x00, 0x00, 0x00,
    0x08, 0x00, 0x00, 0x00, 0x00, 0x00, 0x00, 0x00, 0x18, 0x00, 0x00, 0x00, 0x00, 0x00, 0x00, 0x00,
    0x53, 0x02, 0x00, 0x00, 0x7d, 0x00, 0x00, 0x70, 0x02, 0x00, 0x00, 0x10, 0x00, 0x00, 0x00, 0x00,
    0x00, 0x00, 0x00, 0x00, 0x00, 0x00, 0x00, 0x00, 0x60, 0x11, 0x00, 0x00, 0x00, 0x00, 0x00, 0x00,
    0x50, 0x00, 0x00, 0x00, 0x00, 0x00, 0x00, 0x00, 0x00, 0x00, 0x00, 0x00, 0x00, 0x00, 0x00, 0x00,
    0x08, 0x00, 0x00, 0x00, 0x00, 0x00, 0x00, 0x00, 0x00, 0x00, 0x00, 0x00, 0x00, 0x00, 0x00, 0x00,
    0x6c, 0x02, 0x00, 0x00, 0x15, 0x00, 0x00, 0x70, 0x03, 0x00, 0x00, 0x10, 0x00, 0x00, 0x00, 0x00,
    0x00, 0x00, 0x00, 0x00, 0x00, 0x00, 0x00, 0x00, 0xa8, 0xf7, 0x00, 0x00, 0x00, 0x00, 0x00, 0x00,
    0x00, 0x00, 0x00, 0x00, 0x00, 0x00, 0x00, 0x00, 0x00, 0x00, 0x00, 0x00, 0x00, 0x00, 0x00, 0x00,
    0x01, 0x00, 0x00, 0x00, 0x00, 0x00, 0x00, 0x00, 0x00, 0x00, 0x00, 0x00, 0x00, 0x00, 0x00, 0x00,
    0x8a, 0x02, 0x00, 0x00, 0x85, 0x00, 0x00, 0x70, 0x00, 0x00, 0x00, 0x10, 0x00, 0x00, 0x00, 0x00,
    0x00, 0x00, 0x00, 0x00, 0x00, 0x00, 0x00, 0x00, 0xa8, 0xf7, 0x00, 0x00, 0x00, 0x00, 0x00, 0x00,
    0xf8, 0x01, 0x00, 0x00, 0x00, 0x00, 0x00, 0x00, 0x02, 0x00, 0x00, 0x00, 0x14, 0x00, 0x00, 0x00,
    0x08, 0x00, 0x00, 0x00, 0x00, 0x00, 0x00, 0x00, 0x18, 0x00, 0x00, 0x00, 0x00, 0x00, 0x00, 0x00,
    0x06, 0x00, 0x00, 0x00, 0x04, 0x00, 0x00, 0x00, 0x20, 0x01, 0x01, 0x00, 0x00, 0x00, 0x00, 0x00,
    0x00, 0x00, 0x00, 0x00, 0x00, 0x00, 0x00, 0x00, 0x00, 0x00, 0x00, 0x00, 0x00, 0x00, 0x00, 0x00,
    0x50, 0x01, 0x00, 0x00, 0x00, 0x00, 0x00, 0x00, 0x50, 0x01, 0x00, 0x00, 0x00, 0x00, 0x00, 0x00,
    0x08, 0x00, 0x00, 0x00, 0x00, 0x00, 0x00, 0x00, 0x01, 0x00, 0x00, 0x00, 0x04, 0x00, 0x00, 0x00,
    0x20, 0x01, 0x01, 0x00, 0x00, 0x00, 0x00, 0x00, 0x00, 0x00, 0x00, 0x00, 0x00, 0x00, 0x00, 0x00,
    0x00, 0x00, 0x00, 0x00, 0x00, 0x00, 0x00, 0x00, 0x50, 0x01, 0x00, 0x00, 0x00, 0x00, 0x00, 0x00,
    0x50, 0x01, 0x00, 0x00, 0x00, 0x00, 0x00, 0x00, 0x08, 0x00, 0x00, 0x00, 0x00, 0x00, 0x00, 0x00,
    0x01, 0x00, 0x00, 0x00, 0x04, 0x00, 0x00, 0x00, 0x60, 0x11, 0x00, 0x00, 0x00, 0x00, 0x00, 0x00,
    0x00, 0x00, 0x00, 0x00, 0x00, 0x00, 0x00, 0x00, 0x00, 0x00, 0x00, 0x00, 0x00, 0x00, 0x00, 0x00,
    0x50, 0x00, 0x00, 0x00, 0x00, 0x00, 0x00, 0x00, 0x50, 0x00, 0x00, 0x00, 0x00, 0x00, 0x00, 0x00,
    0x08, 0x00, 0x00, 0x00, 0x00, 0x00, 0x00, 0x00, 0x01, 0x00, 0x00, 0x00, 0x05, 0x00, 0x00, 0x00,
    0x00, 0x12, 0x00, 0x00, 0x00, 0x00, 0x00, 0x00, 0x00, 0x00, 0x00, 0x00, 0x00, 0x00, 0x00, 0x00,
    0x00, 0x00, 0x00, 0x00, 0x00, 0x00, 0x00, 0x00, 0x00, 0xb2, 0x00, 0x00, 0x00, 0x00, 0x00, 0x00,
    0x00, 0xb2, 0x00, 0x00, 0x00, 0x00, 0x00, 0x00, 0x08, 0x00, 0x00, 0x00, 0x00, 0x00, 0x00, 0x00,
    0x01, 0x00, 0x00, 0x00, 0x06, 0x00, 0x00, 0x00, 0x00, 0xc4, 0x00, 0x00, 0x00, 0x00, 0x00, 0x00,
    0x00, 0x00, 0x00, 0x00, 0x00, 0x00, 0x00, 0x00, 0x00, 0x00, 0x00, 0x00, 0x00, 0x00, 0x00, 0x00,
    0x00, 0x00, 0x00, 0x00, 0x00, 0x00, 0x00, 0x00, 0x4a, 0x04, 0x00, 0x00, 0x00, 0x00, 0x00, 0x00,
    0x08, 0x00, 0x00, 0x00, 0x00, 0x00, 0x00, 0x00, 0x01, 0x00, 0x00, 0x00, 0x04, 0x00, 0x00, 0x00,
    0x00, 0xc4, 0x00, 0x00, 0x00, 0x00, 0x00, 0x00, 0x00, 0x00, 0x00, 0x00, 0x00, 0x00, 0x00, 0x00,
    0x00, 0x00, 0x00, 0x00, 0x00, 0x00, 0x00, 0x00, 0xe8, 0x03, 0x00, 0x00, 0x00, 0x00, 0x00, 0x00,
    0xe8, 0x03, 0x00, 0x00, 0x00, 0x00, 0x00, 0x00, 0x08, 0x00, 0x00, 0x00, 0x00, 0x00, 0x00, 0x00,
};
static const unsigned int kCubinSize = (unsigned int)sizeof(kCubinData);

static int32_t ceildiv_i32(int32_t n, int32_t d) {
    return (n + d - 1) / d;
}

static CUresult ensure_loaded(void) {
    if (g_function != NULL) return CUDA_SUCCESS;
    (void)kCubinSize;
    CUresult r = cuModuleLoadData(&g_module, kCubinData);
    if (r != CUDA_SUCCESS) return r;
    r = cuModuleGetFunction(&g_function, g_module, kFuncSymbol);
    if (r != CUDA_SUCCESS) return r;
    return cuFuncSetAttribute(
        g_function,
        CU_FUNC_ATTRIBUTE_MAX_DYNAMIC_SHARED_SIZE_BYTES,
        49152
    );
}

CUresult tilelang_batch_prefill_paged_hd128_q40_kv8_run_sm120_cuda(
    uint16_t *q,
    const int32_t *q_indptr,
    uint16_t *k_pool,
    uint16_t *v_pool,
    const int32_t *kv_indptr,
    const int32_t *kv_indices,
    const int32_t *kv_last_page_len,
    uint16_t *o,
    int32_t batch_size,
    int32_t total_q_tokens,
    int32_t max_qlen,
    int32_t num_pages,
    int32_t total_pages,
    int32_t num_q_heads,
    int32_t num_kv_heads,
    int32_t page_size,
    float sm_scale,
    CUstream stream
) {
    (void)num_kv_heads;
    (void)page_size;
    (void)sm_scale;
    CUresult r = ensure_loaded();
    if (r != CUDA_SUCCESS) return r;

    int32_t args_batch_size = batch_size;
    int32_t args_batch_size_1 = batch_size;
    int32_t args_batch_size_plus_one = (batch_size + 1);
    int32_t args_batch_size_plus_one_1 = (batch_size + 1);
    int32_t args_max_qlen = max_qlen;
    int32_t args_num_pages = num_pages;
    int32_t args_num_pages_1 = num_pages;
    int32_t args_total_pages = total_pages;
    int32_t args_total_q_tokens = total_q_tokens;
    int32_t args_total_q_tokens_1 = total_q_tokens;

    void *args[] = {
        &kv_indices,
        &kv_indptr,
        &kv_last_page_len,
        &k_pool,
        &o,
        &q,
        &q_indptr,
        &v_pool,
        &args_batch_size,
        &args_batch_size_1,
        &args_batch_size_plus_one,
        &args_batch_size_plus_one_1,
        &args_max_qlen,
        &args_num_pages,
        &args_num_pages_1,
        &args_total_pages,
        &args_total_q_tokens,
        &args_total_q_tokens_1,
    };

    const int block_m = 64;
    int qlen = max_qlen > 0 ? max_qlen : 1;
    int grid_x = (qlen + block_m - 1) / block_m;
    int grid_y = num_q_heads;
    int grid_z = batch_size;

    return cuLaunchKernel(
        g_function,
        grid_x, grid_y, grid_z,
        128, 1, 1,
        49152, stream, args, NULL
    );
}
